Gene,Score
GENE_00232,5.5
GENE_00199,4.7999999999999998
GENE_00280,4.7999999999999998
GENE_00183,4.4000000000000004
GENE_00219,4.4000000000000004
GENE_00393,4.4000000000000004
GENE_00041,4.2999999999999998
GENE_00044,4.2999999999999998
GENE_00145,4.2000000000000002
GENE_00253,4.2000000000000002
GENE_00121,4.0999999999999996
GENE_00333,4
GENE_00365,4
GENE_02261,4
GENE_00319,3.8999999999999999
GENE_00351,3.8999999999999999
GENE_00416,3.8999999999999999
GENE_00424,3.8999999999999999
GENE_00009,3.7999999999999998
GENE_00484,3.7999999999999998
GENE_00040,3.7000000000000002
GENE_00056,3.7000000000000002
GENE_00106,3.7000000000000002
GENE_00195,3.7000000000000002
GENE_00284,3.6000000000000001
GENE_00301,3.6000000000000001
GENE_00321,3.6000000000000001
GENE_00339,3.6000000000000001
GENE_00396,3.6000000000000001
GENE_00104,3.5
GENE_00222,3.5
GENE_00250,3.5
GENE_00264,3.5
GENE_00423,3.5
GENE_02007,3.5
GENE_00014,3.3999999999999999
GENE_00015,3.3999999999999999
GENE_00099,3.3999999999999999
GENE_00114,3.3999999999999999
GENE_00342,3.3999999999999999
GENE_00450,3.3999999999999999
GENE_00454,3.3999999999999999
GENE_00135,3.2999999999999998
GENE_00209,3.2999999999999998
GENE_00427,3.2999999999999998
GENE_00451,3.2999999999999998
GENE_00489,3.2999999999999998
GENE_00491,3.2999999999999998
GENE_01378,3.2999999999999998
GENE_00005,3.2000000000000002
GENE_00017,3.2000000000000002
GENE_00028,3.2000000000000002
GENE_00092,3.2000000000000002
GENE_00100,3.2000000000000002
GENE_00234,3.2000000000000002
GENE_00237,3.2000000000000002
GENE_00276,3.2000000000000002
GENE_00279,3.2000000000000002
GENE_00294,3.2000000000000002
GENE_00300,3.2000000000000002
GENE_00422,3.2000000000000002
GENE_00430,3.2000000000000002
GENE_00909,3.2000000000000002
GENE_00055,3.1000000000000001
GENE_00085,3.1000000000000001
GENE_00101,3.1000000000000001
GENE_00116,3.1000000000000001
GENE_00118,3.1000000000000001
GENE_00124,3.1000000000000001
GENE_00133,3.1000000000000001
GENE_00155,3.1000000000000001
GENE_00224,3.1000000000000001
GENE_00248,3.1000000000000001
GENE_00350,3.1000000000000001
GENE_00023,3
GENE_00033,3
GENE_00053,3
GENE_00061,3
GENE_00132,3
GENE_00277,3
GENE_00297,3
GENE_00392,3
GENE_00417,3
GENE_00445,3
GENE_00476,3
GENE_00483,3
GENE_00031,2.8999999999999999
GENE_00037,2.8999999999999999
GENE_00078,2.8999999999999999
GENE_00120,2.8999999999999999
GENE_00123,2.8999999999999999
GENE_00220,2.8999999999999999
GENE_00256,2.8999999999999999
GENE_00287,2.8999999999999999
GENE_00330,2.8999999999999999
GENE_00486,2.8999999999999999
GENE_00493,2.8999999999999999
GENE_00785,2.8999999999999999
GENE_00064,2.7999999999999998
GENE_00074,2.7999999999999998
GENE_00079,2.7999999999999998
GENE_00107,2.7999999999999998
GENE_00152,2.7999999999999998
GENE_00189,2.7999999999999998
GENE_00202,2.7999999999999998
GENE_00212,2.7999999999999998
GENE_00215,2.7999999999999998
GENE_00227,2.7999999999999998
GENE_00272,2.7999999999999998
GENE_00281,2.7999999999999998
GENE_00306,2.7999999999999998
GENE_00312,2.7999999999999998
GENE_00325,2.7999999999999998
GENE_00335,2.7999999999999998
GENE_00338,2.7999999999999998
GENE_00371,2.7999999999999998
GENE_00377,2.7999999999999998
GENE_00439,2.7999999999999998
GENE_00490,2.7999999999999998
GENE_00566,2.7999999999999998
GENE_01221,2.7999999999999998
GENE_01694,2.7999999999999998
GENE_00039,2.7000000000000002
GENE_00081,2.7000000000000002
GENE_00110,2.7000000000000002
GENE_00131,2.7000000000000002
GENE_00151,2.7000000000000002
GENE_00165,2.7000000000000002
GENE_00204,2.7000000000000002
GENE_00221,2.7000000000000002
GENE_00269,2.7000000000000002
GENE_00274,2.7000000000000002
GENE_00283,2.7000000000000002
GENE_00314,2.7000000000000002
GENE_00388,2.7000000000000002
GENE_00395,2.7000000000000002
GENE_00443,2.7000000000000002
GENE_00464,2.7000000000000002
GENE_00477,2.7000000000000002
GENE_00481,2.7000000000000002
GENE_01166,2.7000000000000002
GENE_02729,2.7000000000000002
GENE_00004,2.6000000000000001
GENE_00022,2.6000000000000001
GENE_00082,2.6000000000000001
GENE_00090,2.6000000000000001
GENE_00095,2.6000000000000001
GENE_00103,2.6000000000000001
GENE_00203,2.6000000000000001
GENE_00267,2.6000000000000001
GENE_00327,2.6000000000000001
GENE_00334,2.6000000000000001
GENE_00341,2.6000000000000001
GENE_00347,2.6000000000000001
GENE_00373,2.6000000000000001
GENE_00397,2.6000000000000001
GENE_00406,2.6000000000000001
GENE_00407,2.6000000000000001
GENE_00465,2.6000000000000001
GENE_00480,2.6000000000000001
GENE_00947,2.6000000000000001
GENE_00003,2.5
GENE_00016,2.5
GENE_00035,2.5
GENE_00067,2.5
GENE_00128,2.5
GENE_00154,2.5
GENE_00156,2.5
GENE_00162,2.5
GENE_00164,2.5
GENE_00169,2.5
GENE_00176,2.5
GENE_00201,2.5
GENE_00205,2.5
GENE_00206,2.5
GENE_00307,2.5
GENE_00586,2.5
GENE_00708,2.5
GENE_00811,2.5
GENE_00918,2.5
GENE_01809,2.5
GENE_01816,2.5
GENE_02405,2.5
GENE_02422,2.5
GENE_00000,2.3999999999999999
GENE_00007,2.3999999999999999
GENE_00030,2.3999999999999999
GENE_00054,2.3999999999999999
GENE_00105,2.3999999999999999
GENE_00138,2.3999999999999999
GENE_00146,2.3999999999999999
GENE_00198,2.3999999999999999
GENE_00217,2.3999999999999999
GENE_00359,2.3999999999999999
GENE_00362,2.3999999999999999
GENE_00370,2.3999999999999999
GENE_00391,2.3999999999999999
GENE_00410,2.3999999999999999
GENE_00419,2.3999999999999999
GENE_00434,2.3999999999999999
GENE_00436,2.3999999999999999
GENE_00497,2.3999999999999999
GENE_00876,2.3999999999999999
GENE_01141,2.3999999999999999
GENE_01231,2.3999999999999999
GENE_01284,2.3999999999999999
GENE_01338,2.3999999999999999
GENE_01827,2.3999999999999999
GENE_02021,2.3999999999999999
GENE_02195,2.3999999999999999
GENE_02247,2.3999999999999999
GENE_02344,2.3999999999999999
GENE_02367,2.3999999999999999
GENE_00011,2.2999999999999998
GENE_00025,2.2999999999999998
GENE_00034,2.2999999999999998
GENE_00045,2.2999999999999998
GENE_00050,2.2999999999999998
GENE_00084,2.2999999999999998
GENE_00102,2.2999999999999998
GENE_00108,2.2999999999999998
GENE_00148,2.2999999999999998
GENE_00157,2.2999999999999998
GENE_00160,2.2999999999999998
GENE_00161,2.2999999999999998
GENE_00194,2.2999999999999998
GENE_00235,2.2999999999999998
GENE_00242,2.2999999999999998
GENE_00275,2.2999999999999998
GENE_00286,2.2999999999999998
GENE_00304,2.2999999999999998
GENE_00425,2.2999999999999998
GENE_00448,2.2999999999999998
GENE_00503,2.2999999999999998
GENE_01031,2.2999999999999998
GENE_01368,2.2999999999999998
GENE_02162,2.2999999999999998
GENE_02280,2.2999999999999998
GENE_02304,2.2999999999999998
GENE_02504,2.2999999999999998
GENE_02690,2.2999999999999998
GENE_02921,2.2999999999999998
GENE_03272,2.2999999999999998
GENE_00008,2.2000000000000002
GENE_00042,2.2000000000000002
GENE_00046,2.2000000000000002
GENE_00062,2.2000000000000002
GENE_00065,2.2000000000000002
GENE_00086,2.2000000000000002
GENE_00087,2.2000000000000002
GENE_00089,2.2000000000000002
GENE_00153,2.2000000000000002
GENE_00159,2.2000000000000002
GENE_00218,2.2000000000000002
GENE_00223,2.2000000000000002
GENE_00247,2.2000000000000002
GENE_00324,2.2000000000000002
GENE_00326,2.2000000000000002
GENE_00329,2.2000000000000002
GENE_00353,2.2000000000000002
GENE_00367,2.2000000000000002
GENE_00400,2.2000000000000002
GENE_00474,2.2000000000000002
GENE_00607,2.2000000000000002
GENE_00751,2.2000000000000002
GENE_01126,2.2000000000000002
GENE_01235,2.2000000000000002
GENE_01753,2.2000000000000002
GENE_02214,2.2000000000000002
GENE_02513,2.2000000000000002
GENE_02551,2.2000000000000002
GENE_02648,2.2000000000000002
GENE_02705,2.2000000000000002
GENE_02885,2.2000000000000002
GENE_02892,2.2000000000000002
GENE_02943,2.2000000000000002
GENE_03024,2.2000000000000002
GENE_03142,2.2000000000000002
GENE_03268,2.2000000000000002
GENE_03305,2.2000000000000002
GENE_00036,2.1000000000000001
GENE_00038,2.1000000000000001
GENE_00058,2.1000000000000001
GENE_00122,2.1000000000000001
GENE_00134,2.1000000000000001
GENE_00171,2.1000000000000001
GENE_00197,2.1000000000000001
GENE_00233,2.1000000000000001
GENE_00239,2.1000000000000001
GENE_00257,2.1000000000000001
GENE_00265,2.1000000000000001
GENE_00303,2.1000000000000001
GENE_00305,2.1000000000000001
GENE_00340,2.1000000000000001
GENE_00345,2.1000000000000001
GENE_00355,2.1000000000000001
GENE_00366,2.1000000000000001
GENE_00376,2.1000000000000001
GENE_00382,2.1000000000000001
GENE_00414,2.1000000000000001
GENE_00415,2.1000000000000001
GENE_00442,2.1000000000000001
GENE_00496,2.1000000000000001
GENE_00930,2.1000000000000001
GENE_01102,2.1000000000000001
GENE_01262,2.1000000000000001
GENE_01804,2.1000000000000001
GENE_01819,2.1000000000000001
GENE_02184,2.1000000000000001
GENE_02199,2.1000000000000001
GENE_02440,2.1000000000000001
GENE_02835,2.1000000000000001
GENE_02846,2.1000000000000001
GENE_02958,2.1000000000000001
GENE_03073,2.1000000000000001
GENE_03384,2.1000000000000001
GENE_00013,2
GENE_00032,2
GENE_00060,2
GENE_00093,2
GENE_00097,2
GENE_00130,2
GENE_00137,2
GENE_00187,2
GENE_00196,2
GENE_00240,2
GENE_00249,2
GENE_00260,2
GENE_00273,2
GENE_00299,2
GENE_00302,2
GENE_00317,2
GENE_00318,2
GENE_00375,2
GENE_00398,2
GENE_00401,2
GENE_00426,2
GENE_00432,2
GENE_00458,2
GENE_00472,2
GENE_00601,2
GENE_00617,2
GENE_00802,2
GENE_00852,2
GENE_01223,2
GENE_01353,2
GENE_01355,2
GENE_01642,2
GENE_02035,2
GENE_02730,2
GENE_03098,2
GENE_03323,2
GENE_00021,1.8999999999999999
GENE_00111,1.8999999999999999
GENE_00125,1.8999999999999999
GENE_00143,1.8999999999999999
GENE_00216,1.8999999999999999
GENE_00244,1.8999999999999999
GENE_00293,1.8999999999999999
GENE_00332,1.8999999999999999
GENE_00349,1.8999999999999999
GENE_00357,1.8999999999999999
GENE_00372,1.8999999999999999
GENE_00378,1.8999999999999999
GENE_00387,1.8999999999999999
GENE_00404,1.8999999999999999
GENE_00411,1.8999999999999999
GENE_00446,1.8999999999999999
GENE_00452,1.8999999999999999
GENE_00461,1.8999999999999999
GENE_00462,1.8999999999999999
GENE_00466,1.8999999999999999
GENE_00470,1.8999999999999999
GENE_00482,1.8999999999999999
GENE_00485,1.8999999999999999
GENE_00488,1.8999999999999999
GENE_00492,1.8999999999999999
GENE_00530,1.8999999999999999
GENE_00597,1.8999999999999999
GENE_00610,1.8999999999999999
GENE_00613,1.8999999999999999
GENE_00700,1.8999999999999999
GENE_00722,1.8999999999999999
GENE_00992,1.8999999999999999
GENE_01242,1.8999999999999999
GENE_01402,1.8999999999999999
GENE_01415,1.8999999999999999
GENE_01421,1.8999999999999999
GENE_01529,1.8999999999999999
GENE_01540,1.8999999999999999
GENE_01633,1.8999999999999999
GENE_01878,1.8999999999999999
GENE_01978,1.8999999999999999
GENE_02074,1.8999999999999999
GENE_02114,1.8999999999999999
GENE_02157,1.8999999999999999
GENE_02364,1.8999999999999999
GENE_02583,1.8999999999999999
GENE_02630,1.8999999999999999
GENE_02659,1.8999999999999999
GENE_03034,1.8999999999999999
GENE_00001,1.8
GENE_00002,1.8
GENE_00057,1.8
GENE_00066,1.8
GENE_00080,1.8
GENE_00126,1.8
GENE_00166,1.8
GENE_00172,1.8
GENE_00186,1.8
GENE_00193,1.8
GENE_00225,1.8
GENE_00288,1.8
GENE_00292,1.8
GENE_00298,1.8
GENE_00313,1.8
GENE_00331,1.8
GENE_00364,1.8
GENE_00380,1.8
GENE_00418,1.8
GENE_00447,1.8
GENE_00449,1.8
GENE_00694,1.8
GENE_00863,1.8
GENE_00942,1.8
GENE_01059,1.8
GENE_01154,1.8
GENE_01162,1.8
GENE_01198,1.8
GENE_01254,1.8
GENE_01305,1.8
GENE_01323,1.8
GENE_01467,1.8
GENE_01913,1.8
GENE_02203,1.8
GENE_02643,1.8
GENE_02672,1.8
GENE_02717,1.8
GENE_02831,1.8
GENE_02974,1.8
GENE_03104,1.8
GENE_03210,1.8
GENE_03229,1.8
GENE_03400,1.8
GENE_03496,1.8
GENE_00048,1.7
GENE_00049,1.7
GENE_00096,1.7
GENE_00109,1.7
GENE_00147,1.7
GENE_00158,1.7
GENE_00178,1.7
GENE_00251,1.7
GENE_00268,1.7
GENE_00278,1.7
GENE_00291,1.7
GENE_00310,1.7
GENE_00361,1.7
GENE_00374,1.7
GENE_00409,1.7
GENE_00437,1.7
GENE_00438,1.7
GENE_00684,1.7
GENE_00842,1.7
GENE_01032,1.7
GENE_01099,1.7
GENE_01289,1.7
GENE_01400,1.7
GENE_01526,1.7
GENE_01697,1.7
GENE_01800,1.7
GENE_01829,1.7
GENE_01838,1.7
GENE_02183,1.7
GENE_02216,1.7
GENE_02332,1.7
GENE_02446,1.7
GENE_02683,1.7
GENE_02782,1.7
GENE_02918,1.7
GENE_03072,1.7
GENE_03274,1.7
GENE_00069,1.6000000000000001
GENE_00149,1.6000000000000001
GENE_00255,1.6000000000000001
GENE_00258,1.6000000000000001
GENE_00259,1.6000000000000001
GENE_00262,1.6000000000000001
GENE_00296,1.6000000000000001
GENE_00379,1.6000000000000001
GENE_00399,1.6000000000000001
GENE_00408,1.6000000000000001
GENE_00413,1.6000000000000001
GENE_00479,1.6000000000000001
GENE_00669,1.6000000000000001
GENE_00774,1.6000000000000001
GENE_00803,1.6000000000000001
GENE_00816,1.6000000000000001
GENE_00894,1.6000000000000001
GENE_00898,1.6000000000000001
GENE_00902,1.6000000000000001
GENE_00906,1.6000000000000001
GENE_00968,1.6000000000000001
GENE_00971,1.6000000000000001
GENE_01196,1.6000000000000001
GENE_01295,1.6000000000000001
GENE_01340,1.6000000000000001
GENE_01357,1.6000000000000001
GENE_01439,1.6000000000000001
GENE_01585,1.6000000000000001
GENE_01617,1.6000000000000001
GENE_01741,1.6000000000000001
GENE_01786,1.6000000000000001
GENE_01848,1.6000000000000001
GENE_01899,1.6000000000000001
GENE_01932,1.6000000000000001
GENE_02150,1.6000000000000001
GENE_02547,1.6000000000000001
GENE_02731,1.6000000000000001
GENE_03053,1.6000000000000001
GENE_03087,1.6000000000000001
GENE_03090,1.6000000000000001
GENE_03103,1.6000000000000001
GENE_03111,1.6000000000000001
GENE_03173,1.6000000000000001
GENE_03221,1.6000000000000001
GENE_03386,1.6000000000000001
GENE_03396,1.6000000000000001
GENE_00077,1.5
GENE_00091,1.5
GENE_00119,1.5
GENE_00142,1.5
GENE_00241,1.5
GENE_00246,1.5
GENE_00282,1.5
GENE_00285,1.5
GENE_00336,1.5
GENE_00360,1.5
GENE_00369,1.5
GENE_00471,1.5
GENE_00473,1.5
GENE_00495,1.5
GENE_00499,1.5
GENE_00718,1.5
GENE_00775,1.5
GENE_00786,1.5
GENE_00798,1.5
GENE_00884,1.5
GENE_00895,1.5
GENE_00988,1.5
GENE_01017,1.5
GENE_01072,1.5
GENE_01133,1.5
GENE_01180,1.5
GENE_01213,1.5
GENE_01308,1.5
GENE_01310,1.5
GENE_01356,1.5
GENE_01379,1.5
GENE_01406,1.5
GENE_01531,1.5
GENE_01760,1.5
GENE_01769,1.5
GENE_01797,1.5
GENE_01823,1.5
GENE_01862,1.5
GENE_01908,1.5
GENE_01938,1.5
GENE_01942,1.5
GENE_02039,1.5
GENE_02041,1.5
GENE_02055,1.5
GENE_02138,1.5
GENE_02211,1.5
GENE_02222,1.5
GENE_02249,1.5
GENE_02357,1.5
GENE_02378,1.5
GENE_02552,1.5
GENE_02608,1.5
GENE_02692,1.5
GENE_02693,1.5
GENE_02701,1.5
GENE_02759,1.5
GENE_02849,1.5
GENE_03007,1.5
GENE_03014,1.5
GENE_03028,1.5
GENE_03046,1.5
GENE_03078,1.5
GENE_03158,1.5
GENE_03315,1.5
GENE_03349,1.5
GENE_03418,1.5
GENE_03460,1.5
GENE_03475,1.5
GENE_03486,1.5
GENE_00051,1.3999999999999999
GENE_00071,1.3999999999999999
GENE_00112,1.3999999999999999
GENE_00129,1.3999999999999999
GENE_00141,1.3999999999999999
GENE_00200,1.3999999999999999
GENE_00210,1.3999999999999999
GENE_00228,1.3999999999999999
GENE_00238,1.3999999999999999
GENE_00290,1.3999999999999999
GENE_00328,1.3999999999999999
GENE_00344,1.3999999999999999
GENE_00381,1.3999999999999999
GENE_00384,1.3999999999999999
GENE_00385,1.3999999999999999
GENE_00420,1.3999999999999999
GENE_00459,1.3999999999999999
GENE_00560,1.3999999999999999
GENE_00596,1.3999999999999999
GENE_00606,1.3999999999999999
GENE_00633,1.3999999999999999
GENE_00721,1.3999999999999999
GENE_00736,1.3999999999999999
GENE_00750,1.3999999999999999
GENE_00767,1.3999999999999999
GENE_00812,1.3999999999999999
GENE_00899,1.3999999999999999
GENE_00929,1.3999999999999999
GENE_00933,1.3999999999999999
GENE_00963,1.3999999999999999
GENE_00989,1.3999999999999999
GENE_01113,1.3999999999999999
GENE_01265,1.3999999999999999
GENE_01276,1.3999999999999999
GENE_01441,1.3999999999999999
GENE_01488,1.3999999999999999
GENE_01566,1.3999999999999999
GENE_01867,1.3999999999999999
GENE_01931,1.3999999999999999
GENE_02069,1.3999999999999999
GENE_02132,1.3999999999999999
GENE_02185,1.3999999999999999
GENE_02240,1.3999999999999999
GENE_02311,1.3999999999999999
GENE_02319,1.3999999999999999
GENE_02407,1.3999999999999999
GENE_02408,1.3999999999999999
GENE_02420,1.3999999999999999
GENE_02424,1.3999999999999999
GENE_02454,1.3999999999999999
GENE_02476,1.3999999999999999
GENE_02543,1.3999999999999999
GENE_02587,1.3999999999999999
GENE_02703,1.3999999999999999
GENE_02826,1.3999999999999999
GENE_03041,1.3999999999999999
GENE_03096,1.3999999999999999
GENE_03110,1.3999999999999999
GENE_03211,1.3999999999999999
GENE_03217,1.3999999999999999
GENE_03296,1.3999999999999999
GENE_03403,1.3999999999999999
GENE_00027,1.3
GENE_00083,1.3
GENE_00289,1.3
GENE_00323,1.3
GENE_00337,1.3
GENE_00386,1.3
GENE_00412,1.3
GENE_00469,1.3
GENE_00478,1.3
GENE_00536,1.3
GENE_00538,1.3
GENE_00580,1.3
GENE_00643,1.3
GENE_00665,1.3
GENE_00744,1.3
GENE_00771,1.3
GENE_00780,1.3
GENE_00848,1.3
GENE_00872,1.3
GENE_00897,1.3
GENE_00901,1.3
GENE_00923,1.3
GENE_01030,1.3
GENE_01049,1.3
GENE_01079,1.3
GENE_01085,1.3
GENE_01138,1.3
GENE_01151,1.3
GENE_01176,1.3
GENE_01233,1.3
GENE_01237,1.3
GENE_01345,1.3
GENE_01409,1.3
GENE_01455,1.3
GENE_01460,1.3
GENE_01544,1.3
GENE_01607,1.3
GENE_01652,1.3
GENE_01672,1.3
GENE_01711,1.3
GENE_01745,1.3
GENE_01864,1.3
GENE_01876,1.3
GENE_01880,1.3
GENE_01953,1.3
GENE_02051,1.3
GENE_02139,1.3
GENE_02151,1.3
GENE_02327,1.3
GENE_02365,1.3
GENE_02459,1.3
GENE_02525,1.3
GENE_02663,1.3
GENE_02671,1.3
GENE_02708,1.3
GENE_02760,1.3
GENE_03005,1.3
GENE_03010,1.3
GENE_03075,1.3
GENE_03082,1.3
GENE_03271,1.3
GENE_03291,1.3
GENE_03309,1.3
GENE_03340,1.3
GENE_03449,1.3
GENE_00052,1.2
GENE_00088,1.2
GENE_00150,1.2
GENE_00163,1.2
GENE_00175,1.2
GENE_00184,1.2
GENE_00213,1.2
GENE_00229,1.2
GENE_00243,1.2
GENE_00266,1.2
GENE_00295,1.2
GENE_00320,1.2
GENE_00348,1.2
GENE_00405,1.2
GENE_00525,1.2
GENE_00602,1.2
GENE_00609,1.2
GENE_00693,1.2
GENE_00705,1.2
GENE_00752,1.2
GENE_00753,1.2
GENE_00783,1.2
GENE_00900,1.2
GENE_01095,1.2
GENE_01193,1.2
GENE_01232,1.2
GENE_01245,1.2
GENE_01272,1.2
GENE_01290,1.2
GENE_01352,1.2
GENE_01489,1.2
GENE_01503,1.2
GENE_01555,1.2
GENE_01654,1.2
GENE_01693,1.2
GENE_01736,1.2
GENE_01824,1.2
GENE_01849,1.2
GENE_01875,1.2
GENE_02050,1.2
GENE_02143,1.2
GENE_02172,1.2
GENE_02210,1.2
GENE_02244,1.2
GENE_02298,1.2
GENE_02313,1.2
GENE_02439,1.2
GENE_02474,1.2
GENE_02486,1.2
GENE_02489,1.2
GENE_02492,1.2
GENE_02528,1.2
GENE_02559,1.2
GENE_02623,1.2
GENE_02844,1.2
GENE_02862,1.2
GENE_03023,1.2
GENE_03047,1.2
GENE_03076,1.2
GENE_03079,1.2
GENE_03086,1.2
GENE_03125,1.2
GENE_03133,1.2
GENE_03151,1.2
GENE_03202,1.2
GENE_03279,1.2
GENE_03325,1.2
GENE_03425,1.2
GENE_03446,1.2
GENE_03451,1.2
GENE_03452,1.2
GENE_03455,1.2
GENE_03465,1.2
GENE_03772,1.2
GENE_00020,1.1000000000000001
GENE_00113,1.1000000000000001
GENE_00168,1.1000000000000001
GENE_00230,1.1000000000000001
GENE_00261,1.1000000000000001
GENE_00315,1.1000000000000001
GENE_00354,1.1000000000000001
GENE_00363,1.1000000000000001
GENE_00394,1.1000000000000001
GENE_00402,1.1000000000000001
GENE_00428,1.1000000000000001
GENE_00441,1.1000000000000001
GENE_00475,1.1000000000000001
GENE_00512,1.1000000000000001
GENE_00526,1.1000000000000001
GENE_00599,1.1000000000000001
GENE_00649,1.1000000000000001
GENE_00725,1.1000000000000001
GENE_00731,1.1000000000000001
GENE_00756,1.1000000000000001
GENE_00807,1.1000000000000001
GENE_00814,1.1000000000000001
GENE_00829,1.1000000000000001
GENE_00871,1.1000000000000001
GENE_01297,1.1000000000000001
GENE_01466,1.1000000000000001
GENE_01518,1.1000000000000001
GENE_01522,1.1000000000000001
GENE_01603,1.1000000000000001
GENE_01606,1.1000000000000001
GENE_01629,1.1000000000000001
GENE_01640,1.1000000000000001
GENE_01647,1.1000000000000001
GENE_01778,1.1000000000000001
GENE_01815,1.1000000000000001
GENE_01828,1.1000000000000001
GENE_01837,1.1000000000000001
GENE_01856,1.1000000000000001
GENE_01857,1.1000000000000001
GENE_01909,1.1000000000000001
GENE_01937,1.1000000000000001
GENE_01952,1.1000000000000001
GENE_02049,1.1000000000000001
GENE_02122,1.1000000000000001
GENE_02164,1.1000000000000001
GENE_02278,1.1000000000000001
GENE_02284,1.1000000000000001
GENE_02336,1.1000000000000001
GENE_02337,1.1000000000000001
GENE_02370,1.1000000000000001
GENE_02380,1.1000000000000001
GENE_02442,1.1000000000000001
GENE_02460,1.1000000000000001
GENE_02535,1.1000000000000001
GENE_02721,1.1000000000000001
GENE_02737,1.1000000000000001
GENE_02847,1.1000000000000001
GENE_02935,1.1000000000000001
GENE_02975,1.1000000000000001
GENE_02990,1.1000000000000001
GENE_02998,1.1000000000000001
GENE_03066,1.1000000000000001
GENE_03120,1.1000000000000001
GENE_03122,1.1000000000000001
GENE_03192,1.1000000000000001
GENE_03214,1.1000000000000001
GENE_03231,1.1000000000000001
GENE_03245,1.1000000000000001
GENE_03301,1.1000000000000001
GENE_03339,1.1000000000000001
GENE_03388,1.1000000000000001
GENE_00010,1
GENE_00019,1
GENE_00117,1
GENE_00136,1
GENE_00188,1
GENE_00231,1
GENE_00358,1
GENE_00429,1
GENE_00435,1
GENE_00444,1
GENE_00460,1
GENE_00548,1
GENE_00554,1
GENE_00569,1
GENE_00621,1
GENE_00647,1
GENE_00661,1
GENE_00710,1
GENE_00716,1
GENE_00760,1
GENE_00809,1
GENE_00855,1
GENE_00857,1
GENE_00885,1
GENE_00891,1
GENE_00945,1
GENE_00978,1
GENE_01022,1
GENE_01081,1
GENE_01121,1
GENE_01163,1
GENE_01174,1
GENE_01274,1
GENE_01301,1
GENE_01411,1
GENE_01412,1
GENE_01452,1
GENE_01528,1
GENE_01536,1
GENE_01546,1
GENE_01649,1
GENE_01656,1
GENE_01692,1
GENE_01701,1
GENE_01706,1
GENE_01708,1
GENE_01740,1
GENE_01749,1
GENE_01784,1
GENE_01788,1
GENE_02010,1
GENE_02072,1
GENE_02081,1
GENE_02107,1
GENE_02281,1
GENE_02330,1
GENE_02354,1
GENE_02429,1
GENE_02436,1
GENE_02526,1
GENE_02592,1
GENE_02595,1
GENE_02636,1
GENE_02652,1
GENE_02718,1
GENE_02838,1
GENE_02848,1
GENE_02857,1
GENE_02880,1
GENE_02971,1
GENE_02985,1
GENE_03039,1
GENE_03099,1
GENE_03107,1
GENE_03116,1
GENE_03139,1
GENE_03226,1
GENE_03278,1
GENE_03290,1
GENE_03317,1
GENE_03320,1
GENE_03464,1
GENE_03474,1
GENE_03478,1
GENE_03483,1
GENE_00047,0.90000000000000002
GENE_00059,0.90000000000000002
GENE_00072,0.90000000000000002
GENE_00076,0.90000000000000002
GENE_00139,0.90000000000000002
GENE_00174,0.90000000000000002
GENE_00191,0.90000000000000002
GENE_00208,0.90000000000000002
GENE_00211,0.90000000000000002
GENE_00236,0.90000000000000002
GENE_00271,0.90000000000000002
GENE_00316,0.90000000000000002
GENE_00322,0.90000000000000002
GENE_00343,0.90000000000000002
GENE_00368,0.90000000000000002
GENE_00383,0.90000000000000002
GENE_00504,0.90000000000000002
GENE_00515,0.90000000000000002
GENE_00574,0.90000000000000002
GENE_00577,0.90000000000000002
GENE_00611,0.90000000000000002
GENE_00638,0.90000000000000002
GENE_00652,0.90000000000000002
GENE_00666,0.90000000000000002
GENE_00678,0.90000000000000002
GENE_00714,0.90000000000000002
GENE_00737,0.90000000000000002
GENE_00766,0.90000000000000002
GENE_00839,0.90000000000000002
GENE_00846,0.90000000000000002
GENE_00917,0.90000000000000002
GENE_00935,0.90000000000000002
GENE_00974,0.90000000000000002
GENE_00986,0.90000000000000002
GENE_01048,0.90000000000000002
GENE_01064,0.90000000000000002
GENE_01116,0.90000000000000002
GENE_01158,0.90000000000000002
GENE_01222,0.90000000000000002
GENE_01266,0.90000000000000002
GENE_01267,0.90000000000000002
GENE_01283,0.90000000000000002
GENE_01298,0.90000000000000002
GENE_01344,0.90000000000000002
GENE_01451,0.90000000000000002
GENE_01468,0.90000000000000002
GENE_01470,0.90000000000000002
GENE_01498,0.90000000000000002
GENE_01534,0.90000000000000002
GENE_01553,0.90000000000000002
GENE_01554,0.90000000000000002
GENE_01559,0.90000000000000002
GENE_01639,0.90000000000000002
GENE_01810,0.90000000000000002
GENE_01840,0.90000000000000002
GENE_01847,0.90000000000000002
GENE_01923,0.90000000000000002
GENE_01995,0.90000000000000002
GENE_02016,0.90000000000000002
GENE_02106,0.90000000000000002
GENE_02341,0.90000000000000002
GENE_02379,0.90000000000000002
GENE_02415,0.90000000000000002
GENE_02456,0.90000000000000002
GENE_02495,0.90000000000000002
GENE_02516,0.90000000000000002
GENE_02527,0.90000000000000002
GENE_02569,0.90000000000000002
GENE_02607,0.90000000000000002
GENE_02678,0.90000000000000002
GENE_02709,0.90000000000000002
GENE_02733,0.90000000000000002
GENE_02742,0.90000000000000002
GENE_02804,0.90000000000000002
GENE_02889,0.90000000000000002
GENE_02896,0.90000000000000002
GENE_02901,0.90000000000000002
GENE_02904,0.90000000000000002
GENE_02910,0.90000000000000002
GENE_02982,0.90000000000000002
GENE_03148,0.90000000000000002
GENE_03153,0.90000000000000002
GENE_03176,0.90000000000000002
GENE_03177,0.90000000000000002
GENE_03219,0.90000000000000002
GENE_03256,0.90000000000000002
GENE_03266,0.90000000000000002
GENE_03283,0.90000000000000002
GENE_03302,0.90000000000000002
GENE_03308,0.90000000000000002
GENE_03313,0.90000000000000002
GENE_03331,0.90000000000000002
GENE_03347,0.90000000000000002
GENE_03379,0.90000000000000002
GENE_03405,0.90000000000000002
GENE_03422,0.90000000000000002
GENE_03444,0.90000000000000002
GENE_03468,0.90000000000000002
GENE_03815,0.90000000000000002
GENE_00018,0.80000000000000004
GENE_00098,0.80000000000000004
GENE_00167,0.80000000000000004
GENE_00177,0.80000000000000004
GENE_00180,0.80000000000000004
GENE_00182,0.80000000000000004
GENE_00207,0.80000000000000004
GENE_00214,0.80000000000000004
GENE_00245,0.80000000000000004
GENE_00346,0.80000000000000004
GENE_00431,0.80000000000000004
GENE_00455,0.80000000000000004
GENE_00739,0.80000000000000004
GENE_00749,0.80000000000000004
GENE_00830,0.80000000000000004
GENE_00833,0.80000000000000004
GENE_00845,0.80000000000000004
GENE_00849,0.80000000000000004
GENE_00866,0.80000000000000004
GENE_00868,0.80000000000000004
GENE_00890,0.80000000000000004
GENE_00892,0.80000000000000004
GENE_01008,0.80000000000000004
GENE_01035,0.80000000000000004
GENE_01097,0.80000000000000004
GENE_01125,0.80000000000000004
GENE_01161,0.80000000000000004
GENE_01188,0.80000000000000004
GENE_01256,0.80000000000000004
GENE_01275,0.80000000000000004
GENE_01300,0.80000000000000004
GENE_01330,0.80000000000000004
GENE_01380,0.80000000000000004
GENE_01410,0.80000000000000004
GENE_01416,0.80000000000000004
GENE_01420,0.80000000000000004
GENE_01454,0.80000000000000004
GENE_01504,0.80000000000000004
GENE_01514,0.80000000000000004
GENE_01601,0.80000000000000004
GENE_01636,0.80000000000000004
GENE_01655,0.80000000000000004
GENE_01850,0.80000000000000004
GENE_01863,0.80000000000000004
GENE_01883,0.80000000000000004
GENE_01912,0.80000000000000004
GENE_01964,0.80000000000000004
GENE_01965,0.80000000000000004
GENE_01977,0.80000000000000004
GENE_01983,0.80000000000000004
GENE_01994,0.80000000000000004
GENE_02025,0.80000000000000004
GENE_02076,0.80000000000000004
GENE_02120,0.80000000000000004
GENE_02152,0.80000000000000004
GENE_02166,0.80000000000000004
GENE_02228,0.80000000000000004
GENE_02403,0.80000000000000004
GENE_02449,0.80000000000000004
GENE_02473,0.80000000000000004
GENE_02509,0.80000000000000004
GENE_02520,0.80000000000000004
GENE_02561,0.80000000000000004
GENE_02575,0.80000000000000004
GENE_02593,0.80000000000000004
GENE_02601,0.80000000000000004
GENE_02666,0.80000000000000004
GENE_02723,0.80000000000000004
GENE_02755,0.80000000000000004
GENE_02788,0.80000000000000004
GENE_02833,0.80000000000000004
GENE_02873,0.80000000000000004
GENE_02877,0.80000000000000004
GENE_03013,0.80000000000000004
GENE_03057,0.80000000000000004
GENE_03094,0.80000000000000004
GENE_03143,0.80000000000000004
GENE_03156,0.80000000000000004
GENE_03169,0.80000000000000004
GENE_03209,0.80000000000000004
GENE_03241,0.80000000000000004
GENE_03295,0.80000000000000004
GENE_03324,0.80000000000000004
GENE_03356,0.80000000000000004
GENE_03358,0.80000000000000004
GENE_03365,0.80000000000000004
GENE_03420,0.80000000000000004
GENE_03426,0.80000000000000004
GENE_03597,0.80000000000000004
GENE_00024,0.69999999999999996
GENE_00029,0.69999999999999996
GENE_00094,0.69999999999999996
GENE_00127,0.69999999999999996
GENE_00173,0.69999999999999996
GENE_00311,0.69999999999999996
GENE_00356,0.69999999999999996
GENE_00487,0.69999999999999996
GENE_00501,0.69999999999999996
GENE_00510,0.69999999999999996
GENE_00534,0.69999999999999996
GENE_00542,0.69999999999999996
GENE_00553,0.69999999999999996
GENE_00563,0.69999999999999996
GENE_00595,0.69999999999999996
GENE_00632,0.69999999999999996
GENE_00636,0.69999999999999996
GENE_00662,0.69999999999999996
GENE_00680,0.69999999999999996
GENE_00690,0.69999999999999996
GENE_00727,0.69999999999999996
GENE_00793,0.69999999999999996
GENE_00854,0.69999999999999996
GENE_00856,0.69999999999999996
GENE_00922,0.69999999999999996
GENE_00927,0.69999999999999996
GENE_00969,0.69999999999999996
GENE_00975,0.69999999999999996
GENE_01051,0.69999999999999996
GENE_01070,0.69999999999999996
GENE_01122,0.69999999999999996
GENE_01287,0.69999999999999996
GENE_01315,0.69999999999999996
GENE_01331,0.69999999999999996
GENE_01343,0.69999999999999996
GENE_01375,0.69999999999999996
GENE_01377,0.69999999999999996
GENE_01384,0.69999999999999996
GENE_01389,0.69999999999999996
GENE_01423,0.69999999999999996
GENE_01426,0.69999999999999996
GENE_01448,0.69999999999999996
GENE_01463,0.69999999999999996
GENE_01483,0.69999999999999996
GENE_01499,0.69999999999999996
GENE_01502,0.69999999999999996
GENE_01532,0.69999999999999996
GENE_01533,0.69999999999999996
GENE_01542,0.69999999999999996
GENE_01543,0.69999999999999996
GENE_01613,0.69999999999999996
GENE_01621,0.69999999999999996
GENE_01679,0.69999999999999996
GENE_01700,0.69999999999999996
GENE_01744,0.69999999999999996
GENE_01780,0.69999999999999996
GENE_01791,0.69999999999999996
GENE_01793,0.69999999999999996
GENE_01811,0.69999999999999996
GENE_01832,0.69999999999999996
GENE_01852,0.69999999999999996
GENE_01881,0.69999999999999996
GENE_01897,0.69999999999999996
GENE_01961,0.69999999999999996
GENE_02000,0.69999999999999996
GENE_02006,0.69999999999999996
GENE_02024,0.69999999999999996
GENE_02082,0.69999999999999996
GENE_02102,0.69999999999999996
GENE_02103,0.69999999999999996
GENE_02105,0.69999999999999996
GENE_02134,0.69999999999999996
GENE_02202,0.69999999999999996
GENE_02225,0.69999999999999996
GENE_02237,0.69999999999999996
GENE_02279,0.69999999999999996
GENE_02282,0.69999999999999996
GENE_02321,0.69999999999999996
GENE_02339,0.69999999999999996
GENE_02356,0.69999999999999996
GENE_02362,0.69999999999999996
GENE_02383,0.69999999999999996
GENE_02391,0.69999999999999996
GENE_02418,0.69999999999999996
GENE_02427,0.69999999999999996
GENE_02438,0.69999999999999996
GENE_02443,0.69999999999999996
GENE_02447,0.69999999999999996
GENE_02487,0.69999999999999996
GENE_02578,0.69999999999999996
GENE_02637,0.69999999999999996
GENE_02642,0.69999999999999996
GENE_02679,0.69999999999999996
GENE_02719,0.69999999999999996
GENE_02722,0.69999999999999996
GENE_02756,0.69999999999999996
GENE_02810,0.69999999999999996
GENE_02836,0.69999999999999996
GENE_02871,0.69999999999999996
GENE_02886,0.69999999999999996
GENE_02938,0.69999999999999996
GENE_02980,0.69999999999999996
GENE_03051,0.69999999999999996
GENE_03138,0.69999999999999996
GENE_03170,0.69999999999999996
GENE_03188,0.69999999999999996
GENE_03218,0.69999999999999996
GENE_03251,0.69999999999999996
GENE_03292,0.69999999999999996
GENE_03344,0.69999999999999996
GENE_03389,0.69999999999999996
GENE_03399,0.69999999999999996
GENE_03411,0.69999999999999996
GENE_03424,0.69999999999999996
GENE_03436,0.69999999999999996
GENE_00012,0.59999999999999998
GENE_00068,0.59999999999999998
GENE_00140,0.59999999999999998
GENE_00226,0.59999999999999998
GENE_00403,0.59999999999999998
GENE_00453,0.59999999999999998
GENE_00456,0.59999999999999998
GENE_00498,0.59999999999999998
GENE_00502,0.59999999999999998
GENE_00608,0.59999999999999998
GENE_00612,0.59999999999999998
GENE_00639,0.59999999999999998
GENE_00640,0.59999999999999998
GENE_00674,0.59999999999999998
GENE_00692,0.59999999999999998
GENE_00720,0.59999999999999998
GENE_00777,0.59999999999999998
GENE_00838,0.59999999999999998
GENE_00883,0.59999999999999998
GENE_00948,0.59999999999999998
GENE_01009,0.59999999999999998
GENE_01041,0.59999999999999998
GENE_01056,0.59999999999999998
GENE_01058,0.59999999999999998
GENE_01068,0.59999999999999998
GENE_01144,0.59999999999999998
GENE_01204,0.59999999999999998
GENE_01248,0.59999999999999998
GENE_01273,0.59999999999999998
GENE_01337,0.59999999999999998
GENE_01391,0.59999999999999998
GENE_01433,0.59999999999999998
GENE_01436,0.59999999999999998
GENE_01447,0.59999999999999998
GENE_01547,0.59999999999999998
GENE_01600,0.59999999999999998
GENE_01620,0.59999999999999998
GENE_01659,0.59999999999999998
GENE_01662,0.59999999999999998
GENE_01673,0.59999999999999998
GENE_01684,0.59999999999999998
GENE_01710,0.59999999999999998
GENE_01737,0.59999999999999998
GENE_01742,0.59999999999999998
GENE_01747,0.59999999999999998
GENE_01759,0.59999999999999998
GENE_01789,0.59999999999999998
GENE_01818,0.59999999999999998
GENE_01820,0.59999999999999998
GENE_01960,0.59999999999999998
GENE_01969,0.59999999999999998
GENE_01985,0.59999999999999998
GENE_02156,0.59999999999999998
GENE_02190,0.59999999999999998
GENE_02242,0.59999999999999998
GENE_02246,0.59999999999999998
GENE_02254,0.59999999999999998
GENE_02262,0.59999999999999998
GENE_02271,0.59999999999999998
GENE_02323,0.59999999999999998
GENE_02376,0.59999999999999998
GENE_02423,0.59999999999999998
GENE_02452,0.59999999999999998
GENE_02539,0.59999999999999998
GENE_02556,0.59999999999999998
GENE_02564,0.59999999999999998
GENE_02588,0.59999999999999998
GENE_02621,0.59999999999999998
GENE_02660,0.59999999999999998
GENE_02670,0.59999999999999998
GENE_02676,0.59999999999999998
GENE_02754,0.59999999999999998
GENE_02776,0.59999999999999998
GENE_02783,0.59999999999999998
GENE_02787,0.59999999999999998
GENE_02814,0.59999999999999998
GENE_02820,0.59999999999999998
GENE_02855,0.59999999999999998
GENE_02859,0.59999999999999998
GENE_02866,0.59999999999999998
GENE_02898,0.59999999999999998
GENE_02908,0.59999999999999998
GENE_02946,0.59999999999999998
GENE_02950,0.59999999999999998
GENE_03001,0.59999999999999998
GENE_03044,0.59999999999999998
GENE_03048,0.59999999999999998
GENE_03065,0.59999999999999998
GENE_03162,0.59999999999999998
GENE_03208,0.59999999999999998
GENE_03230,0.59999999999999998
GENE_03314,0.59999999999999998
GENE_03357,0.59999999999999998
GENE_03413,0.59999999999999998
GENE_03416,0.59999999999999998
GENE_03431,0.59999999999999998
GENE_03488,0.59999999999999998
GENE_03715,0.59999999999999998
GENE_00073,0.5
GENE_00185,0.5
GENE_00252,0.5
GENE_00270,0.5
GENE_00389,0.5
GENE_00433,0.5
GENE_00457,0.5
GENE_00467,0.5
GENE_00468,0.5
GENE_00508,0.5
GENE_00539,0.5
GENE_00552,0.5
GENE_00575,0.5
GENE_00576,0.5
GENE_00588,0.5
GENE_00648,0.5
GENE_00688,0.5
GENE_00733,0.5
GENE_00758,0.5
GENE_00769,0.5
GENE_00781,0.5
GENE_00792,0.5
GENE_00835,0.5
GENE_00874,0.5
GENE_00889,0.5
GENE_00998,0.5
GENE_01007,0.5
GENE_01026,0.5
GENE_01037,0.5
GENE_01063,0.5
GENE_01082,0.5
GENE_01120,0.5
GENE_01123,0.5
GENE_01155,0.5
GENE_01309,0.5
GENE_01317,0.5
GENE_01328,0.5
GENE_01349,0.5
GENE_01351,0.5
GENE_01376,0.5
GENE_01385,0.5
GENE_01388,0.5
GENE_01399,0.5
GENE_01527,0.5
GENE_01545,0.5
GENE_01599,0.5
GENE_01646,0.5
GENE_01674,0.5
GENE_01722,0.5
GENE_01746,0.5
GENE_01826,0.5
GENE_01833,0.5
GENE_01903,0.5
GENE_01936,0.5
GENE_01945,0.5
GENE_01948,0.5
GENE_01967,0.5
GENE_01989,0.5
GENE_02014,0.5
GENE_02036,0.5
GENE_02073,0.5
GENE_02093,0.5
GENE_02141,0.5
GENE_02218,0.5
GENE_02220,0.5
GENE_02289,0.5
GENE_02315,0.5
GENE_02412,0.5
GENE_02448,0.5
GENE_02462,0.5
GENE_02477,0.5
GENE_02612,0.5
GENE_02617,0.5
GENE_02650,0.5
GENE_02689,0.5
GENE_02775,0.5
GENE_02790,0.5
GENE_02803,0.5
GENE_02816,0.5
GENE_02900,0.5
GENE_02957,0.5
GENE_02968,0.5
GENE_03016,0.5
GENE_03037,0.5
GENE_03052,0.5
GENE_03055,0.5
GENE_03088,0.5
GENE_03101,0.5
GENE_03127,0.5
GENE_03132,0.5
GENE_03137,0.5
GENE_03149,0.5
GENE_03182,0.5
GENE_03201,0.5
GENE_03203,0.5
GENE_03246,0.5
GENE_03303,0.5
GENE_03330,0.5
GENE_03417,0.5
GENE_03421,0.5
GENE_03467,0.5
GENE_03489,0.5
GENE_03494,0.5
GENE_00043,0.40000000000000002
GENE_00170,0.40000000000000002
GENE_00190,0.40000000000000002
GENE_00254,0.40000000000000002
GENE_00440,0.40000000000000002
GENE_00533,0.40000000000000002
GENE_00561,0.40000000000000002
GENE_00578,0.40000000000000002
GENE_00630,0.40000000000000002
GENE_00645,0.40000000000000002
GENE_00676,0.40000000000000002
GENE_00704,0.40000000000000002
GENE_00742,0.40000000000000002
GENE_00763,0.40000000000000002
GENE_00794,0.40000000000000002
GENE_00796,0.40000000000000002
GENE_00804,0.40000000000000002
GENE_00819,0.40000000000000002
GENE_00887,0.40000000000000002
GENE_00924,0.40000000000000002
GENE_00926,0.40000000000000002
GENE_00967,0.40000000000000002
GENE_00973,0.40000000000000002
GENE_01000,0.40000000000000002
GENE_01024,0.40000000000000002
GENE_01028,0.40000000000000002
GENE_01066,0.40000000000000002
GENE_01104,0.40000000000000002
GENE_01108,0.40000000000000002
GENE_01110,0.40000000000000002
GENE_01117,0.40000000000000002
GENE_01146,0.40000000000000002
GENE_01172,0.40000000000000002
GENE_01175,0.40000000000000002
GENE_01210,0.40000000000000002
GENE_01215,0.40000000000000002
GENE_01224,0.40000000000000002
GENE_01226,0.40000000000000002
GENE_01332,0.40000000000000002
GENE_01335,0.40000000000000002
GENE_01401,0.40000000000000002
GENE_01429,0.40000000000000002
GENE_01450,0.40000000000000002
GENE_01485,0.40000000000000002
GENE_01592,0.40000000000000002
GENE_01595,0.40000000000000002
GENE_01612,0.40000000000000002
GENE_01615,0.40000000000000002
GENE_01626,0.40000000000000002
GENE_01689,0.40000000000000002
GENE_01714,0.40000000000000002
GENE_01718,0.40000000000000002
GENE_01729,0.40000000000000002
GENE_01794,0.40000000000000002
GENE_01841,0.40000000000000002
GENE_01902,0.40000000000000002
GENE_01917,0.40000000000000002
GENE_01943,0.40000000000000002
GENE_01981,0.40000000000000002
GENE_01988,0.40000000000000002
GENE_01993,0.40000000000000002
GENE_02038,0.40000000000000002
GENE_02042,0.40000000000000002
GENE_02063,0.40000000000000002
GENE_02088,0.40000000000000002
GENE_02108,0.40000000000000002
GENE_02182,0.40000000000000002
GENE_02250,0.40000000000000002
GENE_02270,0.40000000000000002
GENE_02288,0.40000000000000002
GENE_02292,0.40000000000000002
GENE_02338,0.40000000000000002
GENE_02342,0.40000000000000002
GENE_02350,0.40000000000000002
GENE_02355,0.40000000000000002
GENE_02360,0.40000000000000002
GENE_02444,0.40000000000000002
GENE_02469,0.40000000000000002
GENE_02471,0.40000000000000002
GENE_02494,0.40000000000000002
GENE_02496,0.40000000000000002
GENE_02566,0.40000000000000002
GENE_02600,0.40000000000000002
GENE_02627,0.40000000000000002
GENE_02661,0.40000000000000002
GENE_02662,0.40000000000000002
GENE_02677,0.40000000000000002
GENE_02707,0.40000000000000002
GENE_02714,0.40000000000000002
GENE_02727,0.40000000000000002
GENE_02736,0.40000000000000002
GENE_02743,0.40000000000000002
GENE_02751,0.40000000000000002
GENE_02767,0.40000000000000002
GENE_02785,0.40000000000000002
GENE_02792,0.40000000000000002
GENE_02800,0.40000000000000002
GENE_02818,0.40000000000000002
GENE_02888,0.40000000000000002
GENE_02893,0.40000000000000002
GENE_02911,0.40000000000000002
GENE_02919,0.40000000000000002
GENE_02931,0.40000000000000002
GENE_02979,0.40000000000000002
GENE_03026,0.40000000000000002
GENE_03062,0.40000000000000002
GENE_03128,0.40000000000000002
GENE_03131,0.40000000000000002
GENE_03259,0.40000000000000002
GENE_03280,0.40000000000000002
GENE_03286,0.40000000000000002
GENE_03319,0.40000000000000002
GENE_03342,0.40000000000000002
GENE_03375,0.40000000000000002
GENE_03430,0.40000000000000002
GENE_03432,0.40000000000000002
GENE_03462,0.40000000000000002
GENE_03476,0.40000000000000002
GENE_00063,0.29999999999999999
GENE_00144,0.29999999999999999
GENE_00192,0.29999999999999999
GENE_00308,0.29999999999999999
GENE_00463,0.29999999999999999
GENE_00500,0.29999999999999999
GENE_00506,0.29999999999999999
GENE_00507,0.29999999999999999
GENE_00511,0.29999999999999999
GENE_00514,0.29999999999999999
GENE_00531,0.29999999999999999
GENE_00565,0.29999999999999999
GENE_00572,0.29999999999999999
GENE_00646,0.29999999999999999
GENE_00663,0.29999999999999999
GENE_00679,0.29999999999999999
GENE_00689,0.29999999999999999
GENE_00697,0.29999999999999999
GENE_00702,0.29999999999999999
GENE_00724,0.29999999999999999
GENE_00730,0.29999999999999999
GENE_00754,0.29999999999999999
GENE_00770,0.29999999999999999
GENE_00784,0.29999999999999999
GENE_00841,0.29999999999999999
GENE_00851,0.29999999999999999
GENE_00859,0.29999999999999999
GENE_00878,0.29999999999999999
GENE_00896,0.29999999999999999
GENE_00903,0.29999999999999999
GENE_00921,0.29999999999999999
GENE_00936,0.29999999999999999
GENE_00950,0.29999999999999999
GENE_00952,0.29999999999999999
GENE_00953,0.29999999999999999
GENE_01002,0.29999999999999999
GENE_01047,0.29999999999999999
GENE_01076,0.29999999999999999
GENE_01090,0.29999999999999999
GENE_01112,0.29999999999999999
GENE_01134,0.29999999999999999
GENE_01140,0.29999999999999999
GENE_01152,0.29999999999999999
GENE_01168,0.29999999999999999
GENE_01220,0.29999999999999999
GENE_01240,0.29999999999999999
GENE_01253,0.29999999999999999
GENE_01261,0.29999999999999999
GENE_01264,0.29999999999999999
GENE_01282,0.29999999999999999
GENE_01304,0.29999999999999999
GENE_01322,0.29999999999999999
GENE_01359,0.29999999999999999
GENE_01382,0.29999999999999999
GENE_01383,0.29999999999999999
GENE_01393,0.29999999999999999
GENE_01396,0.29999999999999999
GENE_01398,0.29999999999999999
GENE_01506,0.29999999999999999
GENE_01641,0.29999999999999999
GENE_01657,0.29999999999999999
GENE_01660,0.29999999999999999
GENE_01685,0.29999999999999999
GENE_01721,0.29999999999999999
GENE_01735,0.29999999999999999
GENE_01822,0.29999999999999999
GENE_01929,0.29999999999999999
GENE_01946,0.29999999999999999
GENE_02005,0.29999999999999999
GENE_02031,0.29999999999999999
GENE_02043,0.29999999999999999
GENE_02140,0.29999999999999999
GENE_02147,0.29999999999999999
GENE_02196,0.29999999999999999
GENE_02269,0.29999999999999999
GENE_02277,0.29999999999999999
GENE_02348,0.29999999999999999
GENE_02352,0.29999999999999999
GENE_02414,0.29999999999999999
GENE_02482,0.29999999999999999
GENE_02507,0.29999999999999999
GENE_02548,0.29999999999999999
GENE_02557,0.29999999999999999
GENE_02560,0.29999999999999999
GENE_02567,0.29999999999999999
GENE_02591,0.29999999999999999
GENE_02605,0.29999999999999999
GENE_02620,0.29999999999999999
GENE_02691,0.29999999999999999
GENE_02699,0.29999999999999999
GENE_02738,0.29999999999999999
GENE_02768,0.29999999999999999
GENE_02807,0.29999999999999999
GENE_02829,0.29999999999999999
GENE_02887,0.29999999999999999
GENE_02944,0.29999999999999999
GENE_02959,0.29999999999999999
GENE_02966,0.29999999999999999
GENE_02967,0.29999999999999999
GENE_02969,0.29999999999999999
GENE_02984,0.29999999999999999
GENE_02986,0.29999999999999999
GENE_02987,0.29999999999999999
GENE_02988,0.29999999999999999
GENE_02993,0.29999999999999999
GENE_02997,0.29999999999999999
GENE_03011,0.29999999999999999
GENE_03012,0.29999999999999999
GENE_03032,0.29999999999999999
GENE_03108,0.29999999999999999
GENE_03124,0.29999999999999999
GENE_03134,0.29999999999999999
GENE_03140,0.29999999999999999
GENE_03144,0.29999999999999999
GENE_03171,0.29999999999999999
GENE_03197,0.29999999999999999
GENE_03198,0.29999999999999999
GENE_03200,0.29999999999999999
GENE_03228,0.29999999999999999
GENE_03276,0.29999999999999999
GENE_03282,0.29999999999999999
GENE_03284,0.29999999999999999
GENE_03297,0.29999999999999999
GENE_03306,0.29999999999999999
GENE_03312,0.29999999999999999
GENE_03338,0.29999999999999999
GENE_03354,0.29999999999999999
GENE_03398,0.29999999999999999
GENE_03415,0.29999999999999999
GENE_03428,0.29999999999999999
GENE_03439,0.29999999999999999
GENE_03477,0.29999999999999999
GENE_03480,0.29999999999999999
GENE_03491,0.29999999999999999
GENE_03493,0.29999999999999999
GENE_00179,0.20000000000000001
GENE_00263,0.20000000000000001
GENE_00390,0.20000000000000001
GENE_00527,0.20000000000000001
GENE_00543,0.20000000000000001
GENE_00547,0.20000000000000001
GENE_00587,0.20000000000000001
GENE_00667,0.20000000000000001
GENE_00723,0.20000000000000001
GENE_00764,0.20000000000000001
GENE_00773,0.20000000000000001
GENE_00823,0.20000000000000001
GENE_00828,0.20000000000000001
GENE_00870,0.20000000000000001
GENE_00904,0.20000000000000001
GENE_00914,0.20000000000000001
GENE_00915,0.20000000000000001
GENE_00939,0.20000000000000001
GENE_00956,0.20000000000000001
GENE_00961,0.20000000000000001
GENE_01034,0.20000000000000001
GENE_01078,0.20000000000000001
GENE_01170,0.20000000000000001
GENE_01228,0.20000000000000001
GENE_01255,0.20000000000000001
GENE_01369,0.20000000000000001
GENE_01413,0.20000000000000001
GENE_01425,0.20000000000000001
GENE_01427,0.20000000000000001
GENE_01445,0.20000000000000001
GENE_01477,0.20000000000000001
GENE_01491,0.20000000000000001
GENE_01493,0.20000000000000001
GENE_01507,0.20000000000000001
GENE_01520,0.20000000000000001
GENE_01548,0.20000000000000001
GENE_01564,0.20000000000000001
GENE_01571,0.20000000000000001
GENE_01572,0.20000000000000001
GENE_01623,0.20000000000000001
GENE_01665,0.20000000000000001
GENE_01680,0.20000000000000001
GENE_01681,0.20000000000000001
GENE_01688,0.20000000000000001
GENE_01727,0.20000000000000001
GENE_01731,0.20000000000000001
GENE_01733,0.20000000000000001
GENE_01738,0.20000000000000001
GENE_01900,0.20000000000000001
GENE_01935,0.20000000000000001
GENE_01973,0.20000000000000001
GENE_01974,0.20000000000000001
GENE_01992,0.20000000000000001
GENE_02008,0.20000000000000001
GENE_02009,0.20000000000000001
GENE_02054,0.20000000000000001
GENE_02080,0.20000000000000001
GENE_02104,0.20000000000000001
GENE_02118,0.20000000000000001
GENE_02146,0.20000000000000001
GENE_02154,0.20000000000000001
GENE_02198,0.20000000000000001
GENE_02209,0.20000000000000001
GENE_02296,0.20000000000000001
GENE_02308,0.20000000000000001
GENE_02375,0.20000000000000001
GENE_02389,0.20000000000000001
GENE_02392,0.20000000000000001
GENE_02419,0.20000000000000001
GENE_02472,0.20000000000000001
GENE_02534,0.20000000000000001
GENE_02555,0.20000000000000001
GENE_02570,0.20000000000000001
GENE_02573,0.20000000000000001
GENE_02574,0.20000000000000001
GENE_02613,0.20000000000000001
GENE_02634,0.20000000000000001
GENE_02669,0.20000000000000001
GENE_02684,0.20000000000000001
GENE_02700,0.20000000000000001
GENE_02761,0.20000000000000001
GENE_02784,0.20000000000000001
GENE_02789,0.20000000000000001
GENE_02801,0.20000000000000001
GENE_02822,0.20000000000000001
GENE_02823,0.20000000000000001
GENE_02875,0.20000000000000001
GENE_02884,0.20000000000000001
GENE_02916,0.20000000000000001
GENE_02928,0.20000000000000001
GENE_02937,0.20000000000000001
GENE_02989,0.20000000000000001
GENE_03009,0.20000000000000001
GENE_03022,0.20000000000000001
GENE_03059,0.20000000000000001
GENE_03118,0.20000000000000001
GENE_03180,0.20000000000000001
GENE_03189,0.20000000000000001
GENE_03233,0.20000000000000001
GENE_03250,0.20000000000000001
GENE_03300,0.20000000000000001
GENE_03348,0.20000000000000001
GENE_03360,0.20000000000000001
GENE_03368,0.20000000000000001
GENE_03369,0.20000000000000001
GENE_03385,0.20000000000000001
GENE_03459,0.20000000000000001
GENE_03469,0.20000000000000001
GENE_03636,0.20000000000000001
GENE_03845,0.20000000000000001
GENE_00075,0.10000000000000001
GENE_00535,0.10000000000000001
GENE_00622,0.10000000000000001
GENE_00629,0.10000000000000001
GENE_00635,0.10000000000000001
GENE_00657,0.10000000000000001
GENE_00659,0.10000000000000001
GENE_00660,0.10000000000000001
GENE_00664,0.10000000000000001
GENE_00696,0.10000000000000001
GENE_00715,0.10000000000000001
GENE_00755,0.10000000000000001
GENE_00772,0.10000000000000001
GENE_00806,0.10000000000000001
GENE_00840,0.10000000000000001
GENE_00861,0.10000000000000001
GENE_00875,0.10000000000000001
GENE_00886,0.10000000000000001
GENE_00888,0.10000000000000001
GENE_00905,0.10000000000000001
GENE_00996,0.10000000000000001
GENE_01014,0.10000000000000001
GENE_01016,0.10000000000000001
GENE_01019,0.10000000000000001
GENE_01021,0.10000000000000001
GENE_01052,0.10000000000000001
GENE_01062,0.10000000000000001
GENE_01124,0.10000000000000001
GENE_01130,0.10000000000000001
GENE_01145,0.10000000000000001
GENE_01160,0.10000000000000001
GENE_01173,0.10000000000000001
GENE_01181,0.10000000000000001
GENE_01197,0.10000000000000001
GENE_01219,0.10000000000000001
GENE_01229,0.10000000000000001
GENE_01247,0.10000000000000001
GENE_01249,0.10000000000000001
GENE_01269,0.10000000000000001
GENE_01307,0.10000000000000001
GENE_01320,0.10000000000000001
GENE_01321,0.10000000000000001
GENE_01395,0.10000000000000001
GENE_01417,0.10000000000000001
GENE_01435,0.10000000000000001
GENE_01464,0.10000000000000001
GENE_01516,0.10000000000000001
GENE_01519,0.10000000000000001
GENE_01549,0.10000000000000001
GENE_01574,0.10000000000000001
GENE_01618,0.10000000000000001
GENE_01624,0.10000000000000001
GENE_01658,0.10000000000000001
GENE_01666,0.10000000000000001
GENE_01702,0.10000000000000001
GENE_01709,0.10000000000000001
GENE_01762,0.10000000000000001
GENE_01770,0.10000000000000001
GENE_01808,0.10000000000000001
GENE_01830,0.10000000000000001
GENE_01851,0.10000000000000001
GENE_01868,0.10000000000000001
GENE_01877,0.10000000000000001
GENE_01879,0.10000000000000001
GENE_01887,0.10000000000000001
GENE_01895,0.10000000000000001
GENE_01901,0.10000000000000001
GENE_01919,0.10000000000000001
GENE_01920,0.10000000000000001
GENE_01934,0.10000000000000001
GENE_01944,0.10000000000000001
GENE_01949,0.10000000000000001
GENE_01957,0.10000000000000001
GENE_02019,0.10000000000000001
GENE_02034,0.10000000000000001
GENE_02077,0.10000000000000001
GENE_02083,0.10000000000000001
GENE_02119,0.10000000000000001
GENE_02145,0.10000000000000001
GENE_02181,0.10000000000000001
GENE_02230,0.10000000000000001
GENE_02252,0.10000000000000001
GENE_02255,0.10000000000000001
GENE_02260,0.10000000000000001
GENE_02272,0.10000000000000001
GENE_02295,0.10000000000000001
GENE_02297,0.10000000000000001
GENE_02301,0.10000000000000001
GENE_02346,0.10000000000000001
GENE_02347,0.10000000000000001
GENE_02372,0.10000000000000001
GENE_02395,0.10000000000000001
GENE_02399,0.10000000000000001
GENE_02437,0.10000000000000001
GENE_02465,0.10000000000000001
GENE_02530,0.10000000000000001
GENE_02533,0.10000000000000001
GENE_02577,0.10000000000000001
GENE_02585,0.10000000000000001
GENE_02606,0.10000000000000001
GENE_02640,0.10000000000000001
GENE_02641,0.10000000000000001
GENE_02657,0.10000000000000001
GENE_02752,0.10000000000000001
GENE_02757,0.10000000000000001
GENE_02770,0.10000000000000001
GENE_02821,0.10000000000000001
GENE_02834,0.10000000000000001
GENE_02891,0.10000000000000001
GENE_02894,0.10000000000000001
GENE_02905,0.10000000000000001
GENE_02915,0.10000000000000001
GENE_02927,0.10000000000000001
GENE_02933,0.10000000000000001
GENE_02934,0.10000000000000001
GENE_02963,0.10000000000000001
GENE_02992,0.10000000000000001
GENE_03002,0.10000000000000001
GENE_03063,0.10000000000000001
GENE_03093,0.10000000000000001
GENE_03121,0.10000000000000001
GENE_03194,0.10000000000000001
GENE_03244,0.10000000000000001
GENE_03329,0.10000000000000001
GENE_03333,0.10000000000000001
GENE_03355,0.10000000000000001
GENE_03391,0.10000000000000001
GENE_03402,0.10000000000000001
GENE_03407,0.10000000000000001
GENE_03499,0.10000000000000001
GENE_03939,0.10000000000000001
GENE_00070,-0
GENE_00522,0
GENE_00556,-0
GENE_00573,-0
GENE_00582,0
GENE_00591,-0
GENE_00618,-0
GENE_00625,0
GENE_00634,0
GENE_00651,0
GENE_00673,-0
GENE_00686,-0
GENE_00687,-0
GENE_00735,0
GENE_00741,0
GENE_00748,0
GENE_00761,0
GENE_00765,0
GENE_00818,0
GENE_00853,0
GENE_00881,0
GENE_00893,-0
GENE_00957,-0
GENE_00979,0
GENE_01003,0
GENE_01011,-0
GENE_01054,-0
GENE_01088,-0
GENE_01118,0
GENE_01153,0
GENE_01164,-0
GENE_01212,0
GENE_01214,-0
GENE_01217,0
GENE_01259,-0
GENE_01277,-0
GENE_01288,0
GENE_01293,-0
GENE_01324,0
GENE_01346,-0
GENE_01358,-0
GENE_01360,0
GENE_01474,-0
GENE_01484,0
GENE_01541,-0
GENE_01551,0
GENE_01567,-0
GENE_01570,-0
GENE_01575,-0
GENE_01580,-0
GENE_01581,-0
GENE_01610,0
GENE_01619,0
GENE_01627,0
GENE_01630,-0
GENE_01645,0
GENE_01650,0
GENE_01651,0
GENE_01724,0
GENE_01765,0
GENE_01776,-0
GENE_01801,-0
GENE_01821,-0
GENE_01858,0
GENE_01888,0
GENE_01916,-0
GENE_01947,-0
GENE_01979,-0
GENE_02002,-0
GENE_02084,0
GENE_02090,0
GENE_02095,-0
GENE_02099,0
GENE_02121,0
GENE_02158,0
GENE_02159,-0
GENE_02191,-0
GENE_02194,-0
GENE_02200,0
GENE_02231,-0
GENE_02258,-0
GENE_02266,0
GENE_02283,-0
GENE_02294,-0
GENE_02340,0
GENE_02353,0
GENE_02368,0
GENE_02369,-0
GENE_02371,-0
GENE_02386,-0
GENE_02411,0
GENE_02426,-0
GENE_02572,0
GENE_02615,-0
GENE_02624,-0
GENE_02639,-0
GENE_02647,-0
GENE_02675,-0
GENE_02682,-0
GENE_02686,-0
GENE_02698,-0
GENE_02716,0
GENE_02720,-0
GENE_02724,0
GENE_02748,-0
GENE_02791,0
GENE_02843,0
GENE_02865,0
GENE_02909,0
GENE_02912,-0
GENE_02913,-0
GENE_02941,0
GENE_02964,0
GENE_02965,-0
GENE_03025,0
GENE_03043,-0
GENE_03070,-0
GENE_03081,-0
GENE_03091,-0
GENE_03114,-0
GENE_03155,0
GENE_03167,-0
GENE_03185,0
GENE_03187,0
GENE_03199,-0
GENE_03204,0
GENE_03248,0
GENE_03254,-0
GENE_03262,0
GENE_03288,-0
GENE_03361,-0
GENE_03366,-0
GENE_03367,0
GENE_03383,0
GENE_03390,0
GENE_03397,0
GENE_03461,-0
GENE_03470,-0
GENE_03501,-0
GENE_03958,-0
GENE_03974,0
GENE_00006,-0.10000000000000001
GENE_00026,-0.10000000000000001
GENE_00309,-0.10000000000000001
GENE_00352,-0.10000000000000001
GENE_00521,-0.10000000000000001
GENE_00537,-0.10000000000000001
GENE_00545,-0.10000000000000001
GENE_00567,-0.10000000000000001
GENE_00568,-0.10000000000000001
GENE_00614,-0.10000000000000001
GENE_00615,-0.10000000000000001
GENE_00658,-0.10000000000000001
GENE_00699,-0.10000000000000001
GENE_00706,-0.10000000000000001
GENE_00843,-0.10000000000000001
GENE_00916,-0.10000000000000001
GENE_00959,-0.10000000000000001
GENE_00984,-0.10000000000000001
GENE_00987,-0.10000000000000001
GENE_00995,-0.10000000000000001
GENE_01010,-0.10000000000000001
GENE_01027,-0.10000000000000001
GENE_01057,-0.10000000000000001
GENE_01096,-0.10000000000000001
GENE_01142,-0.10000000000000001
GENE_01149,-0.10000000000000001
GENE_01202,-0.10000000000000001
GENE_01218,-0.10000000000000001
GENE_01234,-0.10000000000000001
GENE_01236,-0.10000000000000001
GENE_01243,-0.10000000000000001
GENE_01316,-0.10000000000000001
GENE_01339,-0.10000000000000001
GENE_01457,-0.10000000000000001
GENE_01476,-0.10000000000000001
GENE_01521,-0.10000000000000001
GENE_01569,-0.10000000000000001
GENE_01578,-0.10000000000000001
GENE_01584,-0.10000000000000001
GENE_01602,-0.10000000000000001
GENE_01605,-0.10000000000000001
GENE_01661,-0.10000000000000001
GENE_01717,-0.10000000000000001
GENE_01723,-0.10000000000000001
GENE_01725,-0.10000000000000001
GENE_01734,-0.10000000000000001
GENE_01752,-0.10000000000000001
GENE_01757,-0.10000000000000001
GENE_01771,-0.10000000000000001
GENE_01777,-0.10000000000000001
GENE_01865,-0.10000000000000001
GENE_01898,-0.10000000000000001
GENE_01915,-0.10000000000000001
GENE_01927,-0.10000000000000001
GENE_01928,-0.10000000000000001
GENE_01955,-0.10000000000000001
GENE_02004,-0.10000000000000001
GENE_02018,-0.10000000000000001
GENE_02045,-0.10000000000000001
GENE_02066,-0.10000000000000001
GENE_02161,-0.10000000000000001
GENE_02163,-0.10000000000000001
GENE_02208,-0.10000000000000001
GENE_02224,-0.10000000000000001
GENE_02234,-0.10000000000000001
GENE_02238,-0.10000000000000001
GENE_02248,-0.10000000000000001
GENE_02275,-0.10000000000000001
GENE_02287,-0.10000000000000001
GENE_02329,-0.10000000000000001
GENE_02333,-0.10000000000000001
GENE_02358,-0.10000000000000001
GENE_02359,-0.10000000000000001
GENE_02387,-0.10000000000000001
GENE_02409,-0.10000000000000001
GENE_02416,-0.10000000000000001
GENE_02470,-0.10000000000000001
GENE_02484,-0.10000000000000001
GENE_02485,-0.10000000000000001
GENE_02519,-0.10000000000000001
GENE_02522,-0.10000000000000001
GENE_02540,-0.10000000000000001
GENE_02544,-0.10000000000000001
GENE_02549,-0.10000000000000001
GENE_02599,-0.10000000000000001
GENE_02616,-0.10000000000000001
GENE_02680,-0.10000000000000001
GENE_02725,-0.10000000000000001
GENE_02747,-0.10000000000000001
GENE_02750,-0.10000000000000001
GENE_02786,-0.10000000000000001
GENE_02813,-0.10000000000000001
GENE_02824,-0.10000000000000001
GENE_02841,-0.10000000000000001
GENE_02906,-0.10000000000000001
GENE_02951,-0.10000000000000001
GENE_02953,-0.10000000000000001
GENE_02954,-0.10000000000000001
GENE_02973,-0.10000000000000001
GENE_02981,-0.10000000000000001
GENE_03031,-0.10000000000000001
GENE_03036,-0.10000000000000001
GENE_03080,-0.10000000000000001
GENE_03085,-0.10000000000000001
GENE_03157,-0.10000000000000001
GENE_03159,-0.10000000000000001
GENE_03183,-0.10000000000000001
GENE_03186,-0.10000000000000001
GENE_03207,-0.10000000000000001
GENE_03234,-0.10000000000000001
GENE_03249,-0.10000000000000001
GENE_03287,-0.10000000000000001
GENE_03304,-0.10000000000000001
GENE_03310,-0.10000000000000001
GENE_03387,-0.10000000000000001
GENE_03395,-0.10000000000000001
GENE_03409,-0.10000000000000001
GENE_03427,-0.10000000000000001
GENE_03429,-0.10000000000000001
GENE_03437,-0.10000000000000001
GENE_03447,-0.10000000000000001
GENE_03671,-0.10000000000000001
GENE_00517,-0.20000000000000001
GENE_00523,-0.20000000000000001
GENE_00564,-0.20000000000000001
GENE_00594,-0.20000000000000001
GENE_00600,-0.20000000000000001
GENE_00603,-0.20000000000000001
GENE_00605,-0.20000000000000001
GENE_00642,-0.20000000000000001
GENE_00726,-0.20000000000000001
GENE_00836,-0.20000000000000001
GENE_00860,-0.20000000000000001
GENE_00862,-0.20000000000000001
GENE_00912,-0.20000000000000001
GENE_00976,-0.20000000000000001
GENE_01023,-0.20000000000000001
GENE_01043,-0.20000000000000001
GENE_01053,-0.20000000000000001
GENE_01061,-0.20000000000000001
GENE_01073,-0.20000000000000001
GENE_01086,-0.20000000000000001
GENE_01178,-0.20000000000000001
GENE_01246,-0.20000000000000001
GENE_01271,-0.20000000000000001
GENE_01296,-0.20000000000000001
GENE_01303,-0.20000000000000001
GENE_01336,-0.20000000000000001
GENE_01371,-0.20000000000000001
GENE_01437,-0.20000000000000001
GENE_01438,-0.20000000000000001
GENE_01446,-0.20000000000000001
GENE_01469,-0.20000000000000001
GENE_01478,-0.20000000000000001
GENE_01490,-0.20000000000000001
GENE_01510,-0.20000000000000001
GENE_01525,-0.20000000000000001
GENE_01561,-0.20000000000000001
GENE_01577,-0.20000000000000001
GENE_01579,-0.20000000000000001
GENE_01625,-0.20000000000000001
GENE_01648,-0.20000000000000001
GENE_01677,-0.20000000000000001
GENE_01691,-0.20000000000000001
GENE_01695,-0.20000000000000001
GENE_01751,-0.20000000000000001
GENE_01768,-0.20000000000000001
GENE_01772,-0.20000000000000001
GENE_01774,-0.20000000000000001
GENE_01790,-0.20000000000000001
GENE_01795,-0.20000000000000001
GENE_01807,-0.20000000000000001
GENE_01846,-0.20000000000000001
GENE_01885,-0.20000000000000001
GENE_01918,-0.20000000000000001
GENE_01975,-0.20000000000000001
GENE_02001,-0.20000000000000001
GENE_02057,-0.20000000000000001
GENE_02067,-0.20000000000000001
GENE_02096,-0.20000000000000001
GENE_02126,-0.20000000000000001
GENE_02136,-0.20000000000000001
GENE_02168,-0.20000000000000001
GENE_02171,-0.20000000000000001
GENE_02187,-0.20000000000000001
GENE_02188,-0.20000000000000001
GENE_02233,-0.20000000000000001
GENE_02268,-0.20000000000000001
GENE_02381,-0.20000000000000001
GENE_02382,-0.20000000000000001
GENE_02450,-0.20000000000000001
GENE_02479,-0.20000000000000001
GENE_02488,-0.20000000000000001
GENE_02521,-0.20000000000000001
GENE_02523,-0.20000000000000001
GENE_02538,-0.20000000000000001
GENE_02558,-0.20000000000000001
GENE_02713,-0.20000000000000001
GENE_02766,-0.20000000000000001
GENE_02779,-0.20000000000000001
GENE_02796,-0.20000000000000001
GENE_02805,-0.20000000000000001
GENE_02839,-0.20000000000000001
GENE_02851,-0.20000000000000001
GENE_02923,-0.20000000000000001
GENE_02925,-0.20000000000000001
GENE_02939,-0.20000000000000001
GENE_02955,-0.20000000000000001
GENE_02961,-0.20000000000000001
GENE_02996,-0.20000000000000001
GENE_03021,-0.20000000000000001
GENE_03126,-0.20000000000000001
GENE_03130,-0.20000000000000001
GENE_03152,-0.20000000000000001
GENE_03164,-0.20000000000000001
GENE_03205,-0.20000000000000001
GENE_03222,-0.20000000000000001
GENE_03235,-0.20000000000000001
GENE_03237,-0.20000000000000001
GENE_03255,-0.20000000000000001
GENE_03258,-0.20000000000000001
GENE_03289,-0.20000000000000001
GENE_03298,-0.20000000000000001
GENE_03374,-0.20000000000000001
GENE_03394,-0.20000000000000001
GENE_03412,-0.20000000000000001
GENE_03423,-0.20000000000000001
GENE_03440,-0.20000000000000001
GENE_03448,-0.20000000000000001
GENE_03450,-0.20000000000000001
GENE_03472,-0.20000000000000001
GENE_03482,-0.20000000000000001
GENE_03556,-0.20000000000000001
GENE_03816,-0.20000000000000001
GENE_03879,-0.20000000000000001
GENE_03905,-0.20000000000000001
GENE_00494,-0.29999999999999999
GENE_00557,-0.29999999999999999
GENE_00593,-0.29999999999999999
GENE_00624,-0.29999999999999999
GENE_00637,-0.29999999999999999
GENE_00656,-0.29999999999999999
GENE_00677,-0.29999999999999999
GENE_00728,-0.29999999999999999
GENE_00831,-0.29999999999999999
GENE_00844,-0.29999999999999999
GENE_00938,-0.29999999999999999
GENE_00941,-0.29999999999999999
GENE_00955,-0.29999999999999999
GENE_00965,-0.29999999999999999
GENE_00970,-0.29999999999999999
GENE_00980,-0.29999999999999999
GENE_01005,-0.29999999999999999
GENE_01089,-0.29999999999999999
GENE_01111,-0.29999999999999999
GENE_01137,-0.29999999999999999
GENE_01183,-0.29999999999999999
GENE_01238,-0.29999999999999999
GENE_01241,-0.29999999999999999
GENE_01252,-0.29999999999999999
GENE_01268,-0.29999999999999999
GENE_01286,-0.29999999999999999
GENE_01313,-0.29999999999999999
GENE_01348,-0.29999999999999999
GENE_01366,-0.29999999999999999
GENE_01372,-0.29999999999999999
GENE_01374,-0.29999999999999999
GENE_01408,-0.29999999999999999
GENE_01465,-0.29999999999999999
GENE_01482,-0.29999999999999999
GENE_01505,-0.29999999999999999
GENE_01556,-0.29999999999999999
GENE_01562,-0.29999999999999999
GENE_01583,-0.29999999999999999
GENE_01597,-0.29999999999999999
GENE_01631,-0.29999999999999999
GENE_01635,-0.29999999999999999
GENE_01637,-0.29999999999999999
GENE_01707,-0.29999999999999999
GENE_01767,-0.29999999999999999
GENE_01792,-0.29999999999999999
GENE_01805,-0.29999999999999999
GENE_01813,-0.29999999999999999
GENE_01844,-0.29999999999999999
GENE_01889,-0.29999999999999999
GENE_01892,-0.29999999999999999
GENE_01911,-0.29999999999999999
GENE_01921,-0.29999999999999999
GENE_01939,-0.29999999999999999
GENE_01940,-0.29999999999999999
GENE_01970,-0.29999999999999999
GENE_01996,-0.29999999999999999
GENE_02022,-0.29999999999999999
GENE_02030,-0.29999999999999999
GENE_02061,-0.29999999999999999
GENE_02065,-0.29999999999999999
GENE_02098,-0.29999999999999999
GENE_02129,-0.29999999999999999
GENE_02144,-0.29999999999999999
GENE_02149,-0.29999999999999999
GENE_02167,-0.29999999999999999
GENE_02179,-0.29999999999999999
GENE_02221,-0.29999999999999999
GENE_02236,-0.29999999999999999
GENE_02259,-0.29999999999999999
GENE_02264,-0.29999999999999999
GENE_02290,-0.29999999999999999
GENE_02324,-0.29999999999999999
GENE_02343,-0.29999999999999999
GENE_02374,-0.29999999999999999
GENE_02512,-0.29999999999999999
GENE_02568,-0.29999999999999999
GENE_02589,-0.29999999999999999
GENE_02598,-0.29999999999999999
GENE_02602,-0.29999999999999999
GENE_02625,-0.29999999999999999
GENE_02628,-0.29999999999999999
GENE_02645,-0.29999999999999999
GENE_02688,-0.29999999999999999
GENE_02697,-0.29999999999999999
GENE_02704,-0.29999999999999999
GENE_02739,-0.29999999999999999
GENE_02740,-0.29999999999999999
GENE_02780,-0.29999999999999999
GENE_02793,-0.29999999999999999
GENE_02870,-0.29999999999999999
GENE_02899,-0.29999999999999999
GENE_02932,-0.29999999999999999
GENE_02942,-0.29999999999999999
GENE_02983,-0.29999999999999999
GENE_03030,-0.29999999999999999
GENE_03038,-0.29999999999999999
GENE_03045,-0.29999999999999999
GENE_03146,-0.29999999999999999
GENE_03168,-0.29999999999999999
GENE_03174,-0.29999999999999999
GENE_03184,-0.29999999999999999
GENE_03216,-0.29999999999999999
GENE_03240,-0.29999999999999999
GENE_03252,-0.29999999999999999
GENE_03253,-0.29999999999999999
GENE_03328,-0.29999999999999999
GENE_03334,-0.29999999999999999
GENE_03341,-0.29999999999999999
GENE_03343,-0.29999999999999999
GENE_03352,-0.29999999999999999
GENE_03362,-0.29999999999999999
GENE_03414,-0.29999999999999999
GENE_03473,-0.29999999999999999
GENE_03492,-0.29999999999999999
GENE_03599,-0.29999999999999999
GENE_03664,-0.29999999999999999
GENE_03785,-0.29999999999999999
GENE_00115,-0.40000000000000002
GENE_00513,-0.40000000000000002
GENE_00550,-0.40000000000000002
GENE_00551,-0.40000000000000002
GENE_00589,-0.40000000000000002
GENE_00628,-0.40000000000000002
GENE_00671,-0.40000000000000002
GENE_00672,-0.40000000000000002
GENE_00685,-0.40000000000000002
GENE_00746,-0.40000000000000002
GENE_00768,-0.40000000000000002
GENE_00795,-0.40000000000000002
GENE_00827,-0.40000000000000002
GENE_00880,-0.40000000000000002
GENE_00908,-0.40000000000000002
GENE_00934,-0.40000000000000002
GENE_00949,-0.40000000000000002
GENE_00954,-0.40000000000000002
GENE_00960,-0.40000000000000002
GENE_01039,-0.40000000000000002
GENE_01065,-0.40000000000000002
GENE_01075,-0.40000000000000002
GENE_01098,-0.40000000000000002
GENE_01109,-0.40000000000000002
GENE_01131,-0.40000000000000002
GENE_01165,-0.40000000000000002
GENE_01169,-0.40000000000000002
GENE_01179,-0.40000000000000002
GENE_01190,-0.40000000000000002
GENE_01209,-0.40000000000000002
GENE_01244,-0.40000000000000002
GENE_01306,-0.40000000000000002
GENE_01365,-0.40000000000000002
GENE_01386,-0.40000000000000002
GENE_01430,-0.40000000000000002
GENE_01431,-0.40000000000000002
GENE_01458,-0.40000000000000002
GENE_01523,-0.40000000000000002
GENE_01537,-0.40000000000000002
GENE_01568,-0.40000000000000002
GENE_01588,-0.40000000000000002
GENE_01604,-0.40000000000000002
GENE_01638,-0.40000000000000002
GENE_01644,-0.40000000000000002
GENE_01676,-0.40000000000000002
GENE_01678,-0.40000000000000002
GENE_01687,-0.40000000000000002
GENE_01704,-0.40000000000000002
GENE_01761,-0.40000000000000002
GENE_01798,-0.40000000000000002
GENE_01803,-0.40000000000000002
GENE_01860,-0.40000000000000002
GENE_01873,-0.40000000000000002
GENE_01886,-0.40000000000000002
GENE_01905,-0.40000000000000002
GENE_01907,-0.40000000000000002
GENE_01924,-0.40000000000000002
GENE_01972,-0.40000000000000002
GENE_02020,-0.40000000000000002
GENE_02075,-0.40000000000000002
GENE_02078,-0.40000000000000002
GENE_02092,-0.40000000000000002
GENE_02153,-0.40000000000000002
GENE_02192,-0.40000000000000002
GENE_02229,-0.40000000000000002
GENE_02256,-0.40000000000000002
GENE_02322,-0.40000000000000002
GENE_02331,-0.40000000000000002
GENE_02334,-0.40000000000000002
GENE_02397,-0.40000000000000002
GENE_02421,-0.40000000000000002
GENE_02432,-0.40000000000000002
GENE_02441,-0.40000000000000002
GENE_02458,-0.40000000000000002
GENE_02483,-0.40000000000000002
GENE_02490,-0.40000000000000002
GENE_02500,-0.40000000000000002
GENE_02502,-0.40000000000000002
GENE_02553,-0.40000000000000002
GENE_02571,-0.40000000000000002
GENE_02584,-0.40000000000000002
GENE_02586,-0.40000000000000002
GENE_02590,-0.40000000000000002
GENE_02597,-0.40000000000000002
GENE_02646,-0.40000000000000002
GENE_02681,-0.40000000000000002
GENE_02687,-0.40000000000000002
GENE_02741,-0.40000000000000002
GENE_02753,-0.40000000000000002
GENE_02806,-0.40000000000000002
GENE_02812,-0.40000000000000002
GENE_02817,-0.40000000000000002
GENE_02869,-0.40000000000000002
GENE_02890,-0.40000000000000002
GENE_02926,-0.40000000000000002
GENE_02929,-0.40000000000000002
GENE_02945,-0.40000000000000002
GENE_02949,-0.40000000000000002
GENE_02994,-0.40000000000000002
GENE_02999,-0.40000000000000002
GENE_03017,-0.40000000000000002
GENE_03054,-0.40000000000000002
GENE_03064,-0.40000000000000002
GENE_03097,-0.40000000000000002
GENE_03115,-0.40000000000000002
GENE_03135,-0.40000000000000002
GENE_03161,-0.40000000000000002
GENE_03166,-0.40000000000000002
GENE_03220,-0.40000000000000002
GENE_03223,-0.40000000000000002
GENE_03224,-0.40000000000000002
GENE_03273,-0.40000000000000002
GENE_03285,-0.40000000000000002
GENE_03322,-0.40000000000000002
GENE_03382,-0.40000000000000002
GENE_03479,-0.40000000000000002
GENE_03497,-0.40000000000000002
GENE_03737,-0.40000000000000002
GENE_03864,-0.40000000000000002
GENE_00518,-0.5
GENE_00555,-0.5
GENE_00583,-0.5
GENE_00585,-0.5
GENE_00590,-0.5
GENE_00616,-0.5
GENE_00623,-0.5
GENE_00627,-0.5
GENE_00681,-0.5
GENE_00698,-0.5
GENE_00711,-0.5
GENE_00717,-0.5
GENE_00729,-0.5
GENE_00738,-0.5
GENE_00782,-0.5
GENE_00820,-0.5
GENE_00847,-0.5
GENE_00958,-0.5
GENE_00982,-0.5
GENE_00994,-0.5
GENE_01029,-0.5
GENE_01050,-0.5
GENE_01105,-0.5
GENE_01106,-0.5
GENE_01115,-0.5
GENE_01129,-0.5
GENE_01132,-0.5
GENE_01195,-0.5
GENE_01207,-0.5
GENE_01208,-0.5
GENE_01216,-0.5
GENE_01250,-0.5
GENE_01263,-0.5
GENE_01312,-0.5
GENE_01325,-0.5
GENE_01327,-0.5
GENE_01405,-0.5
GENE_01432,-0.5
GENE_01475,-0.5
GENE_01480,-0.5
GENE_01481,-0.5
GENE_01535,-0.5
GENE_01589,-0.5
GENE_01616,-0.5
GENE_01664,-0.5
GENE_01696,-0.5
GENE_01730,-0.5
GENE_01756,-0.5
GENE_01783,-0.5
GENE_01831,-0.5
GENE_01842,-0.5
GENE_01845,-0.5
GENE_01870,-0.5
GENE_01933,-0.5
GENE_01951,-0.5
GENE_01956,-0.5
GENE_01958,-0.5
GENE_01963,-0.5
GENE_01966,-0.5
GENE_01971,-0.5
GENE_01991,-0.5
GENE_02026,-0.5
GENE_02091,-0.5
GENE_02112,-0.5
GENE_02124,-0.5
GENE_02155,-0.5
GENE_02175,-0.5
GENE_02239,-0.5
GENE_02241,-0.5
GENE_02265,-0.5
GENE_02285,-0.5
GENE_02286,-0.5
GENE_02373,-0.5
GENE_02377,-0.5
GENE_02498,-0.5
GENE_02499,-0.5
GENE_02503,-0.5
GENE_02541,-0.5
GENE_02562,-0.5
GENE_02594,-0.5
GENE_02614,-0.5
GENE_02695,-0.5
GENE_02728,-0.5
GENE_02745,-0.5
GENE_02872,-0.5
GENE_02876,-0.5
GENE_02881,-0.5
GENE_02976,-0.5
GENE_03018,-0.5
GENE_03029,-0.5
GENE_03109,-0.5
GENE_03112,-0.5
GENE_03123,-0.5
GENE_03165,-0.5
GENE_03181,-0.5
GENE_03293,-0.5
GENE_03307,-0.5
GENE_03311,-0.5
GENE_03353,-0.5
GENE_03441,-0.5
GENE_03487,-0.5
GENE_03495,-0.5
GENE_03547,-0.5
GENE_03559,-0.5
GENE_03589,-0.5
GENE_03615,-0.5
GENE_03850,-0.5
GENE_03857,-0.5
GENE_03959,-0.5
GENE_03967,-0.5
GENE_03981,-0.5
GENE_03999,-0.5
GENE_00541,-0.59999999999999998
GENE_00549,-0.59999999999999998
GENE_00559,-0.59999999999999998
GENE_00654,-0.59999999999999998
GENE_00670,-0.59999999999999998
GENE_00732,-0.59999999999999998
GENE_00734,-0.59999999999999998
GENE_00778,-0.59999999999999998
GENE_00779,-0.59999999999999998
GENE_00821,-0.59999999999999998
GENE_00834,-0.59999999999999998
GENE_00928,-0.59999999999999998
GENE_00931,-0.59999999999999998
GENE_00944,-0.59999999999999998
GENE_00962,-0.59999999999999998
GENE_00999,-0.59999999999999998
GENE_01033,-0.59999999999999998
GENE_01042,-0.59999999999999998
GENE_01067,-0.59999999999999998
GENE_01069,-0.59999999999999998
GENE_01084,-0.59999999999999998
GENE_01087,-0.59999999999999998
GENE_01092,-0.59999999999999998
GENE_01119,-0.59999999999999998
GENE_01135,-0.59999999999999998
GENE_01139,-0.59999999999999998
GENE_01143,-0.59999999999999998
GENE_01157,-0.59999999999999998
GENE_01270,-0.59999999999999998
GENE_01294,-0.59999999999999998
GENE_01299,-0.59999999999999998
GENE_01314,-0.59999999999999998
GENE_01333,-0.59999999999999998
GENE_01342,-0.59999999999999998
GENE_01440,-0.59999999999999998
GENE_01479,-0.59999999999999998
GENE_01492,-0.59999999999999998
GENE_01494,-0.59999999999999998
GENE_01508,-0.59999999999999998
GENE_01558,-0.59999999999999998
GENE_01582,-0.59999999999999998
GENE_01590,-0.59999999999999998
GENE_01614,-0.59999999999999998
GENE_01675,-0.59999999999999998
GENE_01705,-0.59999999999999998
GENE_01716,-0.59999999999999998
GENE_01720,-0.59999999999999998
GENE_01732,-0.59999999999999998
GENE_01773,-0.59999999999999998
GENE_01834,-0.59999999999999998
GENE_01843,-0.59999999999999998
GENE_01866,-0.59999999999999998
GENE_01871,-0.59999999999999998
GENE_01914,-0.59999999999999998
GENE_01980,-0.59999999999999998
GENE_01986,-0.59999999999999998
GENE_01990,-0.59999999999999998
GENE_02011,-0.59999999999999998
GENE_02023,-0.59999999999999998
GENE_02032,-0.59999999999999998
GENE_02048,-0.59999999999999998
GENE_02111,-0.59999999999999998
GENE_02113,-0.59999999999999998
GENE_02117,-0.59999999999999998
GENE_02165,-0.59999999999999998
GENE_02169,-0.59999999999999998
GENE_02173,-0.59999999999999998
GENE_02219,-0.59999999999999998
GENE_02226,-0.59999999999999998
GENE_02232,-0.59999999999999998
GENE_02251,-0.59999999999999998
GENE_02263,-0.59999999999999998
GENE_02309,-0.59999999999999998
GENE_02314,-0.59999999999999998
GENE_02349,-0.59999999999999998
GENE_02400,-0.59999999999999998
GENE_02401,-0.59999999999999998
GENE_02413,-0.59999999999999998
GENE_02475,-0.59999999999999998
GENE_02515,-0.59999999999999998
GENE_02545,-0.59999999999999998
GENE_02582,-0.59999999999999998
GENE_02609,-0.59999999999999998
GENE_02638,-0.59999999999999998
GENE_02655,-0.59999999999999998
GENE_02664,-0.59999999999999998
GENE_02763,-0.59999999999999998
GENE_02771,-0.59999999999999998
GENE_02795,-0.59999999999999998
GENE_02854,-0.59999999999999998
GENE_02867,-0.59999999999999998
GENE_02902,-0.59999999999999998
GENE_02903,-0.59999999999999998
GENE_02917,-0.59999999999999998
GENE_02936,-0.59999999999999998
GENE_02991,-0.59999999999999998
GENE_03033,-0.59999999999999998
GENE_03150,-0.59999999999999998
GENE_03193,-0.59999999999999998
GENE_03212,-0.59999999999999998
GENE_03238,-0.59999999999999998
GENE_03281,-0.59999999999999998
GENE_03294,-0.59999999999999998
GENE_03335,-0.59999999999999998
GENE_03371,-0.59999999999999998
GENE_03372,-0.59999999999999998
GENE_03380,-0.59999999999999998
GENE_03392,-0.59999999999999998
GENE_03466,-0.59999999999999998
GENE_03522,-0.59999999999999998
GENE_03538,-0.59999999999999998
GENE_03623,-0.59999999999999998
GENE_03653,-0.59999999999999998
GENE_03777,-0.59999999999999998
GENE_03821,-0.59999999999999998
GENE_03922,-0.59999999999999998
GENE_03925,-0.59999999999999998
GENE_03951,-0.59999999999999998
GENE_00421,-0.69999999999999996
GENE_00544,-0.69999999999999996
GENE_00626,-0.69999999999999996
GENE_00644,-0.69999999999999996
GENE_00691,-0.69999999999999996
GENE_00712,-0.69999999999999996
GENE_00745,-0.69999999999999996
GENE_00787,-0.69999999999999996
GENE_00789,-0.69999999999999996
GENE_00790,-0.69999999999999996
GENE_00791,-0.69999999999999996
GENE_00800,-0.69999999999999996
GENE_00864,-0.69999999999999996
GENE_00865,-0.69999999999999996
GENE_00913,-0.69999999999999996
GENE_00943,-0.69999999999999996
GENE_00964,-0.69999999999999996
GENE_00966,-0.69999999999999996
GENE_00991,-0.69999999999999996
GENE_01001,-0.69999999999999996
GENE_01006,-0.69999999999999996
GENE_01015,-0.69999999999999996
GENE_01025,-0.69999999999999996
GENE_01036,-0.69999999999999996
GENE_01046,-0.69999999999999996
GENE_01101,-0.69999999999999996
GENE_01114,-0.69999999999999996
GENE_01156,-0.69999999999999996
GENE_01191,-0.69999999999999996
GENE_01192,-0.69999999999999996
GENE_01239,-0.69999999999999996
GENE_01257,-0.69999999999999996
GENE_01281,-0.69999999999999996
GENE_01311,-0.69999999999999996
GENE_01350,-0.69999999999999996
GENE_01362,-0.69999999999999996
GENE_01363,-0.69999999999999996
GENE_01364,-0.69999999999999996
GENE_01397,-0.69999999999999996
GENE_01473,-0.69999999999999996
GENE_01495,-0.69999999999999996
GENE_01524,-0.69999999999999996
GENE_01538,-0.69999999999999996
GENE_01552,-0.69999999999999996
GENE_01560,-0.69999999999999996
GENE_01594,-0.69999999999999996
GENE_01667,-0.69999999999999996
GENE_01670,-0.69999999999999996
GENE_01682,-0.69999999999999996
GENE_01726,-0.69999999999999996
GENE_01748,-0.69999999999999996
GENE_01758,-0.69999999999999996
GENE_01802,-0.69999999999999996
GENE_01825,-0.69999999999999996
GENE_01835,-0.69999999999999996
GENE_01836,-0.69999999999999996
GENE_01869,-0.69999999999999996
GENE_01906,-0.69999999999999996
GENE_01910,-0.69999999999999996
GENE_01922,-0.69999999999999996
GENE_01930,-0.69999999999999996
GENE_01987,-0.69999999999999996
GENE_02040,-0.69999999999999996
GENE_02071,-0.69999999999999996
GENE_02086,-0.69999999999999996
GENE_02097,-0.69999999999999996
GENE_02100,-0.69999999999999996
GENE_02178,-0.69999999999999996
GENE_02201,-0.69999999999999996
GENE_02212,-0.69999999999999996
GENE_02215,-0.69999999999999996
GENE_02223,-0.69999999999999996
GENE_02402,-0.69999999999999996
GENE_02451,-0.69999999999999996
GENE_02491,-0.69999999999999996
GENE_02493,-0.69999999999999996
GENE_02501,-0.69999999999999996
GENE_02524,-0.69999999999999996
GENE_02537,-0.69999999999999996
GENE_02626,-0.69999999999999996
GENE_02632,-0.69999999999999996
GENE_02656,-0.69999999999999996
GENE_02668,-0.69999999999999996
GENE_02685,-0.69999999999999996
GENE_02696,-0.69999999999999996
GENE_02732,-0.69999999999999996
GENE_02735,-0.69999999999999996
GENE_02799,-0.69999999999999996
GENE_02837,-0.69999999999999996
GENE_02842,-0.69999999999999996
GENE_02861,-0.69999999999999996
GENE_02864,-0.69999999999999996
GENE_02895,-0.69999999999999996
GENE_02924,-0.69999999999999996
GENE_02940,-0.69999999999999996
GENE_03008,-0.69999999999999996
GENE_03069,-0.69999999999999996
GENE_03077,-0.69999999999999996
GENE_03117,-0.69999999999999996
GENE_03119,-0.69999999999999996
GENE_03178,-0.69999999999999996
GENE_03242,-0.69999999999999996
GENE_03265,-0.69999999999999996
GENE_03269,-0.69999999999999996
GENE_03481,-0.69999999999999996
GENE_03570,-0.69999999999999996
GENE_03660,-0.69999999999999996
GENE_03675,-0.69999999999999996
GENE_03681,-0.69999999999999996
GENE_03776,-0.69999999999999996
GENE_03892,-0.69999999999999996
GENE_03917,-0.69999999999999996
GENE_03980,-0.69999999999999996
GENE_00570,-0.80000000000000004
GENE_00592,-0.80000000000000004
GENE_00619,-0.80000000000000004
GENE_00713,-0.80000000000000004
GENE_00981,-0.80000000000000004
GENE_01103,-0.80000000000000004
GENE_01189,-0.80000000000000004
GENE_01203,-0.80000000000000004
GENE_01206,-0.80000000000000004
GENE_01227,-0.80000000000000004
GENE_01280,-0.80000000000000004
GENE_01329,-0.80000000000000004
GENE_01341,-0.80000000000000004
GENE_01392,-0.80000000000000004
GENE_01394,-0.80000000000000004
GENE_01459,-0.80000000000000004
GENE_01486,-0.80000000000000004
GENE_01497,-0.80000000000000004
GENE_01565,-0.80000000000000004
GENE_01576,-0.80000000000000004
GENE_01591,-0.80000000000000004
GENE_01609,-0.80000000000000004
GENE_01663,-0.80000000000000004
GENE_01668,-0.80000000000000004
GENE_01715,-0.80000000000000004
GENE_01728,-0.80000000000000004
GENE_01750,-0.80000000000000004
GENE_01755,-0.80000000000000004
GENE_01763,-0.80000000000000004
GENE_01839,-0.80000000000000004
GENE_01891,-0.80000000000000004
GENE_01925,-0.80000000000000004
GENE_01926,-0.80000000000000004
GENE_01962,-0.80000000000000004
GENE_01998,-0.80000000000000004
GENE_02017,-0.80000000000000004
GENE_02058,-0.80000000000000004
GENE_02125,-0.80000000000000004
GENE_02135,-0.80000000000000004
GENE_02137,-0.80000000000000004
GENE_02245,-0.80000000000000004
GENE_02361,-0.80000000000000004
GENE_02366,-0.80000000000000004
GENE_02398,-0.80000000000000004
GENE_02453,-0.80000000000000004
GENE_02480,-0.80000000000000004
GENE_02481,-0.80000000000000004
GENE_02529,-0.80000000000000004
GENE_02554,-0.80000000000000004
GENE_02563,-0.80000000000000004
GENE_02580,-0.80000000000000004
GENE_02604,-0.80000000000000004
GENE_02629,-0.80000000000000004
GENE_02702,-0.80000000000000004
GENE_02706,-0.80000000000000004
GENE_02712,-0.80000000000000004
GENE_02778,-0.80000000000000004
GENE_02802,-0.80000000000000004
GENE_02852,-0.80000000000000004
GENE_02883,-0.80000000000000004
GENE_02930,-0.80000000000000004
GENE_02970,-0.80000000000000004
GENE_02977,-0.80000000000000004
GENE_02978,-0.80000000000000004
GENE_03067,-0.80000000000000004
GENE_03106,-0.80000000000000004
GENE_03129,-0.80000000000000004
GENE_03232,-0.80000000000000004
GENE_03393,-0.80000000000000004
GENE_03401,-0.80000000000000004
GENE_03404,-0.80000000000000004
GENE_03433,-0.80000000000000004
GENE_03435,-0.80000000000000004
GENE_03463,-0.80000000000000004
GENE_03490,-0.80000000000000004
GENE_03498,-0.80000000000000004
GENE_03569,-0.80000000000000004
GENE_03574,-0.80000000000000004
GENE_03577,-0.80000000000000004
GENE_03649,-0.80000000000000004
GENE_03740,-0.80000000000000004
GENE_03758,-0.80000000000000004
GENE_03761,-0.80000000000000004
GENE_03767,-0.80000000000000004
GENE_03774,-0.80000000000000004
GENE_03840,-0.80000000000000004
GENE_03881,-0.80000000000000004
GENE_03919,-0.80000000000000004
GENE_03952,-0.80000000000000004
GENE_00579,-0.90000000000000002
GENE_00641,-0.90000000000000002
GENE_00675,-0.90000000000000002
GENE_00682,-0.90000000000000002
GENE_00743,-0.90000000000000002
GENE_00759,-0.90000000000000002
GENE_00762,-0.90000000000000002
GENE_00797,-0.90000000000000002
GENE_00822,-0.90000000000000002
GENE_00832,-0.90000000000000002
GENE_00873,-0.90000000000000002
GENE_00877,-0.90000000000000002
GENE_00911,-0.90000000000000002
GENE_00993,-0.90000000000000002
GENE_01018,-0.90000000000000002
GENE_01040,-0.90000000000000002
GENE_01060,-0.90000000000000002
GENE_01093,-0.90000000000000002
GENE_01167,-0.90000000000000002
GENE_01199,-0.90000000000000002
GENE_01201,-0.90000000000000002
GENE_01422,-0.90000000000000002
GENE_01453,-0.90000000000000002
GENE_01462,-0.90000000000000002
GENE_01512,-0.90000000000000002
GENE_01539,-0.90000000000000002
GENE_01557,-0.90000000000000002
GENE_01628,-0.90000000000000002
GENE_01669,-0.90000000000000002
GENE_01703,-0.90000000000000002
GENE_01785,-0.90000000000000002
GENE_01787,-0.90000000000000002
GENE_01853,-0.90000000000000002
GENE_01861,-0.90000000000000002
GENE_01896,-0.90000000000000002
GENE_02028,-0.90000000000000002
GENE_02046,-0.90000000000000002
GENE_02053,-0.90000000000000002
GENE_02060,-0.90000000000000002
GENE_02109,-0.90000000000000002
GENE_02110,-0.90000000000000002
GENE_02127,-0.90000000000000002
GENE_02130,-0.90000000000000002
GENE_02131,-0.90000000000000002
GENE_02133,-0.90000000000000002
GENE_02142,-0.90000000000000002
GENE_02180,-0.90000000000000002
GENE_02205,-0.90000000000000002
GENE_02207,-0.90000000000000002
GENE_02235,-0.90000000000000002
GENE_02267,-0.90000000000000002
GENE_02276,-0.90000000000000002
GENE_02318,-0.90000000000000002
GENE_02320,-0.90000000000000002
GENE_02351,-0.90000000000000002
GENE_02435,-0.90000000000000002
GENE_02463,-0.90000000000000002
GENE_02478,-0.90000000000000002
GENE_02517,-0.90000000000000002
GENE_02550,-0.90000000000000002
GENE_02603,-0.90000000000000002
GENE_02610,-0.90000000000000002
GENE_02611,-0.90000000000000002
GENE_02653,-0.90000000000000002
GENE_02674,-0.90000000000000002
GENE_02726,-0.90000000000000002
GENE_02734,-0.90000000000000002
GENE_02773,-0.90000000000000002
GENE_02825,-0.90000000000000002
GENE_02850,-0.90000000000000002
GENE_02879,-0.90000000000000002
GENE_02920,-0.90000000000000002
GENE_03000,-0.90000000000000002
GENE_03027,-0.90000000000000002
GENE_03071,-0.90000000000000002
GENE_03113,-0.90000000000000002
GENE_03136,-0.90000000000000002
GENE_03410,-0.90000000000000002
GENE_03443,-0.90000000000000002
GENE_03445,-0.90000000000000002
GENE_03453,-0.90000000000000002
GENE_03484,-0.90000000000000002
GENE_03529,-0.90000000000000002
GENE_03548,-0.90000000000000002
GENE_03575,-0.90000000000000002
GENE_03598,-0.90000000000000002
GENE_03651,-0.90000000000000002
GENE_03712,-0.90000000000000002
GENE_03745,-0.90000000000000002
GENE_03746,-0.90000000000000002
GENE_03775,-0.90000000000000002
GENE_03801,-0.90000000000000002
GENE_03839,-0.90000000000000002
GENE_03842,-0.90000000000000002
GENE_03853,-0.90000000000000002
GENE_03896,-0.90000000000000002
GENE_03964,-0.90000000000000002
GENE_00505,-1
GENE_00524,-1
GENE_00528,-1
GENE_00532,-1
GENE_00584,-1
GENE_00620,-1
GENE_00653,-1
GENE_00747,-1
GENE_00801,-1
GENE_00810,-1
GENE_00815,-1
GENE_00850,-1
GENE_00879,-1
GENE_01038,-1
GENE_01080,-1
GENE_01083,-1
GENE_01100,-1
GENE_01128,-1
GENE_01148,-1
GENE_01205,-1
GENE_01278,-1
GENE_01285,-1
GENE_01291,-1
GENE_01354,-1
GENE_01367,-1
GENE_01428,-1
GENE_01501,-1
GENE_01511,-1
GENE_01513,-1
GENE_01563,-1
GENE_01608,-1
GENE_01671,-1
GENE_01884,-1
GENE_02044,-1
GENE_02064,-1
GENE_02101,-1
GENE_02115,-1
GENE_02160,-1
GENE_02174,-1
GENE_02189,-1
GENE_02197,-1
GENE_02204,-1
GENE_02213,-1
GENE_02325,-1
GENE_02385,-1
GENE_02410,-1
GENE_02425,-1
GENE_02431,-1
GENE_02497,-1
GENE_02505,-1
GENE_02514,-1
GENE_02651,-1
GENE_02765,-1
GENE_02772,-1
GENE_02798,-1
GENE_02860,-1
GENE_02907,-1
GENE_02922,-1
GENE_03006,-1
GENE_03061,-1
GENE_03105,-1
GENE_03145,-1
GENE_03326,-1
GENE_03363,-1
GENE_03434,-1
GENE_03551,-1
GENE_03659,-1
GENE_03678,-1
GENE_03708,-1
GENE_03770,-1
GENE_03810,-1
GENE_03836,-1
GENE_03847,-1
GENE_03943,-1
GENE_03979,-1
GENE_03984,-1
GENE_03991,-1
GENE_03993,-1
GENE_00181,-1.1000000000000001
GENE_00520,-1.1000000000000001
GENE_00604,-1.1000000000000001
GENE_00650,-1.1000000000000001
GENE_00799,-1.1000000000000001
GENE_00813,-1.1000000000000001
GENE_00825,-1.1000000000000001
GENE_00997,-1.1000000000000001
GENE_01074,-1.1000000000000001
GENE_01107,-1.1000000000000001
GENE_01171,-1.1000000000000001
GENE_01211,-1.1000000000000001
GENE_01225,-1.1000000000000001
GENE_01258,-1.1000000000000001
GENE_01279,-1.1000000000000001
GENE_01292,-1.1000000000000001
GENE_01318,-1.1000000000000001
GENE_01370,-1.1000000000000001
GENE_01407,-1.1000000000000001
GENE_01419,-1.1000000000000001
GENE_01442,-1.1000000000000001
GENE_01530,-1.1000000000000001
GENE_01550,-1.1000000000000001
GENE_01593,-1.1000000000000001
GENE_01653,-1.1000000000000001
GENE_01690,-1.1000000000000001
GENE_01713,-1.1000000000000001
GENE_01855,-1.1000000000000001
GENE_02027,-1.1000000000000001
GENE_02047,-1.1000000000000001
GENE_02059,-1.1000000000000001
GENE_02062,-1.1000000000000001
GENE_02085,-1.1000000000000001
GENE_02087,-1.1000000000000001
GENE_02116,-1.1000000000000001
GENE_02243,-1.1000000000000001
GENE_02291,-1.1000000000000001
GENE_02300,-1.1000000000000001
GENE_02302,-1.1000000000000001
GENE_02305,-1.1000000000000001
GENE_02406,-1.1000000000000001
GENE_02576,-1.1000000000000001
GENE_02749,-1.1000000000000001
GENE_02769,-1.1000000000000001
GENE_02774,-1.1000000000000001
GENE_02830,-1.1000000000000001
GENE_02840,-1.1000000000000001
GENE_02972,-1.1000000000000001
GENE_03058,-1.1000000000000001
GENE_03215,-1.1000000000000001
GENE_03525,-1.1000000000000001
GENE_03550,-1.1000000000000001
GENE_03603,-1.1000000000000001
GENE_03611,-1.1000000000000001
GENE_03625,-1.1000000000000001
GENE_03743,-1.1000000000000001
GENE_03871,-1.1000000000000001
GENE_03882,-1.1000000000000001
GENE_03899,-1.1000000000000001
GENE_03928,-1.1000000000000001
GENE_03978,-1.1000000000000001
GENE_03986,-1.1000000000000001
GENE_03989,-1.1000000000000001
GENE_00509,-1.2
GENE_00546,-1.2
GENE_00598,-1.2
GENE_00719,-1.2
GENE_00837,-1.2
GENE_00882,-1.2
GENE_00910,-1.2
GENE_01044,-1.2
GENE_01147,-1.2
GENE_01302,-1.2
GENE_01414,-1.2
GENE_01418,-1.2
GENE_01634,-1.2
GENE_01719,-1.2
GENE_01796,-1.2
GENE_01817,-1.2
GENE_01854,-1.2
GENE_01859,-1.2
GENE_01890,-1.2
GENE_01982,-1.2
GENE_01997,-1.2
GENE_02068,-1.2
GENE_02079,-1.2
GENE_02089,-1.2
GENE_02177,-1.2
GENE_02186,-1.2
GENE_02193,-1.2
GENE_02310,-1.2
GENE_02388,-1.2
GENE_02417,-1.2
GENE_02455,-1.2
GENE_02464,-1.2
GENE_02506,-1.2
GENE_02622,-1.2
GENE_02715,-1.2
GENE_02744,-1.2
GENE_02797,-1.2
GENE_02808,-1.2
GENE_02811,-1.2
GENE_02858,-1.2
GENE_02897,-1.2
GENE_03068,-1.2
GENE_03095,-1.2
GENE_03163,-1.2
GENE_03190,-1.2
GENE_03191,-1.2
GENE_03364,-1.2
GENE_03377,-1.2
GENE_03378,-1.2
GENE_03419,-1.2
GENE_03457,-1.2
GENE_03523,-1.2
GENE_03530,-1.2
GENE_03631,-1.2
GENE_03641,-1.2
GENE_03699,-1.2
GENE_03723,-1.2
GENE_03793,-1.2
GENE_03794,-1.2
GENE_03901,-1.2
GENE_03914,-1.2
GENE_03969,-1.2
GENE_00581,-1.3
GENE_00740,-1.3
GENE_00817,-1.3
GENE_00867,-1.3
GENE_00919,-1.3
GENE_00925,-1.3
GENE_00946,-1.3
GENE_01020,-1.3
GENE_01071,-1.3
GENE_01077,-1.3
GENE_01319,-1.3
GENE_01347,-1.3
GENE_01387,-1.3
GENE_01456,-1.3
GENE_01472,-1.3
GENE_01573,-1.3
GENE_01586,-1.3
GENE_01611,-1.3
GENE_01686,-1.3
GENE_01698,-1.3
GENE_01754,-1.3
GENE_01781,-1.3
GENE_01806,-1.3
GENE_01882,-1.3
GENE_01954,-1.3
GENE_01984,-1.3
GENE_01999,-1.3
GENE_02029,-1.3
GENE_02148,-1.3
GENE_02176,-1.3
GENE_02303,-1.3
GENE_02306,-1.3
GENE_02312,-1.3
GENE_02390,-1.3
GENE_02396,-1.3
GENE_02428,-1.3
GENE_02466,-1.3
GENE_02518,-1.3
GENE_02809,-1.3
GENE_02819,-1.3
GENE_02832,-1.3
GENE_02845,-1.3
GENE_02947,-1.3
GENE_02948,-1.3
GENE_02995,-1.3
GENE_03042,-1.3
GENE_03160,-1.3
GENE_03227,-1.3
GENE_03243,-1.3
GENE_03267,-1.3
GENE_03345,-1.3
GENE_03351,-1.3
GENE_03552,-1.3
GENE_03614,-1.3
GENE_03705,-1.3
GENE_03725,-1.3
GENE_03731,-1.3
GENE_03805,-1.3
GENE_03814,-1.3
GENE_03838,-1.3
GENE_03851,-1.3
GENE_03884,-1.3
GENE_03894,-1.3
GENE_03895,-1.3
GENE_03934,-1.3
GENE_03935,-1.3
GENE_00558,-1.3999999999999999
GENE_00788,-1.3999999999999999
GENE_00920,-1.3999999999999999
GENE_00990,-1.3999999999999999
GENE_01012,-1.3999999999999999
GENE_01091,-1.3999999999999999
GENE_01187,-1.3999999999999999
GENE_01251,-1.3999999999999999
GENE_01334,-1.3999999999999999
GENE_01444,-1.3999999999999999
GENE_01471,-1.3999999999999999
GENE_01517,-1.3999999999999999
GENE_01632,-1.3999999999999999
GENE_01874,-1.3999999999999999
GENE_01976,-1.3999999999999999
GENE_02123,-1.3999999999999999
GENE_02253,-1.3999999999999999
GENE_02316,-1.3999999999999999
GENE_02345,-1.3999999999999999
GENE_02363,-1.3999999999999999
GENE_02394,-1.3999999999999999
GENE_02457,-1.3999999999999999
GENE_02467,-1.3999999999999999
GENE_02468,-1.3999999999999999
GENE_02510,-1.3999999999999999
GENE_02565,-1.3999999999999999
GENE_02579,-1.3999999999999999
GENE_02635,-1.3999999999999999
GENE_02654,-1.3999999999999999
GENE_02667,-1.3999999999999999
GENE_02815,-1.3999999999999999
GENE_02882,-1.3999999999999999
GENE_02960,-1.3999999999999999
GENE_03092,-1.3999999999999999
GENE_03141,-1.3999999999999999
GENE_03196,-1.3999999999999999
GENE_03257,-1.3999999999999999
GENE_03299,-1.3999999999999999
GENE_03346,-1.3999999999999999
GENE_03359,-1.3999999999999999
GENE_03408,-1.3999999999999999
GENE_03485,-1.3999999999999999
GENE_03526,-1.3999999999999999
GENE_03536,-1.3999999999999999
GENE_03563,-1.3999999999999999
GENE_03580,-1.3999999999999999
GENE_03587,-1.3999999999999999
GENE_03617,-1.3999999999999999
GENE_03639,-1.3999999999999999
GENE_03642,-1.3999999999999999
GENE_03646,-1.3999999999999999
GENE_03689,-1.3999999999999999
GENE_03716,-1.3999999999999999
GENE_03718,-1.3999999999999999
GENE_03736,-1.3999999999999999
GENE_03742,-1.3999999999999999
GENE_03755,-1.3999999999999999
GENE_03764,-1.3999999999999999
GENE_03790,-1.3999999999999999
GENE_03806,-1.3999999999999999
GENE_03955,-1.3999999999999999
GENE_03987,-1.3999999999999999
GENE_00519,-1.5
GENE_00540,-1.5
GENE_00631,-1.5
GENE_00668,-1.5
GENE_00709,-1.5
GENE_00757,-1.5
GENE_00776,-1.5
GENE_00977,-1.5
GENE_01055,-1.5
GENE_01182,-1.5
GENE_01185,-1.5
GENE_01260,-1.5
GENE_01361,-1.5
GENE_01424,-1.5
GENE_01487,-1.5
GENE_01496,-1.5
GENE_01766,-1.5
GENE_01779,-1.5
GENE_01782,-1.5
GENE_01799,-1.5
GENE_01941,-1.5
GENE_02033,-1.5
GENE_02445,-1.5
GENE_02461,-1.5
GENE_02532,-1.5
GENE_02542,-1.5
GENE_02649,-1.5
GENE_02746,-1.5
GENE_02781,-1.5
GENE_02878,-1.5
GENE_03020,-1.5
GENE_03049,-1.5
GENE_03074,-1.5
GENE_03100,-1.5
GENE_03102,-1.5
GENE_03154,-1.5
GENE_03195,-1.5
GENE_03236,-1.5
GENE_03260,-1.5
GENE_03270,-1.5
GENE_03327,-1.5
GENE_03332,-1.5
GENE_03350,-1.5
GENE_03549,-1.5
GENE_03567,-1.5
GENE_03586,-1.5
GENE_03588,-1.5
GENE_03596,-1.5
GENE_03669,-1.5
GENE_03713,-1.5
GENE_03730,-1.5
GENE_03771,-1.5
GENE_03817,-1.5
GENE_03830,-1.5
GENE_03956,-1.5
GENE_00529,-1.6000000000000001
GENE_00655,-1.6000000000000001
GENE_00869,-1.6000000000000001
GENE_00932,-1.6000000000000001
GENE_01045,-1.6000000000000001
GENE_01127,-1.6000000000000001
GENE_01186,-1.6000000000000001
GENE_01461,-1.6000000000000001
GENE_01587,-1.6000000000000001
GENE_01596,-1.6000000000000001
GENE_01643,-1.6000000000000001
GENE_01712,-1.6000000000000001
GENE_01764,-1.6000000000000001
GENE_01814,-1.6000000000000001
GENE_01872,-1.6000000000000001
GENE_02012,-1.6000000000000001
GENE_02015,-1.6000000000000001
GENE_02037,-1.6000000000000001
GENE_02128,-1.6000000000000001
GENE_02206,-1.6000000000000001
GENE_02307,-1.6000000000000001
GENE_02511,-1.6000000000000001
GENE_02631,-1.6000000000000001
GENE_02644,-1.6000000000000001
GENE_02710,-1.6000000000000001
GENE_02711,-1.6000000000000001
GENE_02794,-1.6000000000000001
GENE_02828,-1.6000000000000001
GENE_02853,-1.6000000000000001
GENE_03003,-1.6000000000000001
GENE_03040,-1.6000000000000001
GENE_03172,-1.6000000000000001
GENE_03179,-1.6000000000000001
GENE_03264,-1.6000000000000001
GENE_03376,-1.6000000000000001
GENE_03406,-1.6000000000000001
GENE_03438,-1.6000000000000001
GENE_03454,-1.6000000000000001
GENE_03471,-1.6000000000000001
GENE_03541,-1.6000000000000001
GENE_03545,-1.6000000000000001
GENE_03584,-1.6000000000000001
GENE_03602,-1.6000000000000001
GENE_03679,-1.6000000000000001
GENE_03682,-1.6000000000000001
GENE_03685,-1.6000000000000001
GENE_03726,-1.6000000000000001
GENE_03727,-1.6000000000000001
GENE_03729,-1.6000000000000001
GENE_03799,-1.6000000000000001
GENE_03849,-1.6000000000000001
GENE_03890,-1.6000000000000001
GENE_03907,-1.6000000000000001
GENE_03909,-1.6000000000000001
GENE_03932,-1.6000000000000001
GENE_03938,-1.6000000000000001
GENE_03945,-1.6000000000000001
GENE_03975,-1.6000000000000001
GENE_00516,-1.7
GENE_00808,-1.7
GENE_00951,-1.7
GENE_01013,-1.7
GENE_01136,-1.7
GENE_01200,-1.7
GENE_01230,-1.7
GENE_01404,-1.7
GENE_01598,-1.7
GENE_01893,-1.7
GENE_01894,-1.7
GENE_02003,-1.7
GENE_02052,-1.7
GENE_02430,-1.7
GENE_02508,-1.7
GENE_02536,-1.7
GENE_02619,-1.7
GENE_02758,-1.7
GENE_02764,-1.7
GENE_02868,-1.7
GENE_02914,-1.7
GENE_02962,-1.7
GENE_03019,-1.7
GENE_03083,-1.7
GENE_03261,-1.7
GENE_03263,-1.7
GENE_03275,-1.7
GENE_03370,-1.7
GENE_03514,-1.7
GENE_03540,-1.7
GENE_03544,-1.7
GENE_03553,-1.7
GENE_03578,-1.7
GENE_03601,-1.7
GENE_03612,-1.7
GENE_03619,-1.7
GENE_03692,-1.7
GENE_03714,-1.7
GENE_03734,-1.7
GENE_03744,-1.7
GENE_03769,-1.7
GENE_03803,-1.7
GENE_03827,-1.7
GENE_03833,-1.7
GENE_03889,-1.7
GENE_03908,-1.7
GENE_03946,-1.7
GENE_00695,-1.8
GENE_01004,-1.8
GENE_01094,-1.8
GENE_01184,-1.8
GENE_01373,-1.8
GENE_01390,-1.8
GENE_01403,-1.8
GENE_01515,-1.8
GENE_01739,-1.8
GENE_01775,-1.8
GENE_01904,-1.8
GENE_02056,-1.8
GENE_02094,-1.8
GENE_02384,-1.8
GENE_02596,-1.8
GENE_03206,-1.8
GENE_03321,-1.8
GENE_03337,-1.8
GENE_03381,-1.8
GENE_03507,-1.8
GENE_03516,-1.8
GENE_03517,-1.8
GENE_03518,-1.8
GENE_03593,-1.8
GENE_03672,-1.8
GENE_03697,-1.8
GENE_03704,-1.8
GENE_03720,-1.8
GENE_03738,-1.8
GENE_03750,-1.8
GENE_03753,-1.8
GENE_03779,-1.8
GENE_03788,-1.8
GENE_03800,-1.8
GENE_03822,-1.8
GENE_03824,-1.8
GENE_03858,-1.8
GENE_03887,-1.8
GENE_03966,-1.8
GENE_03968,-1.8
GENE_03972,-1.8
GENE_03977,-1.8
GENE_03997,-1.8
GENE_00826,-1.8999999999999999
GENE_01500,-1.8999999999999999
GENE_01743,-1.8999999999999999
GENE_01950,-1.8999999999999999
GENE_02217,-1.8999999999999999
GENE_02257,-1.8999999999999999
GENE_02274,-1.8999999999999999
GENE_02393,-1.8999999999999999
GENE_02633,-1.8999999999999999
GENE_02762,-1.8999999999999999
GENE_02874,-1.8999999999999999
GENE_02952,-1.8999999999999999
GENE_02956,-1.8999999999999999
GENE_03035,-1.8999999999999999
GENE_03247,-1.8999999999999999
GENE_03373,-1.8999999999999999
GENE_03527,-1.8999999999999999
GENE_03543,-1.8999999999999999
GENE_03557,-1.8999999999999999
GENE_03572,-1.8999999999999999
GENE_03624,-1.8999999999999999
GENE_03628,-1.8999999999999999
GENE_03677,-1.8999999999999999
GENE_03686,-1.8999999999999999
GENE_03694,-1.8999999999999999
GENE_03698,-1.8999999999999999
GENE_03722,-1.8999999999999999
GENE_03756,-1.8999999999999999
GENE_03762,-1.8999999999999999
GENE_03768,-1.8999999999999999
GENE_03812,-1.8999999999999999
GENE_03855,-1.8999999999999999
GENE_03872,-1.8999999999999999
GENE_03877,-1.8999999999999999
GENE_03906,-1.8999999999999999
GENE_03912,-1.8999999999999999
GENE_03915,-1.8999999999999999
GENE_03926,-1.8999999999999999
GENE_03930,-1.8999999999999999
GENE_03941,-1.8999999999999999
GENE_03983,-1.8999999999999999
GENE_00571,-2
GENE_00703,-2
GENE_00805,-2
GENE_00824,-2
GENE_00983,-2
GENE_01326,-2
GENE_01381,-2
GENE_01434,-2
GENE_01683,-2
GENE_02227,-2
GENE_02299,-2
GENE_02317,-2
GENE_02404,-2
GENE_02531,-2
GENE_03015,-2
GENE_03089,-2
GENE_03175,-2
GENE_03316,-2
GENE_03442,-2
GENE_03573,-2
GENE_03600,-2
GENE_03638,-2
GENE_03680,-2
GENE_03703,-2
GENE_03719,-2
GENE_03766,-2
GENE_03787,-2
GENE_03792,-2
GENE_03823,-2
GENE_03828,-2
GENE_03878,-2
GENE_03888,-2
GENE_03995,-2
GENE_00683,-2.1000000000000001
GENE_01509,-2.1000000000000001
GENE_01622,-2.1000000000000001
GENE_02665,-2.1000000000000001
GENE_02777,-2.1000000000000001
GENE_02827,-2.1000000000000001
GENE_03050,-2.1000000000000001
GENE_03060,-2.1000000000000001
GENE_03336,-2.1000000000000001
GENE_03456,-2.1000000000000001
GENE_03519,-2.1000000000000001
GENE_03533,-2.1000000000000001
GENE_03564,-2.1000000000000001
GENE_03583,-2.1000000000000001
GENE_03640,-2.1000000000000001
GENE_03661,-2.1000000000000001
GENE_03748,-2.1000000000000001
GENE_03749,-2.1000000000000001
GENE_03760,-2.1000000000000001
GENE_03783,-2.1000000000000001
GENE_03797,-2.1000000000000001
GENE_03834,-2.1000000000000001
GENE_03841,-2.1000000000000001
GENE_03869,-2.1000000000000001
GENE_03911,-2.1000000000000001
GENE_03913,-2.1000000000000001
GENE_03916,-2.1000000000000001
GENE_03921,-2.1000000000000001
GENE_03998,-2.1000000000000001
GENE_00701,-2.2000000000000002
GENE_00940,-2.2000000000000002
GENE_00972,-2.2000000000000002
GENE_01159,-2.2000000000000002
GENE_01194,-2.2000000000000002
GENE_01699,-2.2000000000000002
GENE_02273,-2.2000000000000002
GENE_02328,-2.2000000000000002
GENE_02618,-2.2000000000000002
GENE_02694,-2.2000000000000002
GENE_03056,-2.2000000000000002
GENE_03084,-2.2000000000000002
GENE_03239,-2.2000000000000002
GENE_03532,-2.2000000000000002
GENE_03565,-2.2000000000000002
GENE_03592,-2.2000000000000002
GENE_03621,-2.2000000000000002
GENE_03633,-2.2000000000000002
GENE_03666,-2.2000000000000002
GENE_03782,-2.2000000000000002
GENE_03818,-2.2000000000000002
GENE_03820,-2.2000000000000002
GENE_03856,-2.2000000000000002
GENE_03933,-2.2000000000000002
GENE_03936,-2.2000000000000002
GENE_03949,-2.2000000000000002
GENE_03950,-2.2000000000000002
GENE_03957,-2.2000000000000002
GENE_03971,-2.2000000000000002
GENE_03973,-2.2000000000000002
GENE_01177,-2.2999999999999998
GENE_01449,-2.2999999999999998
GENE_02658,-2.2999999999999998
GENE_02863,-2.2999999999999998
GENE_03213,-2.2999999999999998
GENE_03560,-2.2999999999999998
GENE_03571,-2.2999999999999998
GENE_03604,-2.2999999999999998
GENE_03643,-2.2999999999999998
GENE_03690,-2.2999999999999998
GENE_03702,-2.2999999999999998
GENE_03711,-2.2999999999999998
GENE_03784,-2.2999999999999998
GENE_03786,-2.2999999999999998
GENE_03837,-2.2999999999999998
GENE_03843,-2.2999999999999998
GENE_03876,-2.2999999999999998
GENE_03929,-2.2999999999999998
GENE_01812,-2.3999999999999999
GENE_03510,-2.3999999999999999
GENE_03515,-2.3999999999999999
GENE_03534,-2.3999999999999999
GENE_03558,-2.3999999999999999
GENE_03590,-2.3999999999999999
GENE_03594,-2.3999999999999999
GENE_03595,-2.3999999999999999
GENE_03608,-2.3999999999999999
GENE_03634,-2.3999999999999999
GENE_03637,-2.3999999999999999
GENE_03657,-2.3999999999999999
GENE_03721,-2.3999999999999999
GENE_03757,-2.3999999999999999
GENE_03826,-2.3999999999999999
GENE_03835,-2.3999999999999999
GENE_03868,-2.3999999999999999
GENE_03875,-2.3999999999999999
GENE_03918,-2.3999999999999999
GENE_00562,-2.5
GENE_00707,-2.5
GENE_00858,-2.5
GENE_00937,-2.5
GENE_01150,-2.5
GENE_01959,-2.5
GENE_02070,-2.5
GENE_02170,-2.5
GENE_02293,-2.5
GENE_02326,-2.5
GENE_02434,-2.5
GENE_02856,-2.5
GENE_03147,-2.5
GENE_03225,-2.5
GENE_03277,-2.5
GENE_03579,-2.5
GENE_03581,-2.5
GENE_03613,-2.5
GENE_03616,-2.5
GENE_03629,-2.5
GENE_03691,-2.5
GENE_03693,-2.5
GENE_03706,-2.5
GENE_03709,-2.5
GENE_03728,-2.5
GENE_03747,-2.5
GENE_03802,-2.5
GENE_03846,-2.5
GENE_03859,-2.5
GENE_03863,-2.5
GENE_03924,-2.5
GENE_03960,-2.5
GENE_03982,-2.5
GENE_03988,-2.5
GENE_03990,-2.5
GENE_00985,-2.6000000000000001
GENE_02581,-2.6000000000000001
GENE_03566,-2.6000000000000001
GENE_03576,-2.6000000000000001
GENE_03610,-2.6000000000000001
GENE_03620,-2.6000000000000001
GENE_03627,-2.6000000000000001
GENE_03630,-2.6000000000000001
GENE_03658,-2.6000000000000001
GENE_03665,-2.6000000000000001
GENE_03668,-2.6000000000000001
GENE_03670,-2.6000000000000001
GENE_03688,-2.6000000000000001
GENE_03780,-2.6000000000000001
GENE_03807,-2.6000000000000001
GENE_03852,-2.6000000000000001
GENE_03886,-2.6000000000000001
GENE_03891,-2.6000000000000001
GENE_03900,-2.6000000000000001
GENE_03902,-2.6000000000000001
GENE_03910,-2.6000000000000001
GENE_03937,-2.6000000000000001
GENE_03954,-2.6000000000000001
GENE_03994,-2.6000000000000001
GENE_01968,-2.7000000000000002
GENE_02335,-2.7000000000000002
GENE_03520,-2.7000000000000002
GENE_03528,-2.7000000000000002
GENE_03537,-2.7000000000000002
GENE_03554,-2.7000000000000002
GENE_03626,-2.7000000000000002
GENE_03652,-2.7000000000000002
GENE_03683,-2.7000000000000002
GENE_03717,-2.7000000000000002
GENE_03739,-2.7000000000000002
GENE_03752,-2.7000000000000002
GENE_03763,-2.7000000000000002
GENE_03813,-2.7000000000000002
GENE_03861,-2.7000000000000002
GENE_03866,-2.7000000000000002
GENE_03867,-2.7000000000000002
GENE_03897,-2.7000000000000002
GENE_03903,-2.7000000000000002
GENE_03965,-2.7000000000000002
GENE_02013,-2.7999999999999998
GENE_03500,-2.7999999999999998
GENE_03502,-2.7999999999999998
GENE_03531,-2.7999999999999998
GENE_03650,-2.7999999999999998
GENE_03667,-2.7999999999999998
GENE_03673,-2.7999999999999998
GENE_03707,-2.7999999999999998
GENE_03741,-2.7999999999999998
GENE_03880,-2.7999999999999998
GENE_03885,-2.7999999999999998
GENE_03996,-2.7999999999999998
GENE_03318,-2.8999999999999999
GENE_03508,-2.8999999999999999
GENE_03513,-2.8999999999999999
GENE_03555,-2.8999999999999999
GENE_03561,-2.8999999999999999
GENE_03635,-2.8999999999999999
GENE_03735,-2.8999999999999999
GENE_03795,-2.8999999999999999
GENE_03825,-2.8999999999999999
GENE_03942,-2.8999999999999999
GENE_03992,-2.8999999999999999
GENE_02433,-3
GENE_02546,-3
GENE_02673,-3
GENE_03521,-3
GENE_03524,-3
GENE_03535,-3
GENE_03605,-3
GENE_03607,-3
GENE_03701,-3
GENE_03751,-3
GENE_03754,-3
GENE_03798,-3
GENE_03893,-3
GENE_03920,-3
GENE_03944,-3
GENE_03963,-3
GENE_03976,-3
GENE_03004,-3.1000000000000001
GENE_03458,-3.1000000000000001
GENE_03503,-3.1000000000000001
GENE_03582,-3.1000000000000001
GENE_03585,-3.1000000000000001
GENE_03591,-3.1000000000000001
GENE_03700,-3.1000000000000001
GENE_03732,-3.1000000000000001
GENE_03773,-3.1000000000000001
GENE_03791,-3.1000000000000001
GENE_03804,-3.1000000000000001
GENE_03808,-3.1000000000000001
GENE_03811,-3.1000000000000001
GENE_03819,-3.1000000000000001
GENE_03832,-3.1000000000000001
GENE_03873,-3.1000000000000001
GENE_03898,-3.1000000000000001
GENE_03931,-3.1000000000000001
GENE_03506,-3.2000000000000002
GENE_03539,-3.2000000000000002
GENE_03606,-3.2000000000000002
GENE_03655,-3.2000000000000002
GENE_03663,-3.2000000000000002
GENE_03684,-3.2000000000000002
GENE_03710,-3.2000000000000002
GENE_03765,-3.2000000000000002
GENE_03778,-3.2000000000000002
GENE_03789,-3.2000000000000002
GENE_03860,-3.2000000000000002
GENE_03940,-3.2000000000000002
GENE_03948,-3.2000000000000002
GENE_03504,-3.2999999999999998
GENE_03509,-3.2999999999999998
GENE_03609,-3.2999999999999998
GENE_03618,-3.2999999999999998
GENE_03632,-3.2999999999999998
GENE_03696,-3.2999999999999998
GENE_03781,-3.2999999999999998
GENE_03829,-3.2999999999999998
GENE_03854,-3.2999999999999998
GENE_03865,-3.2999999999999998
GENE_03883,-3.2999999999999998
GENE_03947,-3.2999999999999998
GENE_03505,-3.3999999999999999
GENE_03695,-3.3999999999999999
GENE_03874,-3.3999999999999999
GENE_01443,-3.5
GENE_03546,-3.5
GENE_03648,-3.5
GENE_03927,-3.5
GENE_03511,-3.6000000000000001
GENE_03512,-3.6000000000000001
GENE_03622,-3.6000000000000001
GENE_03645,-3.6000000000000001
GENE_03647,-3.6000000000000001
GENE_03759,-3.6000000000000001
GENE_03844,-3.6000000000000001
GENE_03961,-3.6000000000000001
GENE_03970,-3.6000000000000001
GENE_03644,-3.7000000000000002
GENE_03674,-3.7000000000000002
GENE_03676,-3.7000000000000002
GENE_03687,-3.7000000000000002
GENE_03733,-3.7000000000000002
GENE_00907,-3.7999999999999998
GENE_03654,-3.7999999999999998
GENE_03724,-3.7999999999999998
GENE_03831,-3.7999999999999998
GENE_03862,-3.7999999999999998
GENE_03562,-3.8999999999999999
GENE_03809,-3.8999999999999999
GENE_03542,-4
GENE_03662,-4
GENE_03796,-4
GENE_03848,-4
GENE_03904,-4
GENE_03953,-4
GENE_03568,-4.0999999999999996
GENE_03923,-4.2999999999999998
GENE_03656,-4.4000000000000004
GENE_03985,-4.4000000000000004
GENE_03870,-4.5
GENE_03962,-4.7000000000000002
