Gene,Score
GENE_00209,5.85273149065
GENE_00478,5.07888080846
GENE_00179,4.72016916659
GENE_00113,4.46324211249
GENE_00220,4.31465856667
GENE_00125,4.19045562581
GENE_00378,4.18980293322
GENE_00374,4.15318245751
GENE_00234,4.14394408933
GENE_00284,4.13303337466
GENE_00252,4.12215619701
GENE_00323,4.09238727569
GENE_00420,4.06074792488
GENE_00460,3.96472513292
GENE_02895,3.92623770644
GENE_00167,3.89679298265
GENE_00106,3.88618590121
GENE_00387,3.87617083922
GENE_00156,3.86577451114
GENE_00031,3.85227818451
GENE_00393,3.83145876585
GENE_00248,3.76545424028
GENE_00421,3.75534084244
GENE_00488,3.68714163507
GENE_00474,3.6449677135
GENE_00266,3.63241130393
GENE_00436,3.62861554557
GENE_00282,3.58601681615
GENE_00006,3.57921281551
GENE_00073,3.56464365581
GENE_00416,3.55115197552
GENE_00135,3.54993440502
GENE_00071,3.53803656647
GENE_00361,3.532738913
GENE_06891,3.52905518757
GENE_00494,3.52312407727
GENE_00003,3.52302985641
GENE_00434,3.5023570521
GENE_00491,3.47994413889
GENE_00082,3.47789404474
GENE_00351,3.47535621695
GENE_00020,3.46564876892
GENE_00177,3.45353407716
GENE_00372,3.4511436078
GENE_00270,3.44127328907
GENE_00122,3.40279431094
GENE_11338,3.37776824129
GENE_08248,3.37738291908
GENE_00425,3.36863155753
GENE_00473,3.36687426744
GENE_00065,3.35624002857
GENE_00397,3.35387237417
GENE_00141,3.30714275428
GENE_00314,3.30547880715
GENE_11464,3.28776118739
GENE_00413,3.2776768219
GENE_00306,3.27766489579
GENE_00256,3.26691114919
GENE_03716,3.24309296959
GENE_00399,3.23781631197
GENE_01615,3.19310756784
GENE_00394,3.17944012072
GENE_00418,3.17929718406
GENE_00272,3.16316375215
GENE_00162,3.15859557901
GENE_00326,3.1581108735
GENE_08726,3.15777128304
GENE_03982,3.15205673451
GENE_00118,3.14282281452
GENE_01957,3.13774853366
GENE_00211,3.13556564018
GENE_00479,3.11957491143
GENE_07223,3.11768112921
GENE_04997,3.11291020104
GENE_02305,3.10991855601
GENE_00311,3.09877685199
GENE_05796,3.09829943407
GENE_00225,3.08895059697
GENE_00202,3.08305124318
GENE_04870,3.07686037018
GENE_00428,3.05842448685
GENE_00047,3.05712222622
GENE_00203,3.05380205203
GENE_00253,3.03246526055
GENE_00054,3.0309995225
GENE_00067,3.00353289789
GENE_08165,2.99281057006
GENE_02521,2.9852590026
GENE_00059,2.97554512712
GENE_00334,2.97511973342
GENE_00423,2.97157095095
GENE_00091,2.96864499053
GENE_00164,2.96337612924
GENE_00373,2.95927082609
GENE_00451,2.9551423205
GENE_00212,2.95400176349
GENE_00388,2.95042383819
GENE_02506,2.94909442531
GENE_07330,2.94304833527
GENE_05224,2.93565790233
GENE_06738,2.93540620639
GENE_00055,2.93128011912
GENE_05846,2.92727009247
GENE_05157,2.91817355506
GENE_00251,2.91786194705
GENE_00086,2.9154021177
GENE_10185,2.91410921577
GENE_00296,2.89959987543
GENE_00489,2.88163975695
GENE_00376,2.87232063672
GENE_03241,2.86840305567
GENE_00243,2.86575519417
GENE_07872,2.86521202309
GENE_00352,2.8576596232
GENE_00191,2.85639879432
GENE_00239,2.8524333348
GENE_00293,2.84960209702
GENE_00175,2.82718324904
GENE_00312,2.82541634899
GENE_05673,2.824330591
GENE_07874,2.8242204264
GENE_00034,2.8225449121
GENE_00166,2.82206015999
GENE_00075,2.82190250438
GENE_04047,2.81465444447
GENE_00138,2.81351721737
GENE_00313,2.813509636
GENE_00298,2.81286211884
GENE_00064,2.81252582239
GENE_10581,2.80137298963
GENE_07441,2.79220886791
GENE_00327,2.79166269396
GENE_00120,2.79103194704
GENE_00161,2.78708460374
GENE_00145,2.78182287178
GENE_06350,2.77996362422
GENE_00259,2.77463405343
GENE_09258,2.76837360563
GENE_00007,2.76743472915
GENE_02035,2.75966003891
GENE_00215,2.75896922049
GENE_00467,2.75750771005
GENE_04784,2.75521774372
GENE_00119,2.75193303269
GENE_00302,2.74729360512
GENE_00040,2.73846658
GENE_07624,2.72191214791
GENE_00433,2.7175422558
GENE_11226,2.71481693949
GENE_00185,2.71400049409
GENE_00410,2.71161487809
GENE_07096,2.71079429904
GENE_07736,2.71033164433
GENE_05808,2.70302756441
GENE_08311,2.69832883594
GENE_02801,2.69303366398
GENE_00364,2.69014399171
GENE_00222,2.68626019037
GENE_00427,2.68605146
GENE_00316,2.68195297129
GENE_00229,2.67959774893
GENE_00445,2.66967254883
GENE_06958,2.66690522232
GENE_00281,2.66213067452
GENE_00159,2.65655360863
GENE_00213,2.65139125131
GENE_00002,2.6476885381
GENE_00424,2.64537594959
GENE_01934,2.64434334702
GENE_06058,2.64201191049
GENE_06252,2.63788175226
GENE_08095,2.63666914195
GENE_00235,2.63391902232
GENE_10457,2.63238620468
GENE_00755,2.63238206484
GENE_00299,2.62962884192
GENE_00329,2.62834550926
GENE_00180,2.62566734777
GENE_00328,2.62411981705
GENE_00405,2.62284993235
GENE_02574,2.62079309103
GENE_00466,2.61416670004
GENE_00053,2.61167628884
GENE_00303,2.61037026543
GENE_07783,2.60685916315
GENE_01453,2.60168311418
GENE_07766,2.59882290007
GENE_00321,2.59515702544
GENE_01649,2.58956364202
GENE_00287,2.58831720648
GENE_05271,2.58790897353
GENE_00124,2.5868570938
GENE_08602,2.58597517568
GENE_08342,2.58357366017
GENE_01233,2.57970933765
GENE_00476,2.57655696306
GENE_00654,2.57335980325
GENE_10355,2.57275238924
GENE_05376,2.57199531749
GENE_00210,2.57089051069
GENE_00201,2.56078452637
GENE_06917,2.56050295936
GENE_00762,2.56008453827
GENE_01491,2.55819928567
GENE_04851,2.54900970872
GENE_00308,2.54709738117
GENE_00009,2.54256004359
GENE_05111,2.53938162278
GENE_00495,2.53891004368
GENE_09692,2.53036966864
GENE_06848,2.52992774925
GENE_00880,2.52693242587
GENE_00148,2.52194156562
GENE_00360,2.51934651424
GENE_00208,2.51504768631
GENE_00206,2.51503526721
GENE_00409,2.51443883406
GENE_00207,2.51378595091
GENE_00089,2.51326743311
GENE_03553,2.51155655158
GENE_08500,2.50544890536
GENE_00242,2.50498727898
GENE_00453,2.50404651552
GENE_10120,2.50317179091
GENE_05535,2.50090049793
GENE_06485,2.49843048372
GENE_00371,2.49799829125
GENE_05670,2.49741512642
GENE_00000,2.49671415301
GENE_01291,2.49299951743
GENE_06022,2.4921839986
GENE_00391,2.49191917151
GENE_03686,2.48518991668
GENE_00183,2.48247241524
GENE_00157,2.47383292091
GENE_00133,2.47359243064
GENE_00186,2.47323762457
GENE_00275,2.46210347426
GENE_08276,2.45987198503
GENE_00847,2.45530013991
GENE_07259,2.45236991287
GENE_00614,2.44575197962
GENE_00258,2.44381942815
GENE_11454,2.44125584527
GENE_06844,2.44122172247
GENE_01165,2.43975240634
GENE_02544,2.42671648635
GENE_07937,2.41877777931
GENE_00338,2.41293145428
GENE_00165,2.41278092694
GENE_02120,2.41261542161
GENE_02989,2.41167667558
GENE_00249,2.40498171096
GENE_07511,2.40483754225
GENE_00105,2.40405085681
GENE_01116,2.40341558524
GENE_00363,2.4017117221
GENE_09627,2.40158366103
GENE_05035,2.39436190058
GENE_04989,2.39210963527
GENE_04716,2.38837199287
GENE_06063,2.38796770552
GENE_00195,2.38531737973
GENE_00440,2.38406544894
GENE_05204,2.38171353173
GENE_00027,2.37569801835
GENE_07332,2.36928730081
GENE_07210,2.36741436403
GENE_00446,2.3665982461
GENE_06617,2.365407772
GENE_02471,2.36387249462
GENE_00068,2.36163602505
GENE_00070,2.36139560551
GENE_11163,2.3596142591
GENE_00200,2.35778736035
GENE_00081,2.35711257151
GENE_00294,2.35701548597
GENE_10380,2.34910855803
GENE_04186,2.3490757867
GENE_00151,2.3464482095
GENE_08696,2.3456241619
GENE_04855,2.34365405281
GENE_00048,2.34361828957
GENE_00386,2.34175597578
GENE_00173,2.34115197482
GENE_06106,2.33782774539
GENE_00414,2.33231401198
GENE_00058,2.3312634314
GENE_00087,2.32875110966
GENE_06316,2.32469891432
GENE_05085,2.32467330585
GENE_00318,2.32416635249
GENE_00050,2.32408396939
GENE_00358,2.32271856034
GENE_09907,2.32260922526
GENE_03319,2.32004072202
GENE_01276,2.31932953998
GENE_07757,2.31763678867
GENE_00017,2.3142473326
GENE_00477,2.31125015454
GENE_00350,2.3109075656
GENE_03717,2.30791625062
GENE_00297,2.30729952088
GENE_08660,2.30594658597
GENE_09802,2.30563683737
GENE_03592,2.3036387521
GENE_00115,2.30154734233
GENE_10564,2.29996912439
GENE_00822,2.29889812362
GENE_00149,2.29698467323
GENE_00096,2.29612027706
GENE_00154,2.2930724733
GENE_06202,2.29191126682
GENE_01161,2.29094257259
GENE_07414,2.28879066088
GENE_03192,2.28165183654
GENE_00288,2.28099186774
GENE_05024,2.27708649805
GENE_00174,2.27669079933
GENE_05150,2.27582542765
GENE_03434,2.27243472045
GENE_03398,2.27144974542
GENE_00583,2.2706928578
GENE_11164,2.26899161166
GENE_00097,2.26105527218
GENE_00144,2.25988279425
GENE_00108,2.25755039072
GENE_08039,2.25403810892
GENE_01157,2.25243580534
GENE_00150,2.25049285035
GENE_00342,2.24496657111
GENE_00341,2.24368721149
GENE_00012,2.24196227157
GENE_08937,2.24092655621
GENE_10949,2.23311591713
GENE_00153,2.23225369716
GENE_00345,2.23204993736
GENE_05939,2.23149891103
GENE_01911,2.23130014619
GENE_00140,2.2274599346
GENE_00366,2.22409248181
GENE_02838,2.21878023345
GENE_00231,2.21645858958
GENE_08478,2.21432994256
GENE_00192,2.21409374413
GENE_00463,2.21397991073
GENE_03659,2.2125310394
GENE_08291,2.21068972602
GENE_01229,2.21052300159
GENE_07995,2.20985566575
GENE_08447,2.20960557604
GENE_00036,2.208863595
GENE_08198,2.20646897988
GENE_00483,2.20346363587
GENE_06042,2.20201392466
GENE_00276,2.19905969557
GENE_00039,2.19686123587
GENE_06613,2.19664605498
GENE_04247,2.19622314215
GENE_08354,2.19344955029
GENE_08293,2.19041700119
GENE_00237,2.18645431477
GENE_08227,2.18573061672
GENE_05036,2.18509489504
GENE_00143,2.18463385853
GENE_03952,2.18409673338
GENE_00377,2.18334200574
GENE_06016,2.17856217399
GENE_00107,2.17457781283
GENE_00194,2.17318092585
GENE_09523,2.1718026674
GENE_00041,2.17136828119
GENE_11049,2.17119286106
GENE_01766,2.1709427175
GENE_04020,2.16993658808
GENE_09834,2.16552145221
GENE_03380,2.16505606781
GENE_01413,2.1650023449
GENE_00909,2.16325472331
GENE_07957,2.1591211546
GENE_01382,2.15730821327
GENE_09568,2.15634963173
GENE_04655,2.15492867738
GENE_00197,2.15372510595
GENE_00385,2.15039378648
GENE_10697,2.14870629394
GENE_08557,2.14829686379
GENE_06356,2.14582492508
GENE_01219,2.14514912777
GENE_06572,2.14300705458
GENE_01023,2.14227035861
GENE_06766,2.13558673008
GENE_11280,2.13532112398
GENE_00269,2.13074057729
GENE_03580,2.12477140302
GENE_07497,2.12455622983
GENE_07187,2.12163130733
GENE_08018,2.12099356585
GENE_00408,2.12029563171
GENE_00305,2.11732738331
GENE_10519,2.11732414437
GENE_10189,2.11680305496
GENE_10711,2.11601205683
GENE_00417,2.11567463429
GENE_00280,2.11351734525
GENE_07464,2.1112963341
GENE_00025,2.11092258971
GENE_05961,2.10529742946
GENE_02218,2.09972178917
GENE_00128,2.09965136509
GENE_07955,2.0994075205
GENE_05783,2.09822147455
GENE_04365,2.09793933913
GENE_00368,2.09767609855
GENE_00090,2.09707754935
GENE_00320,2.09699596499
GENE_03534,2.09584350181
GENE_04280,2.09319793221
GENE_00078,2.09176077654
GENE_06987,2.09109427273
GENE_02175,2.08953872169
GENE_02549,2.08844277287
GENE_01102,2.08837470478
GENE_00076,2.08704706824
GENE_03312,2.08604704954
GENE_05636,2.08471292123
GENE_05493,2.08266032211
GENE_00219,2.08187413939
GENE_07999,2.0777775852
GENE_00492,2.07736830765
GENE_08197,2.07734343957
GENE_01083,2.07674798356
GENE_00332,2.07580455819
GENE_00561,2.07540079865
GENE_01012,2.07526087263
GENE_04523,2.07506503935
GENE_00435,2.07409478042
GENE_01924,2.07408266975
GENE_00278,2.06980208499
GENE_00131,2.06856297481
GENE_05235,2.06822604151
GENE_03527,2.06790633816
GENE_00022,2.06752820469
GENE_00419,2.06751848141
GENE_00226,2.0642800191
GENE_06758,2.06422013485
GENE_01638,2.06252491924
GENE_01496,2.06150357664
GENE_10319,2.06042269844
GENE_00112,2.06023020994
GENE_07077,2.05984500174
GENE_00198,2.05820871845
GENE_06380,2.0578111771
GENE_01597,2.05749546971
GENE_02528,2.05654356483
GENE_01426,2.05620712994
GENE_09074,2.0545148894
GENE_07860,2.05419384126
GENE_09859,2.05409244144
GENE_05959,2.05381869009
GENE_03455,2.0529720245
GENE_08406,2.05207331142
GENE_08744,2.05124694327
GENE_03602,2.04981209579
GENE_07020,2.0487082577
GENE_00403,2.04698059376
GENE_03409,2.04686219572
GENE_08895,2.04565454768
GENE_00232,2.0455718399
GENE_07647,2.0444815572
GENE_05017,2.04217791053
GENE_03757,2.04207604014
GENE_04377,2.04206965293
GENE_09629,2.040133886
GENE_08688,2.03721063972
GENE_05546,2.03587353518
GENE_09086,2.03553145672
GENE_00461,2.03526355197
GENE_09429,2.02681711604
GENE_00370,2.02451017426
GENE_02192,2.02430962329
GENE_02178,2.02360621923
GENE_05259,2.02259023057
GENE_09942,2.02217410009
GENE_00315,2.02100384163
GENE_03968,2.01527511046
GENE_09131,2.01355429465
GENE_01392,2.01338724753
GENE_00176,2.01300189188
GENE_00367,2.01259240078
GENE_02702,2.0122704457
GENE_00273,2.01023306102
GENE_00869,2.01020453877
GENE_09555,2.00847301098
GENE_10769,2.00640863771
GENE_01495,2.00609288816
GENE_00402,2.00524369972
GENE_00098,2.00511345664
GENE_09630,2.00442330368
GENE_07850,2.00242746764
GENE_02304,1.99566748978
GENE_10774,1.99412374073
GENE_02482,1.99251535317
GENE_09087,1.9920944075
GENE_06820,1.99203663596
GENE_00490,1.99202735868
GENE_03412,1.9915533022
GENE_05982,1.99137041842
GENE_00330,1.98775322715
GENE_02973,1.98727599923
GENE_02734,1.9870611117
GENE_00032,1.98650277526
GENE_10039,1.98567641101
GENE_08035,1.98538039526
GENE_08484,1.98370413548
GENE_07260,1.98363365244
GENE_09521,1.98247045017
GENE_00356,1.98148686401
GENE_00354,1.9809837921
GENE_00304,1.97909840604
GENE_02242,1.97644058452
GENE_08296,1.97407868775
GENE_00111,1.97348612455
GENE_03394,1.97254217679
GENE_07375,1.97234447908
GENE_10272,1.96875730943
GENE_00441,1.96730525191
GENE_07282,1.96691696251
GENE_00116,1.96528823029
GENE_00072,1.96417396089
GENE_10646,1.96355283354
GENE_02724,1.96258719053
GENE_05480,1.95983725474
GENE_01929,1.95834745422
GENE_02720,1.95415743375
GENE_03365,1.95325913753
GENE_07058,1.95310719827
GENE_09294,1.95305969554
GENE_06183,1.95291738249
GENE_11289,1.94896311145
GENE_04342,1.94834264479
GENE_04541,1.94519507428
GENE_00439,1.9444523011
GENE_07359,1.94352888112
GENE_05787,1.94224559476
GENE_03265,1.94121743646
GENE_00261,1.94047464394
GENE_01695,1.93892899906
GENE_00450,1.93732090273
GENE_08592,1.93586102568
GENE_03495,1.93515404006
GENE_06862,1.93335974771
GENE_00066,1.92798987842
GENE_00187,1.92717108734
GENE_08545,1.92628585486
GENE_00109,1.92555408423
GENE_09310,1.9235134876
GENE_03988,1.92344579482
GENE_00172,1.92289829059
GENE_03582,1.92036750214
GENE_07478,1.91860633388
GENE_11456,1.91728796861
GENE_07551,1.91725914843
GENE_01109,1.91403135387
GENE_08482,1.91268813436
GENE_06972,1.91200546905
GENE_08307,1.91160606706
GENE_03233,1.91141908714
GENE_00443,1.91087996049
GENE_00501,1.90941664047
GENE_10300,1.90749067255
GENE_02836,1.90413658957
GENE_07871,1.90255820523
GENE_01800,1.90119068575
GENE_10478,1.90064904172
GENE_05580,1.90026842431
GENE_01707,1.8998819349
GENE_05709,1.89873498136
GENE_07166,1.89788729266
GENE_03624,1.89776701675
GENE_03461,1.89728869477
GENE_09876,1.89612327625
GENE_10332,1.89550734599
GENE_08502,1.89514861211
GENE_00456,1.89296964005
GENE_06150,1.89219176083
GENE_00362,1.89123985154
GENE_03961,1.89044068516
GENE_11276,1.88928245425
GENE_07983,1.8892787955
GENE_05770,1.88843693961
GENE_03003,1.88768765734
GENE_00464,1.88767195031
GENE_10302,1.88762512063
GENE_00398,1.88546015475
GENE_00241,1.88526355853
GENE_01526,1.88458630593
GENE_00042,1.88435171761
GENE_00622,1.88202449648
GENE_00931,1.88115706944
GENE_06223,1.87987454942
GENE_00605,1.87679581256
GENE_01624,1.87329777622
GENE_00480,1.87208240852
GENE_06842,1.87107448231
GENE_02552,1.87096517537
GENE_11270,1.87013869282
GENE_00319,1.86985694563
GENE_08850,1.86906650368
GENE_04226,1.86881784054
GENE_06132,1.86860321916
GENE_10539,1.86852718807
GENE_06203,1.86746200416
GENE_10111,1.86419952589
GENE_08586,1.86404853041
GENE_00001,1.86173569883
GENE_03531,1.85770234354
GENE_00407,1.85762051498
GENE_04216,1.85664743656
GENE_03920,1.85550331479
GENE_01519,1.85409256633
GENE_00335,1.8529426185
GENE_07634,1.85204004481
GENE_10931,1.85078114244
GENE_04461,1.84936214139
GENE_00650,1.84895609495
GENE_10080,1.84866306897
GENE_02915,1.8486088333
GENE_00286,1.84821490496
GENE_09110,1.84810910411
GENE_09504,1.84804019177
GENE_09516,1.8478669957
GENE_00885,1.84670732574
GENE_00944,1.84663699605
GENE_06861,1.8463959206
GENE_08941,1.84181560939
GENE_00353,1.84006147004
GENE_00104,1.83871428833
GENE_01729,1.8381836768
GENE_11293,1.83413456436
GENE_06821,1.83389654602
GENE_08133,1.83256124036
GENE_02814,1.83255704348
GENE_09943,1.83117713557
GENE_10972,1.83074382483
GENE_03189,1.82962020172
GENE_01379,1.82600971355
GENE_04577,1.82054390794
GENE_07255,1.81977178731
GENE_05803,1.8188985322
GENE_03075,1.81806192256
GENE_06655,1.81675562958
GENE_00061,1.81434102334
GENE_04178,1.81340769852
GENE_00769,1.812448558
GENE_10388,1.81155577319
GENE_10629,1.81052247842
GENE_00497,1.80966132192
GENE_02640,1.80930634973
GENE_00114,1.80763903522
GENE_08322,1.80763080567
GENE_05230,1.80760850777
GENE_03373,1.80719664364
GENE_06957,1.80608911784
GENE_11159,1.80566887812
GENE_06887,1.80557443269
GENE_09405,1.80541684642
GENE_02200,1.80434810979
GENE_09941,1.80152840783
GENE_05175,1.80143009927
GENE_00967,1.80094043291
GENE_02026,1.80051118151
GENE_04127,1.79872501835
GENE_06645,1.79848008714
GENE_00309,1.79780734757
GENE_00996,1.79768652685
GENE_06641,1.79666520168
GENE_03339,1.79636082293
GENE_00863,1.7958776731
GENE_02311,1.79521135591
GENE_00875,1.79455786352
GENE_10019,1.79452484839
GENE_00290,1.79187774964
GENE_06365,1.78734641443
GENE_09268,1.7872399646
GENE_00349,1.78655284829
GENE_05220,1.78477503919
GENE_06729,1.7839225952
GENE_07516,1.78290560007
GENE_00310,1.78231879677
GENE_03215,1.78179890877
GENE_10063,1.78168478647
GENE_00080,1.78032811216
GENE_00465,1.77903040047
GENE_11197,1.77729476803
GENE_00184,1.77653721467
GENE_07198,1.77549084924
GENE_01851,1.77531089261
GENE_00021,1.77422369951
GENE_01541,1.77225159667
GENE_00767,1.77080063564
GENE_10170,1.76991306766
GENE_05447,1.76816929306
GENE_05611,1.76651180033
GENE_00005,1.76586304305
GENE_00004,1.76584662528
GENE_00099,1.76541286662
GENE_07440,1.76491380555
GENE_10369,1.76482588379
GENE_00217,1.76318139326
GENE_08916,1.76297965254
GENE_03308,1.76118812487
GENE_02579,1.7586204842
GENE_02750,1.75547569832
GENE_03066,1.75493307165
GENE_00707,1.75479418198
GENE_00168,1.754611884
GENE_07116,1.75319480207
GENE_08607,1.75229190912
GENE_00677,1.75227044342
GENE_00422,1.75103585152
GENE_00475,1.75096396044
GENE_06918,1.75092594193
GENE_02440,1.74958390421
GENE_01209,1.74957674319
GENE_04944,1.74813706912
GENE_00264,1.74743184861
GENE_02955,1.74736319792
GENE_09387,1.74649063159
GENE_08166,1.74585897027
GENE_07510,1.74486140662
GENE_06718,1.74458387008
GENE_08704,1.74431111474
GENE_06599,1.7409414866
GENE_02290,1.7388996638
GENE_02812,1.73885135185
GENE_08884,1.73798498512
GENE_01014,1.73596380317
GENE_00178,1.73534316676
GENE_03054,1.73493657584
GENE_09416,1.73404195442
GENE_01910,1.73251499949
GENE_05189,1.73116963177
GENE_00432,1.73059316556
GENE_11081,1.73051795183
GENE_07475,1.73032181486
GENE_07366,1.72796383538
GENE_01024,1.7275431701
GENE_01482,1.72696385123
GENE_04621,1.72622654564
GENE_07500,1.72569379281
GENE_00470,1.72494830285
GENE_02897,1.72469664976
GENE_07807,1.72307471765
GENE_05721,1.72215509781
GENE_02481,1.71937790621
GENE_04561,1.71904061284
GENE_11367,1.7184396156
GENE_08261,1.71836399576
GENE_05624,1.71590763113
GENE_09879,1.71271141128
GENE_03512,1.71204028402
GENE_01371,1.71170848014
GENE_00357,1.71134136108
GENE_05694,1.71102880919
GENE_01739,1.71061337258
GENE_00029,1.70830625021
GENE_06074,1.70732980956
GENE_10819,1.70536235651
GENE_05452,1.7045920933
GENE_02825,1.70410551626
GENE_05093,1.70410207806
GENE_03721,1.70317260992
GENE_03071,1.70251465813
GENE_01451,1.70221494464
GENE_00077,1.70099264953
GENE_02634,1.69995737458
GENE_04328,1.69943598301
GENE_00043,1.69889630441
GENE_08537,1.69762377971
GENE_00709,1.69645636829
GENE_03460,1.69572287781
GENE_01771,1.69505104043
GENE_06855,1.69354713341
GENE_06516,1.69234657246
GENE_10922,1.6923130191
GENE_00057,1.69078762415
GENE_00317,1.68973324341
GENE_05540,1.68918893365
GENE_07231,1.68754805524
GENE_10240,1.68570175403
GENE_02731,1.68501427871
GENE_00214,1.68473075536
GENE_05383,1.6845248346
GENE_01040,1.68392769146
GENE_08920,1.68331457593
GENE_06730,1.68149245742
GENE_07549,1.67974738222
GENE_04082,1.67867467337
GENE_00337,1.67861415835
GENE_10744,1.67817992212
GENE_00137,1.67793848379
GENE_01236,1.67770081408
GENE_10459,1.67762544216
GENE_04495,1.67737708781
GENE_11209,1.67723959297
GENE_09251,1.67720050997
GENE_07091,1.67711587019
GENE_09787,1.67645496191
GENE_00571,1.67643731228
GENE_03296,1.67639302721
GENE_05345,1.67485967291
GENE_02323,1.67449243335
GENE_09976,1.67427076607
GENE_02404,1.6734520903
GENE_05934,1.67344188562
GENE_05116,1.67336394615
GENE_06803,1.6728682019
GENE_01256,1.67257238684
GENE_00093,1.6723378534
GENE_05885,1.6722659041
GENE_05908,1.67134757544
GENE_05541,1.6699227814
GENE_01466,1.66990450435
GENE_03902,1.66906952583
GENE_00641,1.66902152529
GENE_06763,1.66725684175
GENE_03212,1.66722411155
GENE_08985,1.66666325923
GENE_07405,1.66560321369
GENE_00245,1.66549876416
GENE_00738,1.66547444446
GENE_04667,1.66535191762
GENE_10986,1.66525223394
GENE_09499,1.66514238254
GENE_08147,1.66464182197
GENE_09200,1.66419205478
GENE_08663,1.66398627981
GENE_04920,1.66373283214
GENE_08325,1.66293144719
GENE_02151,1.66147016573
GENE_01542,1.66125921455
GENE_00102,1.65728548347
GENE_04129,1.65620825206
GENE_03119,1.65540711309
GENE_03867,1.65361726849
GENE_05976,1.65330963718
GENE_07998,1.65291305123
GENE_06768,1.65057296323
GENE_03102,1.64948089432
GENE_08657,1.64787760578
GENE_10834,1.64535495227
GENE_05582,1.64354150912
GENE_03998,1.6433781558
GENE_02105,1.64267295326
GENE_01154,1.64201516014
GENE_08323,1.64142862772
GENE_03981,1.64061456349
GENE_01760,1.63996452937
GENE_07808,1.63925651674
GENE_01235,1.63911680544
GENE_07992,1.6389605276
GENE_04141,1.63835973227
GENE_07724,1.6372116447
GENE_07961,1.63708240799
GENE_05475,1.63673996183
GENE_04985,1.63579780614
GENE_04602,1.63506639453
GENE_01124,1.6334315323
GENE_03073,1.63185689909
GENE_08386,1.63012996487
GENE_04114,1.62964213111
GENE_10569,1.62931851744
GENE_03523,1.6291663649
GENE_03345,1.62846855477
GENE_01239,1.62839662313
GENE_08368,1.62643073461
GENE_02837,1.62595891536
GENE_10920,1.62533030908
GENE_01607,1.62467845847
GENE_05038,1.62388499281
GENE_10337,1.62352921089
GENE_05981,1.62325669053
GENE_10244,1.62187374779
GENE_05284,1.61878763966
GENE_02244,1.61721257497
GENE_08640,1.61704492452
GENE_10438,1.61652165451
GENE_04645,1.61630004272
GENE_08238,1.61587249012
GENE_01881,1.61558282355
GENE_01674,1.61537568947
GENE_00051,1.61491771958
GENE_03904,1.61477879071
GENE_00279,1.61468640314
GENE_01132,1.61371126906
GENE_09116,1.61297817059
GENE_09898,1.61286837071
GENE_01758,1.61227825799
GENE_01812,1.61222062826
GENE_09189,1.61029298048
GENE_04887,1.60952066578
GENE_03844,1.60878085573
GENE_09021,1.60806724717
GENE_07006,1.60791506112
GENE_00094,1.60789184687
GENE_05067,1.6075783064
GENE_01437,1.60734557602
GENE_09081,1.60567795808
GENE_07068,1.60561983257
GENE_07034,1.60535596236
GENE_11089,1.60473501229
GENE_04744,1.60433910831
GENE_11323,1.60370185547
GENE_08990,1.60107430616
GENE_10763,1.60090799189
GENE_08176,1.60009784682
GENE_05499,1.59947094011
GENE_10095,1.59912324084
GENE_00365,1.59877952811
GENE_01897,1.5986471705
GENE_04028,1.5985381121
GENE_05010,1.59832180764
GENE_11025,1.59811089575
GENE_07970,1.59739729322
GENE_01148,1.59450506322
GENE_03535,1.59444239175
GENE_06584,1.5941779562
GENE_00624,1.59318662664
GENE_07844,1.59296409603
GENE_04728,1.59266999828
GENE_08700,1.59202489858
GENE_06178,1.59140036776
GENE_09477,1.59079574217
GENE_03347,1.59058207262
GENE_05984,1.59040356857
GENE_03332,1.58983897818
GENE_08459,1.5895230361
GENE_09677,1.58944128356
GENE_09964,1.58914730164
GENE_05369,1.58894032844
GENE_03443,1.58862692804
GENE_08997,1.58844717624
GENE_09775,1.58740060242
GENE_08619,1.58449437516
GENE_06205,1.5821167513
GENE_02164,1.58054068657
GENE_10784,1.58033977082
GENE_00826,1.57957214573
GENE_06164,1.57943789169
GENE_00101,1.57935467723
GENE_10767,1.57894509272
GENE_10771,1.5783426775
GENE_02928,1.57811805756
GENE_00913,1.57745327976
GENE_09471,1.57617252774
GENE_07706,1.5758758095
GENE_10297,1.57458635776
GENE_08392,1.57414678603
GENE_01035,1.57398676329
GENE_05290,1.57373421656
GENE_02751,1.57301972521
GENE_06797,1.57239821027
GENE_08671,1.56962858694
GENE_08771,1.56851898547
GENE_05647,1.56818242953
GENE_10083,1.56685470721
GENE_00928,1.56552402923
GENE_02709,1.56341335883
GENE_02832,1.56288876851
GENE_11079,1.56235450937
GENE_01387,1.56151119673
GENE_06978,1.56025552953
GENE_00268,1.5599555133
GENE_04112,1.5587891845
GENE_09706,1.55790543232
GENE_10764,1.55641603557
GENE_07217,1.55519853415
GENE_11352,1.55428244161
GENE_02738,1.55416042071
GENE_00190,1.55348504793
GENE_06510,1.55124526643
GENE_00836,1.55050049281
GENE_00404,1.54993452852
GENE_02137,1.5490201515
GENE_06080,1.54863929502
GENE_00862,1.54750520133
GENE_10020,1.54484146242
GENE_01527,1.54324352827
GENE_09075,1.54280677377
GENE_07730,1.54273636728
GENE_09434,1.54254721137
GENE_07683,1.54227662766
GENE_01494,1.54210995257
GENE_10500,1.5413211448
GENE_10530,1.54075237652
GENE_06532,1.54044123978
GENE_05589,1.54032397982
GENE_00046,1.53936122904
GENE_07315,1.53919720017
GENE_06796,1.53914234581
GENE_02411,1.53793191841
GENE_08471,1.53755131903
GENE_09196,1.53739673068
GENE_00010,1.53658230719
GENE_06657,1.53615677285
GENE_07060,1.53606118171
GENE_04932,1.53448210179
GENE_00011,1.53427024643
GENE_02365,1.53372770992
GENE_02185,1.5334337013
GENE_06047,1.53287335564
GENE_09108,1.53238038259
GENE_02711,1.53236772468
GENE_00395,1.5308243479
GENE_01330,1.53075083234
GENE_00008,1.53052561407
GENE_06124,1.53033456435
GENE_03486,1.53019519886
GENE_11409,1.5301856238
GENE_00631,1.52955031946
GENE_00344,1.52896169438
GENE_04970,1.52874785054
GENE_01418,1.52846842641
GENE_08177,1.52833156349
GENE_00224,1.52806813421
GENE_03931,1.52803135939
GENE_07870,1.52681266358
GENE_00246,1.52505468884
GENE_09605,1.52463859648
GENE_08988,1.52451718112
GENE_03213,1.52323862171
GENE_01677,1.52131605192
GENE_02953,1.52100622716
GENE_00060,1.52082576215
GENE_11407,1.52064009602
GENE_08741,1.52009174099
GENE_07656,1.51995200591
GENE_10166,1.51933635109
GENE_02651,1.51928392364
GENE_09653,1.51842203065
GENE_02990,1.51639405525
GENE_10206,1.51611618036
GENE_00255,1.51576592713
GENE_05470,1.51544480835
GENE_08632,1.51541381535
GENE_09974,1.51531809432
GENE_00218,1.51463645217
GENE_09391,1.51428073572
GENE_01516,1.51344974324
GENE_02251,1.51115493025
GENE_04288,1.5091310134
GENE_10178,1.50891889427
GENE_10736,1.50831074875
GENE_00291,1.50699906534
GENE_10089,1.50614724077
GENE_07614,1.50506203861
GENE_00667,1.50399298858
GENE_03285,1.50341982843
GENE_00986,1.50339830177
GENE_07445,1.50273432631
GENE_08031,1.50195296519
GENE_11227,1.5018791338
GENE_01407,1.50133365196
GENE_06427,1.50084303028
GENE_01078,1.50075979063
GENE_06055,1.500274609
GENE_10397,1.49854636067
GENE_00085,1.49824295642
GENE_06127,1.49809763349
GENE_08007,1.4980117703
GENE_03530,1.49743168318
GENE_09637,1.49688027385
GENE_04449,1.49671040745
GENE_00129,1.49652434588
GENE_00609,1.49604431149
GENE_09270,1.49557173648
GENE_07938,1.49545824524
GENE_07617,1.49503030974
GENE_03133,1.49493822745
GENE_10718,1.49414189727
GENE_09261,1.49370975901
GENE_00343,1.49305682463
GENE_07692,1.49300310444
GENE_08969,1.49295262275
GENE_01558,1.49268856896
GENE_09068,1.4916738588
GENE_01333,1.49072613685
GENE_09073,1.4901375221
GENE_02145,1.4898634386
GENE_07207,1.48959940945
GENE_03397,1.48911310833
GENE_02455,1.48724615534
GENE_00448,1.48613308266
GENE_08216,1.48547736927
GENE_09675,1.48464186188
GENE_02206,1.48411602854
GENE_07573,1.4837439102
GENE_04660,1.48196076844
GENE_00083,1.48172978173
GENE_02723,1.48166340246
GENE_08971,1.47948176186
GENE_08738,1.4781212261
GENE_05079,1.47807189836
GENE_10025,1.4777202953
GENE_01509,1.47753008106
GENE_02842,1.47693442612
GENE_01048,1.47654034973
GENE_06417,1.4758791505
GENE_06566,1.47511236431
GENE_11068,1.47448200738
GENE_00383,1.47424497832
GENE_02935,1.47267067575
GENE_10865,1.47170889836
GENE_06563,1.47158508257
GENE_01374,1.47117032749
GENE_04682,1.47103469082
GENE_11141,1.47066199065
GENE_00088,1.47023979623
GENE_06592,1.46978425879
GENE_00454,1.46974238163
GENE_00468,1.46949885239
GENE_07764,1.467850445
GENE_06291,1.4667825569
GENE_03547,1.46654085928
GENE_09580,1.46644239119
GENE_07845,1.46521050348
GENE_02576,1.46417723875
GENE_06708,1.46225460403
GENE_04056,1.46219593872
GENE_08759,1.46171701626
GENE_02619,1.45582232215
GENE_00024,1.45561727547
GENE_07695,1.45560047926
GENE_06627,1.45543448392
GENE_11046,1.45540133773
GENE_08590,1.45482617415
GENE_10655,1.45453846089
GENE_08300,1.45384023712
GENE_00825,1.45338447712
GENE_04238,1.45327547604
GENE_02477,1.45326066332
GENE_04969,1.45275554513
GENE_03701,1.45261674549
GENE_02089,1.45246753447
GENE_04568,1.45211769918
GENE_03541,1.45100143813
GENE_03372,1.45092754828
GENE_06288,1.44882010834
GENE_02375,1.44849922989
GENE_05648,1.44779641846
GENE_03977,1.44730569939
GENE_00812,1.44697788435
GENE_07594,1.44694414639
GENE_06936,1.44656329125
GENE_00458,1.44635069465
GENE_05837,1.44441219506
GENE_11050,1.44434341198
GENE_00953,1.44376460407
GENE_07009,1.44367031917
GENE_02493,1.44363200347
GENE_04612,1.4419450058
GENE_05811,1.44194240195
GENE_00543,1.44156862066
GENE_00965,1.44011721545
GENE_00301,1.4398189598
GENE_07721,1.43816920115
GENE_00015,1.43771247076
GENE_07274,1.43642951956
GENE_07307,1.43636803424
GENE_03259,1.43633540571
GENE_00339,1.4362754472
GENE_10830,1.43585646409
GENE_07638,1.43557099316
GENE_04236,1.43508739922
GENE_06712,1.43430966935
GENE_09444,1.43417703652
GENE_10656,1.43400100373
GENE_08774,1.43383283866
GENE_00127,1.4337022704
GENE_09466,1.43363360882
GENE_09990,1.43362501982
GENE_02695,1.43136678183
GENE_06586,1.43115211776
GENE_03748,1.42885770781
GENE_06711,1.42876016204
GENE_08255,1.42732865159
GENE_04808,1.42730536429
GENE_06509,1.42462773208
GENE_04257,1.42449582125
GENE_00469,1.42418175936
GENE_09360,1.42395384554
GENE_11475,1.42389893725
GENE_00389,1.42309634434
GENE_02068,1.4227481361
GENE_11355,1.42242295529
GENE_02289,1.4223698617
GENE_04091,1.42050428727
GENE_00854,1.42050424799
GENE_08838,1.42018493878
GENE_02226,1.41960300451
GENE_07349,1.4194556808
GENE_10874,1.41906441336
GENE_07746,1.41903561137
GENE_03290,1.41853134515
GENE_06260,1.4164117917
GENE_08940,1.4152045267
GENE_08708,1.41484066283
GENE_04923,1.41418728833
GENE_09197,1.41411039061
GENE_09909,1.41402913556
GENE_09361,1.41376964829
GENE_01641,1.41222055542
GENE_05737,1.41202687854
GENE_08032,1.41135686175
GENE_01827,1.41093237975
GENE_09330,1.41069232042
GENE_00292,1.41063524306
GENE_02623,1.4104591452
GENE_00821,1.40934744019
GENE_09544,1.40861949345
GENE_00307,1.40842861116
GENE_04706,1.40693474589
GENE_10100,1.40564759751
GENE_10660,1.40431628199
GENE_02626,1.40336997013
GENE_06559,1.40200932592
GENE_02297,1.40159859295
GENE_08467,1.40150034655
GENE_00401,1.40062497705
GENE_00381,1.40060735456
GENE_00277,1.39978312284
GENE_03334,1.39959464515
GENE_05455,1.39948642697
GENE_08441,1.39941792665
GENE_00028,1.39936131008
GENE_01000,1.39935543659
GENE_06795,1.39922795007
GENE_10347,1.39848399307
GENE_00030,1.39829338777
GENE_09158,1.39784430703
GENE_09342,1.3967601774
GENE_01875,1.39568381079
GENE_07333,1.3954340822
GENE_03896,1.39345452752
GENE_04550,1.39318125793
GENE_01856,1.39246530006
GENE_05881,1.39245594148
GENE_06328,1.39203875159
GENE_01181,1.39200228634
GENE_07749,1.39192088768
GENE_09336,1.39145796696
GENE_05752,1.390972358
GENE_09873,1.39083354818
GENE_09563,1.39064359595
GENE_06364,1.39025532751
GENE_01312,1.39020754902
GENE_06256,1.38976413395
GENE_04643,1.38902436296
GENE_07396,1.3886645201
GENE_02887,1.38833777821
GENE_03479,1.38634939726
GENE_03427,1.38453204759
GENE_11348,1.38450496265
GENE_01166,1.38427281851
GENE_08533,1.38319451533
GENE_10612,1.38313564678
GENE_00894,1.38215899104
GENE_02441,1.38145407869
GENE_08687,1.38013893887
GENE_01049,1.38009135415
GENE_04976,1.37846962746
GENE_05658,1.37846735545
GENE_09103,1.3781426805
GENE_10696,1.37797433393
GENE_09119,1.37733502953
GENE_00289,1.37730048018
GENE_06050,1.3771809365
GENE_03544,1.37649645002
GENE_01141,1.37570681331
GENE_09084,1.3755969643
GENE_01601,1.37487641915
GENE_07174,1.37461126758
GENE_08281,1.37448498143
GENE_01955,1.37443809317
GENE_04881,1.37391438521
GENE_01755,1.37365854516
GENE_02183,1.37284847468
GENE_07660,1.37227131661
GENE_03222,1.370536144
GENE_06219,1.37010185361
GENE_11353,1.36978110196
GENE_04420,1.36970110765
GENE_08981,1.36909458276
GENE_07281,1.36809423681
GENE_05964,1.36807935049
GENE_07148,1.36638941185
GENE_11265,1.36621478521
GENE_11204,1.36556037043
GENE_07399,1.36552646253
GENE_07583,1.36432624417
GENE_01199,1.36414042997
GENE_10559,1.3636072952
GENE_05287,1.36337651354
GENE_05366,1.36322897513
GENE_03980,1.36256285271
GENE_05829,1.36213240369
GENE_10022,1.36100670477
GENE_02022,1.36065859584
GENE_07933,1.36016813083
GENE_04871,1.36011590018
GENE_07263,1.35929759936
GENE_05643,1.35918949416
GENE_09734,1.35761963305
GENE_04107,1.35658338583
GENE_09409,1.35580533943
GENE_00603,1.3556378588
GENE_04231,1.35557293571
GENE_03275,1.35544280111
GENE_00069,1.35488024539
GENE_07007,1.35345364762
GENE_00486,1.35342711576
GENE_07139,1.35306916017
GENE_06428,1.3528005349
GENE_10623,1.35275903061
GENE_08404,1.35236254593
GENE_03707,1.35220267887
GENE_07954,1.35203936597
GENE_04918,1.35111408999
GENE_04102,1.35107289241
GENE_05386,1.35101575249
GENE_04838,1.3508523307
GENE_06974,1.34917904889
GENE_07543,1.34913510511
GENE_10773,1.34869319865
GENE_00233,1.34839965239
GENE_09037,1.34694124439
GENE_00247,1.34667076743
GENE_07008,1.34657166261
GENE_03431,1.3462257562
GENE_11143,1.34610342386
GENE_06561,1.34609979451
GENE_07931,1.34593500784
GENE_00623,1.34542004615
GENE_05677,1.34514762045
GENE_08015,1.34485403118
GENE_11347,1.34428457523
GENE_08821,1.34272186135
GENE_07124,1.34218013124
GENE_02727,1.34147591553
GENE_02405,1.34046105179
GENE_01789,1.34045044602
GENE_06911,1.33932658948
GENE_08243,1.3385921383
GENE_00238,1.33821353523
GENE_06405,1.33696907356
GENE_06079,1.33665735776
GENE_09367,1.33557045554
GENE_09841,1.33450613334
GENE_08079,1.33422919417
GENE_10501,1.33399818588
GENE_05669,1.3338857455
GENE_06242,1.33255146767
GENE_03581,1.33133906199
GENE_03185,1.33057490404
GENE_07896,1.33043234438
GENE_09248,1.32979436521
GENE_11360,1.32953424397
GENE_00961,1.32915253013
GENE_02699,1.32893331954
GENE_08973,1.32864641154
GENE_03158,1.32864082825
GENE_01410,1.32819414185
GENE_06595,1.32816605396
GENE_05549,1.32805688899
GENE_03011,1.32579664754
GENE_03906,1.3254321091
GENE_04911,1.32527609044
GENE_11160,1.32500465495
GENE_11084,1.32334092249
GENE_00052,1.32307799969
GENE_00333,1.32283828849
GENE_05294,1.32274446689
GENE_09501,1.32270321999
GENE_02225,1.32130403227
GENE_06489,1.32099578954
GENE_04816,1.32041400978
GENE_00152,1.31997527842
GENE_03127,1.31830232485
GENE_06330,1.31819706723
GENE_01657,1.31759753561
GENE_01010,1.31739406563
GENE_01660,1.31711506734
GENE_10220,1.31617608153
GENE_09916,1.31600741972
GENE_10888,1.31582184002
GENE_05532,1.31550829094
GENE_01759,1.31491445358
GENE_07760,1.3142265757
GENE_07112,1.31407498152
GENE_07556,1.31378217657
GENE_10109,1.31347316133
GENE_03571,1.31198373857
GENE_04603,1.31169344927
GENE_04084,1.3111674978
GENE_07354,1.3111622966
GENE_07920,1.31060591281
GENE_01874,1.31030874612
GENE_04599,1.31019190808
GENE_07129,1.30986516943
GENE_06981,1.3094441014
GENE_11019,1.30796419255
GENE_00295,1.30709040474
GENE_06323,1.30607220387
GENE_09655,1.30496268879
GENE_09658,1.30483476332
GENE_01864,1.30434024288
GENE_03767,1.30350793193
GENE_03789,1.30327803732
GENE_06422,1.30259039679
GENE_01386,1.3017412894
GENE_09995,1.30110206302
GENE_09949,1.30062540106
GENE_00462,1.30027449201
GENE_06942,1.29998737226
GENE_10626,1.29987124353
GENE_07714,1.29914982055
GENE_10870,1.29869329099
GENE_00092,1.29794690612
GENE_11493,1.29791650566
GENE_11244,1.29729753393
GENE_01664,1.29699454656
GENE_03852,1.29606306178
GENE_02919,1.29587178186
GENE_09485,1.29520707267
GENE_10847,1.29500714994
GENE_04472,1.29498558482
GENE_04919,1.29274528952
GENE_00257,1.29233053438
GENE_05530,1.29206033433
GENE_10198,1.29146888907
GENE_04597,1.29127383902
GENE_05270,1.29075842412
GENE_03969,1.29064446092
GENE_07018,1.29046074138
GENE_01458,1.28975275408
GENE_07923,1.28920305141
GENE_10566,1.28913183544
GENE_06569,1.28886342521
GENE_08517,1.2884336225
GENE_05028,1.28807572485
GENE_11470,1.28694728612
GENE_07235,1.286382137
GENE_00155,1.28564858197
GENE_07882,1.28558223436
GENE_00228,1.28469629074
GENE_08349,1.28410469518
GENE_04192,1.28409579395
GENE_04471,1.28381685985
GENE_11250,1.28335457729
GENE_07390,1.28279496884
GENE_02158,1.281643795
GENE_00348,1.28155577875
GENE_10618,1.28138339812
GENE_09093,1.28123865352
GENE_01627,1.28101636174
GENE_04757,1.28093957667
GENE_00045,1.28015579161
GENE_03518,1.27951866976
GENE_03095,1.27946493166
GENE_03203,1.27886581331
GENE_06189,1.27857516794
GENE_00903,1.27845186261
GENE_09271,1.27843495797
GENE_09046,1.27828094746
GENE_08004,1.27785665503
GENE_03292,1.27696538609
GENE_11437,1.27626398787
GENE_03688,1.275390738
GENE_02609,1.27487504128
GENE_08636,1.27468384968
GENE_10224,1.27465312404
GENE_07473,1.27444022785
GENE_06373,1.27442842669
GENE_09665,1.27427225873
GENE_06347,1.27271473397
GENE_04697,1.27257016293
GENE_10517,1.27248333085
GENE_10416,1.27242838282
GENE_02981,1.27235350011
GENE_10703,1.27219855425
GENE_08865,1.27189954542
GENE_04133,1.27189242194
GENE_00679,1.27155509499
GENE_05874,1.27106532601
GENE_11064,1.27103009943
GENE_10846,1.27008802525
GENE_00230,1.26963336828
GENE_09732,1.2696132626
GENE_08755,1.2692556719
GENE_09601,1.26871389458
GENE_06506,1.26858323565
GENE_06385,1.2679604871
GENE_04454,1.26765151119
GENE_08490,1.2666612532
GENE_08534,1.26633026796
GENE_01846,1.26570784086
GENE_08171,1.2638559391
GENE_02976,1.26370667765
GENE_01489,1.26258410343
GENE_11494,1.26257740696
GENE_01951,1.26192150071
GENE_04625,1.26151925254
GENE_07530,1.26084952
GENE_03594,1.25923323979
GENE_05912,1.25761905636
GENE_09176,1.25761311258
GENE_02909,1.25714921686
GENE_08798,1.25619743941
GENE_00808,1.25575612557
GENE_04422,1.25540360946
GENE_06533,1.25534978029
GENE_05686,1.25514578837
GENE_07075,1.25451870238
GENE_05031,1.25433836076
GENE_11369,1.25373478622
GENE_04951,1.25313282477
GENE_03752,1.25284263443
GENE_05260,1.25254073103
GENE_09592,1.2523463623
GENE_05920,1.25228366196
GENE_09890,1.25194745451
GENE_00415,1.25151346344
GENE_07284,1.24971042018
GENE_03227,1.2496189053
GENE_03936,1.24950490071
GENE_01215,1.24774207267
GENE_10498,1.24730365066
GENE_02826,1.24689171553
GENE_00169,1.24626383564
GENE_00670,1.2460851925
GENE_09795,1.24504100822
GENE_02507,1.24467958074
GENE_05938,1.24456516036
GENE_00484,1.24364925472
GENE_07081,1.24346912835
GENE_07317,1.2434282781
GENE_05860,1.24340579719
GENE_08383,1.24286256286
GENE_09496,1.24282689333
GENE_00384,1.24086733845
GENE_03588,1.23958400644
GENE_02027,1.23894635294
GENE_01448,1.23828307143
GENE_03836,1.23765375751
GENE_10770,1.23746459173
GENE_02590,1.23743813468
GENE_11248,1.23736979356
GENE_07448,1.23718080029
GENE_08201,1.23683246613
GENE_11269,1.23648951218
GENE_02071,1.23613072181
GENE_01269,1.23609317521
GENE_02369,1.23581162001
GENE_02262,1.23578219182
GENE_04094,1.23475191404
GENE_05311,1.23372427834
GENE_06320,1.23340607635
GENE_00375,1.23265243711
GENE_09531,1.23232860521
GENE_02730,1.23087451315
GENE_06799,1.23070290498
GENE_08566,1.23046004776
GENE_03941,1.23022217565
GENE_03343,1.23000057272
GENE_04937,1.22999036844
GENE_03683,1.2292147843
GENE_02869,1.22898050249
GENE_07486,1.2288565502
GENE_05861,1.22803020961
GENE_01254,1.22766899247
GENE_06500,1.22727382208
GENE_00216,1.22717478546
GENE_05936,1.22703459705
GENE_00369,1.22699021614
GENE_01549,1.22693322388
GENE_05542,1.22394875315
GENE_07035,1.22393634424
GENE_05967,1.22385591854
GENE_10468,1.22379362251
GENE_02583,1.22356888242
GENE_02964,1.2230830671
GENE_10799,1.22280792213
GENE_10316,1.22271179283
GENE_09377,1.22180468498
GENE_06082,1.22129494569
GENE_01520,1.22103369553
GENE_03510,1.22082129881
GENE_09130,1.22055060393
GENE_04322,1.22028289642
GENE_03087,1.21897078979
GENE_01331,1.2187618517
GENE_06041,1.21848021487
GENE_03692,1.21819471175
GENE_02854,1.21795915231
GENE_01676,1.21715852083
GENE_00136,1.21674670766
GENE_10391,1.2167234925
GENE_09094,1.21644738728
GENE_10630,1.21494410685
GENE_08573,1.21466678013
GENE_09212,1.21317918839
GENE_01274,1.21309769998
GENE_06311,1.21212920423
GENE_10159,1.21209071932
GENE_02354,1.21194398539
GENE_10688,1.21142750363
GENE_07339,1.21067455254
GENE_10945,1.21016609537
GENE_07990,1.20923064722
GENE_08497,1.2090101989
GENE_01497,1.20836623059
GENE_11489,1.20750319495
GENE_00240,1.20747926157
GENE_00455,1.20712716774
GENE_04294,1.20660815486
GENE_09216,1.20653572345
GENE_00898,1.20650896651
GENE_02950,1.20599451655
GENE_07070,1.20581842072
GENE_02077,1.20388443717
GENE_09698,1.20357805453
GENE_05237,1.20257650523
GENE_04777,1.20245124798
GENE_09215,1.20224900336
GENE_06780,1.20193166954
GENE_00564,1.20121392216
GENE_03080,1.20053165847
GENE_01398,1.20041390794
GENE_03020,1.20026174974
GENE_02598,1.20007895643
GENE_06220,1.19929957292
GENE_10402,1.19836856937
GENE_10624,1.1982253932
GENE_00103,1.19772273078
GENE_03049,1.19724692365
GENE_10004,1.19717853146
GENE_06725,1.19716802725
GENE_05823,1.19691094876
GENE_01470,1.19663148665
GENE_10205,1.19662712083
GENE_01364,1.19657150166
GENE_05514,1.19553138809
GENE_04363,1.19548065083
GENE_09487,1.19517741151
GENE_00924,1.19504662892
GENE_03618,1.19476286188
GENE_03563,1.19459222051
GENE_09994,1.19421448301
GENE_02282,1.19410940305
GENE_08673,1.19361175517
GENE_07795,1.19358653548
GENE_05333,1.19331100593
GENE_04585,1.19311294585
GENE_03664,1.19273516542
GENE_02265,1.19250751248
GENE_03875,1.19189933441
GENE_03678,1.19170749711
GENE_00379,1.19170171464
GENE_00084,1.19150639711
GENE_07093,1.19126068163
GENE_09159,1.19117304494
GENE_06700,1.19109068315
GENE_05264,1.19108585477
GENE_01343,1.19064627479
GENE_03381,1.19054859434
GENE_09517,1.19052964372
GENE_08623,1.19047498519
GENE_10279,1.18964264549
GENE_01136,1.18947048892
GENE_07580,1.18922646126
GENE_00853,1.18901653111
GENE_01992,1.18891337147
GENE_10600,1.18880624119
GENE_04460,1.18859682309
GENE_00879,1.18839327345
GENE_08799,1.18771338414
GENE_01685,1.18767938846
GENE_10218,1.18742715168
GENE_01648,1.18738605156
GENE_07176,1.18707767874
GENE_01121,1.18703030556
GENE_03258,1.18673462018
GENE_10453,1.18641559052
GENE_05588,1.18614547404
GENE_01402,1.18570415466
GENE_11144,1.18516303144
GENE_04717,1.1842566452
GENE_00171,1.18418971503
GENE_05437,1.1839874432
GENE_08782,1.18354910258
GENE_03210,1.18349366689
GENE_03828,1.18189109296
GENE_06497,1.18189004256
GENE_00322,1.18177931677
GENE_04854,1.18156771642
GENE_05928,1.18098990531
GENE_03500,1.18064091245
GENE_04524,1.18012817374
GENE_07409,1.17998852969
GENE_07073,1.17994213004
GENE_02858,1.17972520836
GENE_00163,1.17931768165
GENE_10997,1.17926315858
GENE_07353,1.17886593704
GENE_08547,1.17884344403
GENE_04223,1.1785126898
GENE_07717,1.17841931756
GENE_07326,1.17825284755
GENE_00340,1.17777960443
GENE_11292,1.17720878742
GENE_05804,1.17718496318
GENE_09234,1.17700063679
GENE_07568,1.17653325379
GENE_10710,1.17476180023
GENE_00336,1.17450280321
GENE_01441,1.17347385749
GENE_04436,1.17344227663
GENE_01902,1.17312463759
GENE_00359,1.17276905645
GENE_03263,1.17275684527
GENE_01057,1.17272901926
GENE_06126,1.17181014327
GENE_03825,1.17171791472
GENE_06951,1.17116763271
GENE_11476,1.17111906474
GENE_07921,1.17110197167
GENE_00300,1.17100498908
GENE_07886,1.17066162932
GENE_03276,1.1701987092
GENE_02421,1.16958999243
GENE_00893,1.16929559045
GENE_09837,1.16858036427
GENE_00552,1.16778206166
GENE_07156,1.16774192553
GENE_05584,1.16750982299
GENE_08996,1.1672177333
GENE_06187,1.167120788
GENE_07769,1.16652833622
GENE_04844,1.16637054567
GENE_05947,1.16591652026
GENE_07825,1.16559489514
GENE_08401,1.16499088256
GENE_01577,1.16473935446
GENE_08066,1.16441174054
GENE_06973,1.16406015259
GENE_06913,1.16337605516
GENE_08559,1.16300096971
GENE_04463,1.16283857753
GENE_11133,1.16264805869
GENE_08097,1.16257366819
GENE_05353,1.16225959751
GENE_01743,1.16187830261
GENE_10236,1.16150304848
GENE_01067,1.16082678738
GENE_00056,1.16078247678
GENE_00380,1.16027815782
GENE_05206,1.15983996639
GENE_04282,1.1593810433
GENE_00691,1.15932980336
GENE_03046,1.15907406496
GENE_10467,1.15847199647
GENE_08778,1.15724454773
GENE_06551,1.15683378104
GENE_09731,1.15658165159
GENE_06575,1.15600666945
GENE_10408,1.15499756054
GENE_07209,1.15469376672
GENE_03023,1.15390073426
GENE_03478,1.15359034332
GENE_08096,1.15350284978
GENE_00188,1.15320628193
GENE_10477,1.1529132562
GENE_05996,1.15264810326
GENE_09749,1.15234863896
GENE_09059,1.15166558305
GENE_05407,1.1502673959
GENE_04452,1.14967201888
GENE_09584,1.14948736401
GENE_00764,1.14927332629
GENE_01062,1.14876570037
GENE_01581,1.14863734943
GENE_01619,1.1484457092
GENE_09009,1.1480908664
GENE_08633,1.14648715873
GENE_03595,1.1464408704
GENE_04110,1.14603014414
GENE_04616,1.14602757501
GENE_04525,1.14429306856
GENE_00579,1.14375404321
GENE_09280,1.14356604493
GENE_08331,1.14339810715
GENE_08642,1.14336153021
GENE_00181,1.14284244358
GENE_08777,1.14220739289
GENE_08120,1.14025055267
GENE_02163,1.14014903852
GENE_06008,1.1400678465
GENE_01659,1.13987856113
GENE_04088,1.13955553603
GENE_00493,1.13871579867
GENE_08081,1.13815033097
GENE_11241,1.13785777597
GENE_08605,1.13777678067
GENE_07024,1.13738109763
GENE_03299,1.13731454236
GENE_09593,1.13645557432
GENE_08077,1.13619137464
GENE_06166,1.13594784594
GENE_08279,1.13562058549
GENE_02958,1.13562014718
GENE_10608,1.13463969982
GENE_01969,1.13377009687
GENE_10318,1.1329263873
GENE_07969,1.13280469717
GENE_10528,1.13052661954
GENE_08519,1.12884748755
GENE_05653,1.12823978327
GENE_04317,1.12790899325
GENE_07789,1.12778802711
GENE_04151,1.12778025063
GENE_06303,1.12768629452
GENE_06697,1.12735008936
GENE_01867,1.12670513683
GENE_00651,1.12656502955
GENE_01948,1.12605025077
GENE_02103,1.12543478441
GENE_05594,1.1249325453
GENE_06361,1.12477671999
GENE_00498,1.12438174662
GENE_02428,1.12435335987
GENE_01976,1.12411271999
GENE_09650,1.1234272871
GENE_04933,1.1223742187
GENE_10611,1.12220333329
GENE_05048,1.12186150479
GENE_03318,1.12185785623
GENE_08256,1.12168914239
GENE_07299,1.12149921185
GENE_08175,1.12118814257
GENE_02045,1.12103066732
GENE_07946,1.12096702361
GENE_08670,1.12093651241
GENE_09813,1.12068570642
GENE_06524,1.11968777855
GENE_04967,1.11924491756
GENE_06372,1.11889459793
GENE_05526,1.11863233415
GENE_05409,1.11854994426
GENE_10179,1.11833813679
GENE_10145,1.11793382273
GENE_02374,1.1173988159
GENE_00955,1.11729583159
GENE_03958,1.11683377553
GENE_06960,1.11668127507
GENE_00196,1.1161425638
GENE_02127,1.11432169467
GENE_11155,1.11279819561
GENE_02363,1.11268837499
GENE_07904,1.1126343052
GENE_06557,1.11210061922
GENE_11215,1.11195336086
GENE_09364,1.11091114473
GENE_11002,1.11075317241
GENE_00170,1.11048557037
GENE_01703,1.10969984196
GENE_00889,1.10870358058
GENE_09819,1.10844460172
GENE_01104,1.10818281674
GENE_08714,1.10772109598
GENE_01710,1.10708066929
GENE_08108,1.10677451862
GENE_07220,1.10671042429
GENE_10428,1.10646177081
GENE_10480,1.10645715229
GENE_06648,1.10623155886
GENE_03384,1.10590042436
GENE_04677,1.10583306629
GENE_01120,1.10552593296
GENE_09174,1.1049972018
GENE_11216,1.10447770384
GENE_04750,1.1039335467
GENE_03324,1.10387734332
GENE_07650,1.10372001372
GENE_00715,1.10330188202
GENE_05810,1.10321757205
GENE_00331,1.10274562851
GENE_10676,1.10269204607
GENE_07626,1.10173786179
GENE_00390,1.10158532865
GENE_06314,1.10133016489
GENE_03429,1.10132295774
GENE_01928,1.100959635
GENE_03304,1.10082139842
GENE_11333,1.10039289228
GENE_10751,1.09958446433
GENE_05479,1.09898335744
GENE_06375,1.09848487605
GENE_10536,1.09748497135
GENE_04196,1.09730018754
GENE_06067,1.09722019161
GENE_02345,1.09715271175
GENE_04930,1.09654711823
GENE_02584,1.09646923381
GENE_04628,1.09606990748
GENE_06866,1.09479850223
GENE_11268,1.09456245461
GENE_00629,1.09419151847
GENE_06013,1.09417954752
GENE_11118,1.0929591109
GENE_05266,1.09210678398
GENE_00018,1.09197592448
GENE_05899,1.09180533907
GENE_00669,1.09150685192
GENE_01270,1.09131012059
GENE_02701,1.09098042519
GENE_03846,1.0908616706
GENE_00121,1.09061254521
GENE_05462,1.09018347102
GENE_06136,1.08990495909
GENE_10392,1.08962952291
GENE_06616,1.08953658308
GENE_10978,1.08927224693
GENE_03456,1.08876965422
GENE_01525,1.0887486197
GENE_05566,1.08771042616
GENE_10298,1.08648012289
GENE_06721,1.08638071121
GENE_01725,1.08598211618
GENE_01308,1.08589556583
GENE_01938,1.08578632494
GENE_07168,1.08522226366
GENE_08144,1.08450053029
GENE_11004,1.08447752486
GENE_05322,1.08419824404
GENE_07654,1.08358310311
GENE_06945,1.08314521266
GENE_06190,1.08299993852
GENE_03008,1.08269105389
GENE_05305,1.08211231299
GENE_03607,1.08198480925
GENE_02696,1.08176672767
GENE_05897,1.0815140863
GENE_10885,1.08131695777
GENE_00785,1.08078072555
GENE_00134,1.08057576577
GENE_04398,1.08005605914
GENE_01625,1.08004806571
GENE_01042,1.07868083343
GENE_09312,1.07812539579
GENE_10192,1.07729367302
GENE_04497,1.07684814466
GENE_01798,1.0760071386
GENE_04250,1.07534340196
GENE_07286,1.07522154118
GENE_11043,1.07502121451
GENE_09327,1.07452979023
GENE_04521,1.07433300477
GENE_03567,1.07431801272
GENE_00920,1.07363174986
GENE_06993,1.07362194391
GENE_09001,1.07341270241
GENE_00260,1.07306952842
GENE_02470,1.07297804777
GENE_07630,1.07292961451
GENE_06710,1.07254179957
GENE_01421,1.07250733731
GENE_04401,1.07192986521
GENE_09027,1.07168037389
GENE_02635,1.07154315223
GENE_06026,1.07151593558
GENE_09781,1.07147593025
GENE_05045,1.0710805004
GENE_03103,1.07061055998
GENE_04132,1.07036516023
GENE_01995,1.07015023832
GENE_03727,1.06977145498
GENE_10642,1.0692837064
GENE_06914,1.06879232139
GENE_10692,1.06854955846
GENE_03590,1.06837933369
GENE_09163,1.06799777806
GENE_00892,1.06667468959
GENE_00819,1.06548037507
GENE_10329,1.0654247236
GENE_06504,1.06537627226
GENE_03700,1.06517196571
GENE_08499,1.06417070234
GENE_03425,1.06394098756
GENE_06105,1.06285369303
GENE_04916,1.06265729079
GENE_00205,1.06217496008
GENE_09112,1.06216744759
GENE_09908,1.06181664599
GENE_03305,1.06137096487
GENE_07114,1.06125625851
GENE_11124,1.06080007181
GENE_02034,1.0602099075
GENE_05903,1.06014381867
GENE_00447,1.06012021367
GENE_04957,1.06008973991
GENE_07891,1.05995016976
GENE_02350,1.05993638405
GENE_07362,1.05956557262
GENE_03243,1.05872852988
GENE_07544,1.05817009382
GENE_03253,1.05811832509
GENE_08870,1.05796071384
GENE_04511,1.05781418082
GENE_08271,1.05780100754
GENE_10786,1.05742728711
GENE_03693,1.05736830538
GENE_07252,1.05672491128
GENE_10420,1.05628848375
GENE_08234,1.05610125167
GENE_01958,1.05605680907
GENE_10155,1.05569424888
GENE_09835,1.05462062849
GENE_04069,1.05398577118
GENE_04479,1.0538915523
GENE_00753,1.05364179661
GENE_00795,1.05315285333
GENE_09206,1.05254731073
GENE_07410,1.05221115596
GENE_02300,1.05194761772
GENE_08955,1.05077429047
GENE_01119,1.05065439601
GENE_09137,1.05031955228
GENE_07052,1.05004904155
GENE_01008,1.04955271532
GENE_00701,1.04900922584
GENE_05557,1.04886414188
GENE_03118,1.04870712642
GENE_05006,1.04848265105
GENE_06716,1.04839988781
GENE_08506,1.04820396768
GENE_08597,1.04811675927
GENE_02420,1.04731770662
GENE_07287,1.04727640856
GENE_01039,1.04709830261
GENE_09923,1.04695453443
GENE_05061,1.04691179449
GENE_09755,1.04671271378
GENE_09458,1.04546024048
GENE_02705,1.04508847408
GENE_10405,1.04505614523
GENE_00481,1.0444595594
GENE_00883,1.04416087707
GENE_09479,1.04402512944
GENE_10282,1.04219057698
GENE_03096,1.04172466406
GENE_06110,1.0409541738
GENE_05184,1.04043089264
GENE_04945,1.0400618199
GENE_07776,1.04005789079
GENE_01377,1.0399046874
GENE_02094,1.03911178742
GENE_05612,1.03860606921
GENE_03015,1.03837885102
GENE_07364,1.03801252732
GENE_00594,1.03753994426
GENE_06476,1.03718140565
GENE_05077,1.03715889866
GENE_10322,1.03700532437
GENE_04325,1.03630289207
GENE_03832,1.03608765105
GENE_04255,1.03544341642
GENE_02389,1.03524933472
GENE_00426,1.03507653942
GENE_05142,1.03388105492
GENE_09273,1.03318986436
GENE_08299,1.03265751662
GENE_01866,1.03254620434
GENE_09309,1.03238939813
GENE_00814,1.03184453947
GENE_07696,1.03165377458
GENE_08334,1.03138052528
GENE_08009,1.03091933837
GENE_06865,1.03065980824
GENE_02653,1.03058058562
GENE_10197,1.03043878564
GENE_01086,1.03028345403
GENE_07966,1.03024969397
GENE_01633,1.02996081758
GENE_09520,1.02960436142
GENE_03670,1.0294574816
GENE_05196,1.02944055593
GENE_04768,1.02941310096
GENE_07423,1.02918043613
GENE_00734,1.02915563733
GENE_05100,1.02876899142
GENE_10431,1.02771874878
GENE_08295,1.02747934335
GENE_09388,1.02715103589
GENE_09618,1.02706042687
GENE_03383,1.02698626332
GENE_05282,1.02689461826
GENE_10951,1.02608744096
GENE_06057,1.02563211387
GENE_00160,1.02531832977
GENE_04343,1.02510915258
GENE_09836,1.02477411228
GENE_01498,1.02406252581
GENE_02703,1.02370954611
GENE_03463,1.02353064419
GENE_05581,1.02305655525
GENE_05732,1.02284147155
GENE_01164,1.02257043201
GENE_09101,1.02196315506
GENE_08624,1.02196277668
GENE_07306,1.02163521383
GENE_07453,1.0216247644
GENE_05491,1.02162298407
GENE_04586,1.02151539278
GENE_02548,1.02138329543
GENE_06051,1.0200365069
GENE_06283,1.01892324009
GENE_09537,1.01853742765
GENE_00274,1.01849134895
GENE_10138,1.01795705243
GENE_02414,1.01766146684
GENE_07526,1.01593722356
GENE_08766,1.01562788399
GENE_09616,1.01539232868
GENE_07781,1.01522089181
GENE_00739,1.01437006502
GENE_00452,1.01427395366
GENE_03714,1.01263740964
GENE_02726,1.01146303541
GENE_06890,1.01083973502
GENE_08528,1.01037931328
GENE_05656,1.01027458684
GENE_01155,1.00981708934
GENE_10554,1.00958596789
GENE_03912,1.0094717886
GENE_00126,1.00946367487
GENE_02229,1.00751368984
GENE_03236,1.0074439732
GENE_08456,1.00730435747
GENE_04720,1.0071572006
GENE_03597,1.00713333647
GENE_11063,1.00711782341
GENE_05895,1.00673007123
GENE_06249,1.00660654103
GENE_08411,1.00641104003
GENE_00538,1.00629280921
GENE_04315,1.0059245118
GENE_11186,1.00336589273
GENE_06977,1.0022361667
GENE_03770,1.00182485368
GENE_03895,1.00163182521
GENE_01749,1.00104609257
GENE_10006,1.00082049777
GENE_01854,1.00058231804
GENE_01678,0.998310898148
GENE_08195,0.998217655972
GENE_01100,0.99801010986
GENE_04260,0.99763207692
GENE_00355,0.997470635362
GENE_06496,0.997265567659
GENE_06696,0.997059356454
GENE_02577,0.996858773466
GENE_02940,0.996570510579
GENE_01074,0.996266819447
GENE_03869,0.996118214911
GENE_01404,0.996047685806
GENE_06457,0.995973678846
GENE_08063,0.99569375437
GENE_03720,0.995581514002
GENE_11210,0.995526691674
GENE_09152,0.995415190449
GENE_09304,0.995167665159
GENE_10858,0.994868693788
GENE_07703,0.994558235742
GENE_04374,0.994447375509
GENE_09129,0.994414528208
GENE_10251,0.994378730992
GENE_07684,0.994351519815
GENE_07598,0.994298826688
GENE_00324,0.9939826185
GENE_04880,0.99378221453
GENE_09707,0.992628102979
GENE_01301,0.992042349537
GENE_09685,0.991926309887
GENE_07193,0.991191112927
GENE_09505,0.990710846624
GENE_11033,0.990566827443
GENE_04154,0.990166238959
GENE_08464,0.988608793499
GENE_10072,0.987861582407
GENE_09682,0.987728515925
GENE_02170,0.987334516589
GENE_00016,0.987168879666
GENE_04168,0.986376505906
GENE_01647,0.98572999568
GENE_02929,0.985449685615
GENE_07520,0.98539971145
GENE_00838,0.984322398477
GENE_06210,0.983852343606
GENE_10877,0.983736043904
GENE_00737,0.982690983946
GENE_04938,0.98268314277
GENE_01158,0.981765486992
GENE_08882,0.98114971557
GENE_09007,0.980004236134
GENE_09512,0.979259744287
GENE_03842,0.978889558557
GENE_02291,0.978858050782
GENE_06305,0.978457805667
GENE_03180,0.978422112028
GENE_07951,0.977872272211
GENE_08019,0.977847564654
GENE_03476,0.977815549686
GENE_09807,0.976506589063
GENE_06786,0.976431377198
GENE_11129,0.976138690067
GENE_05454,0.976040719356
GENE_11377,0.975836891624
GENE_07948,0.975823337289
GENE_02536,0.975816719345
GENE_05970,0.975713377669
GENE_00263,0.975612358666
GENE_03178,0.975312458478
GENE_09368,0.975200541685
GENE_01746,0.975197629782
GENE_05706,0.973726230852
GENE_05165,0.973622249428
GENE_04283,0.973101561015
GENE_00773,0.972554449627
GENE_07562,0.972443997918
GENE_05244,0.97205696574
GENE_10740,0.971930343441
GENE_08760,0.971412357672
GENE_09904,0.970488459613
GENE_11119,0.970462636907
GENE_05603,0.970316201788
GENE_06451,0.970175082568
GENE_04953,0.969569025753
GENE_01848,0.969457200527
GENE_06235,0.969369302408
GENE_06267,0.968769895681
GENE_02501,0.968184660533
GENE_09911,0.967931948765
GENE_04879,0.967826024025
GENE_07050,0.967794469003
GENE_06268,0.967178122439
GENE_08221,0.966956645345
GENE_07253,0.966807104251
GENE_10515,0.966139660861
GENE_11111,0.96612532553
GENE_02070,0.965397484591
GENE_07632,0.965326667161
GENE_01880,0.964851633097
GENE_06941,0.964769894302
GENE_00457,0.964757677581
GENE_06180,0.964155884172
GENE_01135,0.964087168288
GENE_06019,0.963925423056
GENE_05426,0.963906934076
GENE_01228,0.963879116795
GENE_11167,0.963226533894
GENE_00496,0.962753845674
GENE_06611,0.9625028858
GENE_07824,0.962502591953
GENE_06991,0.962345169267
GENE_10487,0.962210578581
GENE_04058,0.961987189072
GENE_11448,0.961093457232
GENE_08627,0.960932178608
GENE_10376,0.960613232503
GENE_06943,0.960305168087
GENE_03926,0.960304796281
GENE_06302,0.958816306468
GENE_03564,0.958385819842
GENE_06492,0.95799394148
GENE_05229,0.957932055216
GENE_04735,0.957839631108
GENE_04122,0.957791614473
GENE_06193,0.95753716328
GENE_06318,0.957304822594
GENE_04035,0.956703186386
GENE_01283,0.956702316795
GENE_05084,0.956295002091
GENE_08781,0.955935822331
GENE_06139,0.955802745112
GENE_08355,0.955703971114
GENE_10230,0.95538857118
GENE_01507,0.955305208571
GENE_02933,0.955300558238
GENE_04708,0.955269237207
GENE_06040,0.954085102157
GENE_09522,0.953760255811
GENE_08044,0.953176254329
GENE_01832,0.953136633913
GENE_01984,0.953125045376
GENE_08958,0.953009498214
GENE_01757,0.952874547203
GENE_05627,0.952478156953
GENE_05539,0.952461970536
GENE_03136,0.951549770574
GENE_02828,0.951449277058
GENE_04692,0.951306244299
GENE_01738,0.950307591974
GENE_03876,0.95001582867
GENE_10381,0.949889068249
GENE_10662,0.949641498617
GENE_03918,0.949594571364
GENE_01344,0.949554135441
GENE_10469,0.949296498375
GENE_04857,0.948813096472
GENE_07470,0.948142950472
GENE_01977,0.947526462123
GENE_08070,0.947511908576
GENE_06900,0.946807566512
GENE_09899,0.94661830833
GENE_08189,0.946577003573
GENE_08043,0.94592958527
GENE_06992,0.945888156555
GENE_04423,0.945869643684
GENE_10031,0.945633427568
GENE_07644,0.945311771236
GENE_04531,0.945211534611
GENE_08285,0.944385222835
GENE_10984,0.944214840252
GENE_08421,0.943715505756
GENE_08833,0.943597776273
GENE_08554,0.942938619897
GENE_04399,0.94278851414
GENE_00033,0.942289071044
GENE_11014,0.941619013551
GENE_02637,0.941310580767
GENE_04340,0.94118186642
GENE_00449,0.940786478111
GENE_01185,0.940771187988
GENE_10273,0.939735481747
GENE_09164,0.938969468705
GENE_09222,0.938957178235
GENE_05649,0.938640022679
GENE_00800,0.938283805976
GENE_03239,0.937915537511
GENE_00132,0.937696286274
GENE_02009,0.937570137627
GENE_04601,0.937477492507
GENE_09305,0.937367414254
GENE_06674,0.936056167936
GENE_00678,0.935678393147
GENE_09900,0.934654707337
GENE_01347,0.934319911239
GENE_10760,0.934141442234
GENE_09800,0.933810426075
GENE_11177,0.933422954476
GENE_03698,0.933128072341
GENE_09766,0.933066605721
GENE_10765,0.932895355194
GENE_01485,0.932590831873
GENE_04044,0.932434870955
GENE_00406,0.932379570617
GENE_02956,0.93219156426
GENE_07380,0.931665966868
GENE_10628,0.930887382792
GENE_10804,0.930533319325
GENE_04269,0.929409984791
GENE_00182,0.929107501939
GENE_06243,0.928932013532
GENE_04905,0.928245691344
GENE_06836,0.928090610991
GENE_08562,0.928015659152
GENE_01415,0.927840128081
GENE_08154,0.926257491084
GENE_02069,0.926215402242
GENE_00500,0.926177547532
GENE_05422,0.925975100715
GENE_11291,0.925904176728
GENE_08067,0.925676757714
GENE_05199,0.925672209503
GENE_08396,0.925281892717
GENE_10225,0.924721805513
GENE_01001,0.924633682913
GENE_02559,0.924270139538
GENE_00698,0.924027019207
GENE_04828,0.923508616047
GENE_09738,0.923044827227
GENE_09070,0.92297756514
GENE_11023,0.922481170233
GENE_00227,0.922255222071
GENE_10010,0.921936378008
GENE_02524,0.921801501977
GENE_02249,0.921650111924
GENE_08224,0.921025839731
GENE_06282,0.919871515954
GENE_01622,0.919228934575
GENE_01853,0.91915417361
GENE_01296,0.919076482988
GENE_04587,0.918914854658
GENE_02537,0.918454443942
GENE_00487,0.918451996386
GENE_01182,0.918316606002
GENE_10944,0.917772150552
GENE_10074,0.917768197795
GENE_10785,0.916567613778
GENE_01098,0.916327674702
GENE_09891,0.915823781598
GENE_10452,0.915653804258
GENE_10315,0.915402970485
GENE_02808,0.91539027556
GENE_10667,0.914867798098
GENE_08236,0.914077164224
GENE_03330,0.913771621386
GENE_11325,0.913607217568
GENE_01556,0.913584626233
GENE_03945,0.913473732017
GENE_06602,0.91262032254
GENE_02974,0.911362722175
GENE_09115,0.910944403839
GENE_11149,0.910907035034
GENE_05289,0.910418499686
GENE_06276,0.910215783665
GENE_10171,0.909962540861
GENE_07993,0.908022662536
GENE_05144,0.907962313627
GENE_11200,0.906834146373
GENE_08727,0.906787272932
GENE_11316,0.906784266675
GENE_06378,0.90654415711
GENE_08695,0.905717600497
GENE_07272,0.904962041494
GENE_03569,0.904017554761
GENE_01593,0.903934841086
GENE_10547,0.903520683804
GENE_02649,0.902277173787
GENE_07685,0.902271399943
GENE_08675,0.902091311588
GENE_06443,0.90172869714
GENE_04327,0.900533077332
GENE_03208,0.900398588395
GENE_11125,0.899561376738
GENE_05608,0.898669160339
GENE_06859,0.898511704552
GENE_06360,0.898359568347
GENE_11145,0.898302549689
GENE_06947,0.898117324122
GENE_08797,0.89765577165
GENE_02608,0.897066196887
GENE_01813,0.896839315866
GENE_09049,0.896797332033
GENE_10216,0.8964996702
GENE_08395,0.895796218236
GENE_02762,0.895355430763
GENE_01006,0.895193220028
GENE_01809,0.895038314076
GENE_10261,0.894930061566
GENE_01213,0.894924376944
GENE_05355,0.894910556027
GENE_03619,0.894647187574
GENE_11170,0.894458843105
GENE_06750,0.894232774501
GENE_03187,0.893697689389
GENE_00062,0.893665025994
GENE_07664,0.893188347207
GENE_03188,0.892953870109
GENE_02233,0.892597338299
GENE_04241,0.892067599732
GENE_09623,0.89187763457
GENE_07700,0.891863022161
GENE_08991,0.891840579595
GENE_09289,0.89170058107
GENE_07770,0.891343901605
GENE_04138,0.89130368687
GENE_02334,0.89038316352
GENE_02657,0.890247500837
GENE_02388,0.890198411125
GENE_06792,0.890057732475
GENE_00817,0.889630795623
GENE_05096,0.889153824788
GENE_03435,0.88903712228
GENE_11080,0.888987749184
GENE_10346,0.887803935579
GENE_02309,0.887655425874
GENE_03932,0.887503967414
GENE_02465,0.887290837267
GENE_04981,0.887079776446
GENE_02256,0.886887390097
GENE_09209,0.886579492758
GENE_04103,0.886191188585
GENE_10062,0.885577081695
GENE_08125,0.885256320866
GENE_02717,0.885231482989
GENE_08743,0.884842582801
GENE_10597,0.884442437382
GENE_01563,0.884045396361
GENE_01045,0.883659937487
GENE_08824,0.883606785994
GENE_01612,0.883109777147
GENE_08294,0.88239708979
GENE_02212,0.882333062323
GENE_06511,0.882286492599
GENE_03272,0.881407528924
GENE_04488,0.881146720813
GENE_08750,0.881062187381
GENE_09023,0.881058892057
GENE_06398,0.880065962957
GENE_03542,0.879417041137
GENE_08126,0.879014154557
GENE_06934,0.878963973071
GENE_10772,0.87865485018
GENE_08161,0.877826031239
GENE_08364,0.877547553451
GENE_00987,0.877362290576
GENE_06179,0.876714186386
GENE_09590,0.876605879842
GENE_03283,0.876455645503
GENE_05413,0.876173931693
GENE_04409,0.876169167191
GENE_02934,0.87604679253
GENE_00411,0.875357908162
GENE_02780,0.874517074133
GENE_02057,0.874389180713
GENE_07266,0.873989751007
GENE_04552,0.872824351006
GENE_07012,0.872817083178
GENE_07563,0.87278741447
GENE_00941,0.87245732828
GENE_03671,0.872315380028
GENE_03694,0.872197000073
GENE_06776,0.872153105684
GENE_10691,0.871724424184
GENE_09333,0.871702585599
GENE_08684,0.871555966288
GENE_06161,0.871524386088
GENE_01692,0.871297297457
GENE_00562,0.871124703432
GENE_04856,0.870746644588
GENE_01112,0.870067730689
GENE_00602,0.869605920106
GENE_02464,0.869156064389
GENE_02930,0.869154592497
GENE_09424,0.868798338306
GENE_04830,0.868772500591
GENE_09950,0.867805459542
GENE_06068,0.867187412828
GENE_10884,0.865674651167
GENE_07089,0.865289756135
GENE_05631,0.864824438491
GENE_06662,0.864248384699
GENE_07355,0.864069982139
GENE_08314,0.863923549962
GENE_05994,0.863528242522
GENE_07288,0.86343728019
GENE_09430,0.862754591953
GENE_06036,0.862543484615
GENE_01983,0.862393472383
GENE_04030,0.862223511887
GENE_03388,0.861636124498
GENE_04678,0.861436525633
GENE_01432,0.86047348836
GENE_11224,0.860332559417
GENE_07866,0.860182638395
GENE_06719,0.859833561467
GENE_08665,0.859630786855
GENE_02485,0.85958788698
GENE_04086,0.859584872344
GENE_11045,0.859414254759
GENE_02568,0.858451116657
GENE_09937,0.858270430182
GENE_05955,0.858139070934
GENE_03730,0.858014195302
GENE_05302,0.857898825291
GENE_09604,0.857158388423
GENE_00199,0.857029702169
GENE_06307,0.856975536983
GENE_05712,0.85673742147
GENE_04494,0.856702480243
GENE_03101,0.855555659021
GENE_07554,0.855201507748
GENE_10418,0.854903922636
GENE_02655,0.854525227067
GENE_06053,0.854402001121
GENE_02739,0.853975976552
GENE_01169,0.85341555878
GENE_07821,0.85334897734
GENE_05759,0.853201545052
GENE_06931,0.853165306413
GENE_10794,0.853015188243
GENE_01629,0.852773675122
GENE_04566,0.852468643433
GENE_10666,0.851929070791
GENE_07342,0.851591045893
GENE_10011,0.851409936763
GENE_05966,0.85112409838
GENE_11386,0.850982678507
GENE_02060,0.850897962168
GENE_07699,0.850719394461
GENE_01079,0.850221742113
GENE_04466,0.850079332418
GENE_11195,0.849644782707
GENE_03889,0.849611988516
GENE_07935,0.849584531047
GENE_02329,0.849102110743
GENE_00026,0.849006422578
GENE_02594,0.848430882205
GENE_02666,0.848174212667
GENE_01713,0.84742167715
GENE_04405,0.846882103885
GENE_09301,0.846839945469
GENE_03140,0.846770775216
GENE_08091,0.846118469296
GENE_04474,0.845802872563
GENE_09972,0.845273297042
GENE_02821,0.845157971184
GENE_04221,0.844774375782
GENE_07625,0.844455872072
GENE_05131,0.843839509642
GENE_10952,0.843790025882
GENE_04462,0.843105332323
GENE_06388,0.842513896455
GENE_05384,0.842297327014
GENE_03150,0.841983695452
GENE_05505,0.841780774784
GENE_11419,0.841632255765
GENE_03416,0.84073448213
GENE_00972,0.840643548989
GENE_01668,0.840620026505
GENE_08317,0.840606712783
GENE_10239,0.839944539742
GENE_04394,0.839663864431
GENE_03691,0.839468504518
GENE_04551,0.839349114232
GENE_02316,0.83894050047
GENE_01293,0.838490774452
GENE_05239,0.837830535229
GENE_04633,0.837764221547
GENE_06005,0.837154486331
GENE_09778,0.836991154634
GENE_08266,0.836484137965
GENE_00540,0.835692112065
GENE_10593,0.835333435365
GENE_03329,0.834751326325
GENE_00786,0.833922154549
GENE_05945,0.833603204837
GENE_01251,0.833528961609
GENE_02851,0.83333391178
GENE_07389,0.83317943127
GENE_06660,0.833157766629
GENE_04579,0.83161678618
GENE_08304,0.831498866932
GENE_00117,0.83132196238
GENE_08683,0.8312111032
GENE_08426,0.830498133986
GENE_00588,0.830335816544
GENE_03207,0.830191811863
GENE_09306,0.830161372346
GENE_02407,0.829732417879
GENE_02014,0.829474841932
GENE_00574,0.829405581183
GENE_06228,0.829323772583
GENE_09509,0.82914903506
GENE_11457,0.829098440018
GENE_03845,0.828229690185
GENE_05044,0.828058814893
GENE_05205,0.827236107657
GENE_04912,0.827115428566
GENE_09438,0.826838630709
GENE_11054,0.826453110859
GENE_08983,0.826422324192
GENE_06969,0.826403317331
GENE_10586,0.826145616041
GENE_02437,0.826047171442
GENE_08919,0.825923583031
GENE_11447,0.82555707487
GENE_11188,0.825414597823
GENE_02050,0.825098264668
GENE_06778,0.824102896856
GENE_10030,0.823423184562
GENE_03763,0.823279915678
GENE_00636,0.823170583962
GENE_10014,0.822988592003
GENE_04674,0.822782780834
GENE_09790,0.822682426574
GENE_09804,0.8225729212
GENE_06116,0.822350470896
GENE_06775,0.822066078033
GENE_05833,0.820553502888
GENE_00890,0.820482181197
GENE_02765,0.820344012612
GENE_06535,0.820298374509
GENE_06038,0.820232398306
GENE_03673,0.820158186755
GENE_09534,0.820143594123
GENE_04391,0.819925252635
GENE_06760,0.819739717258
GENE_05248,0.819373268139
GENE_02410,0.818777643755
GENE_08107,0.818765970849
GENE_10009,0.818594618343
GENE_07587,0.817981544454
GENE_02099,0.817889658025
GENE_01311,0.8177662992
GENE_08974,0.817467126698
GENE_06039,0.817306203738
GENE_05119,0.816837011431
GENE_00430,0.816741487334
GENE_07774,0.815754486652
GENE_01431,0.815737212539
GENE_10533,0.815594244596
GENE_03496,0.815501022444
GENE_11059,0.815324166809
GENE_02815,0.814151762118
GENE_04640,0.813980860198
GENE_07202,0.813280406065
GENE_02495,0.813205186748
GENE_06736,0.811705571613
GENE_02408,0.811396554492
GENE_10313,0.810913772616
GENE_01861,0.81080827316
GENE_03809,0.810798645592
GENE_07867,0.810260044375
GENE_07752,0.810027238506
GENE_08378,0.809657530148
GENE_05953,0.809594435972
GENE_06395,0.809264698242
GENE_09530,0.809258628123
GENE_06465,0.809112790731
GENE_11267,0.808988609229
GENE_04572,0.808919269393
GENE_00158,0.808696502797
GENE_07489,0.80857100689
GENE_09389,0.808359549666
GENE_01727,0.808057798281
GENE_04998,0.808036189402
GENE_10783,0.807739555984
GENE_02030,0.807122596637
GENE_06523,0.807046416607
GENE_08282,0.806676402164
GENE_07947,0.805574702806
GENE_10989,0.804942573637
GENE_08292,0.804933390732
GENE_10679,0.80485593818
GENE_00063,0.803793375919
GENE_05395,0.803154742614
GENE_04029,0.802128458618
GENE_00459,0.802122107411
GENE_08999,0.801181763988
GENE_07076,0.800701947546
GENE_01990,0.800409525228
GENE_01734,0.799941901942
GENE_00244,0.799703592944
GENE_10248,0.799068073142
GENE_08669,0.798566673111
GENE_09589,0.798501337907
GENE_08305,0.798091048662
GENE_04827,0.797994549612
GENE_07044,0.797975254582
GENE_05916,0.797850701382
GENE_04212,0.797843779896
GENE_04769,0.796701927071
GENE_08662,0.796430366642
GENE_09139,0.796340019749
GENE_09913,0.795863812341
GENE_07542,0.794923113876
GENE_10768,0.794758522472
GENE_05164,0.794600382945
GENE_01570,0.794264679622
GENE_04165,0.793818467144
GENE_01862,0.793488720552
GENE_10947,0.793262495955
GENE_03734,0.793175688219
GENE_08269,0.792711017734
GENE_04564,0.791859310388
GENE_10377,0.791497435973
GENE_10998,0.791140004356
GENE_08162,0.790759312233
GENE_02231,0.790625599163
GENE_02498,0.790371896052
GENE_04952,0.789919722181
GENE_08045,0.7890752014
GENE_02621,0.789056687376
GENE_08235,0.788291656636
GENE_07443,0.788204140797
GENE_05640,0.786406211996
GENE_00325,0.785811387212
GENE_00980,0.785800158651
GENE_08033,0.78534560301
GENE_07000,0.78518508231
GENE_02121,0.784604287898
GENE_06444,0.784146416353
GENE_04583,0.784002779311
GENE_04023,0.783589664799
GENE_11273,0.783465648325
GENE_02286,0.783390509283
GENE_05275,0.783358710524
GENE_07909,0.783159887777
GENE_09542,0.783155656013
GENE_03648,0.782873734949
GENE_04775,0.782629826317
GENE_03604,0.782130001531
GENE_07416,0.782027387574
GENE_09240,0.781942535452
GENE_08277,0.781497239461
GENE_09456,0.781358119807
GENE_10348,0.781175336288
GENE_08654,0.780201721186
GENE_08769,0.779828640755
GENE_10670,0.779696182179
GENE_01873,0.779660532269
GENE_03228,0.779349003905
GENE_00035,0.779156350029
GENE_10683,0.779130625588
GENE_02321,0.778936503512
GENE_10991,0.778774307978
GENE_01500,0.778361076167
GENE_09454,0.777797630878
GENE_10502,0.777735047248
GENE_08083,0.777596061792
GENE_02951,0.777407352765
GENE_06675,0.776936702932
GENE_07005,0.776931692355
GENE_07446,0.776228504724
GENE_03173,0.776027913843
GENE_11275,0.775675299616
GENE_03076,0.775155494035
GENE_05559,0.775115121589
GENE_09038,0.774022774071
GENE_09756,0.773557706207
GENE_10446,0.773547615107
GENE_06261,0.773239986666
GENE_07908,0.772847838544
GENE_03245,0.771920154837
GENE_04623,0.771796177236
GENE_01060,0.771698710648
GENE_05941,0.771401794904
GENE_00577,0.770865193887
GENE_05339,0.770802219988
GENE_05203,0.770750209619
GENE_08353,0.770463595687
GENE_10088,0.770050108918
GENE_07279,0.769968731335
GENE_08315,0.76913577931
GENE_00139,0.769135683566
GENE_06996,0.769031655442
GENE_03963,0.768839675969
GENE_02892,0.768207216632
GENE_06614,0.767479344554
GENE_08809,0.767307362602
GENE_07040,0.766388476572
GENE_04539,0.766242975041
GENE_01548,0.766080278385
GENE_04041,0.765878279481
GENE_10024,0.765437494375
GENE_09000,0.765402156013
GENE_07365,0.764213203339
GENE_03627,0.764029781573
GENE_11182,0.763902908576
GENE_04527,0.763860351633
GENE_10505,0.763799772363
GENE_10264,0.763668149719
GENE_11022,0.76314230071
GENE_00146,0.763049289122
GENE_00283,0.762184501173
GENE_03933,0.760846654311
GENE_05644,0.760506119584
GENE_00979,0.760414656144
GENE_01783,0.76005596369
GENE_07658,0.759787236953
GENE_03091,0.759712295484
GENE_04262,0.759514887486
GENE_07457,0.759500037516
GENE_01353,0.759155160303
GENE_09106,0.75898169546
GENE_01170,0.758928589787
GENE_05297,0.758824416164
GENE_02913,0.757921849924
GENE_03221,0.757495149337
GENE_11387,0.757304223775
GENE_08485,0.757176821102
GENE_08178,0.757032065054
GENE_00600,0.756988616645
GENE_02688,0.756788679987
GENE_04477,0.756564674913
GENE_04810,0.756488354316
GENE_05444,0.755665838744
GENE_00515,0.755391225826
GENE_11003,0.755184973804
GENE_06389,0.754958766142
GENE_04332,0.754733298068
GENE_01991,0.754291329814
GENE_00193,0.754261221288
GENE_05522,0.753419463502
GENE_07502,0.753417473421
GENE_01456,0.753341621105
GENE_09577,0.753189949733
GENE_10141,0.752891081494
GENE_10976,0.752483377074
GENE_00265,0.752216818035
GENE_00519,0.751387123372
GENE_03993,0.751099454507
GENE_05242,0.750872779401
GENE_02905,0.750579167522
GENE_04060,0.749900239424
GENE_09347,0.749766628489
GENE_07670,0.749745475438
GENE_06824,0.749282556879
GENE_10717,0.748936113806
GENE_01921,0.747910256118
GENE_09357,0.747546125786
GENE_07194,0.747444971427
GENE_05563,0.746980840105
GENE_05148,0.746611364602
GENE_00907,0.746253566027
GENE_09547,0.746023952983
GENE_06090,0.745360724078
GENE_05485,0.745150864285
GENE_02921,0.745005312877
GENE_07831,0.744586398473
GENE_02222,0.7441919715
GENE_03633,0.744185710315
GENE_05064,0.74365177554
GENE_00723,0.743264094023
GENE_02461,0.74268241836
GENE_04534,0.742458913593
GENE_01761,0.742127491072
GENE_01384,0.742095372009
GENE_06271,0.74182229439
GENE_08495,0.741319816908
GENE_07151,0.741073780682
GENE_08433,0.741016951336
GENE_02114,0.74082434542
GENE_09449,0.740125664105
GENE_07548,0.739944051379
GENE_05375,0.739675468118
GENE_03125,0.739653151725
GENE_04799,0.739180494702
GENE_00250,0.739116045665
GENE_01722,0.738810480888
GENE_06095,0.738237230816
GENE_01564,0.736843897092
GENE_10182,0.736763345168
GENE_11290,0.735655143641
GENE_03214,0.735621997246
GENE_07963,0.735269309975
GENE_08229,0.735132113054
GENE_01439,0.73487778605
GENE_03615,0.734637545459
GENE_06353,0.734476745001
GENE_11354,0.73442585281
GENE_08906,0.734106335807
GENE_09557,0.733950478364
GENE_05011,0.733547813506
GENE_09102,0.733179317423
GENE_05397,0.733054281466
GENE_05004,0.732829081822
GENE_01094,0.732640077216
GENE_02982,0.73249210278
GENE_08455,0.732151226055
GENE_07013,0.732080951433
GENE_04307,0.73195550251
GENE_07074,0.731898069234
GENE_02683,0.731870704288
GENE_03666,0.731380252575
GENE_05032,0.731000626785
GENE_04786,0.730958976376
GENE_02235,0.730764119067
GENE_07748,0.729819362268
GENE_07182,0.729772937034
GENE_09117,0.729236949311
GENE_05050,0.729063645002
GENE_05137,0.72894119457
GENE_05511,0.728518643515
GENE_01092,0.727629543637
GENE_09507,0.727171259534
GENE_09497,0.727167988892
GENE_07233,0.726794046402
GENE_08617,0.726511622336
GENE_00617,0.725766623899
GENE_01986,0.725095786848
GENE_07869,0.725081044448
GENE_09069,0.724829373486
GENE_06154,0.724591778723
GENE_07331,0.724491060382
GENE_05269,0.724136559314
GENE_07977,0.72303793958
GENE_04718,0.722826894986
GENE_08167,0.722674824888
GENE_06061,0.722446985221
GENE_01480,0.722381357828
GENE_04759,0.721903485438
GENE_00680,0.721672064043
GENE_02475,0.721562505126
GENE_03219,0.721479323757
GENE_03273,0.721135362546
GENE_05844,0.720996952906
GENE_02202,0.719757942148
GENE_08841,0.719599497625
GENE_07254,0.719168666355
GENE_01403,0.718953310665
GENE_04664,0.718417423472
GENE_02129,0.718185725708
GENE_10394,0.717263543783
GENE_05667,0.71658933976
GENE_06315,0.71634008054
GENE_04355,0.715872744691
GENE_05034,0.715734241171
GENE_05891,0.715493096769
GENE_02128,0.715381315441
GENE_09400,0.715236583891
GENE_06682,0.715174390128
GENE_07002,0.714745649889
GENE_08003,0.714731727518
GENE_03044,0.714609790637
GENE_10309,0.71387744409
GENE_07761,0.713266250797
GENE_00685,0.712998430172
GENE_03196,0.712712028861
GENE_10549,0.712504442092
GENE_08333,0.712481764434
GENE_03191,0.71232215958
GENE_04996,0.711410579465
GENE_00688,0.710959968203
GENE_03897,0.710549102298
GENE_08535,0.709932748147
GENE_08561,0.709599479384
GENE_01718,0.709451817139
GENE_07740,0.709410980587
GENE_05056,0.709352514455
GENE_00963,0.709003757589
GENE_00937,0.708356447299
GENE_01993,0.708303847201
GENE_11274,0.708266219657
GENE_01830,0.708214423257
GENE_01282,0.708108676689
GENE_00770,0.707751935455
GENE_07325,0.707591821975
GENE_07004,0.707457710864
GENE_06565,0.707231373804
GENE_05635,0.707032359611
GENE_08834,0.706505463547
GENE_03340,0.706078913815
GENE_02620,0.704506539825
GENE_07633,0.704336209854
GENE_07836,0.703492148225
GENE_04654,0.703440133139
GENE_04303,0.703427916787
GENE_09768,0.703253828096
GENE_05500,0.70314254222
GENE_06484,0.703140197236
GENE_06669,0.702659998499
GENE_06949,0.702533313934
GENE_09283,0.702030323667
GENE_09395,0.701823040543
GENE_04739,0.701494781925
GENE_09971,0.701389893809
GENE_01139,0.701172742311
GENE_04046,0.700700612121
GENE_00759,0.700309879409
GENE_07407,0.699464246896
GENE_10122,0.699212438672
GENE_07244,0.698953071717
GENE_05273,0.698919685081
GENE_02340,0.698828420203
GENE_06287,0.69881567028
GENE_04243,0.698688813517
GENE_01004,0.698223313614
GENE_05779,0.69797403013
GENE_02627,0.697903272539
GENE_05772,0.697586970339
GENE_09090,0.69723804639
GENE_09955,0.69705097884
GENE_01900,0.696954404511
GENE_01506,0.696387447457
GENE_05298,0.69632286208
GENE_00649,0.696206364813
GENE_04017,0.696167997159
GENE_06537,0.695932100941
GENE_04435,0.695863839094
GENE_02328,0.695537757566
GENE_00444,0.695530499495
GENE_03444,0.69540247455
GENE_03223,0.695202900084
GENE_06807,0.69516524833
GENE_09025,0.694669124119
GENE_10354,0.694326381149
GENE_05666,0.693923233191
GENE_07768,0.693823453859
GENE_08618,0.693706112536
GENE_02348,0.693478911914
GENE_06480,0.693217601659
GENE_01585,0.693105607263
GENE_02479,0.692918623032
GENE_03890,0.692857584237
GENE_03614,0.692855755818
GENE_08621,0.692815210301
GENE_10851,0.692775769708
GENE_04676,0.692769031849
GENE_03069,0.692722755117
GENE_05567,0.691618575121
GENE_06336,0.690910957392
GENE_11321,0.690700889349
GENE_04506,0.690472686122
GENE_05565,0.690073676337
GENE_02443,0.689707805245
GENE_05124,0.689164457074
GENE_10872,0.688712744555
GENE_09962,0.688495974562
GENE_09928,0.688259710772
GENE_07240,0.688205306453
GENE_05434,0.687932972051
GENE_10942,0.687902082892
GENE_06789,0.687426755127
GENE_07119,0.687238450395
GENE_03546,0.687065795859
GENE_07059,0.686956632099
GENE_07185,0.686857911012
GENE_10936,0.686827495453
GENE_09852,0.686774070503
GENE_07150,0.686567746753
GENE_04608,0.686353555015
GENE_02239,0.686318456957
GENE_10256,0.685890456438
GENE_05972,0.685857818608
GENE_09849,0.685656392514
GENE_08813,0.685619374218
GENE_04842,0.685589746298
GENE_02914,0.68550773879
GENE_06558,0.685290084711
GENE_10694,0.68471485405
GENE_08909,0.684486133553
GENE_06784,0.684450477636
GENE_05815,0.684163208609
GENE_02352,0.6835693232
GENE_02468,0.683328992811
GENE_06143,0.683324511516
GENE_04991,0.683223014789
GENE_06363,0.683212404001
GENE_08188,0.68233878206
GENE_03406,0.682069490063
GENE_02454,0.682052065713
GENE_00884,0.681891489626
GENE_06610,0.681743408815
GENE_09122,0.681634223668
GENE_00797,0.681500697373
GENE_04330,0.681362326575
GENE_02863,0.681359510443
GENE_04443,0.680230208418
GENE_04359,0.680220360477
GENE_02264,0.68021610545
GENE_00392,0.679766792979
GENE_00147,0.679543386916
GENE_02276,0.679373282957
GENE_11253,0.679373170574
GENE_08788,0.679293819982
GENE_02680,0.679142775438
GENE_03536,0.678946987762
GENE_03348,0.678931290059
GENE_06295,0.678728069279
GENE_11104,0.678549654621
GENE_09711,0.677969970897
GENE_01380,0.677925871339
GENE_01751,0.677875319531
GENE_10664,0.677637101925
GENE_09651,0.676994097375
GENE_08249,0.67650747644
GENE_08398,0.676357047675
GENE_11327,0.675664453257
GENE_11212,0.675490847265
GENE_07094,0.675137056407
GENE_00841,0.674819492167
GENE_08071,0.674694977809
GENE_09265,0.673472796158
GENE_01459,0.67318135127
GENE_10096,0.673133692233
GENE_02132,0.672861235967
GENE_10658,0.672756787199
GENE_01706,0.672573701203
GENE_05926,0.672389337611
GENE_05882,0.67229340804
GENE_04762,0.671944607814
GENE_00038,0.671813951102
GENE_03930,0.671531171729
GENE_01793,0.67134007645
GENE_09546,0.671270136705
GENE_09162,0.671017804918
GENE_04898,0.670911248277
GENE_02096,0.670480617241
GENE_07519,0.670049671816
GENE_10212,0.669438371542
GENE_08849,0.669085210268
GENE_04761,0.668840130546
GENE_02325,0.668741655593
GENE_02917,0.668654804758
GENE_02615,0.668340488718
GENE_07715,0.66754808037
GENE_07581,0.667245147429
GENE_10876,0.667218939305
GENE_08964,0.667065472728
GENE_06871,0.666627883457
GENE_02278,0.666312500909
GENE_04702,0.666269672044
GENE_02314,0.665924252054
GENE_09019,0.665877823706
GENE_03264,0.665416823692
GENE_04685,0.665368935033
GENE_08446,0.665334534509
GENE_03487,0.664927162302
GENE_03768,0.664702745333
GENE_07361,0.663646347033
GENE_08705,0.663597868561
GENE_06493,0.663545618498
GENE_01440,0.662881268667
GENE_07663,0.662841093022
GENE_07584,0.662536033399
GENE_07229,0.66226298216
GENE_09992,0.662168753947
GENE_04459,0.662051834758
GENE_11174,0.661152928661
GENE_07153,0.660459952352
GENE_09356,0.660343054563
GENE_10939,0.659849612105
GENE_05461,0.659649998082
GENE_05610,0.659531469589
GENE_04812,0.659451241114
GENE_02008,0.659245668432
GENE_05281,0.659054343913
GENE_09150,0.658631952791
GENE_00868,0.658544272673
GENE_07842,0.658143036003
GENE_04508,0.65776317615
GENE_11122,0.65732109512
GENE_08773,0.656929066342
GENE_09932,0.65689870632
GENE_10567,0.65640656549
GENE_01972,0.65590077653
GENE_05425,0.655892137788
GENE_11158,0.655554358288
GENE_04559,0.65540382985
GENE_08360,0.655233628514
GENE_03808,0.654975584222
GENE_05243,0.654431027106
GENE_09914,0.654388134061
GENE_00610,0.654365656354
GENE_09231,0.653478981952
GENE_04807,0.652330338177
GENE_01046,0.652322878413
GENE_04670,0.65230615161
GENE_02610,0.65152199134
GENE_02567,0.651136241824
GENE_09745,0.650965678779
GENE_09958,0.650667628792
GENE_02298,0.650450092536
GENE_00942,0.650201177959
GENE_11365,0.64914772107
GENE_07257,0.648881925904
GENE_00895,0.64870988759
GENE_01475,0.648280433844
GENE_01033,0.647195939703
GENE_08628,0.646904523257
GENE_10889,0.646743935419
GENE_03269,0.646489537726
GENE_08539,0.646129676024
GENE_04375,0.646006187115
GENE_05918,0.645890420276
GENE_10365,0.645797641604
GENE_04772,0.645587712174
GENE_00908,0.645484181141
GENE_01963,0.64521558595
GENE_07971,0.644689803284
GENE_05415,0.644595432415
GENE_04904,0.644518491645
GENE_09999,0.644388453538
GENE_08716,0.644310500108
GENE_05922,0.64412376785
GENE_08196,0.643668753022
GENE_08925,0.642855493963
GENE_00960,0.642722759868
GENE_06247,0.642301235011
GENE_07832,0.641947129444
GENE_07665,0.641894122859
GENE_11218,0.641879061478
GENE_08211,0.641541644936
GENE_00997,0.640842861267
GENE_03556,0.640542935075
GENE_02942,0.640479795201
GENE_10172,0.640026618384
GENE_09399,0.639902957152
GENE_10724,0.638956814213
GENE_01122,0.638730222029
GENE_05553,0.63867713988
GENE_03252,0.638660168643
GENE_00530,0.638592458777
GENE_08536,0.638543317268
GENE_02107,0.638391925608
GENE_08703,0.638186998849
GENE_01912,0.638051101441
GENE_05512,0.637605812231
GENE_04644,0.637324683023
GENE_09396,0.636908079003
GENE_10051,0.636870158395
GENE_09906,0.636553206873
GENE_04889,0.635967750712
GENE_09611,0.635726526441
GENE_02018,0.635418030209
GENE_07320,0.635329195216
GENE_10966,0.635245536604
GENE_01007,0.635171801682
GENE_08803,0.635100011598
GENE_01702,0.634721468562
GENE_01222,0.633776880932
GENE_04080,0.633661024774
GENE_04009,0.633326826071
GENE_07104,0.633225310115
GENE_00859,0.632931817756
GENE_00582,0.632781866106
GENE_04884,0.632454216642
GENE_00772,0.632407739056
GENE_08187,0.632216314032
GENE_10247,0.631418606272
GENE_09172,0.631224356972
GENE_07439,0.630875603596
GENE_01517,0.630811684555
GENE_08583,0.629739514409
GENE_02760,0.629529584222
GENE_08786,0.629360633429
GENE_11357,0.628102969834
GENE_08146,0.627680417874
GENE_04818,0.627606297562
GENE_08934,0.626877063529
GENE_04651,0.626613637263
GENE_05517,0.626538363337
GENE_05766,0.626434672454
GENE_02669,0.625630933646
GENE_09674,0.625591302507
GENE_08978,0.625584593675
GENE_02716,0.625508016831
GENE_08402,0.625318334022
GENE_07127,0.624903594654
GENE_10988,0.624817823054
GENE_09404,0.623525798826
GENE_04653,0.62340713828
GENE_08899,0.623342300675
GENE_05977,0.623087347889
GENE_08210,0.622944030413
GENE_02759,0.6227112239
GENE_00204,0.622330632043
GENE_02092,0.622207144043
GENE_02698,0.622069990306
GENE_00774,0.621809962217
GENE_01944,0.621571889856
GENE_07469,0.621346739969
GENE_00779,0.620672097551
GENE_11255,0.620500899099
GENE_00437,0.619898541785
GENE_04833,0.619738784703
GENE_02601,0.619711445966
GENE_01596,0.619154261005
GENE_08752,0.619083169388
GENE_06327,0.619032946589
GENE_04140,0.618886298023
GENE_10183,0.618860330145
GENE_10038,0.618556356978
GENE_07694,0.61836056626
GENE_09192,0.61806849393
GENE_10344,0.617428630927
GENE_00499,0.617200269036
GENE_02351,0.617005949577
GENE_07531,0.616663976471
GENE_11095,0.616579352307
GENE_06475,0.615967006047
GENE_00693,0.615935606944
GENE_02076,0.615771149771
GENE_01723,0.615367484013
GENE_07739,0.615163984279
GENE_09697,0.614961232047
GENE_06734,0.614944639031
GENE_05350,0.61377085579
GENE_01028,0.61351797273
GENE_08424,0.613460165672
GENE_08604,0.613265544661
GENE_10701,0.612825321669
GENE_05699,0.612790741583
GENE_01106,0.612773905063
GENE_02689,0.612468794014
GENE_05852,0.612332214003
GENE_08206,0.612269810105
GENE_10483,0.612171618619
GENE_10561,0.61160156155
GENE_09262,0.611070905111
GENE_00783,0.610585745284
GENE_10968,0.610235005694
GENE_03040,0.610216169589
GENE_11421,0.609951387332
GENE_07540,0.60988004719
GENE_10873,0.609737723337
GENE_05072,0.609526045209
GENE_11455,0.609509896212
GENE_09348,0.60923883089
GENE_01271,0.609138120907
GENE_07377,0.609135519054
GENE_04415,0.608905356255
GENE_05378,0.608735589124
GENE_07930,0.608267166344
GENE_03171,0.608246191685
GENE_07591,0.607947567006
GENE_00916,0.607896509717
GENE_06313,0.607840338735
GENE_07763,0.607289015102
GENE_09656,0.606942608387
GENE_02527,0.606850593216
GENE_09329,0.606762150206
GENE_02306,0.606723059136
GENE_00705,0.606009951346
GENE_04289,0.605606232631
GENE_09124,0.605513651124
GENE_09860,0.605404504763
GENE_11388,0.605133015759
GENE_02211,0.604515326355
GENE_03591,0.604120889589
GENE_08137,0.604107455439
GENE_10021,0.604097426356
GENE_08190,0.604051644922
GENE_04899,0.603790520278
GENE_09973,0.603781469553
GENE_08466,0.603713240544
GENE_07173,0.603645738961
GENE_03250,0.603247500571
GENE_02109,0.603187431082
GENE_03684,0.603094684949
GENE_05957,0.602580267978
GENE_11611,0.602479874874
GENE_07775,0.602473436282
GENE_02991,0.602118320392
GENE_02081,0.601206748929
GENE_07925,0.600733015146
GENE_05228,0.600212965744
GENE_01329,0.599928729996
GENE_05283,0.599577541245
GENE_07743,0.599450686322
GENE_06463,0.599103331864
GENE_10084,0.599089759264
GENE_10321,0.599084185295
GENE_07820,0.598996341684
GENE_02614,0.598794389562
GENE_00123,0.598148937208
GENE_06059,0.598099155047
GENE_07061,0.597537705895
GENE_01138,0.59740006985
GENE_02662,0.597228218253
GENE_03630,0.596441137582
GENE_04096,0.595490897639
GENE_10869,0.595131185914
GENE_02790,0.595029465836
GENE_09718,0.594854373397
GENE_01168,0.594754341665
GENE_01970,0.593556722281
GENE_08509,0.593539432293
GENE_00694,0.593101257968
GENE_11445,0.593054050283
GENE_04005,0.592567273847
GENE_00347,0.592536225623
GENE_04711,0.592530307318
GENE_01499,0.592526949201
GENE_07132,0.592329547013
GENE_08839,0.592113900285
GENE_02133,0.591814133741
GENE_09855,0.591668049693
GENE_10843,0.591571018453
GENE_04358,0.591442151752
GENE_03857,0.591349241758
GENE_05785,0.591136117924
GENE_10262,0.591090531325
GENE_06144,0.59074433551
GENE_00888,0.590654830692
GENE_03667,0.590422061251
GENE_07146,0.589639231357
GENE_01465,0.588578404421
GENE_02189,0.588553269771
GENE_11460,0.58843618024
GENE_10704,0.588157264436
GENE_06990,0.588076675168
GENE_04832,0.587855888138
GENE_00019,0.587696298665
GENE_04922,0.587391699806
GENE_04940,0.587262413464
GENE_09702,0.587057534595
GENE_01690,0.586693801475
GENE_01447,0.586364018755
GENE_03790,0.586165800393
GENE_03908,0.585904201165
GENE_04389,0.585299436516
GENE_08131,0.585021332288
GENE_11378,0.584953493086
GENE_00100,0.58462925795
GENE_08511,0.584622952487
GENE_07888,0.584524051837
GENE_02241,0.584412980472
GENE_04545,0.584314166435
GENE_00886,0.583928185326
GENE_08348,0.583883022284
GENE_09480,0.583837081539
GENE_03097,0.583544303012
GENE_03725,0.582737583174
GENE_03891,0.582571318809
GENE_01521,0.582097703469
GENE_02671,0.582026567085
GENE_06549,0.581781770628
GENE_08611,0.581723364971
GENE_09587,0.580999539962
GENE_07989,0.580567687036
GENE_11905,0.580291898691
GENE_03099,0.579857285295
GENE_01650,0.579633173214
GENE_05736,0.579346759757
GENE_01361,0.579291499601
GENE_10389,0.579076300876
GENE_06530,0.578928648571
GENE_08763,0.578909818069
GENE_04703,0.57797852364
GENE_00485,0.577746290402
GENE_11213,0.577516954607
GENE_04704,0.577363525107
GENE_07810,0.577072183835
GENE_00546,0.577072127181
GENE_06070,0.576451345122
GENE_09153,0.57556192583
GENE_10375,0.57535672452
GENE_00023,0.575251813787
GENE_02335,0.575205016107
GENE_03333,0.574071220894
GENE_07401,0.574041930884
GENE_09157,0.573767109902
GENE_03436,0.573744421004
GENE_11031,0.573558836877
GENE_09067,0.573447493355
GENE_02796,0.573127813241
GENE_00999,0.572582781356
GENE_09744,0.57247141178
GENE_07378,0.572445306155
GENE_03107,0.572390311176
GENE_02426,0.572057441714
GENE_04070,0.5720062783
GENE_09562,0.571224210236
GENE_04199,0.571179406219
GENE_08488,0.571141242038
GENE_11405,0.571102628591
GENE_09126,0.570945694604
GENE_10275,0.570940993942
GENE_02500,0.57061299722
GENE_00523,0.570598668593
GENE_03953,0.570507208355
GENE_08005,0.570487330864
GENE_09128,0.57048608608
GENE_05756,0.570421173361
GENE_00267,0.569858622039
GENE_00958,0.569767280232
GENE_03401,0.569760357199
GENE_09598,0.569758919704
GENE_10484,0.56928932327
GENE_01238,0.568983079185
GENE_08366,0.568644616013
GENE_06720,0.568273377153
GENE_03978,0.568103205129
GENE_04993,0.566771726184
GENE_08715,0.566602148393
GENE_08878,0.566540987082
GENE_10195,0.565632901887
GENE_01454,0.565509645632
GENE_04984,0.5648423586
GENE_07911,0.564789105908
GENE_08908,0.564776264314
GENE_02430,0.564605925894
GENE_00271,0.564137848821
GENE_01167,0.563909120052
GENE_07215,0.563787875007
GENE_11429,0.56367365427
GENE_00503,0.562969236691
GENE_10106,0.562910660285
GENE_02732,0.562880860174
GENE_08652,0.562854480457
GENE_11098,0.561573470571
GENE_08651,0.561472629826
GENE_01898,0.560919447941
GENE_08949,0.559828448828
GENE_00784,0.559790447931
GENE_07078,0.558723836944
GENE_09412,0.558695282922
GENE_04215,0.558336423212
GENE_01260,0.558326912522
GENE_02743,0.558139514519
GENE_01313,0.557810306352
GENE_02159,0.557691060725
GENE_08186,0.557408556851
GENE_06823,0.557137618403
GENE_08585,0.556874722368
GENE_03004,0.556553124534
GENE_01411,0.556230009401
GENE_05192,0.556022096842
GENE_05718,0.555941451646
GENE_09552,0.555826027575
GENE_09858,0.555742178043
GENE_01964,0.555604466003
GENE_02532,0.555512646342
GENE_11020,0.554638708132
GENE_03279,0.554057771116
GENE_05303,0.553569531068
GENE_04483,0.553388983074
GENE_02659,0.553251219985
GENE_03986,0.553149156379
GENE_03077,0.553040085852
GENE_06646,0.552905228599
GENE_01197,0.552489954417
GENE_02668,0.55229993768
GENE_06118,0.551964259332
GENE_00346,0.551915658503
GENE_04442,0.551885971822
GENE_03019,0.551740799911
GENE_01769,0.55148537604
GENE_02416,0.55147627524
GENE_06876,0.551017060226
GENE_03651,0.550797572274
GENE_10913,0.550128481218
GENE_01188,0.550052099025
GENE_05174,0.54968318629
GENE_10177,0.549574316064
GENE_02512,0.548883835317
GENE_10903,0.548700476395
GENE_11187,0.548463273541
GENE_03917,0.548319627554
GENE_07162,0.548066924707
GENE_09929,0.547738978738
GENE_02511,0.547264797378
GENE_02125,0.547119115175
GENE_01669,0.546733568201
GENE_01890,0.546284248004
GENE_11988,0.546054535943
GENE_04592,0.545786713532
GENE_08222,0.544624574499
GENE_07859,0.544582400794
GENE_09884,0.544459869527
GENE_04473,0.54422035234
GENE_01058,0.543600154594
GENE_02978,0.54347937867
GENE_04935,0.543390827872
GENE_00521,0.54336019238
GENE_01203,0.543298029036
GENE_07687,0.54303227929
GENE_09704,0.542423969532
GENE_07913,0.542203006909
GENE_01352,0.541462728205
GENE_07853,0.541321294008
GENE_04408,0.540908518561
GENE_08751,0.540589541812
GENE_05319,0.540287944036
GENE_09111,0.540017801723
GENE_11082,0.539950900755
GENE_07425,0.539764512828
GENE_01262,0.538755992446
GENE_11351,0.538503156639
GENE_05033,0.538434957216
GENE_01420,0.53829607905
GENE_10367,0.538211605492
GENE_05990,0.537768190368
GENE_03946,0.53762990295
GENE_06965,0.537478704606
GENE_06246,0.53741200282
GENE_10983,0.537179814542
GENE_09464,0.536807469225
GENE_01401,0.536652752527
GENE_01304,0.53650984357
GENE_00095,0.536485051868
GENE_05141,0.536413899891
GENE_09236,0.536389218848
GENE_03885,0.536290909517
GENE_08496,0.53545874741
GENE_02868,0.534817336346
GENE_02555,0.534629086122
GENE_02308,0.534505648481
GENE_05402,0.534364898636
GENE_09302,0.534347213454
GENE_06108,0.534207862375
GENE_08968,0.533695248006
GENE_03690,0.533359244705
GENE_05501,0.533207317899
GENE_09213,0.532891720227
GENE_07680,0.532783209323
GENE_03306,0.532006198822
GENE_04852,0.531026094894
GENE_04845,0.530975661964
GENE_05954,0.530894314216
GENE_08891,0.530867162067
GENE_09862,0.530801583673
GENE_06468,0.53068312301
GENE_08692,0.530369188999
GENE_08896,0.530342901671
GENE_00542,0.529804177915
GENE_01321,0.529692754357
GENE_10252,0.528036004548
GENE_06439,0.527839349916
GENE_08567,0.527480833028
GENE_08552,0.526981391364
GENE_04693,0.526897923666
GENE_04156,0.526536683672
GENE_09982,0.525937280255
GENE_11392,0.525169313262
GENE_10893,0.524584683048
GENE_10470,0.523998955584
GENE_05695,0.523960512077
GENE_11597,0.5233733314
GENE_08718,0.523323782729
GENE_04636,0.523223185737
GENE_01020,0.522835488035
GENE_09828,0.522520766442
GENE_02295,0.522514105266
GENE_03432,0.522250636018
GENE_03181,0.522142545934
GENE_11106,0.522020635111
GENE_00044,0.521478009633
GENE_06404,0.52144939906
GENE_03741,0.521279905014
GENE_10219,0.521229990645
GENE_10698,0.521215791189
GENE_01962,0.521122428379
GENE_06224,0.520756120359
GENE_06694,0.520689496423
GENE_04225,0.519902139529
GENE_07737,0.519871018102
GENE_05115,0.519358745638
GENE_04740,0.51887118044
GENE_05993,0.518793017452
GENE_06747,0.518218950445
GENE_05152,0.51810170203
GENE_04721,0.517994776391
GENE_00744,0.517659020469
GENE_04036,0.516946515748
GENE_09567,0.516825265824
GENE_05761,0.516644445936
GENE_08828,0.516396667787
GENE_01987,0.516178287115
GENE_10328,0.516163022926
GENE_07135,0.516144039586
GENE_01567,0.515939217704
GENE_11339,0.51571961917
GENE_10243,0.515660630083
GENE_03179,0.515628088444
GENE_03950,0.515294321624
GENE_04390,0.514883596076
GENE_02425,0.514254756018
GENE_04475,0.514062552425
GENE_01698,0.513907849659
GENE_03805,0.513614464231
GENE_01536,0.51360010657
GENE_01720,0.513105798176
GENE_01985,0.513085420097
GENE_10801,0.512543628399
GENE_03494,0.511499575362
GENE_01754,0.511202599525
GENE_02652,0.510792088528
GENE_08439,0.51060069041
GENE_08690,0.510535378451
GENE_11175,0.510252222405
GENE_04696,0.510157468915
GENE_05798,0.51012436125
GENE_06425,0.509689231225
GENE_06735,0.509683077242
GENE_09334,0.50951356393
GENE_08638,0.509295323642
GENE_01807,0.50872502323
GENE_04290,0.508608373233
GENE_11628,0.508306273057
GENE_02894,0.508268639675
GENE_10809,0.508012291055
GENE_01287,0.507991326913
GENE_01419,0.50783575629
GENE_11332,0.507611822943
GENE_00891,0.507274031107
GENE_04800,0.507020272135
GENE_10425,0.506915720136
GENE_11214,0.506587671697
GENE_03976,0.506240989306
GENE_05231,0.506157655461
GENE_03378,0.505965553456
GENE_05910,0.505735432473
GENE_03396,0.505589241836
GENE_06292,0.505557853215
GENE_02033,0.505470159167
GENE_06438,0.505337147647
GENE_10269,0.505261343174
GENE_05087,0.505021088274
GENE_05516,0.504581814477
GENE_04233,0.504483256383
GENE_10032,0.504365065718
GENE_05215,0.504287853384
GENE_06403,0.504270748038
GENE_04337,0.50325206475
GENE_09801,0.503232384532
GENE_04959,0.503090368624
GENE_03338,0.502784426895
GENE_03520,0.502744807491
GENE_10158,0.502546246454
GENE_06032,0.502499696129
GENE_09646,0.501900233701
GENE_02373,0.501782736168
GENE_05101,0.501685045169
GENE_09965,0.501129276065
GENE_01747,0.50109416994
GENE_10165,0.501090009309
GENE_07032,0.500917329086
GENE_00516,0.500917187624
GENE_01913,0.500844474944
GENE_04532,0.500831591004
GENE_02336,0.500665721381
GENE_03508,0.500240469437
GENE_04439,0.500143033114
GENE_10595,0.500112829621
GENE_02712,0.49986412374
GENE_10356,0.499821635974
GENE_02458,0.499685110303
GENE_10596,0.499558908249
GENE_09609,0.499110506799
GENE_05040,0.499095816138
GENE_06962,0.498883194768
GENE_09002,0.498689912136
GENE_02162,0.498221748497
GENE_10327,0.498111995645
GENE_06245,0.497788309418
GENE_02313,0.497743089091
GENE_03726,0.496873590508
GENE_01931,0.496699223237
GENE_08802,0.49663461498
GENE_04522,0.496400117734
GENE_03492,0.496199187363
GENE_04741,0.495805021028
GENE_09998,0.495765573016
GENE_01113,0.495681887973
GENE_04312,0.494705653775
GENE_04206,0.494063918976
GENE_01052,0.494030186283
GENE_06269,0.493977382206
GENE_03851,0.493654847643
GENE_04265,0.493560204334
GENE_00756,0.493317900881
GENE_10973,0.49319568849
GENE_04248,0.492986458514
GENE_05944,0.492883971852
GENE_00845,0.492451264008
GENE_02342,0.492018847993
GENE_06757,0.492014280567
GENE_10508,0.492004054103
GENE_07627,0.491993486836
GENE_04175,0.491505647247
GENE_06418,0.491445510894
GENE_03400,0.49142945272
GENE_06507,0.491412756356
GENE_03122,0.491207665412
GENE_11090,0.491003945958
GENE_01438,0.490974951638
GENE_00683,0.489374561228
GENE_04607,0.489254535076
GENE_11115,0.489211824664
GENE_01701,0.489187130148
GENE_09032,0.489178350638
GENE_10202,0.489130556649
GENE_02199,0.487872284871
GENE_05007,0.487774821084
GENE_03827,0.487560297087
GENE_04400,0.487305237045
GENE_08808,0.48721819463
GENE_11208,0.486842068967
GENE_10444,0.486741502158
GENE_01323,0.486501643826
GENE_05979,0.48630999335
GENE_04796,0.486184791562
GENE_03006,0.486036289418
GENE_07602,0.485359907553
GENE_00189,0.485152775314
GENE_00472,0.484808937801
GENE_09690,0.484734647969
GENE_01630,0.484732817294
GENE_08818,0.484591378839
GENE_02861,0.483876651188
GENE_11198,0.483841125026
GENE_07653,0.48279012406
GENE_02525,0.482687887209
GENE_09355,0.482533709821
GENE_02462,0.482248952681
GENE_02816,0.482066727335
GENE_02510,0.481866061718
GENE_00618,0.481009231737
GENE_03829,0.480908092749
GENE_04448,0.480744579768
GENE_00254,0.480630034046
GENE_06935,0.480608593347
GENE_06112,0.480586758428
GENE_04672,0.480260501406
GENE_08532,0.480063617904
GENE_09351,0.479939741148
GENE_04161,0.479827035367
GENE_08513,0.479625319552
GENE_05136,0.479507548002
GENE_02779,0.479441518086
GENE_04849,0.479360953429
GENE_06014,0.479003143393
GENE_00592,0.478979825746
GENE_11380,0.478847573218
GENE_08474,0.478140575556
GENE_10058,0.478037815192
GENE_01071,0.477040827223
GENE_05623,0.476651040801
GENE_08938,0.476430166717
GENE_02032,0.476357769356
GENE_06847,0.476240353388
GENE_07145,0.475751991832
GENE_05328,0.475588435929
GENE_03515,0.475430682527
GENE_04883,0.475365610692
GENE_07451,0.475334925427
GENE_07885,0.475258604717
GENE_03325,0.475167746495
GENE_10969,0.47474210484
GENE_01309,0.47469823288
GENE_07324,0.474633485567
GENE_02530,0.473632076811
GENE_03138,0.473471899035
GENE_04733,0.473407415712
GENE_10891,0.473336675555
GENE_06690,0.473145453268
GENE_04334,0.47303828216
GENE_10126,0.472815069928
GENE_09861,0.47263976299
GENE_04003,0.472630345843
GENE_00735,0.472597482413
GENE_02205,0.47240627788
GENE_02459,0.472002270919
GENE_03775,0.471542380418
GENE_00621,0.471468357136
GENE_00857,0.471415556386
GENE_08864,0.471391262765
GENE_07545,0.470509847379
GENE_07374,0.470482996129
GENE_03145,0.470044187368
GENE_09564,0.470013661247
GENE_02686,0.469267589809
GENE_05547,0.468978078148
GENE_01545,0.468774256075
GENE_07515,0.468540161546
GENE_05998,0.467950422132
GENE_01937,0.467693171765
GENE_07919,0.467690103859
GENE_08150,0.467252215183
GENE_02952,0.466670981966
GENE_03430,0.46654531145
GENE_08055,0.46644459684
GENE_06693,0.466431287412
GENE_01574,0.466429982434
GENE_02169,0.466358374446
GENE_00412,0.465885829264
GENE_03784,0.464369863547
GENE_07376,0.464251238123
GENE_08874,0.463301510234
GENE_02741,0.463288530118
GENE_02664,0.463206292099
GENE_02631,0.463184795268
GENE_02279,0.462591292854
GENE_03927,0.462483624067
GENE_02191,0.462172666082
GENE_10606,0.46215409606
GENE_02285,0.462060893252
GENE_07432,0.461272084318
GENE_07487,0.461078032296
GENE_06715,0.460824865404
GENE_07042,0.460797243616
GENE_08960,0.460415649843
GENE_04052,0.460271624982
GENE_06531,0.46004232386
GENE_01390,0.459972142939
GENE_11324,0.459637318075
GENE_10073,0.4592041816
GENE_00787,0.459180079228
GENE_05599,0.458994001674
GENE_08462,0.458389009957
GENE_02871,0.458386703551
GENE_10017,0.458317939125
GENE_03358,0.458168114789
GENE_03639,0.457805609926
GENE_02322,0.457772866152
GENE_02883,0.457686586054
GENE_10048,0.457541934005
GENE_05782,0.457324281087
GENE_02618,0.457280404615
GENE_10622,0.457224811949
GENE_06631,0.457213063693
GENE_00957,0.456753219154
GENE_05291,0.45668801073
GENE_09064,0.456355973133
GENE_07304,0.456249488529
GENE_03161,0.455904195171
GENE_01412,0.455887772082
GENE_10450,0.455646910089
GENE_02767,0.454740912141
GENE_09714,0.454704396417
GENE_08451,0.453905229441
GENE_05133,0.453585523509
GENE_01133,0.453534301514
GENE_03032,0.453508712554
GENE_11067,0.453221902283
GENE_06073,0.452756352077
GENE_01643,0.45237179625
GENE_05776,0.45206783826
GENE_07523,0.451226016136
GENE_03209,0.451225319319
GENE_05894,0.450962634776
GENE_10046,0.450812336332
GENE_05481,0.450613049431
GENE_03108,0.450603412863
GENE_05716,0.450495723778
GENE_07196,0.450155633947
GENE_11206,0.450054671185
GENE_06893,0.449827213727
GENE_03311,0.449473912832
GENE_08223,0.449433515947
GENE_00130,0.449336568934
GENE_03027,0.449218721285
GENE_04057,0.448635764515
GENE_06155,0.448485454196
GENE_10545,0.448413249479
GENE_09107,0.448078341013
GENE_10621,0.447930732773
GENE_01905,0.44771692581
GENE_00959,0.447708560017
GENE_09883,0.447696266395
GENE_04924,0.447393937069
GENE_05974,0.44698171701
GENE_03035,0.446872500803
GENE_09701,0.446703610809
GENE_06011,0.446536506941
GENE_08568,0.445838875229
GENE_11731,0.445769569114
GENE_10299,0.445759851217
GENE_08677,0.445677907082
GENE_09343,0.444968315376
GENE_07698,0.44489589501
GENE_07943,0.444853537557
GENE_03652,0.444773807832
GENE_01469,0.44460266822
GENE_10116,0.444591995073
GENE_00689,0.444263311486
GENE_03428,0.444198327291
GENE_07773,0.444145171087
GENE_03135,0.443002130447
GENE_06830,0.442316868164
GENE_01825,0.441940649569
GENE_09527,0.441760649649
GENE_05935,0.441746736378
GENE_06810,0.441662564186
GENE_10793,0.441419759893
GENE_03246,0.441307151699
GENE_11116,0.440494496163
GENE_01195,0.44047473796
GENE_08088,0.440353993878
GENE_06629,0.440059929023
GENE_00934,0.440014450053
GENE_11926,0.439874466986
GENE_02320,0.43950123062
GENE_06410,0.439486048009
GENE_06384,0.439452690458
GENE_07388,0.4391501337
GENE_06502,0.438579290921
GENE_02130,0.43847573881
GENE_06169,0.438412699497
GENE_11461,0.437506203473
GENE_03199,0.437313187039
GENE_06845,0.437126779731
GENE_01342,0.436938169746
GENE_02260,0.436738551734
GENE_01592,0.436559804158
GENE_01025,0.436323669674
GENE_06293,0.436235704801
GENE_05130,0.436005775223
GENE_03404,0.4359753895
GENE_08158,0.435947629715
GENE_08098,0.435546318992
GENE_08844,0.43521152829
GENE_05988,0.434941038368
GENE_03514,0.434770064557
GENE_04949,0.434502646091
GENE_09607,0.434263649922
GENE_10117,0.433835240089
GENE_10067,0.433749685961
GENE_10049,0.433747609349
GENE_08915,0.433562460192
GENE_10055,0.433541610473
GENE_10761,0.433452441699
GENE_10575,0.433063946741
GENE_11037,0.432972928044
GENE_02545,0.432959825361
GENE_11001,0.43285040252
GENE_06922,0.4323527142
GENE_03144,0.432262950634
GENE_04877,0.432216690759
GENE_01989,0.431922544674
GENE_05374,0.431631629638
GENE_08011,0.431022958011
GENE_08579,0.43100969213
GENE_05494,0.430862419015
GENE_10223,0.430362641506
GENE_01085,0.430041647191
GENE_00790,0.429618219133
GENE_03898,0.429340822802
GENE_08885,0.428967948549
GENE_01584,0.428816500331
GENE_08352,0.428761258881
GENE_09286,0.428352913771
GENE_05487,0.428342050661
GENE_03352,0.428316692375
GENE_01645,0.428307097208
GENE_03947,0.428186247811
GENE_07806,0.427962626553
GENE_05341,0.427814395153
GENE_11443,0.427376045471
GENE_01849,0.427194361872
GENE_11632,0.426178003842
GENE_11278,0.426156559646
GENE_09959,0.425910967101
GENE_02196,0.425887206193
GENE_03422,0.42584365863
GENE_03048,0.42548993324
GENE_00981,0.425457561785
GENE_03201,0.425444864184
GENE_04629,0.42532130833
GENE_03517,0.424393937861
GENE_01019,0.424165946402
GENE_03708,0.424066861518
GENE_01887,0.424061044464
GENE_05249,0.423889482444
GENE_01637,0.423599065593
GENE_08678,0.423507874022
GENE_06902,0.422434972901
GENE_09050,0.42232479745
GENE_01131,0.421920754235
GENE_04598,0.421780074251
GENE_06603,0.421716933003
GENE_02315,0.421586610614
GENE_03634,0.421546083537
GENE_09300,0.421247378691
GENE_02341,0.420972944389
GENE_04486,0.420699631018
GENE_09109,0.420536705904
GENE_09654,0.420268529057
GENE_03811,0.420191542895
GENE_02526,0.420094490452
GENE_04227,0.419705608357
GENE_03093,0.419609972024
GENE_01477,0.419532443907
GENE_08603,0.419050734753
GENE_01257,0.419019009366
GENE_05604,0.418759960127
GENE_08122,0.418704578292
GENE_09736,0.418514559157
GENE_02296,0.418398220889
GENE_03423,0.418205755888
GENE_04467,0.417680752239
GENE_05263,0.417465089821
GENE_08486,0.417095324423
GENE_09149,0.41687306259
GENE_06186,0.416801574483
GENE_03315,0.416446038101
GENE_05227,0.415836836286
GENE_05285,0.415826629455
GENE_09451,0.41580272572
GENE_02740,0.414865500362
GENE_08109,0.414784462079
GENE_04743,0.414772890789
GENE_01223,0.413799097451
GENE_06765,0.413616257572
GENE_00604,0.413434903224
GENE_11120,0.41337202913
GENE_08728,0.413147475953
GENE_04503,0.412998912138
GENE_09470,0.412355969086
GENE_10573,0.412083464871
GENE_11391,0.412071137066
GENE_07341,0.411952999062
GENE_07944,0.411565719164
GENE_08571,0.411357631151
GENE_04548,0.410550085328
GENE_08572,0.410383276787
GENE_01704,0.409818656929
GENE_02624,0.409762795959
GENE_07690,0.409685343747
GENE_04712,0.409636118684
GENE_05596,0.409438530642
GENE_08707,0.409140922776
GENE_06870,0.409064938334
GENE_02359,0.408652811481
GENE_11069,0.408610747564
GENE_02864,0.408607307702
GENE_00732,0.408252755714
GENE_07327,0.408135912778
GENE_10758,0.40809605857
GENE_03650,0.408052846837
GENE_09586,0.407689736837
GENE_09293,0.407090383399
GENE_01979,0.407052287125
GENE_09615,0.40684763514
GENE_05551,0.406622034223
GENE_09739,0.406094018849
GENE_05913,0.406056122428
GENE_11317,0.405850266693
GENE_08575,0.405824086674
GENE_00400,0.405572341206
GENE_09574,0.405035385856
GENE_07015,0.404823408808
GENE_02261,0.404294754962
GENE_04354,0.404212865277
GENE_01680,0.403730090337
GENE_09042,0.403299604167
GENE_05929,0.403274563037
GENE_10211,0.402516209735
GENE_06488,0.402268077201
GENE_11412,0.402197824912
GENE_10265,0.400737253692
GENE_09062,0.40064163834
GENE_03368,0.400481386506
GENE_05104,0.400235855527
GENE_08804,0.4001696052
GENE_07413,0.400000005614
GENE_09776,0.399996552944
GENE_01444,0.399687951753
GENE_07025,0.399469372602
GENE_05213,0.399317601719
GENE_06021,0.399228192939
GENE_01032,0.399223122605
GENE_00713,0.399136114352
GENE_07879,0.399044140647
GENE_07051,0.398992157502
GENE_06999,0.398763764425
GENE_10588,0.39871280179
GENE_05019,0.398147265123
GENE_05713,0.398048216509
GENE_02639,0.397927049947
GENE_09277,0.397637501776
GENE_10421,0.397527756573
GENE_06552,0.397397023459
GENE_07379,0.397046669882
GENE_07588,0.396366956467
GENE_08390,0.395914220958
GENE_03613,0.395819781096
GENE_01051,0.395803533437
GENE_04190,0.39579884871
GENE_07141,0.395598834763
GENE_04490,0.395420985388
GENE_07381,0.395373681186
GENE_09035,0.395307252649
GENE_07629,0.394957970323
GENE_09821,0.394881490003
GENE_11131,0.394757389108
GENE_01467,0.394671529823
GENE_05714,0.394579985484
GENE_00558,0.394452142378
GENE_07619,0.393975225864
GENE_06227,0.393873218165
GENE_02818,0.393797298216
GENE_00482,0.393553679742
GENE_01005,0.393485385422
GENE_01277,0.393317839394
GENE_04049,0.393307050005
GENE_10479,0.393295138166
GENE_05983,0.392913510548
GENE_08921,0.392768363051
GENE_05132,0.392634115651
GENE_00142,0.392516765439
GENE_09493,0.392456018471
GENE_02036,0.392415967179
GENE_09956,0.391881262246
GENE_09287,0.391828707716
GENE_01357,0.391804005403
GENE_09187,0.39169801601
GENE_10277,0.39155117526
GENE_06548,0.391209327237
GENE_05583,0.391127876933
GENE_02418,0.390695920928
GENE_02062,0.390464849929
GENE_05618,0.390366194395
GENE_10778,0.389945599383
GENE_02553,0.389614177371
GENE_04978,0.389604524092
GENE_02581,0.389159195668
GENE_03114,0.388978729352
GENE_07902,0.388818910264
GENE_10578,0.388647246033
GENE_01290,0.388578604531
GENE_09671,0.388424613678
GENE_04146,0.38837572923
GENE_03935,0.388312005423
GENE_08335,0.388185795655
GENE_09729,0.387679879033
GENE_04469,0.387371480633
GENE_00223,0.38728412881
GENE_11052,0.387148316061
GENE_02700,0.386808520689
GENE_07262,0.386586229905
GENE_04632,0.386382653848
GENE_02748,0.386323317812
GENE_10307,0.386166497998
GENE_06834,0.385970092569
GENE_06668,0.385749968182
GENE_07744,0.385710840531
GENE_09812,0.385212652259
GENE_08668,0.384966416048
GENE_09417,0.384209221649
GENE_04763,0.384202072006
GENE_09246,0.383455014854
GENE_04313,0.383435031404
GENE_05039,0.383168189759
GENE_02889,0.382988984741
GENE_08367,0.382921710057
GENE_05593,0.382653551477
GENE_06636,0.382433315693
GENE_00843,0.382409746184
GENE_10979,0.382033705716
GENE_01084,0.381935452232
GENE_05471,0.381734168963
GENE_06495,0.381425617534
GENE_07398,0.38135283458
GENE_04142,0.381309612265
GENE_09460,0.381244655162
GENE_01457,0.381158384883
GENE_08820,0.380826418345
GENE_05877,0.380778071365
GENE_11320,0.380520305316
GENE_00782,0.380197851006
GENE_11404,0.380067440574
GENE_03837,0.379767636041
GENE_09868,0.379699677417
GENE_03899,0.379639648386
GENE_04505,0.379405397605
GENE_03940,0.379153118726
GENE_08275,0.378046260428
GENE_10970,0.377554732838
GENE_00599,0.377300493045
GENE_08297,0.377263259342
GENE_00927,0.377211875065
GENE_01946,0.377100393902
GENE_02100,0.376409526098
GENE_05351,0.375455857627
GENE_09797,0.375359696144
GENE_09641,0.374062088131
GENE_01253,0.374056569848
GENE_10616,0.373653405621
GENE_06626,0.373533683412
GENE_03662,0.373348559711
GENE_09307,0.372842248656
GENE_07728,0.37264818648
GENE_02580,0.372105472607
GENE_10823,0.372081478667
GENE_11438,0.37120676347
GENE_00548,0.371145873371
GENE_11100,0.370867792471
GENE_08387,0.370340267329
GENE_04544,0.370211889942
GENE_03637,0.370061115269
GENE_09901,0.369925613004
GENE_01903,0.369642192198
GENE_09369,0.36926377765
GENE_06672,0.369016437825
GENE_02817,0.368733147318
GENE_00900,0.368673308873
GENE_09779,0.368497586839
GENE_02714,0.367649292991
GENE_03254,0.36761984021
GENE_05183,0.367510410541
GENE_02522,0.367481665474
GENE_01555,0.367365506816
GENE_01728,0.367287313401
GENE_05629,0.366814043285
GENE_05745,0.366746407892
GENE_09385,0.366606247014
GENE_06753,0.365759986093
GENE_06622,0.365394241925
GENE_11028,0.365169001048
GENE_01115,0.364961002466
GENE_06414,0.364561477355
GENE_03655,0.364140296055
GENE_04279,0.363970630853
GENE_02255,0.363631882625
GENE_03965,0.363115627745
GENE_07564,0.363004284806
GENE_10474,0.362995703433
GENE_11132,0.362543091093
GENE_09620,0.362449881595
GENE_09325,0.361914270731
GENE_03307,0.361661061247
GENE_01835,0.361503525206
GENE_03105,0.361417317273
GENE_09550,0.360755754664
GENE_03999,0.360647891436
GENE_06239,0.360441676293
GENE_05214,0.360393395018
GENE_05872,0.360368715905
GENE_07852,0.360226037077
GENE_04557,0.360164183946
GENE_05678,0.359738975127
GENE_07175,0.359680847686
GENE_04185,0.359475797547
GENE_08078,0.35905509348
GENE_10078,0.358917583741
GENE_10599,0.358848072679
GENE_02911,0.35845361821
GENE_05840,0.358344511076
GENE_06376,0.357661366631
GENE_04713,0.356972759267
GENE_10173,0.356412583534
GENE_04624,0.356252788706
GENE_03974,0.355668948563
GENE_02207,0.355613348786
GENE_07318,0.35533819559
GENE_10546,0.354309381519
GENE_07109,0.353770630891
GENE_02966,0.352504968357
GENE_00951,0.352055396514
GENE_08365,0.351662354974
GENE_03621,0.351479900352
GENE_01994,0.351448207542
GENE_05051,0.351165467627
GENE_01700,0.350630099274
GENE_04426,0.350370216386
GENE_06103,0.349923715249
GENE_02802,0.349800024568
GENE_02676,0.3496500473
GENE_10958,0.349615331028
GENE_11330,0.349363553482
GENE_04403,0.348595119861
GENE_04518,0.348341739246
GENE_02270,0.347676483538
GENE_11431,0.347673542245
GENE_00727,0.347581705362
GENE_03972,0.347561613804
GENE_08943,0.347397486435
GENE_03552,0.346709977605
GENE_09193,0.346527018313
GENE_01069,0.346503881731
GENE_01099,0.346488475898
GENE_08139,0.346312710225
GENE_06756,0.346117328798
GENE_10280,0.345620344651
GENE_08599,0.345414181644
GENE_04517,0.344053921563
GENE_02382,0.34378788155
GENE_10911,0.343597535178
GENE_08209,0.343158554197
GENE_07080,0.342926377321
GENE_00956,0.342725346378
GENE_11147,0.342450879177
GENE_02737,0.34233783449
GENE_09169,0.342225579424
GENE_07550,0.34210603965
GENE_11331,0.342099481557
GENE_05438,0.341825213955
GENE_09010,0.341753920714
GENE_05052,0.341660231953
GENE_06054,0.341215842492
GENE_02417,0.3405892164
GENE_02499,0.340051294569
GENE_06519,0.339355812756
GENE_07303,0.338993513809
GENE_08117,0.338975893668
GENE_08886,0.33875816228
GENE_03669,0.338687317922
GENE_03300,0.338552876286
GENE_00580,0.338496407494
GENE_01654,0.338483843462
GENE_05740,0.338357441936
GENE_03293,0.338023481102
GENE_04137,0.337957528232
GENE_05968,0.337955554145
GENE_06653,0.337766099055
GENE_00554,0.337602662075
GENE_06174,0.337482074726
GENE_10731,0.336712295421
GENE_10907,0.336601427562
GENE_09753,0.336583045459
GENE_09291,0.336499788821
GENE_11481,0.336322969321
GENE_07250,0.336277889248
GENE_03598,0.336144963026
GENE_10594,0.336075412505
GENE_06449,0.335968173441
GENE_08827,0.33584726472
GENE_09791,0.335317256397
GENE_10647,0.335160566535
GENE_02684,0.335058029084
GENE_07910,0.335054351912
GENE_00867,0.334456789987
GENE_05078,0.334438514849
GENE_11171,0.334374746873
GENE_07672,0.334327054554
GENE_02998,0.334176417245
GENE_09183,0.333965149676
GENE_02694,0.333859966569
GENE_00593,0.333662105287
GENE_06722,0.333369851261
GENE_07713,0.33323053499
GENE_11592,0.333016418253
GENE_08948,0.332760478637
GENE_07710,0.332719329585
GENE_03697,0.332607510324
GENE_08345,0.33237683352
GENE_08449,0.332372333224
GENE_08538,0.332081461417
GENE_01716,0.331980330569
GENE_06737,0.331918447708
GENE_05692,0.331647667126
GENE_06413,0.331470896331
GENE_09373,0.331038902817
GENE_01250,0.330880232214
GENE_09346,0.330867028406
GENE_03540,0.330851304616
GENE_08811,0.330783806538
GENE_10372,0.33061326109
GENE_06400,0.330113790471
GENE_11091,0.329823060869
GENE_02903,0.329508735573
GENE_03751,0.32910677871
GENE_01129,0.328762410303
GENE_09540,0.328644025805
GENE_02515,0.327879524159
GENE_02558,0.327821172843
GENE_05626,0.327811073574
GENE_08685,0.327170552878
GENE_07877,0.327072374878
GENE_07996,0.32699451327
GENE_00572,0.326927373764
GENE_04954,0.32685540061
GENE_02090,0.326744764602
GENE_00696,0.326133022242
GENE_01651,0.325796316582
GENE_05149,0.325577816787
GENE_10750,0.325485112325
GENE_09763,0.32525949823
GENE_10996,0.325251675854
GENE_09350,0.32478159411
GENE_07988,0.324758239534
GENE_07053,0.324658235503
GENE_04218,0.324458604353
GENE_01683,0.324359281722
GENE_10130,0.324345711195
GENE_04392,0.324340210015
GENE_02944,0.324057028222
GENE_06777,0.324036442707
GENE_09783,0.323247187534
GENE_04470,0.323185482458
GENE_01532,0.323167714185
GENE_01608,0.323079273116
GENE_03506,0.322974503618
GENE_07029,0.32250466029
GENE_03760,0.322082310767
GENE_01299,0.321697806196
GENE_03742,0.321678541377
GENE_10587,0.321652659592
GENE_03065,0.321593211339
GENE_09866,0.321584540373
GENE_01130,0.32135721545
GENE_05879,0.321291470757
GENE_06976,0.320997563686
GENE_07975,0.320930061926
GENE_03572,0.320785725933
GENE_06081,0.320216577949
GENE_08723,0.320187854922
GENE_10856,0.320058191493
GENE_05448,0.319965191145
GENE_01193,0.319781934143
GENE_02267,0.319651825919
GENE_03866,0.319524670783
GENE_01788,0.319174510419
GENE_09874,0.318808339628
GENE_04063,0.318521004799
GENE_03060,0.31745326125
GENE_07751,0.316952006984
GENE_03786,0.316358321536
GENE_11264,0.31627378026
GENE_02685,0.316155957183
GENE_10953,0.316087822109
GENE_08347,0.31606786973
GENE_10432,0.31552294092
GENE_09648,0.314971871555
GENE_07180,0.314444590875
GENE_07387,0.314338683131
GENE_11123,0.314267421801
GENE_07385,0.314129496451
GENE_10285,0.314022602486
GENE_07928,0.313723182897
GENE_03159,0.313184473865
GENE_03545,0.313132140013
GENE_08814,0.312865651491
GENE_09156,0.312822236767
GENE_03663,0.312378210467
GENE_09936,0.312062131727
GENE_04143,0.311652856005
GENE_05399,0.311490858798
GENE_02633,0.311308673443
GENE_03966,0.311109991143
GENE_10634,0.310539637914
GENE_07026,0.310472754181
GENE_03085,0.309998983166
GENE_05170,0.309894779381
GENE_01221,0.309820710227
GENE_07144,0.309726779136
GENE_04963,0.309047443033
GENE_09359,0.309046835024
GENE_01450,0.308833012599
GENE_06263,0.308292063639
GENE_01940,0.308050539504
GENE_05774,0.308009902217
GENE_05234,0.307832372514
GENE_00720,0.307801768892
GENE_04124,0.307676653401
GENE_03705,0.307612668189
GENE_01430,0.307406697809
GENE_04360,0.30740356972
GENE_04814,0.307345616708
GENE_08976,0.307039237252
GENE_10199,0.307003060005
GENE_04177,0.306981072686
GENE_06407,0.306450862963
GENE_05991,0.306389482073
GENE_08381,0.306347533932
GENE_07356,0.306134553103
GENE_07604,0.305665568643
GENE_04921,0.305243126531
GENE_09008,0.305150835875
GENE_10097,0.305085404707
GENE_08897,0.30449220168
GENE_02474,0.303818595605
GENE_11230,0.302971873587
GENE_01126,0.302635465239
GENE_09083,0.302322900348
GENE_06130,0.301960900172
GENE_06253,0.301873380721
GENE_01547,0.301791899819
GENE_03880,0.301700008902
GENE_07335,0.301407069781
GENE_02799,0.301107339192
GENE_02091,0.300474359611
GENE_10981,0.299671977338
GENE_04043,0.299647687837
GENE_01385,0.299292580406
GENE_06659,0.299085734021
GENE_05707,0.298797780322
GENE_01616,0.298752908366
GENE_05633,0.298451813981
GENE_03251,0.298158465991
GENE_07195,0.297876191024
GENE_05792,0.297462053118
GENE_04067,0.29724427338
GENE_06762,0.297227221585
GENE_08181,0.297160023808
GENE_00438,0.296617560645
GENE_04453,0.29657693853
GENE_02630,0.296575545141
GENE_08967,0.296572676694
GENE_08860,0.295933240346
GENE_09041,0.295665551482
GENE_02840,0.295624488747
GENE_07481,0.29551169159
GENE_04378,0.295279940621
GENE_05800,0.295232575041
GENE_09028,0.295224758345
GENE_09820,0.295195368159
GENE_08415,0.295140979337
GENE_04755,0.294971455709
GENE_06479,0.294719252902
GENE_10615,0.294418977684
GENE_02446,0.294224129013
GENE_08757,0.294082038793
GENE_07435,0.293949387943
GENE_01572,0.293557932167
GENE_05466,0.293537529969
GENE_07747,0.293352036323
GENE_09689,0.293284429005
GENE_08732,0.292828843587
GENE_03439,0.292715482142
GENE_11359,0.292265456156
GENE_02878,0.292192728326
GENE_09422,0.292168828207
GENE_09420,0.292148842119
GENE_10200,0.291732725378
GENE_10963,0.291658933189
GENE_04781,0.291563676682
GENE_07010,0.291378984816
GENE_06230,0.291202755138
GENE_05216,0.290964730137
GENE_04734,0.290947364339
GENE_04266,0.29089705759
GENE_10802,0.290087899635
GENE_09915,0.289911174038
GENE_00560,0.289774856896
GENE_10964,0.289338905643
GENE_05069,0.289183673119
GENE_00846,0.289168643908
GENE_04455,0.28872800301
GENE_02983,0.288723662825
GENE_01858,0.28869362928
GENE_10598,0.28815004154
GENE_07941,0.288028368305
GENE_06905,0.287563905167
GENE_02899,0.287328904403
GENE_08420,0.287272514027
GENE_01833,0.287124165202
GENE_03575,0.286955854302
GENE_00396,0.286865470909
GENE_04982,0.286774112383
GENE_09220,0.286386743955
GENE_00866,0.285865390725
GENE_04481,0.285803286795
GENE_01961,0.285554074858
GENE_06713,0.284754593386
GENE_10831,0.284566790475
GENE_09678,0.283911058736
GENE_07823,0.283844567303
GENE_09771,0.283788027838
GENE_03224,0.283751023662
GENE_01688,0.283287871546
GENE_10162,0.28313082232
GENE_06525,0.283053162259
GENE_01435,0.282579950488
GENE_08913,0.282036210462
GENE_06767,0.282034219209
GENE_10871,0.281918020751
GENE_09661,0.28134834749
GENE_07206,0.281230492219
GENE_08129,0.281211682584
GENE_08132,0.28119201791
GENE_01171,0.281191423969
GENE_03712,0.281009250282
GENE_11266,0.280928496948
GENE_10827,0.280891126601
GENE_02578,0.28063640449
GENE_09421,0.280235946002
GENE_01885,0.28016115882
GENE_06540,0.280045342697
GENE_00612,0.27996862632
GENE_04061,0.279267838217
GENE_04780,0.279083858345
GENE_00915,0.27902152577
GENE_01217,0.278994162224
GENE_05299,0.278799812385
GENE_04180,0.278348634645
GENE_08866,0.277982440219
GENE_07237,0.277552513494
GENE_08722,0.277515858882
GENE_02021,0.277376937958
GENE_03758,0.277358461965
GENE_04362,0.276600765511
GENE_04228,0.276581505591
GENE_00014,0.275082167487
GENE_09483,0.275002298292
GENE_10556,0.274038840649
GENE_09133,0.273911086847
GENE_10082,0.273660119213
GENE_10640,0.273614581166
GENE_05568,0.273118434294
GENE_05160,0.273010717494
GENE_09168,0.272633514319
GENE_10196,0.27251799023
GENE_05262,0.272421396654
GENE_07160,0.272236725327
GENE_09476,0.2716835845
GENE_00792,0.271578837195
GENE_02415,0.271495310826
GENE_00510,0.27045682578
GENE_02969,0.270057358391
GENE_09583,0.269306189562
GENE_03821,0.269294752581
GENE_06589,0.269180920255
GENE_01942,0.269126941245
GENE_09217,0.269052693016
GENE_09489,0.268850786401
GENE_08259,0.268812356412
GENE_10895,0.268804934439
GENE_09669,0.268775789149
GENE_05821,0.268593581044
GENE_01417,0.268592278863
GENE_09846,0.268413273695
GENE_06681,0.26805042759
GENE_04908,0.267843637866
GENE_08819,0.267475388898
GENE_01298,0.267392314072
GENE_01806,0.267126651011
GENE_00816,0.267050265869
GENE_03635,0.266818396295
GENE_02215,0.265878229652
GENE_04507,0.265616993173
GENE_02064,0.2653623494
GENE_08822,0.265163922747
GENE_03687,0.264775310978
GENE_09642,0.264481684951
GENE_07555,0.264290210153
GENE_04793,0.264268271646
GENE_06088,0.264254763607
GENE_02980,0.264020081334
GENE_08148,0.263755584823
GENE_04191,0.263550811955
GENE_02445,0.263487215331
GENE_02058,0.262561329002
GENE_08172,0.262502890852
GENE_04416,0.262066809087
GENE_11176,0.262016574358
GENE_02355,0.261250531234
GENE_08413,0.260766817483
GENE_01053,0.260673765824
GENE_02672,0.260442263334
GENE_01859,0.260321838771
GENE_02379,0.260280506583
GENE_00528,0.259722501721
GENE_09463,0.258930428226
GENE_09716,0.258887515713
GENE_05513,0.258769805244
GENE_03646,0.258661147855
GENE_03323,0.257975981221
GENE_02996,0.257752540143
GENE_06149,0.257600857398
GENE_06920,0.257373106417
GENE_06650,0.257253421112
GENE_03792,0.257198970356
GENE_08361,0.256997445586
GENE_08962,0.256783257325
GENE_06863,0.256750798662
GENE_05332,0.256170605694
GENE_00736,0.256029734314
GENE_09888,0.255977146419
GENE_02563,0.255383755674
GENE_07599,0.25473113738
GENE_00553,0.254420843301
GENE_09954,0.254127687071
GENE_01936,0.253739661495
GENE_06578,0.253737296775
GENE_02764,0.253165238038
GENE_03426,0.252568845997
GENE_02925,0.252240396427
GENE_08644,0.252194854234
GENE_11349,0.252033979935
GENE_10320,0.252003761202
GENE_03115,0.251473608941
GENE_04679,0.251316648238
GENE_10434,0.25100354315
GENE_09847,0.250951020712
GENE_07488,0.250628232103
GENE_02303,0.250200206252
GENE_08372,0.24960945821
GENE_04765,0.249548189598
GENE_06020,0.24945094593
GENE_05467,0.249417687685
GENE_00912,0.249383683711
GENE_02704,0.249308595642
GENE_09142,0.248893969133
GENE_11413,0.248545105119
GENE_05102,0.248325142516
GENE_10975,0.248305475736
GENE_00585,0.2482205863
GENE_10934,0.247846281902
GENE_06932,0.24748054764
GENE_09208,0.247271452109
GENE_08648,0.246906063417
GENE_02161,0.246504778432
GENE_04658,0.246083615316
GENE_10026,0.245498681794
GENE_10362,0.245291742637
GENE_10661,0.245235847894
GENE_07232,0.245114284373
GENE_06581,0.245038664315
GENE_07323,0.244957093172
GENE_11029,0.244897301713
GENE_09132,0.244098443502
GENE_02143,0.243953197909
GENE_09983,0.24389094162
GENE_00938,0.243800713771
GENE_04200,0.243657223703
GENE_04149,0.243530204186
GENE_07731,0.243475077137
GENE_00949,0.243339449323
GENE_05850,0.243134655138
GENE_04105,0.243123458513
GENE_04691,0.243091727661
GENE_03877,0.243004722054
GENE_03984,0.24288201315
GENE_10883,0.242602813055
GENE_08312,0.242070670288
GENE_07334,0.241802071556
GENE_10995,0.24140911637
GENE_02746,0.241321934917
GENE_00429,0.241260513577
GENE_04825,0.241240248407
GENE_06670,0.2408767572
GENE_01452,0.240753179489
GENE_04950,0.240205843946
GENE_08215,0.239872752285
GENE_05978,0.239857745849
GENE_05396,0.239627518239
GENE_02457,0.239404500535
GENE_01923,0.239246864111
GENE_01087,0.238789159027
GENE_10304,0.238737925291
GENE_04927,0.238554953774
GENE_10061,0.238498925673
GENE_01745,0.238368982735
GENE_07984,0.23817130614
GENE_11372,0.237875156349
GENE_08512,0.237829540758
GENE_09721,0.237731727906
GENE_08950,0.2376426563
GENE_11979,0.236971077062
GENE_00049,0.236959844637
GENE_11103,0.236717121026
GENE_07064,0.236223646264
GENE_07271,0.236142409879
GENE_08369,0.236043063824
GENE_00576,0.235614558109
GENE_07610,0.235455795111
GENE_08085,0.235135299366
GENE_10651,0.234928125088
GENE_07819,0.234259264457
GENE_00835,0.234214732537
GENE_03078,0.234024454353
GENE_08400,0.233865101009
GENE_04254,0.23384802579
GENE_01248,0.233785911791
GENE_10188,0.233595081262
GENE_10283,0.233285041088
GENE_01831,0.233216131264
GENE_06098,0.233042951529
GENE_04873,0.232868087427
GENE_03560,0.23278674294
GENE_09151,0.232194504642
GENE_06961,0.232094637929
GENE_04109,0.231842092135
GENE_08515,0.23173094203
GENE_05639,0.231607474168
GENE_03268,0.231445922526
GENE_08379,0.230711749075
GENE_02153,0.230700905719
GENE_06101,0.230610848766
GENE_02312,0.230070759191
GENE_09453,0.229924345418
GENE_11336,0.229572641074
GENE_08257,0.229094831646
GENE_03566,0.229074688206
GENE_03248,0.228996392459
GENE_10524,0.228482177718
GENE_04888,0.227495875732
GENE_09951,0.227405078992
GENE_11243,0.227325906823
GENE_04356,0.227034478865
GENE_09663,0.227028860389
GENE_09921,0.2269319438
GENE_04432,0.226684248495
GENE_11492,0.226542750931
GENE_10811,0.226304207745
GENE_10645,0.226292267243
GENE_10144,0.226238088667
GENE_03764,0.225761523112
GENE_02434,0.225307922041
GENE_09328,0.225269722015
GENE_03068,0.225264117248
GENE_08785,0.225256681984
GENE_01484,0.224684725752
GENE_01038,0.22445181856
GENE_10957,0.224420038382
GENE_03568,0.224339656778
GENE_03921,0.224234744535
GENE_03043,0.224216404291
GENE_10181,0.223994968901
GENE_07312,0.223926873947
GENE_01198,0.223914134065
GENE_00619,0.223884024279
GENE_00877,0.223787951639
GENE_05320,0.223280913255
GENE_04369,0.22327083592
GENE_01959,0.223238914129
GENE_04441,0.223153054748
GENE_03202,0.222289855801
GENE_00806,0.222133771634
GENE_04093,0.221558473624
GENE_11086,0.22084177029
GENE_07986,0.220630804307
GENE_05605,0.220583537737
GENE_02853,0.220541427014
GENE_09308,0.220189314205
GENE_11300,0.219308913132
GENE_04563,0.2193023372
GENE_00911,0.219150327664
GENE_09254,0.219071562538
GENE_05812,0.218963915856
GENE_08612,0.218718266141
GENE_05180,0.218659306757
GENE_03911,0.218534042411
GENE_06568,0.218388987544
GENE_09910,0.218338750442
GENE_05327,0.217802339749
GENE_07834,0.217718201087
GENE_01111,0.21743287318
GENE_10417,0.217405852727
GENE_07512,0.217207937528
GENE_02844,0.216775563763
GENE_11026,0.216719642123
GENE_09040,0.216689097498
GENE_04536,0.216683118964
GENE_03302,0.216624975405
GENE_10775,0.216554738378
GENE_10068,0.215668770934
GENE_02893,0.215396505456
GENE_09649,0.214982817455
GENE_10813,0.214925964777
GENE_02927,0.214713183171
GENE_11246,0.214463267468
GENE_08901,0.214168941132
GENE_10201,0.214110982286
GENE_05187,0.213808793941
GENE_02005,0.213293707373
GENE_01794,0.213196628238
GENE_08240,0.21282439867
GENE_03647,0.212739775858
GENE_03382,0.212574030632
GENE_03797,0.212093353074
GENE_08527,0.211879178829
GENE_04915,0.211396567471
GENE_02597,0.211283692279
GENE_08625,0.211209399224
GENE_00710,0.211017467203
GENE_04251,0.210668465203
GENE_04726,0.210600839298
GENE_05533,0.210496298922
GENE_06123,0.210367113541
GENE_05323,0.210303040222
GENE_07738,0.210008308023
GENE_10047,0.209686063574
GENE_02028,0.209659415275
GENE_04252,0.209534230263
GENE_04580,0.209470083648
GENE_09490,0.209348857335
GENE_07370,0.208853542534
GENE_08563,0.208491970576
GENE_00990,0.208382807948
GENE_05871,0.208322508626
GENE_08856,0.207860501067
GENE_03417,0.207802507353
GENE_00791,0.207687687163
GENE_04123,0.207603351401
GENE_09514,0.207542294889
GENE_08676,0.207488797852
GENE_02398,0.207267329399
GENE_08736,0.207139436779
GENE_11010,0.206677628539
GENE_04055,0.206361771325
GENE_09815,0.20548642756
GENE_07506,0.205455687036
GENE_05768,0.205075339235
GENE_08706,0.204797877282
GENE_04040,0.204758882402
GENE_03057,0.204389031603
GENE_09785,0.203943857516
GENE_06609,0.203359459999
GENE_04285,0.203235954586
GENE_00860,0.202923020851
GENE_07428,0.202383370599
GENE_03072,0.202328796423
GENE_05747,0.202280407621
GENE_10817,0.202074506161
GENE_08521,0.201999010757
GENE_08691,0.201738654796
GENE_05105,0.201652905129
GENE_10719,0.201394558715
GENE_01687,0.201159655873
GENE_01118,0.201099046715
GENE_05074,0.200845093116
GENE_10101,0.200738540758
GENE_06649,0.200698694289
GENE_01580,0.200569197231
GENE_04414,0.200459631414
GENE_10334,0.200033787312
GENE_02979,0.199810433719
GENE_06012,0.199610418403
GENE_04333,0.199423985987
GENE_02259,0.198948146796
GENE_04013,0.198680009547
GENE_05324,0.198393517177
GENE_09762,0.198217327721
GENE_00658,0.198084760768
GENE_04383,0.197916667342
GENE_01015,0.197910783463
GENE_09284,0.197675566954
GENE_01011,0.197599604692
GENE_02073,0.197315707406
GENE_10445,0.19731341229
GENE_02632,0.197292265631
GENE_00813,0.196554776512
GENE_00962,0.196521169701
GENE_04591,0.196240940667
GENE_03320,0.196131459024
GENE_00730,0.195845255098
GENE_03402,0.195481731553
GENE_07477,0.195403221283
GENE_10985,0.195162047142
GENE_06964,0.195076925423
GENE_02756,0.195024984028
GENE_11075,0.194967705991
GENE_08437,0.194955092412
GENE_04053,0.19484234027
GENE_01973,0.194736194719
GENE_01773,0.194607455237
GENE_01652,0.194384301577
GENE_06017,0.194333463338
GENE_02859,0.194107630953
GENE_00919,0.194089992898
GENE_03573,0.194051943606
GENE_10409,0.193661764517
GENE_02059,0.193589911368
GENE_07128,0.193448574992
GENE_07784,0.19340636719
GENE_05577,0.193379451924
GENE_09786,0.192989641773
GENE_09652,0.19286184315
GENE_06621,0.192651532648
GENE_11232,0.192619147587
GENE_04988,0.192596918731
GENE_01278,0.19204911649
GENE_08721,0.192004236969
GENE_04341,0.191897735873
GENE_07803,0.191889545022
GENE_03975,0.191577396194
GENE_09991,0.191450715957
GENE_07828,0.191124233836
GENE_00904,0.19109906802
GENE_04866,0.190916524144
GENE_02636,0.190635591265
GENE_01717,0.190499679779
GENE_03026,0.190423889925
GENE_09602,0.190223221845
GENE_02194,0.18970616761
GENE_01748,0.189581616599
GENE_03235,0.189479821221
GENE_04066,0.189328307292
GENE_09020,0.188631081568
GENE_05313,0.188475761018
GENE_11165,0.188453596429
GENE_08444,0.188073356992
GENE_09743,0.187941776433
GENE_06607,0.187800338043
GENE_08767,0.187459382089
GENE_09670,0.187107100125
GENE_06880,0.186990209725
GENE_00746,0.186766764477
GENE_00917,0.186609123156
GENE_03959,0.186416169744
GENE_11097,0.186068432471
GENE_06281,0.185837628903
GENE_04287,0.185688580419
GENE_03200,0.18517553683
GENE_06072,0.184970575073
GENE_09626,0.184962587342
GENE_08643,0.18485865406
GENE_00757,0.184836123695
GENE_08947,0.184827033622
GENE_02177,0.184740578896
GENE_03238,0.184710474781
GENE_01395,0.184680305865
GENE_01493,0.184551303197
GENE_05834,0.184309064078
GENE_11420,0.18421722953
GENE_10541,0.184119398328
GENE_02025,0.183849544754
GENE_02800,0.183834516323
GENE_01359,0.183359919779
GENE_08058,0.183012928311
GENE_07268,0.182994449645
GENE_10604,0.18291456362
GENE_03823,0.182501030599
GENE_10324,0.182280223538
GENE_09622,0.182170627712
GENE_08156,0.182098245816
GENE_06409,0.181989882623
GENE_00584,0.181866255058
GENE_10614,0.181781232587
GENE_11235,0.181461063481
GENE_02789,0.181426620114
GENE_08555,0.181253948345
GENE_04051,0.181251162602
GENE_03788,0.181062742771
GENE_01442,0.181021558704
GENE_09225,0.180871111482
GENE_11491,0.180468141831
GENE_11134,0.180338690664
GENE_09792,0.180305051338
GENE_06884,0.180294880503
GENE_06064,0.180071037696
GENE_05238,0.179914369546
GENE_01180,0.179894151153
GENE_05676,0.179622272632
GENE_01699,0.17958178194
GENE_10435,0.179414171049
GENE_03682,0.17869471681
GENE_11179,0.178669775219
GENE_06815,0.17852916972
GENE_03747,0.178476663885
GENE_10411,0.177908391412
GENE_10677,0.177829799705
GENE_03367,0.177750106268
GENE_00780,0.177701000933
GENE_10866,0.17769804579
GENE_11624,0.177320381042
GENE_11931,0.177293447549
GENE_02401,0.176820872139
GENE_08931,0.17676210325
GENE_07522,0.176484183663
GENE_01586,0.176441555277
GENE_04381,0.176189822503
GENE_05817,0.176150451888
GENE_10085,0.175673712492
GENE_09528,0.175603549804
GENE_09502,0.175574084926
GENE_03881,0.175536229579
GENE_03464,0.175286778934
GENE_02520,0.175211418909
GENE_08580,0.173947208413
GENE_02142,0.17334166437
GENE_03929,0.172254386411
GENE_02658,0.171839339794
GENE_05995,0.17146931759
GENE_00724,0.170865438128
GENE_03037,0.170463770997
GENE_01339,0.170416222375
GENE_09394,0.169974539749
GENE_07589,0.169747767971
GENE_01264,0.169360824036
GENE_01824,0.168654671967
GENE_08397,0.16865136761
GENE_01656,0.16846097627
GENE_09353,0.168230541184
GENE_03743,0.168059805967
GENE_04530,0.168015340533
GENE_05352,0.167570105801
GENE_05927,0.16665581736
GENE_07890,0.166637895312
GENE_07729,0.166493127115
GENE_08099,0.166485272577
GENE_00844,0.166452208213
GENE_10128,0.166140613078
GENE_09777,0.165859026799
GENE_10514,0.165491564133
GENE_05502,0.1654036603
GENE_07722,0.165240050065
GENE_02140,0.164760841237
GENE_04246,0.164294765371
GENE_11038,0.163924063593
GENE_11238,0.163447746617
GENE_11093,0.163427820386
GENE_07111,0.163360354916
GENE_08758,0.163334680678
GENE_07616,0.1627966181
GENE_05391,0.161698526705
GENE_05921,0.161299542663
GENE_07228,0.160649940353
GENE_05828,0.160589433172
GENE_01340,0.16057398105
GENE_03658,0.160489623973
GENE_08903,0.160268857418
GENE_02372,0.160018225853
GENE_01844,0.159856391997
GENE_03803,0.159462506804
GENE_06574,0.158756050938
GENE_06759,0.158094875867
GENE_07190,0.158093898577
GENE_04595,0.158089225323
GENE_03167,0.15805348992
GENE_04913,0.157974312251
GENE_03871,0.157761439294
GENE_08436,0.157634558441
GENE_09806,0.157346567673
GENE_09379,0.157145783703
GENE_04380,0.157127918991
GENE_03041,0.156972960968
GENE_07205,0.156823016098
GENE_03462,0.156693728247
GENE_09095,0.155511603764
GENE_05018,0.155324999199
GENE_02049,0.155190683859
GENE_07812,0.155155342865
GENE_04318,0.154493665595
GENE_08075,0.154031841684
GENE_08476,0.152525882898
GENE_02043,0.152354872034
GENE_02173,0.151757992249
GENE_08286,0.151657272145
GENE_07815,0.151407396072
GENE_06856,0.151407390625
GENE_05632,0.151403047952
GENE_08061,0.150602492845
GENE_08435,0.150474498774
GENE_01114,0.150418905144
GENE_00717,0.150301761462
GENE_08332,0.150135653956
GENE_05128,0.149597957519
GENE_05202,0.149456089663
GENE_03654,0.149363482271
GENE_05393,0.14934191106
GENE_04853,0.148876803918
GENE_09013,0.14880876168
GENE_08338,0.148780634807
GENE_01334,0.148667457202
GENE_09764,0.148547903593
GENE_03255,0.148089419798
GENE_07861,0.147820739037
GENE_06121,0.1477559074
GENE_06732,0.147298000389
GENE_08689,0.147076827446
GENE_04868,0.146935298387
GENE_01811,0.146793011986
GENE_00897,0.146713686433
GENE_08717,0.146475611653
GENE_10235,0.146414291843
GENE_04388,0.145836470215
GENE_10521,0.145616996827
GENE_03440,0.145521197768
GENE_06514,0.145427217406
GENE_03733,0.145063745959
GENE_02706,0.144887833097
GENE_06517,0.144326471726
GENE_07798,0.144310019435
GENE_08810,0.144253522282
GENE_03089,0.143587936505
GENE_10741,0.143428937037
GENE_06160,0.143426566857
GENE_09751,0.143417630681
GENE_10374,0.143405961071
GENE_02357,0.143388467342
GENE_06685,0.143306305
GENE_03888,0.143048769879
GENE_07054,0.142990634809
GENE_01909,0.142943094764
GENE_11322,0.142688412202
GENE_07397,0.14237791251
GENE_07661,0.142044478831
GENE_07927,0.141979913874
GENE_01275,0.14171691364
GENE_07884,0.14159578674
GENE_02890,0.141257140087
GENE_10350,0.141114496706
GENE_03442,0.140982699612
GENE_01530,0.140886246911
GENE_03081,0.140359869848
GENE_08183,0.139982096321
GENE_03868,0.139887232839
GENE_10060,0.139821358518
GENE_06265,0.139653689565
GENE_07200,0.139651674216
GENE_05793,0.139497796147
GENE_09363,0.13931963073
GENE_03389,0.139060398653
GENE_06338,0.139028686953
GENE_08303,0.138856032431
GENE_04746,0.13864518371
GENE_10326,0.13863502853
GENE_07086,0.138078408418
GENE_06423,0.137661940868
GENE_05156,0.137352479407
GENE_10278,0.137341324565
GENE_05805,0.136746647399
GENE_05950,0.136597395589
GENE_01393,0.136535331083
GENE_05081,0.135924567218
GENE_05728,0.135859424082
GENE_08593,0.135855901566
GENE_05510,0.135563416415
GENE_10499,0.135491372317
GENE_08861,0.13542883472
GENE_04373,0.135338347892
GENE_06434,0.135190340987
GENE_09659,0.135176241343
GENE_03277,0.134296497248
GENE_05486,0.134166415996
GENE_06083,0.13395838058
GENE_11326,0.133565415536
GENE_01280,0.133540904782
GENE_10959,0.133499419061
GENE_00922,0.132969674147
GENE_00221,0.132734807408
GENE_08857,0.132597672026
GENE_06171,0.132497143496
GENE_03467,0.131927966772
GENE_08742,0.131119324675
GENE_03369,0.131065186216
GENE_04858,0.130690024464
GENE_09298,0.129998225802
GENE_06472,0.129368006704
GENE_00615,0.129221181975
GENE_06207,0.129187473332
GENE_11239,0.128849621356
GENE_04641,0.128617450405
GENE_00970,0.128104414911
GENE_09610,0.127927202375
GENE_08929,0.126824685135
GENE_07351,0.126459219061
GENE_01694,0.126379579546
GENE_04698,0.126314199483
GENE_08659,0.126312514587
GENE_04297,0.126267736234
GENE_03407,0.126177903662
GENE_05965,0.125901388395
GENE_06211,0.125886530577
GENE_01143,0.125576453472
GENE_07755,0.125548586651
GENE_01200,0.125224502648
GENE_05469,0.124752099664
GENE_10043,0.124384766908
GENE_11024,0.124376122301
GENE_06673,0.124285694851
GENE_06459,0.124175684745
GENE_09696,0.123906816521
GENE_09935,0.123754642524
GENE_02719,0.123547695956
GENE_10040,0.123529201841
GENE_05145,0.123479809165
GENE_08384,0.123429181704
GENE_10115,0.123419133501
GENE_01768,0.123204806784
GENE_03557,0.123078201656
GENE_11469,0.122728907705
GENE_01606,0.122670315995
GENE_10359,0.122490925374
GENE_01202,0.122297503032
GENE_07294,0.122243004547
GENE_00761,0.122009814645
GENE_07501,0.121844464132
GENE_10284,0.121478579329
GENE_08847,0.1214610642
GENE_10406,0.120790232501
GENE_09478,0.120634760893
GENE_10045,0.120198558746
GENE_01027,0.120031326718
GENE_01362,0.119580368414
GENE_11396,0.118350201123
GENE_10276,0.118350065655
GENE_07734,0.117707418461
GENE_07814,0.117588629887
GENE_07063,0.11712421615
GENE_06396,0.116830174172
GENE_10167,0.11666175117
GENE_06025,0.116578512012
GENE_09867,0.116508052476
GENE_04977,0.115824587227
GENE_09864,0.11559673868
GENE_01791,0.115026079147
GENE_08254,0.114941771759
GENE_09423,0.114845090278
GENE_09436,0.114476058819
GENE_09816,0.114308753059
GENE_00716,0.114227648662
GENE_05361,0.114101492227
GENE_07790,0.113970668128
GENE_06280,0.113456040057
GENE_05598,0.113394391967
GENE_11467,0.113334463905
GENE_01620,0.113270410538
GENE_04075,0.113140457053
GENE_11344,0.111981932621
GENE_04719,0.111799158203
GENE_03611,0.11137260184
GENE_06329,0.111129375297
GENE_05451,0.110886382828
GENE_04204,0.110535317474
GENE_10003,0.110418046946
GENE_06044,0.109571580078
GENE_03157,0.109408471833
GENE_00616,0.109394794605
GENE_06833,0.10908297035
GENE_01837,0.108559705777
GENE_06490,0.10801412098
GENE_07782,0.107983920725
GENE_09418,0.107760055453
GENE_08194,0.107699449107
GENE_11477,0.107525000431
GENE_04468,0.107444374341
GENE_09098,0.107229288419
GENE_05764,0.10720796204
GENE_05210,0.10716991526
GENE_05432,0.107057452992
GENE_09281,0.10649398029
GENE_00665,0.106430227692
GENE_07786,0.10618291944
GENE_02240,0.105894453115
GENE_10631,0.105770383524
GENE_02975,0.105753791271
GENE_01190,0.105375506146
GENE_08060,0.10527862391
GENE_11673,0.105086639335
GENE_02245,0.104355937523
GENE_01172,0.104201103952
GENE_06585,0.103538153949
GENE_03756,0.103438129308
GENE_09565,0.103381996212
GENE_09594,0.103117925717
GENE_10294,0.103117582446
GENE_09722,0.103078221531
GENE_05932,0.102917390523
GENE_05392,0.102858577932
GENE_10933,0.102690516749
GENE_07102,0.10264552854
GENE_08681,0.102541439818
GENE_04428,0.102484642158
GENE_02136,0.101856295262
GENE_08380,0.101788333707
GENE_08006,0.101723208472
GENE_08995,0.101630053533
GENE_05075,0.100791072645
GENE_10383,0.0999881637656
GENE_04447,0.0998869544092
GENE_07503,0.0998263150998
GENE_00518,0.0993323054292
GENE_07133,0.0993138149513
GENE_10310,0.0990144494873
GENE_05739,0.0989337870289
GENE_02918,0.0980675395389
GENE_01939,0.0979831534709
GENE_05129,0.0978271747079
GENE_04749,0.0978132930933
GENE_03813,0.0976703767483
GENE_11363,0.0974889390237
GENE_07411,0.0974341102973
GENE_06959,0.0971557870862
GENE_09322,0.0967549184388
GENE_00802,0.096120776941
GENE_10816,0.096009267997
GENE_09919,0.0954620413583
GENE_10681,0.0953502743328
GENE_02678,0.0953441994413
GENE_05789,0.0946210446694
GENE_06956,0.0945275675885
GENE_06091,0.0935234964386
GENE_02987,0.0933723742767
GENE_05613,0.0931583376997
GENE_04835,0.0929792465294
GENE_08417,0.092935652683
GENE_01843,0.0928449011411
GENE_10471,0.0927430657796
GENE_08382,0.0926275879489
GENE_06158,0.0923767916399
GENE_06846,0.092055137312
GENE_02924,0.0917524844484
GENE_07958,0.0913147286113
GENE_07442,0.0911681466664
GENE_08193,0.0911248672534
GENE_05403,0.0910936062559
GENE_08065,0.0903097992064
GENE_01965,0.0895806812552
GENE_07641,0.0893952789316
GENE_10113,0.0891981966126
GENE_02072,0.0886575909614
GENE_01508,0.0884068862918
GENE_07532,0.0879735471292
GENE_06097,0.0874737536807
GENE_08340,0.0873914289201
GENE_10360,0.0873574252603
GENE_10497,0.0872049920373
GENE_05710,0.0870164803924
GENE_10227,0.0867610754626
GENE_00013,0.0867197553422
GENE_03973,0.0866976994144
GENE_00550,0.0865897874729
GENE_01589,0.0861438830464
GENE_04152,0.086110868259
GENE_02516,0.0858930062933
GENE_02561,0.0856871614034
GENE_07906,0.0855947039445
GENE_07978,0.0855133296396
GENE_02292,0.085318142565
GENE_02946,0.0852094496339
GENE_10491,0.0849729626358
GENE_08812,0.0848654583611
GENE_06275,0.0845269837843
GENE_05088,0.0845184758153
GENE_04826,0.0845051456929
GENE_05082,0.0844667863899
GENE_04159,0.0841682301857
GENE_06335,0.0840943882502
GENE_08049,0.0838725017609
GENE_02622,0.0838266279294
GENE_05651,0.0829874188125
GENE_08029,0.082911853172
GENE_10890,0.082864841869
GENE_04942,0.0828325705181
GENE_05482,0.0827729037854
GENE_06544,0.0824417666348
GENE_01784,0.0824397529345
GENE_00818,0.0822839892754
GENE_02617,0.0819955564136
GENE_05923,0.0819888138247
GENE_08871,0.0818443345295
GENE_01294,0.0818293585476
GENE_08817,0.0812914250425
GENE_04714,0.0812784220562
GENE_08546,0.0812771675911
GENE_00110,0.081228784701
GENE_05109,0.0810825429008
GENE_07974,0.07991526374
GENE_04087,0.0798014840587
GENE_08199,0.0796495826139
GENE_03278,0.079597862376
GENE_09443,0.0795795465566
GENE_05296,0.0795735349422
GENE_08056,0.0790478021503
GENE_05279,0.0789640456681
GENE_01096,0.0786351903161
GENE_03356,0.0785770297191
GENE_07267,0.0784392460837
GENE_03387,0.0781430629696
GENE_05103,0.078117735236
GENE_07391,0.0780074184789
GENE_09341,0.0775853894864
GENE_02995,0.0774805185189
GENE_03353,0.0771564962177
GENE_10154,0.0770786113815
GENE_01821,0.0768518829588
GENE_01072,0.0768218910603
GENE_05014,0.0766090704517
GENE_11015,0.0765180622437
GENE_01261,0.0760053914124
GENE_02460,0.0759552679161
GENE_04841,0.0756949400051
GENE_06345,0.0756735406134
GENE_05556,0.07557637267
GENE_01762,0.0754336389016
GENE_10779,0.0748875843716
GENE_10503,0.0746858426369
GENE_06056,0.0745095938268
GENE_07794,0.0738634344109
GENE_06266,0.0733367447781
GENE_00637,0.0733179671884
GENE_11073,0.0732194503125
GENE_03676,0.0731969910017
GENE_03675,0.0728740980155
GENE_03128,0.0726805243293
GENE_09551,0.0722883471249
GENE_04099,0.0722789653843
GENE_06379,0.0722520482379
GENE_06094,0.0721532368218
GENE_02992,0.0720368612837
GENE_10485,0.0716685538802
GENE_00590,0.0715662372194
GENE_10723,0.0712872605495
GENE_03584,0.0712537499109
GENE_01742,0.0700521631132
GENE_07847,0.0697042694293
GENE_04987,0.0693698026581
GENE_02399,0.0693443370363
GENE_06035,0.0693371617153
GENE_10542,0.0690851927243
GENE_09232,0.068906133121
GENE_05690,0.0683715659677
GENE_08658,0.0683221299398
GENE_05099,0.0680722692486
GENE_01628,0.0678555105274
GENE_04610,0.0678385139169
GENE_01566,0.0669907172249
GENE_09498,0.0658916086022
GENE_08324,0.065788648649
GENE_10668,0.0657846894747
GENE_08815,0.0657376600473
GENE_07201,0.0650246311888
GENE_10023,0.0647913501234
GENE_06377,0.0645059728626
GENE_01324,0.0644744148101
GENE_09125,0.0644075224319
GENE_09643,0.0637023597658
GENE_06146,0.0636490614965
GENE_09767,0.0635419045609
GENE_09968,0.0633833926377
GENE_08792,0.0632321465131
GENE_05209,0.0623313496191
GENE_05362,0.0618833528871
GENE_01583,0.061679849848
GENE_08544,0.0607853725013
GENE_03934,0.0600859946152
GENE_02020,0.0599326302663
GENE_09934,0.0599097740795
GENE_08027,0.0599052567964
GENE_07785,0.0596918805797
GENE_01002,0.0596303699202
GENE_00655,0.0592184340145
GENE_03034,0.0589842215896
GENE_09870,0.0586089173718
GENE_06601,0.0584494807056
GENE_05702,0.0583702908179
GENE_07371,0.0582127270851
GENE_02593,0.0580227348084
GENE_06782,0.0578640474268
GENE_01416,0.0570131248971
GENE_06279,0.0567416832968
GENE_11379,0.0567066488393
GENE_01320,0.0566499248971
GENE_08328,0.0565106484656
GENE_04614,0.0558639398445
GENE_00628,0.0557249122887
GENE_07019,0.0551992425301
GENE_10203,0.0551706378715
GENE_06901,0.0550029360334
GENE_02539,0.0549341109998
GENE_10792,0.0546948653746
GENE_11121,0.0546117829101
GENE_07754,0.054051662846
GENE_08184,0.0538973470332
GENE_11356,0.053384272479
GENE_07088,0.0530593129326
GENE_06237,0.0525263682153
GENE_08768,0.0524573868894
GENE_09457,0.0523727687276
GENE_03472,0.0522584904975
GENE_01093,0.0519458858073
GENE_03565,0.0516609768511
GENE_03503,0.0511979018811
GENE_02141,0.050887701856
GENE_05135,0.0502276991657
GENE_02337,0.049773687181
GENE_06060,0.0493281657948
GENE_03962,0.0493083315202
GENE_10254,0.0490947313057
GENE_01204,0.0488600703257
GENE_00508,0.0485216279448
GENE_00527,0.0480849466614
GENE_00285,0.0479122004775
GENE_05683,0.0478253197847
GENE_04351,0.0474934682516
GENE_00535,0.0473986713164
GENE_09024,0.0472987431287
GENE_03623,0.0469349020604
GENE_09924,0.046637366566
GENE_00905,0.0464365481561
GENE_10716,0.0462116036709
GENE_05107,0.0460792216332
GENE_05671,0.0460063867363
GENE_03261,0.0460027472533
GENE_09880,0.0459609360489
GENE_04652,0.0455638811419
GENE_04214,0.0454914763308
GENE_03502,0.045222709
GENE_09171,0.0445696108893
GENE_08868,0.0445521655712
GENE_04310,0.0443587975156
GENE_07394,0.0440625674066
GENE_10803,0.0439005331234
GENE_06138,0.0438287994604
GENE_01226,0.0438114719791
GENE_10798,0.043710396992
GENE_01770,0.0436024463725
GENE_02742,0.0435146686435
GENE_05731,0.0430408708504
GENE_07184,0.0430309733213
GENE_08094,0.0418959211543
GENE_10015,0.0415418405639
GENE_03134,0.0413256322706
GENE_05076,0.0412874555874
GENE_05987,0.0409247487289
GENE_02112,0.0409191753957
GENE_01205,0.0405916912039
GENE_00037,0.0403298761202
GENE_10260,0.0403076993302
GENE_07430,0.0397138217196
GENE_11237,0.0395697241336
GENE_03709,0.0394470482407
GENE_07169,0.0385551687843
GENE_02570,0.03823799496
GENE_01026,0.0380034781682
GENE_02467,0.0379378354476
GENE_05609,0.0376965731239
GENE_06470,0.0375748593359
GENE_10562,0.0375633513811
GENE_09061,0.0375530766606
GENE_05898,0.0375418414868
GENE_05483,0.0367828331742
GENE_04669,0.035566074033
GENE_10924,0.0353714170886
GENE_11301,0.0352953907452
GENE_05962,0.0348879470894
GENE_06133,0.0348075404998
GENE_03806,0.0347137487526
GENE_03029,0.0344410117058
GENE_11414,0.0343937953076
GENE_05827,0.0343753090265
GENE_08068,0.0343333885688
GENE_07142,0.0342718142002
GENE_10150,0.0342046845381
GENE_02273,0.034152417488
GENE_01246,0.0340834682592
GENE_05349,0.0340295863467
GENE_03610,0.0340274110722
GENE_04737,0.0340080962281
GENE_05420,0.0339027236823
GENE_05820,0.0337190549011
GENE_06771,0.0335247023886
GENE_07191,0.0334434679732
GENE_09036,0.033023307193
GENE_11112,0.0328633739802
GENE_02384,0.0327969954116
GENE_09338,0.0327736375558
GENE_07023,0.0326388366909
GENE_04367,0.0324070133401
GENE_06707,0.0323962136836
GENE_10706,0.0322648107713
GENE_07011,0.0321850870368
GENE_06852,0.0321431469646
GENE_01388,0.0320041490658
GENE_06344,0.0317594565815
GENE_09475,0.0316219739102
GENE_05564,0.031491562262
GENE_05066,0.0313958655328
GENE_11891,0.0311587130732
GENE_09344,0.0310634263989
GENE_10529,0.030807134998
GENE_06676,0.0304764139206
GENE_11343,0.0301406613152
GENE_03281,0.0300314791641
GENE_07571,0.0297961651214
GENE_00799,0.0297561394957
GENE_05760,0.0294305916776
GENE_05778,0.0291905039356
GENE_06309,0.028775564081
GENE_00902,0.0287448229348
GENE_03995,0.0284575811832
GENE_00798,0.0283183761305
GENE_01306,0.0281811573691
GENE_04345,0.0273133798514
GENE_00989,0.0268858389945
GENE_04722,0.026204752774
GENE_10722,0.0261851491858
GENE_00743,0.0260910502108
GENE_02488,0.0253884205424
GENE_05951,0.0253852779723
GENE_04244,0.0252108675401
GENE_06975,0.024431840178
GENE_01640,0.0242194566728
GENE_09723,0.0239800190156
GENE_02707,0.023903043285
GENE_08457,0.0233852146585
GENE_05385,0.0231959785574
GENE_09425,0.0231043460007
GENE_07126,0.0230806589504
GENE_04010,0.0226308526769
GENE_10504,0.0225003882454
GENE_02124,0.022465892812
GENE_08932,0.0223505549664
GENE_06854,0.0223392393186
GENE_07750,0.0218888211648
GENE_01799,0.0213116486719
GENE_01449,0.0212715767361
GENE_09339,0.0212226508343
GENE_06926,0.0210927478506
GENE_02152,0.020886488296
GENE_01598,0.0207937076754
GENE_05742,0.0204171672129
GENE_09288,0.0201211295809
GENE_05675,0.0201064668691
GENE_08246,0.0199954862064
GENE_02131,0.019616657694
GENE_06528,0.0195996165776
GENE_09229,0.0195458447982
GENE_05057,0.0194582555189
GENE_04773,0.019381237698
GENE_04729,0.0193440708118
GENE_02197,0.0191477774158
GENE_01829,0.0188496229448
GENE_03458,0.0188190497406
GENE_00726,0.0184339330654
GENE_00570,0.0184183791896
GENE_03067,0.0184016307834
GENE_08565,0.0182524608561
GENE_11439,0.0182309971371
GENE_07338,0.0180472524682
GENE_04002,0.0180168720444
GENE_11944,0.0177758131751
GENE_03765,0.0176132519337
GENE_08576,0.0163742419313
GENE_06684,0.0161247879005
GENE_05163,0.0160252822952
GENE_05179,0.0156977959578
GENE_05579,0.0156822364716
GENE_02648,0.0156183339496
GENE_01145,0.0155790475815
GENE_04770,0.0151829425404
GENE_11480,0.0151232615846
GENE_07247,0.0150277502871
GENE_10306,0.0146940955444
GENE_01473,0.0146881947292
GENE_05029,0.0145089992627
GENE_10403,0.0143364221758
GENE_09114,0.014287211884
GENE_02236,0.0142730678364
GENE_04569,0.0141492649658
GENE_09123,0.0141083562531
GENE_07214,0.0140049673714
GENE_00656,0.0139292919129
GENE_05221,0.0134503646193
GENE_10422,0.0134204853885
GENE_05527,0.013043374377
GENE_04160,0.0128286435437
GENE_07723,0.0125218643298
GENE_03240,0.0124993219073
GENE_00079,0.0124310853991
GENE_06216,0.0122235484152
GENE_07046,0.0121696822829
GENE_07261,0.0118804345178
GENE_07546,0.0118626791808
GENE_11277,0.0113699087985
GENE_08119,0.010545711741
GENE_01314,0.0103526198434
GENE_10208,0.0100211517406
GENE_11229,0.00942636056377
GENE_10419,0.00939535457585
GENE_10287,0.00922699299547
GENE_07949,0.0088577036689
GENE_06781,0.00878844263207
GENE_05012,0.00878365489815
GENE_04229,0.00855608082435
GENE_03794,0.00788018469473
GENE_07643,0.00772789317568
GENE_08553,0.00756018039413
GENE_05662,0.00736268142357
GENE_03656,0.00717846690794
GENE_02338,0.00706315862818
GENE_02179,0.00679984456
GENE_09703,0.00654865780454
GENE_01891,0.00642226981094
GENE_08230,0.00638154096331
GENE_05405,0.00627315618442
GENE_10249,0.00613145043523
GENE_11257,0.00520526189495
GENE_04139,0.00422985899415
GENE_02725,0.00369567184785
GENE_10414,0.00358260183278
GENE_02557,0.00337550659716
GENE_04936,0.00314772690633
GENE_08510,0.00306011673857
GENE_01341,0.00304602015341
GENE_10410,0.00292596667944
GENE_04131,0.0022879361435
GENE_07915,0.0022316221624
GENE_09726,0.00218359083704
GENE_06046,0.00197684475581
GENE_11710,0.00192245924836
GENE_09817,0.00180350635641
GENE_07733,0.00179487287811
GENE_07493,0.00178304110461
GENE_04742,0.00161903135694
GENE_04489,0.00132568873441
GENE_02006,0.00120547536222
GENE_05942,0.00110994468729
GENE_05971,0.000755507454596
GENE_03603,0.000682818957483
GENE_11053,0.000559992339695
GENE_02080,0.000527958856597
GENE_10511,0.000223947995788
GENE_02046,0.000207064918197
GENE_03309,-0.000313672611775
GENE_10204,-0.000608482322289
GENE_02209,-0.000708594576646
GENE_09140,-0.00162171696338
GENE_06615,-0.00171415366906
GENE_08182,-0.0018287588441
GENE_09380,-0.00223811647418
GENE_06818,-0.00236891613281
GENE_03326,-0.00240384091885
GENE_05570,-0.0027861106669
GENE_01503,-0.00337445741095
GENE_10755,-0.0034808485732
GENE_00984,-0.00360253909057
GENE_06391,-0.0038041336708
GENE_07668,-0.00407283712144
GENE_10818,-0.00420191539116
GENE_11044,-0.00426293764388
GENE_06998,-0.00510663202723
GENE_04222,-0.00556029364807
GENE_02324,-0.00559601882905
GENE_04582,-0.00595470921273
GENE_01292,-0.00607091153989
GENE_02613,-0.00652131522946
GENE_03862,-0.00704498548055
GENE_09679,-0.00706290455083
GENE_09039,-0.00748079674075
GENE_10665,-0.0076740636845
GENE_06321,-0.00768899572137
GENE_04594,-0.00811320161175
GENE_11376,-0.00836078727146
GENE_01307,-0.0091189966442
GENE_08543,-0.00915903853466
GENE_05325,-0.00918235338514
GENE_04176,-0.00928856156782
GENE_02047,-0.00930032113861
GENE_06933,-0.00966442131335
GENE_04895,-0.00984480865038
GENE_09967,-0.0102056003909
GENE_08241,-0.0103522899077
GENE_07421,-0.0104651290527
GENE_05155,-0.010867137035
GENE_03761,-0.0110920039486
GENE_06864,-0.0115150880766
GENE_10807,-0.0119008230942
GENE_08614,-0.0119973446277
GENE_09030,-0.0120240289132
GENE_07224,-0.0120435529599
GENE_02253,-0.0120889478461
GENE_06827,-0.0122984493081
GENE_10862,-0.0123659382424
GENE_10423,-0.013283088959
GENE_05245,-0.0133046353786
GENE_09242,-0.013503244593
GENE_02490,-0.0138377460942
GENE_08123,-0.0139732284761
GENE_04823,-0.0140989659067
GENE_05127,-0.0142703529494
GENE_01889,-0.0144522708783
GENE_01360,-0.015309849173
GENE_07557,-0.0154716407267
GENE_07289,-0.0155630888703
GENE_08341,-0.0160540392486
GENE_06550,-0.0162231175959
GENE_00878,-0.0164228960728
GENE_06142,-0.0165684098225
GENE_04618,-0.0166103423259
GENE_05086,-0.0170060744838
GENE_10193,-0.0178621548877
GENE_05748,-0.0178949770084
GENE_10915,-0.0179279682498
GENE_09688,-0.0181342435081
GENE_01974,-0.0187087564459
GENE_08835,-0.0191221798537
GENE_02122,-0.0192603797344
GENE_08994,-0.0193183042718
GENE_01732,-0.0194196058877
GENE_11440,-0.0195303894671
GENE_01196,-0.0196377989267
GENE_05477,-0.0197943445207
GENE_04320,-0.0198736353683
GENE_07418,-0.0199183962997
GENE_05427,-0.0200987517697
GENE_05068,-0.0205605573505
GENE_09875,-0.0209210373831
GENE_05465,-0.0212447792762
GENE_01560,-0.0213672943484
GENE_06564,-0.0218567474421
GENE_08163,-0.0220300725169
GENE_05047,-0.0220348640043
GENE_03759,-0.0222789791837
GENE_04038,-0.0223002837181
GENE_06988,-0.0224360519806
GENE_01665,-0.0228680622989
GENE_06188,-0.0230505560855
GENE_11485,-0.0233939602439
GENE_02432,-0.0235521508742
GENE_00657,-0.02412508711
GENE_08438,-0.024129110455
GENE_01681,-0.0241956063909
GENE_04776,-0.0242328338697
GENE_07991,-0.02428649567
GENE_01022,-0.024354592261
GENE_06386,-0.0243985672362
GENE_01310,-0.0250269587451
GENE_00236,-0.0251425866576
GENE_08145,-0.0251886835295
GENE_05700,-0.0254941285852
GENE_01056,-0.0255540709914
GENE_02038,-0.025574312192
GENE_05561,-0.0262607932699
GENE_01884,-0.0264057569589
GENE_01996,-0.0265212592491
GENE_11381,-0.0272141323779
GENE_01366,-0.0273045395099
GENE_07057,-0.0273843204037
GENE_01540,-0.0275149050506
GENE_10639,-0.027969414487
GENE_07582,-0.0282178789372
GENE_09647,-0.0288166015886
GENE_09362,-0.0291726992266
GENE_05558,-0.029216405854
GENE_01947,-0.029262813685
GENE_09034,-0.0293517021157
GENE_08807,-0.029688790286
GENE_09865,-0.0297664883364
GENE_10892,-0.0298037818514
GENE_07765,-0.030263057597
GENE_07577,-0.0307865024134
GENE_02874,-0.0310589328709
GENE_04001,-0.0312034889391
GENE_09393,-0.0312614141542
GENE_02794,-0.0314391703748
GENE_06919,-0.0315185133281
GENE_07461,-0.0320423706805
GENE_06770,-0.0320474941637
GENE_06221,-0.0322768941026
GENE_03555,-0.0322806110495
GENE_08481,-0.0324810358421
GENE_08425,-0.0325038930577
GENE_00662,-0.032753270216
GENE_10259,-0.0328744851524
GENE_08000,-0.0330252637196
GENE_11085,-0.0330680013618
GENE_00874,-0.0331269728738
GENE_01838,-0.0332299906445
GENE_02766,-0.0336125647037
GENE_04484,-0.0339252259279
GENE_04647,-0.034550623954
GENE_08694,-0.0345642398438
GENE_11416,-0.0345722254858
GENE_00834,-0.0346848873868
GENE_09410,-0.0349415004586
GENE_00766,-0.034988490497
GENE_03643,-0.0350076100062
GENE_07016,-0.0350964667846
GENE_10916,-0.0354201406915
GENE_01575,-0.0356414822975
GENE_03549,-0.0358255787065
GENE_04867,-0.0363306080423
GENE_07336,-0.0365800398768
GENE_05460,-0.0365899743429
GENE_01777,-0.0370367970484
GENE_01091,-0.0372222365098
GENE_09597,-0.0375635093662
GENE_03131,-0.0375706449795
GENE_00714,-0.0376347024248
GENE_08399,-0.0376871207422
GENE_04715,-0.0378930817168
GENE_11398,-0.0381345688246
GENE_08106,-0.0383238356974
GENE_01043,-0.0385084695007
GENE_04709,-0.0387428949895
GENE_03229,-0.0390195193775
GENE_07283,-0.0391440269683
GENE_06623,-0.0391621154428
GENE_00431,-0.0392321777601
GENE_02692,-0.0393072876276
GENE_00796,-0.0395551538567
GENE_05112,-0.0398943837517
GENE_07541,-0.0399264633734
GENE_00968,-0.0401579506443
GENE_10426,-0.0402047345364
GENE_06089,-0.040333910214
GENE_09461,-0.0406062316785
GENE_08409,-0.0409175351951
GENE_07956,-0.0412481289792
GENE_07669,-0.0412596526501
GENE_06898,-0.0412913617847
GENE_05191,-0.0412926870073
GENE_06527,-0.0413372048092
GENE_06639,-0.0414717779991
GENE_09903,-0.0414911045774
GENE_11199,-0.0423318956602
GENE_02592,-0.0428233813116
GENE_11087,-0.0428243790755
GENE_02423,-0.0434769498139
GENE_06881,-0.0442733198446
GENE_05657,-0.0443614555116
GENE_07123,-0.044606532183
GENE_03822,-0.0448930301225
GENE_09491,-0.0450441180109
GENE_06339,-0.0451228903241
GENE_05750,-0.0452543019643
GENE_02487,-0.0454112179322
GENE_02900,-0.0455122453012
GENE_00948,-0.0455860163555
GENE_06141,-0.0459288287402
GENE_05360,-0.0462612172663
GENE_11205,-0.0464965811266
GENE_01070,-0.0469205788792
GENE_11737,-0.0470554460005
GENE_04346,-0.0473707025444
GENE_00983,-0.047711356142
GENE_07707,-0.0477992503848
GENE_10433,-0.0478589276528
GENE_11262,-0.0479857948506
GENE_11682,-0.0480709104826
GENE_03497,-0.0480885073308
GENE_02383,-0.0486523515705
GENE_08935,-0.0487656518431
GENE_07609,-0.0488298359337
GENE_02822,-0.0488971834741
GENE_04995,-0.0489650308585
GENE_03538,-0.049029340838
GENE_00840,-0.0494637096524
GENE_04731,-0.0498801541281
GENE_09371,-0.0499102330412
GENE_10864,-0.0500805988565
GENE_02573,-0.0502046170417
GENE_00511,-0.0502381094491
GENE_07227,-0.0508007886195
GENE_06683,-0.0511186930154
GENE_08977,-0.0512358355322
GENE_01949,-0.0513937235885
GENE_09796,-0.0515091937539
GENE_04958,-0.0515229285246
GENE_06971,-0.0515422086077
GENE_09660,-0.0519547709008
GENE_02824,-0.0524044505775
GENE_10065,-0.052473856063
GENE_05729,-0.0525050685387
GENE_09230,-0.0527551080008
GENE_04528,-0.0531068016969
GENE_02582,-0.0531206530175
GENE_03316,-0.0539048490057
GENE_00647,-0.0542948665178
GENE_05660,-0.0547783603388
GENE_01960,-0.0548940006163
GENE_00611,-0.0555846709105
GENE_01259,-0.0557690776577
GENE_08013,-0.0558521826528
GENE_11008,-0.0558964666136
GENE_04136,-0.0559204485222
GENE_03086,-0.0565884888999
GENE_08356,-0.0567885958863
GENE_11433,-0.0568368522069
GENE_00719,-0.0569456237211
GENE_05436,-0.0570411668529
GENE_07883,-0.0570612914312
GENE_07161,-0.0572704108221
GENE_04547,-0.0573907030015
GENE_04801,-0.057395365074
GENE_07226,-0.0573974637868
GENE_11495,-0.0575029687949
GENE_04249,-0.0575177530055
GENE_01117,-0.0576187970336
GENE_07788,-0.0578366123776
GENE_05020,-0.0579077498769
GENE_06989,-0.0579505417627
GENE_07437,-0.0579639996683
GENE_06968,-0.0584301189975
GENE_06010,-0.0587204271046
GENE_07826,-0.0588328541315
GENE_03919,-0.0594151812725
GENE_06604,-0.0596543119922
GENE_04264,-0.0598261435299
GENE_05439,-0.0600375416886
GENE_10671,-0.0601544994051
GENE_04150,-0.0604037291969
GENE_01801,-0.0606608138146
GENE_09047,-0.0608495200029
GENE_03507,-0.0610039718554
GENE_04411,-0.0610756713524
GENE_06184,-0.0610975080059
GENE_02778,-0.0617641998601
GENE_11092,-0.0617760622706
GENE_02827,-0.062004009366
GENE_10281,-0.0620886982143
GENE_10523,-0.0621360664693
GENE_02427,-0.0621910169993
GENE_01173,-0.0625931278995
GENE_04104,-0.0626395773272
GENE_04824,-0.0626482221218
GENE_07840,-0.0628938668999
GENE_04189,-0.0631230131112
GENE_06208,-0.0632739598969
GENE_10400,-0.0633032227813
GENE_07652,-0.0633898520348
GENE_02589,-0.0635245746154
GENE_05554,-0.0635735391861
GENE_07097,-0.063745285504
GENE_09165,-0.0638778328313
GENE_03884,-0.0640777641487
GENE_01128,-0.064138346593
GENE_03483,-0.0641841612888
GENE_02923,-0.0641881771085
GENE_10821,-0.0642037949527
GENE_08764,-0.0643376473792
GENE_03674,-0.0646886050325
GENE_08416,-0.0647722597979
GENE_09241,-0.0654102335954
GENE_00929,-0.065750261073
GENE_00532,-0.0660797986473
GENE_09185,-0.066112393952
GENE_02217,-0.0661326146258
GENE_09715,-0.0661659345464
GENE_06498,-0.0664489753095
GENE_10335,-0.0670100417252
GENE_02452,-0.0671782900494
GENE_07277,-0.0672303071961
GENE_06928,-0.0672774649135
GENE_00442,-0.0674421000399
GENE_08672,-0.0674465585552
GENE_05373,-0.0678713816995
GENE_04278,-0.068123425168
GENE_09634,-0.0682025303327
GENE_08888,-0.0682862077643
GENE_06308,-0.0684464926664
GENE_02971,-0.0686340460855
GENE_04509,-0.0695322862423
GENE_05123,-0.0696334533001
GENE_11318,-0.0698518681836
GENE_00788,-0.0701657114586
GENE_05900,-0.0702203615176
GENE_08842,-0.0702236205746
GENE_01322,-0.0704987780591
GENE_08192,-0.0708368479161
GENE_09052,-0.0709053625274
GENE_07905,-0.0711202908303
GENE_02331,-0.0715992518581
GENE_01090,-0.0716012594141
GENE_07982,-0.0728576888411
GENE_10745,-0.0729694318813
GENE_07524,-0.0731073020089
GENE_02754,-0.0739475656084
GENE_03392,-0.0739728635944
GENE_11150,-0.0739847815363
GENE_07130,-0.0743453297585
GENE_00778,-0.0744334291
GENE_10910,-0.0745926770081
GENE_06521,-0.0749265561184
GENE_11117,-0.0750270003968
GENE_03393,-0.0756656043258
GENE_08470,-0.0756710726571
GENE_02095,-0.0757642865355
GENE_04864,-0.075871450685
GENE_02171,-0.0759510236425
GENE_09636,-0.0762390173206
GENE_11222,-0.0762781517396
GENE_10108,-0.0768654070037
GENE_03421,-0.077221045223
GENE_03370,-0.077443460726
GENE_06967,-0.077494299893
GENE_07837,-0.0778214361365
GENE_01613,-0.0778371970128
GENE_10176,-0.0779227356785
GENE_04239,-0.0782306590585
GENE_11340,-0.0783308489302
GENE_10401,-0.0785883929144
GENE_11009,-0.0785907959688
GENE_08431,-0.0787884000803
GENE_04014,-0.0790673418646
GENE_11245,-0.0793761400203
GENE_04554,-0.0793884244057
GENE_01642,-0.0796413912457
GENE_05767,-0.0799084526625
GENE_02806,-0.0805997492968
GENE_01095,-0.0807165801086
GENE_10787,-0.0808155731636
GENE_03471,-0.0808784978655
GENE_04724,-0.0809173376627
GENE_04971,-0.0810459647217
GENE_06717,-0.0810671054354
GENE_10592,-0.0811931841355
GENE_11211,-0.0814559877779
GENE_02269,-0.0815226731016
GENE_11428,-0.0818741771908
GENE_07192,-0.0818943795725
GENE_00954,-0.0821511783926
GENE_06406,-0.0822536996715
GENE_10904,-0.0825135189114
GENE_07278,-0.0825925753513
GENE_01514,-0.0826806858427
GENE_08076,-0.0826977450184
GENE_04690,-0.0827150238965
GENE_07256,-0.0830893277432
GENE_01781,-0.0831055726287
GENE_10029,-0.0831335257215
GENE_09118,-0.0831717719346
GENE_02394,-0.0834379697904
GENE_03679,-0.0837179598492
GENE_08038,-0.0837830998891
GENE_03779,-0.0860696927909
GENE_10525,-0.0861621040995
GENE_09313,-0.0862170980075
GENE_08263,-0.0863378582467
GENE_05911,-0.0867011361482
GENE_10442,-0.0870152233181
GENE_06222,-0.0870847261431
GENE_03916,-0.0874353287772
GENE_04019,-0.0880912440291
GENE_01232,-0.0882820483513
GENE_01894,-0.0883629592053
GENE_08290,-0.0883732875264
GENE_06790,-0.088544214583
GENE_10693,-0.0885710672688
GENE_09188,-0.0892032976917
GENE_03130,-0.0892341542214
GENE_00964,-0.0897356942872
GENE_01715,-0.0905332823042
GENE_05423,-0.091075860353
GENE_03470,-0.0913995575091
GENE_04258,-0.0917060241451
GENE_03915,-0.091844764335
GENE_05162,-0.0919567826043
GENE_06272,-0.091968466203
GENE_07047,-0.0928745013931
GENE_03956,-0.0929442066136
GENE_03062,-0.0933868588999
GENE_10286,-0.0936090233664
GENE_03010,-0.0936361887392
GENE_08558,-0.093903568713
GENE_09469,-0.0942690707649
GENE_11234,-0.094272717231
GENE_03092,-0.094458714442
GENE_04147,-0.0948242312809
GENE_06084,-0.0951116477008
GENE_10512,-0.0951248775535
GENE_09180,-0.0951481230773
GENE_00914,-0.095295532387
GENE_07474,-0.0953410911967
GENE_02804,-0.0954642470891
GENE_08594,-0.0960006617339
GENE_00763,-0.0960598997246
GENE_09462,-0.0962122620406
GENE_11247,-0.0963846363149
GENE_03168,-0.0966236700149
GENE_00711,-0.0967131118704
GENE_06889,-0.0967601031869
GENE_09631,-0.0973111507016
GENE_10990,-0.0973459688927
GENE_05625,-0.0975253837456
GENE_03433,-0.0979152464429
GENE_06411,-0.0983098474544
GENE_01177,-0.0983396267947
GENE_01828,-0.0985881322843
GENE_08982,-0.0987208944557
GENE_03403,-0.0988452012393
GENE_01295,-0.0988896531911
GENE_03142,-0.0990943002413
GENE_00943,-0.0991758637794
GENE_08746,-0.099314337792
GENE_01550,-0.10015407648
GENE_10812,-0.100172768787
GENE_04546,-0.100475720572
GENE_04275,-0.101280718702
GENE_07593,-0.101986654594
GENE_05240,-0.101994716636
GENE_09161,-0.102006280127
GENE_10163,-0.102056390629
GENE_09060,-0.102103058891
GENE_10558,-0.102648573451
GENE_02063,-0.103221752932
GENE_02148,-0.103254760149
GENE_03532,-0.10343122429
GENE_08092,-0.103462789847
GENE_05601,-0.103586853406
GENE_11251,-0.103587894647
GENE_08698,-0.103812484403
GENE_09439,-0.104009227725
GENE_04048,-0.104342792987
GENE_07197,-0.104358449438
GENE_01740,-0.104449218537
GENE_05698,-0.104967707564
GENE_04619,-0.105818757498
GENE_01933,-0.105948354304
GENE_06319,-0.106090635341
GENE_05795,-0.10619409004
GENE_03719,-0.106337002531
GENE_05786,-0.106971469858
GENE_04321,-0.107264765811
GENE_01904,-0.107302144004
GENE_09080,-0.10737861841
GENE_10107,-0.107444881794
GENE_11168,-0.107983686013
GENE_06556,-0.108138990391
GENE_09437,-0.108527842565
GENE_05826,-0.109023419963
GENE_10607,-0.109193094501
GENE_01893,-0.109609803926
GENE_07402,-0.109864123102
GENE_05529,-0.110005498701
GENE_03148,-0.110665368557
GENE_04134,-0.110812560279
GENE_01266,-0.111226061349
GENE_06658,-0.111318848798
GENE_03446,-0.111508827143
GENE_08710,-0.111847104086
GENE_10213,-0.112126443611
GENE_11169,-0.112981123107
GENE_03558,-0.113128052516
GENE_08492,-0.113158494456
GENE_04092,-0.113480645882
GENE_08012,-0.11356256479
GENE_09666,-0.113588113621
GENE_08169,-0.113592161702
GENE_10094,-0.113656842499
GENE_06341,-0.113666689081
GENE_07167,-0.113812538414
GENE_11036,-0.113824772307
GENE_06120,-0.114472371799
GENE_06334,-0.114559427473
GENE_04792,-0.114640835506
GENE_04992,-0.114802248759
GENE_09057,-0.114950931492
GENE_05094,-0.115109693923
GENE_09798,-0.115188328776
GENE_04406,-0.115224232552
GENE_07165,-0.115997072322
GENE_02926,-0.116229043122
GENE_11114,-0.116488352631
GENE_08900,-0.116571346453
GENE_02810,-0.116765915795
GENE_08391,-0.117172004974
GENE_07246,-0.117654931602
GENE_07321,-0.117667302193
GENE_09746,-0.117981094607
GENE_01661,-0.118068526991
GENE_08693,-0.119558756626
GENE_05831,-0.119619624369
GENE_09390,-0.119658902473
GENE_01711,-0.120381163954
GENE_07897,-0.120587188473
GENE_01476,-0.120948148608
GENE_09506,-0.12102103101
GENE_11203,-0.121075432391
GENE_10757,-0.121688685687
GENE_01515,-0.121747508383
GENE_03735,-0.122057132121
GENE_08135,-0.122435989747
GENE_02986,-0.122708933596
GENE_05956,-0.123136435352
GENE_04962,-0.123344064046
GENE_03817,-0.123728946275
GENE_03638,-0.1237326801
GENE_08923,-0.123892363235
GENE_00382,-0.12389572431
GENE_04893,-0.12402138739
GENE_05146,-0.124285777162
GENE_11471,-0.124548479686
GENE_10267,-0.124718158236
GENE_11838,-0.124774611517
GENE_05178,-0.12488688535
GENE_08329,-0.124921595324
GENE_04404,-0.125174428383
GENE_02514,-0.125454260003
GENE_09545,-0.125746297496
GENE_00627,-0.1257869201
GENE_11310,-0.125819351548
GENE_06383,-0.126518896954
GENE_06805,-0.126532579747
GENE_09758,-0.126664027348
GENE_11217,-0.127158596875
GENE_10125,-0.127199383982
GENE_07101,-0.12740687239
GENE_02250,-0.127549120378
GENE_03452,-0.127654681518
GENE_06441,-0.128263480484
GENE_08887,-0.128398265918
GENE_01840,-0.128537511439
GENE_05496,-0.128546293252
GENE_04705,-0.128659446352
GENE_07600,-0.128877378689
GENE_05306,-0.12903411513
GENE_11011,-0.129297457036
GENE_03098,-0.129517246863
GENE_09314,-0.129673052029
GENE_01225,-0.129820699733
GENE_03901,-0.130060293554
GENE_08731,-0.130800593727
GENE_05652,-0.130925805126
GENE_09088,-0.13111133868
GENE_01820,-0.131256967092
GENE_02436,-0.131472595672
GENE_04270,-0.132136588902
GENE_04098,-0.132169355644
GENE_09233,-0.13260407824
GENE_01708,-0.132633746383
GENE_06570,-0.13300316393
GENE_09814,-0.133278715229
GENE_11012,-0.133627729727
GENE_10352,-0.133779372521
GENE_01472,-0.134017166673
GENE_05114,-0.134180210677
GENE_02067,-0.134279162186
GENE_01860,-0.134308741471
GENE_02693,-0.134496784402
GENE_10385,-0.135334233923
GENE_09894,-0.136422150278
GENE_08025,-0.136989577694
GENE_03349,-0.136995489442
GENE_11504,-0.1371308786
GENE_04121,-0.137310965789
GENE_02061,-0.137371788399
GENE_01756,-0.137448514628
GENE_08653,-0.137741060388
GENE_05784,-0.138082334661
GENE_08724,-0.138335282016
GENE_01460,-0.138455983984
GENE_05058,-0.138512244607
GENE_03124,-0.139397200663
GENE_02078,-0.139446275681
GENE_08961,-0.139542042928
GENE_01103,-0.139589628155
GENE_09886,-0.14027558555
GENE_03704,-0.140375058905
GENE_07741,-0.140553485502
GENE_11465,-0.141149672343
GENE_04859,-0.141525753367
GENE_05009,-0.141529637338
GENE_04843,-0.14164858601
GENE_09082,-0.141662631872
GENE_08160,-0.141708721702
GENE_05509,-0.141757554028
GENE_03668,-0.142146536941
GENE_04929,-0.143258915364
GENE_09735,-0.143581588712
GENE_06342,-0.143659529897
GENE_11233,-0.143999977702
GENE_01327,-0.144087555722
GENE_00659,-0.144360411924
GENE_02001,-0.144518670716
GENE_08574,-0.144866755146
GENE_05730,-0.144878561948
GENE_04073,-0.144904579081
GENE_10756,-0.145033691528
GENE_08942,-0.145349422314
GENE_08410,-0.146480670728
GENE_10379,-0.146631774044
GENE_06701,-0.146853521255
GENE_01227,-0.147002001628
GENE_03415,-0.147025423431
GENE_07264,-0.147139504814
GENE_08945,-0.147192750768
GENE_04983,-0.147205278686
GENE_06018,-0.147340226622
GENE_01533,-0.147602586299
GENE_02087,-0.147780318817
GENE_10268,-0.148222888843
GENE_03337,-0.148969309767
GENE_07107,-0.14936149565
GENE_06195,-0.149455693165
GENE_10860,-0.149635944252
GENE_03848,-0.149940719079
GENE_01142,-0.150055587033
GENE_04794,-0.150116951254
GENE_10147,-0.150147832017
GENE_03677,-0.150242988798
GENE_03780,-0.150320460272
GENE_10333,-0.150328373764
GENE_08854,-0.150468141495
GENE_05167,-0.15061401463
GENE_02753,-0.150837711567
GENE_01967,-0.151273283654
GENE_03855,-0.151299220233
GENE_10955,-0.151397491941
GENE_03689,-0.151714433577
GENE_09529,-0.151951123472
GENE_05902,-0.151967382316
GENE_10563,-0.152018905633
GENE_01281,-0.152469836381
GENE_08914,-0.152854991814
GENE_08939,-0.153260553399
GENE_11314,-0.15350069557
GENE_05619,-0.153905226975
GENE_06167,-0.153997665198
GENE_08992,-0.154649706561
GENE_10308,-0.154690331135
GENE_02999,-0.155259048825
GENE_09004,-0.155422432528
GENE_00551,-0.155677235392
GENE_02370,-0.155898177937
GENE_09851,-0.156276336705
GENE_10263,-0.156409278793
GENE_07079,-0.156477376123
GENE_06176,-0.157024828445
GENE_04665,-0.157746983231
GENE_06262,-0.15783750984
GENE_00632,-0.158007898579
GENE_03715,-0.158153844372
GENE_04820,-0.15830547801
GENE_01365,-0.158529573027
GENE_06156,-0.158537692416
GENE_02839,-0.1590452104
GENE_11400,-0.159149471538
GENE_03737,-0.159362232146
GENE_08115,-0.159748497992
GENE_10749,-0.160038673579
GENE_08326,-0.160074486608
GENE_07693,-0.160130139598
GENE_01792,-0.160132795567
GENE_03539,-0.160360081045
GENE_05534,-0.160419381975
GENE_11190,-0.160450043266
GENE_07804,-0.160559609502
GENE_04171,-0.160631119525
GENE_11385,-0.160653286366
GENE_11473,-0.161643794479
GENE_09345,-0.161767281166
GENE_06168,-0.161954816941
GENE_09486,-0.162062102037
GENE_03887,-0.16212397548
GENE_06092,-0.162703701569
GENE_02111,-0.162792906072
GENE_01998,-0.163066963944
GENE_06779,-0.164149412722
GENE_05771,-0.164241985032
GENE_03796,-0.164335205885
GENE_06343,-0.165080565003
GENE_03355,-0.165631410318
GENE_08613,-0.166814740698
GENE_00896,-0.167118080317
GENE_01434,-0.167121713786
GENE_01918,-0.168143818585
GENE_05689,-0.168259134488
GENE_06462,-0.168300423172
GENE_05616,-0.168384922473
GENE_07172,-0.168419712029
GENE_10161,-0.168784737416
GENE_01741,-0.16882172319
GENE_05295,-0.169122685643
GENE_08403,-0.169274438333
GENE_11157,-0.169328857115
GENE_05474,-0.169852357678
GENE_01504,-0.170184622525
GENE_10965,-0.170223791971
GENE_04789,-0.170258246796
GENE_05042,-0.170385765388
GENE_09184,-0.171179369796
GENE_08339,-0.171256304825
GENE_08779,-0.171495600388
GENE_06374,-0.171673653925
GENE_10378,-0.171810463803
GENE_07720,-0.172041359265
GENE_08002,-0.172374957454
GENE_01044,-0.172627299941
GENE_05552,-0.172629134291
GENE_03244,-0.172801737396
GENE_06828,-0.172845674814
GENE_01370,-0.172946059923
GENE_01144,-0.173071824284
GENE_09450,-0.173544417561
GENE_08242,-0.173873820315
GENE_10293,-0.174267034467
GENE_02433,-0.174354257903
GENE_11016,-0.174443934285
GENE_07932,-0.174647945682
GENE_01302,-0.174959756695
GENE_05212,-0.175294529904
GENE_04174,-0.175378455899
GENE_02916,-0.175563945499
GENE_02150,-0.175854404432
GENE_01767,-0.175885812432
GENE_05650,-0.17611243396
GENE_05906,-0.176133503551
GENE_09824,-0.176134197711
GENE_02772,-0.176774163116
GENE_00870,-0.176947227494
GENE_09141,-0.177168115115
GENE_06543,-0.177491883774
GENE_05424,-0.177595994759
GENE_04514,-0.177917875804
GENE_07811,-0.178023290064
GENE_10140,-0.178680887608
GENE_10987,-0.178706884563
GENE_03612,-0.179093285016
GENE_05528,-0.179251025357
GENE_06749,-0.179514574872
GENE_07499,-0.179619721406
GENE_10682,-0.179630372726
GENE_02182,-0.180391681762
GENE_01614,-0.180479913591
GENE_02223,-0.181224173218
GENE_03718,-0.181449069248
GENE_03745,-0.181503162136
GENE_10746,-0.181733537616
GENE_10971,-0.182040431086
GENE_08128,-0.182160583858
GENE_03641,-0.18256897438
GENE_10708,-0.182584878412
GENE_01600,-0.182896441105
GENE_11139,-0.182901567424
GENE_03498,-0.183150471053
GENE_02307,-0.18319661872
GENE_08041,-0.183245243209
GENE_05476,-0.183300709526
GENE_06277,-0.183528172157
GENE_09056,-0.183540322016
GENE_04821,-0.183853893159
GENE_00725,-0.183983336353
GENE_06232,-0.184032399199
GENE_07403,-0.184086867016
GENE_05158,-0.184145815683
GENE_08374,-0.184289001833
GENE_02605,-0.184525357656
GENE_07131,-0.184551442186
GENE_10237,-0.184876756245
GENE_00699,-0.184902136443
GENE_06310,-0.185097649421
GENE_01224,-0.185287658878
GENE_03084,-0.185845752193
GENE_05022,-0.185924480949
GENE_10576,-0.186436415822
GENE_11048,-0.186573253055
GENE_05049,-0.186678962313
GENE_00810,-0.186871644161
GENE_02948,-0.186896158162
GENE_01319,-0.186971302985
GENE_09918,-0.187057516474
GENE_01646,-0.187144265005
GENE_11436,-0.187165547864
GENE_08298,-0.187227321507
GENE_02879,-0.187329018406
GENE_09335,-0.187330309821
GENE_08316,-0.18772702358
GENE_06371,-0.187859401009
GENE_05600,-0.188202438773
GENE_04584,-0.188261335086
GENE_09221,-0.188594829147
GENE_06883,-0.189014297682
GENE_02248,-0.189120390777
GENE_08262,-0.189190181275
GENE_07934,-0.189693493452
GENE_02180,-0.190039035001
GENE_05364,-0.190240844413
GENE_05733,-0.190446185929
GENE_02943,-0.190503105998
GENE_01110,-0.190682400763
GENE_04694,-0.190872219553
GENE_02201,-0.190903791727
GENE_02119,-0.1910277626
GENE_11108,-0.192806087307
GENE_09944,-0.192981367761
GENE_09136,-0.193082074007
GENE_11629,-0.193141115853
GENE_10720,-0.19315522485
GENE_06562,-0.193304226448
GENE_09048,-0.19334094968
GENE_06567,-0.193427628581
GENE_07830,-0.193609511036
GENE_01511,-0.19365945928
GENE_05318,-0.193705379805
GENE_02015,-0.193826138773
GENE_03116,-0.194269131979
GENE_09018,-0.194491484865
GENE_10415,-0.194663695025
GENE_02922,-0.194697296117
GENE_01968,-0.194908280353
GENE_03859,-0.195390351177
GENE_08265,-0.195434846523
GENE_06761,-0.195472643586
GENE_04956,-0.195698531147
GENE_05754,-0.195785270969
GENE_07689,-0.196093210677
GENE_03879,-0.196280651388
GENE_01089,-0.196349849085
GENE_02769,-0.196466583428
GENE_04308,-0.196921807997
GENE_01966,-0.197338420307
GENE_05543,-0.197620467796
GENE_03526,-0.197937728985
GENE_08595,-0.198059763219
GENE_09948,-0.198073630149
GENE_04695,-0.19819567638
GENE_10221,-0.198569186881
GENE_11099,-0.198669133823
GENE_08946,-0.19906255376
GENE_06794,-0.2002012543
GENE_04108,-0.200352577794
GENE_10175,-0.200571180656
GENE_05182,-0.200639298825
GENE_09518,-0.200685218375
GENE_09459,-0.201419900077
GENE_02612,-0.201491533948
GENE_08040,-0.20233890687
GENE_03830,-0.202524227065
GENE_09006,-0.202605772918
GENE_02587,-0.202980637396
GENE_00547,-0.203045386043
GENE_11384,-0.203168528985
GENE_10610,-0.203318285418
GENE_05459,-0.20346114108
GENE_01241,-0.203580360102
GENE_01551,-0.203673750177
GENE_07222,-0.204129768873
GENE_07771,-0.204355726646
GENE_02749,-0.204471220986
GENE_10852,-0.204707233522
GENE_05065,-0.204876663865
GENE_09809,-0.204932474242
GENE_05408,-0.205284019496
GENE_04941,-0.205627853643
GENE_07067,-0.205766993677
GENE_08375,-0.205839859921
GENE_02770,-0.20585943088
GENE_03039,-0.206611279696
GENE_06114,-0.206984589098
GENE_10845,-0.207161689094
GENE_09403,-0.207316096008
GENE_01839,-0.208116857273
GENE_10643,-0.20820525799
GENE_04293,-0.20846821054
GENE_05300,-0.20866837122
GENE_10929,-0.208917957371
GENE_01462,-0.209023257286
GENE_01877,-0.209221873745
GENE_02469,-0.209313819579
GENE_01375,-0.209323677152
GENE_08589,-0.209375613312
GENE_11399,-0.210534940353
GENE_01818,-0.211130238828
GENE_05147,-0.211384229818
GENE_03287,-0.211666981931
GENE_11005,-0.211889531198
GENE_07912,-0.21208966992
GENE_02993,-0.212208969901
GENE_09337,-0.21224430984
GENE_09773,-0.212451702713
GENE_01332,-0.21344287093
GENE_03491,-0.21345677935
GENE_07559,-0.213593242205
GENE_05602,-0.213875167555
GENE_09014,-0.213926466351
GENE_00839,-0.213988844226
GENE_04504,-0.214067697728
GENE_06004,-0.214150310711
GENE_07676,-0.214537664518
GENE_01871,-0.214921030289
GENE_06667,-0.214954838079
GENE_07682,-0.21511380017
GENE_08330,-0.21519632356
GENE_10349,-0.21538828886
GENE_03863,-0.215609578568
GENE_03270,-0.215667637548
GENE_06590,-0.215787126328
GENE_11240,-0.215830755436
GENE_04600,-0.21596052035
GENE_09182,-0.216001421573
GENE_09893,-0.216418711638
GENE_06240,-0.216523197536
GENE_10041,-0.216731789156
GENE_09644,-0.216827050222
GENE_02542,-0.217017050424
GENE_04155,-0.217131074946
GENE_05701,-0.217158807137
GENE_09392,-0.218005631121
GENE_02641,-0.218045895392
GENE_03469,-0.218653277435
GENE_04538,-0.218866251736
GENE_00573,-0.219100528809
GENE_10650,-0.219412320972
GENE_05071,-0.219669452351
GENE_07100,-0.22001802766
GENE_06145,-0.220113731255
GENE_05317,-0.220538229157
GENE_08647,-0.220565940267
GENE_08218,-0.220728756958
GENE_07827,-0.22093172494
GENE_00988,-0.22096417383
GENE_04986,-0.221042463537
GENE_01428,-0.221253623586
GENE_04037,-0.221513262952
GENE_04575,-0.221536597584
GENE_06300,-0.221599694385
GENE_06234,-0.221781403716
GENE_05445,-0.221888271292
GENE_03408,-0.222474896778
GENE_10056,-0.222574927225
GENE_03699,-0.222720700777
GENE_08912,-0.223025681266
GENE_02144,-0.223202254635
GENE_08979,-0.223271588433
GENE_01730,-0.223465982372
GENE_06727,-0.223472505237
GENE_10371,-0.223666571803
GENE_04085,-0.224318970878
GENE_01187,-0.224633149997
GENE_11042,-0.22467990163
GENE_01349,-0.224765401893
GENE_05222,-0.224853055795
GENE_01822,-0.224855981808
GENE_06619,-0.225262642491
GENE_08984,-0.225351485044
GENE_07480,-0.225493423335
GENE_04642,-0.225656380712
GENE_10449,-0.225722631612
GENE_07273,-0.225806749076
GENE_01554,-0.226478891902
GENE_01522,-0.22648409885
GENE_09553,-0.226527472383
GENE_11364,-0.226662203724
GENE_07412,-0.226942466138
GENE_05508,-0.227106007781
GENE_03599,-0.227476259953
GENE_05890,-0.227719614836
GENE_07778,-0.227770979124
GENE_09693,-0.227892558766
GENE_06486,-0.22800572681
GENE_08963,-0.22847254381
GENE_02116,-0.22859991534
GENE_06419,-0.229081030922
GENE_04649,-0.229382331855
GENE_02422,-0.229390744068
GENE_02937,-0.22954865536
GENE_02518,-0.229799630575
GENE_02386,-0.230400714206
GENE_02857,-0.23052462518
GENE_05727,-0.230586398524
GENE_05809,-0.23066166664
GENE_09694,-0.230786152103
GENE_02476,-0.230866373845
GENE_00648,-0.230934530209
GENE_07357,-0.231059536841
GENE_04549,-0.231069477458
GENE_04680,-0.23130094293
GENE_11422,-0.231868506626
GENE_08118,-0.232273502799
GENE_08729,-0.233208498206
GENE_08520,-0.233606960983
GENE_07003,-0.233724057852
GENE_07688,-0.233897800454
GENE_02168,-0.234019859107
GENE_02447,-0.234407800316
GENE_09963,-0.234507535146
GENE_09927,-0.234579029619
GENE_02569,-0.234620569957
GENE_05914,-0.234924271521
GENE_10835,-0.235164878251
GENE_06355,-0.235273909972
GENE_04965,-0.235711244857
GENE_04752,-0.235916529312
GENE_03632,-0.235969987211
GENE_05830,-0.236448836736
GENE_08442,-0.236537383369
GENE_02957,-0.236555287219
GENE_04059,-0.237011970013
GENE_11691,-0.23752683513
GENE_05013,-0.237683316961
GENE_06692,-0.237807037426
GENE_03260,-0.238110436312
GENE_05801,-0.238233675056
GENE_09845,-0.238605531715
GENE_07881,-0.238752602063
GENE_01670,-0.23893209917
GENE_00512,-0.238948046866
GENE_08737,-0.239273147152
GENE_03957,-0.239501922022
GENE_09031,-0.239555858937
GENE_00686,-0.240325398158
GENE_03793,-0.24066517453
GENE_09639,-0.240724303989
GENE_11498,-0.241063222466
GENE_00950,-0.241236057856
GENE_01705,-0.241257654619
GENE_06290,-0.241430564725
GENE_02777,-0.241497445871
GENE_10486,-0.242375458105
GENE_09881,-0.24258303629
GENE_03341,-0.242681276812
GENE_04116,-0.242698747825
GENE_11468,-0.242728589311
GENE_04130,-0.243061198881
GENE_02834,-0.243383979375
GENE_08327,-0.243410302568
GENE_06478,-0.244028352171
GENE_02691,-0.244080473674
GENE_01134,-0.244156635291
GENE_10714,-0.245172421851
GENE_00644,-0.245743064086
GENE_10481,-0.245848317444
GENE_09700,-0.245995338356
GENE_01764,-0.24606248813
GENE_06366,-0.24633528118
GENE_04167,-0.246383402515
GENE_08228,-0.24657105426
GENE_07171,-0.246724424114
GENE_09266,-0.246918327489
GENE_02219,-0.247025700746
GENE_11306,-0.247079436808
GENE_00992,-0.247177382521
GENE_07712,-0.247335963896
GENE_07517,-0.247340387025
GENE_00777,-0.247518635552
GENE_04815,-0.24775241824
GENE_07419,-0.247880119079
GENE_09146,-0.247954207328
GENE_03079,-0.248528618074
GENE_04650,-0.248615853767
GENE_01436,-0.248691126184
GENE_07384,-0.248973655281
GENE_04352,-0.249071844653
GENE_06704,-0.249369625172
GENE_09513,-0.249655538219
GENE_09419,-0.249893735812
GENE_01857,-0.250046514599
GENE_01409,-0.250833016455
GENE_10833,-0.250833671811
GENE_09441,-0.251117834642
GENE_02287,-0.251538886044
GENE_09259,-0.251551900184
GENE_01609,-0.252353502126
GENE_08179,-0.252624868803
GENE_04767,-0.252763255096
GENE_04605,-0.253676077542
GENE_05591,-0.253951706397
GENE_07449,-0.254476076645
GENE_11373,-0.254607986014
GENE_05331,-0.254946970404
GENE_02513,-0.254955793554
GENE_00666,-0.254977217421
GENE_10027,-0.255187171514
GENE_11719,-0.255896815534
GENE_02776,-0.256179752495
GENE_04751,-0.256280824252
GENE_04210,-0.256340678372
GENE_05233,-0.256945125122
GENE_07236,-0.257052408813
GENE_05304,-0.257300000618
GENE_01030,-0.257376537423
GENE_05122,-0.257620485511
GENE_11249,-0.257724561586
GENE_06839,-0.258008536198
GENE_06505,-0.258045515611
GENE_05797,-0.258175138031
GENE_10790,-0.258764411872
GENE_01896,-0.258796062667
GENE_02965,-0.25885440037
GENE_01689,-0.258904973704
GENE_06370,-0.258938796578
GENE_01088,-0.259042145821
GENE_10042,-0.259221813004
GENE_01721,-0.259546677584
GENE_00642,-0.259591351364
GENE_10687,-0.259596721809
GENE_10923,-0.259721171077
GENE_04027,-0.259800140768
GENE_06587,-0.26003625018
GENE_05315,-0.260309041271
GENE_10495,-0.260608332334
GENE_11228,-0.261008724172
GENE_05717,-0.261758290221
GENE_10257,-0.262233569383
GENE_10617,-0.262575659316
GENE_03924,-0.262659520316
GENE_04804,-0.262746747687
GENE_02123,-0.262890829208
GENE_08503,-0.26316127206
GENE_06175,-0.263307806878
GENE_08889,-0.26342363512
GENE_02679,-0.263448216082
GENE_07490,-0.264355833203
GENE_02016,-0.264514841311
GENE_06752,-0.264545898705
GENE_08309,-0.265064996889
GENE_05819,-0.26523754047
GENE_06218,-0.265560512519
GENE_06783,-0.265592633262
GENE_04790,-0.265604560286
GENE_10191,-0.265828365647
GENE_08584,-0.265920074196
GENE_10557,-0.265924194072
GENE_02187,-0.266652329234
GENE_08087,-0.267137485942
GENE_10544,-0.267317023168
GENE_03139,-0.267641090899
GENE_09500,-0.267765518725
GENE_10464,-0.267898734158
GENE_07889,-0.268139139242
GENE_08816,-0.268368799137
GENE_01814,-0.268530647906
GENE_10579,-0.268621623938
GENE_04162,-0.26864575331
GENE_11430,-0.268677877525
GENE_00652,-0.268888690555
GENE_11221,-0.269493755704
GENE_00596,-0.269874935293
GENE_06582,-0.269951896825
GENE_07833,-0.270267604364
GENE_09897,-0.270270367675
GENE_07056,-0.270366696761
GENE_07952,-0.270371399136
GENE_11798,-0.270699133955
GENE_01559,-0.271123601043
GENE_10295,-0.271296563148
GENE_05053,-0.271314978068
GENE_02403,-0.271655110326
GENE_11757,-0.271670619434
GENE_10398,-0.27173003987
GENE_05310,-0.272410016604
GENE_08747,-0.272426900931
GENE_04437,-0.272544721362
GENE_00645,-0.272723569748
GENE_06450,-0.27284454634
GENE_06065,-0.272933320226
GENE_08130,-0.273006748023
GENE_11346,-0.27315224652
GENE_10133,-0.273627610393
GENE_05126,-0.273729252167
GENE_02833,-0.273993081829
GENE_07916,-0.274643749366
GENE_05346,-0.274802304753
GENE_05359,-0.27484530067
GENE_06023,-0.275121428255
GENE_10323,-0.275482315179
GENE_08793,-0.275839959896
GENE_08876,-0.27589572144
GENE_07838,-0.275951451696
GENE_10066,-0.276335295044
GENE_05597,-0.276671771719
GENE_01429,-0.276813299889
GENE_06982,-0.276889355769
GENE_05457,-0.27751361886
GENE_04596,-0.277544256316
GENE_10795,-0.278119864366
GENE_10825,-0.278310255877
GENE_07907,-0.278372967608
GENE_02820,-0.278883394151
GENE_02496,-0.278962930332
GENE_10590,-0.279350247057
GENE_04819,-0.279507463297
GENE_10124,-0.279612719905
GENE_02497,-0.279760168496
GENE_03376,-0.279810342377
GENE_03948,-0.279993301874
GENE_11191,-0.28011100775
GENE_11389,-0.280282713077
GENE_06554,-0.280502053412
GENE_11192,-0.280571706599
GENE_01175,-0.280675076867
GENE_00995,-0.281100292886
GENE_05735,-0.281125484888
GENE_06437,-0.281164042465
GENE_10114,-0.281203595403
GENE_01565,-0.281327557118
GENE_00829,-0.281784608861
GENE_09432,-0.281844849397
GENE_10848,-0.282124943138
GENE_06798,-0.282125776934
GENE_08954,-0.282240591923
GENE_09203,-0.282759327629
GENE_03111,-0.283138896744
GENE_07188,-0.28315188488
GENE_04661,-0.283218038945
GENE_08622,-0.283706728365
GENE_03617,-0.284155097929
GENE_03346,-0.284384649607
GENE_07939,-0.284625504254
GENE_09316,-0.284789409515
GENE_10999,-0.284795556647
GENE_05794,-0.284836937742
GENE_02775,-0.28487549337
GENE_04745,-0.285094257042
GENE_10625,-0.285541625307
GENE_10919,-0.285686548092
GENE_01927,-0.28600422188
GENE_04261,-0.286794235738
GENE_08843,-0.287109504862
GENE_02898,-0.2874475194
GENE_11989,-0.287695312562
GENE_06580,-0.287906076868
GENE_03289,-0.288038873922
GENE_08010,-0.288062798351
GENE_08434,-0.288150262423
GENE_08057,-0.288156030511
GENE_08631,-0.288532900682
GENE_03052,-0.288548695876
GENE_06333,-0.288575117154
GENE_07673,-0.289981354437
GENE_01297,-0.290274544189
GENE_07772,-0.290441482011
GENE_06709,-0.290453916228
GENE_04263,-0.291758632259
GENE_01610,-0.291811268916
GENE_06857,-0.292685458975
GENE_09645,-0.292757918772
GENE_02330,-0.293966947664
GENE_04106,-0.294242505636
GENE_04968,-0.294455757588
GENE_01214,-0.294949678292
GENE_09154,-0.295056189806
GENE_02535,-0.295089914238
GENE_01655,-0.295401410139
GENE_01899,-0.295480318029
GENE_02745,-0.29660745907
GENE_04166,-0.297376079243
GENE_03570,-0.297482200874
GENE_01140,-0.29756350336
GENE_07103,-0.297796156224
GENE_06995,-0.297866804957
GENE_11066,-0.297949364813
GENE_09632,-0.2981525262
GENE_06198,-0.298820089029
GENE_08787,-0.29906908523
GENE_04571,-0.299181772427
GENE_07718,-0.299515037547
GENE_09725,-0.299549411199
GENE_02572,-0.299676648007
GENE_09244,-0.299693495933
GENE_07705,-0.299696056664
GENE_02835,-0.299838196275
GENE_08959,-0.299877474497
GENE_08927,-0.300128786828
GENE_04555,-0.300465948721
GENE_11298,-0.300569390585
GENE_08873,-0.300674360444
GENE_06878,-0.300825956032
GENE_03112,-0.300859747141
GENE_05858,-0.300980312393
GENE_09044,-0.301526295769
GENE_09539,-0.301579807791
GENE_09765,-0.301733053959
GENE_09691,-0.301798493396
GENE_00471,-0.301921164736
GENE_02681,-0.30204549949
GENE_09774,-0.302097041025
GENE_03480,-0.302180586983
GENE_08890,-0.302269392083
GENE_11418,-0.302349566332
GENE_01337,-0.302469686488
GENE_06560,-0.302885243799
GENE_01733,-0.303179782834
GENE_04537,-0.303350067477
GENE_04723,-0.303564325266
GENE_05367,-0.303626072898
GENE_02053,-0.303726028777
GENE_10036,-0.304344871054
GENE_11254,-0.304667833756
GENE_05060,-0.305188845481
GENE_01317,-0.305224704355
GENE_06181,-0.305444702442
GENE_10001,-0.305499463054
GENE_04785,-0.305610614154
GENE_04079,-0.305619111068
GENE_08505,-0.305632442407
GENE_07471,-0.305954431532
GENE_06513,-0.306013954357
GENE_09279,-0.307048340925
GENE_08980,-0.307246225662
GENE_10777,-0.307460900015
GENE_07851,-0.307571417116
GENE_00910,-0.307778234953
GENE_02865,-0.307808471139
GENE_02003,-0.307961529639
GENE_01872,-0.308034284186
GENE_11282,-0.308215928161
GENE_02543,-0.308482788456
GENE_07084,-0.308960014598
GENE_07014,-0.309066236738
GENE_01279,-0.309116464203
GENE_00805,-0.309172123469
GENE_01786,-0.30920907705
GENE_08720,-0.309509885927
GENE_00695,-0.309546439314
GENE_04615,-0.309649713988
GENE_09331,-0.309710811807
GENE_03839,-0.310307705385
GENE_06086,-0.310390991378
GENE_10075,-0.310396136476
GENE_08749,-0.310396803756
GENE_07539,-0.310937516351
GENE_10210,-0.310971466486
GENE_09869,-0.311467194899
GENE_08549,-0.311675885765
GENE_09591,-0.311785573256
GENE_07483,-0.312071932053
GENE_05301,-0.312668445732
GENE_07382,-0.312677169653
GENE_08008,-0.312836473052
GENE_10037,-0.31292896719
GENE_02208,-0.313058030523
GENE_02523,-0.313529686172
GENE_11408,-0.314601447442
GENE_06471,-0.314690828788
GENE_06289,-0.315081927909
GENE_03695,-0.315086731194
GENE_06680,-0.315266333916
GENE_04656,-0.315296655286
GENE_02075,-0.316072856027
GENE_07386,-0.316082961123
GENE_01273,-0.316408449695
GENE_08280,-0.316679545934
GENE_09560,-0.317102832574
GENE_04339,-0.317350492243
GENE_02157,-0.317715096756
GENE_06024,-0.317760894017
GENE_07924,-0.318158501618
GENE_04025,-0.318237527743
GENE_10440,-0.318301014104
GENE_04960,-0.318748315246
GENE_05765,-0.318846355495
GENE_01796,-0.319053935667
GENE_11826,-0.319234286612
GENE_07797,-0.319826277889
GENE_10762,-0.319832264128
GENE_02172,-0.319847523255
GENE_09872,-0.319907278003
GENE_03997,-0.320297804537
GENE_01018,-0.320347308194
GENE_05620,-0.320385059437
GENE_02310,-0.320667625557
GENE_08540,-0.320783861852
GENE_06006,-0.321159038706
GENE_02813,-0.321242766118
GENE_11653,-0.321426035651
GENE_01082,-0.321635051217
GENE_08480,-0.32175270399
GENE_03905,-0.322028154492
GENE_01675,-0.322320469211
GENE_01408,-0.322679838842
GENE_07466,-0.323042368773
GENE_09366,-0.323075742677
GENE_08258,-0.323167665702
GENE_09113,-0.323514946784
GENE_08526,-0.323908853216
GENE_04357,-0.324068175209
GENE_09599,-0.324176861041
GENE_11870,-0.324363706154
GENE_09720,-0.324619674398
GENE_11173,-0.324741935082
GENE_01159,-0.324831383509
GENE_08664,-0.324857926499
GENE_03795,-0.325611052149
GENE_11466,-0.325738893183
GENE_05617,-0.326012495817
GENE_00563,-0.326023532168
GENE_06435,-0.326233704441
GENE_07426,-0.326535852535
GENE_08034,-0.326613780661
GENE_07849,-0.326647563189
GENE_05468,-0.326673247509
GENE_03781,-0.326696213186
GENE_03490,-0.32701731761
GENE_11065,-0.327073430864
GENE_06225,-0.327806459877
GENE_02048,-0.327894716513
GENE_10863,-0.328320942691
GENE_08713,-0.328375259417
GENE_02108,-0.328618475749
GENE_02682,-0.329447786347
GENE_05344,-0.329489300218
GENE_05003,-0.330090191701
GENE_03286,-0.330120093966
GENE_05200,-0.330774896023
GENE_03183,-0.330789224328
GENE_09713,-0.331024334208
GENE_02502,-0.331308383183
GENE_06259,-0.331352299088
GENE_05757,-0.331431371282
GENE_10632,-0.331778771772
GENE_09349,-0.331864861822
GENE_06483,-0.33257937985
GENE_03061,-0.332860404383
GENE_06085,-0.333037619054
GENE_08875,-0.333047620976
GENE_07655,-0.333460693182
GENE_08124,-0.33348628097
GENE_01901,-0.333819489756
GENE_02429,-0.33407723098
GENE_10194,-0.33460385453
GENE_01634,-0.334775332107
GENE_05862,-0.334802987445
GENE_02736,-0.335137781171
GENE_10384,-0.335143138778
GENE_09053,-0.335166973226
GENE_05062,-0.335244081868
GENE_09887,-0.335515832033
GENE_09559,-0.33577861774
GENE_00640,-0.33578469929
GENE_09076,-0.33578593898
GENE_10894,-0.336066696506
GENE_03047,-0.336254738681
GENE_03925,-0.336386945411
GENE_11281,-0.336544921209
GENE_04319,-0.336552589878
GENE_05197,-0.336895126785
GENE_01335,-0.337085971118
GENE_07484,-0.337815094191
GENE_07914,-0.337877775474
GENE_09579,-0.338669053884
GENE_10815,-0.339088294527
GENE_03636,-0.33912227927
GENE_06526,-0.339311187138
GENE_08626,-0.339530156666
GENE_05638,-0.339759007648
GENE_10448,-0.340340482883
GENE_04438,-0.34059870691
GENE_03351,-0.340907877346
GENE_09100,-0.341092932142
GENE_11939,-0.341130305545
GENE_05681,-0.341821820246
GENE_11423,-0.342017345805
GENE_06963,-0.342148651127
GENE_08674,-0.342304843449
GENE_03036,-0.342549200858
GENE_00672,-0.34268759408
GENE_04179,-0.342878861558
GENE_09105,-0.343191568687
GENE_01943,-0.343192275497
GENE_05704,-0.343205926843
GENE_08776,-0.343335175852
GENE_08846,-0.34375651951
GENE_05572,-0.344063956704
GENE_06119,-0.344098028262
GENE_06651,-0.344477208752
GENE_09662,-0.344983161957
GENE_07393,-0.345104096819
GENE_05433,-0.345146881138
GENE_04606,-0.34516470545
GENE_08393,-0.345907280667
GENE_05095,-0.345919329047
GENE_11194,-0.34610427178
GENE_03922,-0.346426506007
GENE_11283,-0.346749891008
GENE_06298,-0.346771576767
GENE_10943,-0.347161482418
GENE_05338,-0.347186495112
GENE_04237,-0.347302288958
GENE_09091,-0.347524942519
GENE_06520,-0.348157396817
GENE_01080,-0.348652134408
GENE_01081,-0.349257704318
GENE_10437,-0.349261885348
GENE_01731,-0.349316796118
GENE_03938,-0.349439327217
GENE_05889,-0.350778205602
GENE_04418,-0.350849430076
GENE_02708,-0.351414235714
GENE_00569,-0.351513484041
GENE_02785,-0.351921317817
GENE_07987,-0.352087747454
GENE_08556,-0.352453731638
GENE_10069,-0.352546242737
GENE_01653,-0.353166292811
GENE_07479,-0.353264135438
GENE_11242,-0.353652554882
GENE_05537,-0.353685759567
GENE_09833,-0.35385896282
GENE_02134,-0.354040710941
GENE_07875,-0.354206388509
GENE_08656,-0.355934917087
GENE_05777,-0.355974084386
GENE_06043,-0.356092048619
GENE_03499,-0.35667313418
GENE_02333,-0.357029200807
GENE_08957,-0.357415048171
GENE_02181,-0.35744542281
GENE_06251,-0.357827933441
GENE_06907,-0.357990434413
GENE_03123,-0.358029379747
GENE_06499,-0.358079446179
GENE_06199,-0.358244377908
GENE_02220,-0.358340152021
GENE_07566,-0.358403575513
GENE_07181,-0.358958385179
GENE_10393,-0.359285304306
GENE_00887,-0.359292090787
GENE_02798,-0.359629672452
GENE_02376,-0.359768645789
GENE_03660,-0.360039268757
GENE_00690,-0.360966165819
GENE_05807,-0.361009223253
GENE_10358,-0.361230192914
GENE_03482,-0.361310561967
GENE_03314,-0.361462766694
GENE_07637,-0.361628109373
GENE_11178,-0.361716987817
GENE_07839,-0.361723836093
GENE_06270,-0.362347557546
GENE_01064,-0.362440941403
GENE_08069,-0.362499002882
GENE_00823,-0.36283856044
GENE_10648,-0.362855627374
GENE_11863,-0.362878209998
GENE_04076,-0.363116661156
GENE_06052,-0.363131646817
GENE_09892,-0.363175558733
GENE_08966,-0.363312008389
GENE_06231,-0.363573294915
GENE_00718,-0.363612212214
GENE_01422,-0.364952729543
GENE_07117,-0.365152613198
GENE_05544,-0.36524097749
GENE_06062,-0.365280858204
GENE_01394,-0.365321551312
GENE_03854,-0.365505936985
GENE_06402,-0.365677082531
GENE_08930,-0.366341677138
GENE_02829,-0.366507020368
GENE_01671,-0.366824411815
GENE_10270,-0.367022614722
GENE_01587,-0.367027839083
GENE_09065,-0.367074646018
GENE_06904,-0.367203934212
GENE_07467,-0.367237000799
GENE_06948,-0.367784526571
GENE_06522,-0.368619365786
GENE_05186,-0.368939439031
GENE_03151,-0.369207200447
GENE_02356,-0.369277139246
GENE_06545,-0.369318770158
GENE_02435,-0.369526928833
GENE_01945,-0.369610336044
GENE_01895,-0.370011029882
GENE_10589,-0.370022465837
GENE_11425,-0.370036612568
GENE_02646,-0.37050809859
GENE_03738,-0.370582762401
GENE_01059,-0.370614332086
GENE_10591,-0.370931103608
GENE_08881,-0.37125737067
GENE_00673,-0.371440865996
GENE_09986,-0.371462021088
GENE_06147,-0.371779011523
GENE_03864,-0.371857882279
GENE_10826,-0.372064325331
GENE_01524,-0.372206776071
GENE_03198,-0.372319052938
GENE_04115,-0.372675583952
GENE_01481,-0.372833152092
GENE_04903,-0.373268245941
GENE_05472,-0.373368425003
GENE_10899,-0.374390033207
GENE_05573,-0.37453415075
GENE_11482,-0.374622819326
GENE_00687,-0.37482080755
GENE_03153,-0.374822056622
GENE_08770,-0.375108994944
GENE_02156,-0.375196380324
GENE_07608,-0.375407446484
GENE_07406,-0.375500040076
GENE_08753,-0.375508980639
GENE_06808,-0.375633660717
GENE_04917,-0.375633665766
GENE_09570,-0.375983579352
GENE_03457,-0.376300724925
GENE_08346,-0.376422554588
GENE_08014,-0.377386517462
GENE_08725,-0.37742340113
GENE_09175,-0.37753114856
GENE_07211,-0.377764887522
GENE_03267,-0.378007899018
GENE_05607,-0.378579743213
GENE_05492,-0.378759836603
GENE_01240,-0.379127740987
GENE_09603,-0.379624496677
GENE_07967,-0.380036846289
GENE_07959,-0.380455904166
GENE_09569,-0.380694623795
GENE_06460,-0.380763403862
GENE_08465,-0.381137696673
GENE_10844,-0.381237287273
GENE_06172,-0.381489414824
GENE_09448,-0.381631095413
GENE_11459,-0.381771196674
GENE_05416,-0.382452397669
GENE_09667,-0.382583842722
GENE_11113,-0.38277840171
GENE_03816,-0.382817189613
GENE_08830,-0.382817480987
GENE_11219,-0.38309492116
GENE_05746,-0.383874741331
GENE_02302,-0.383971271952
GENE_08600,-0.384181665707
GENE_07066,-0.384387376593
GENE_05489,-0.384456878977
GENE_07651,-0.384489121042
GENE_00537,-0.38455554423
GENE_09857,-0.384792023604
GENE_04407,-0.38494288841
GENE_02888,-0.385021811713
GENE_07154,-0.385493240912
GENE_04948,-0.385672630978
GENE_08155,-0.386002575649
GENE_08370,-0.386022797871
GENE_07780,-0.386112776086
GENE_06254,-0.386322475447
GENE_10853,-0.386494890323
GENE_05869,-0.386541615898
GENE_08883,-0.3869294466
GENE_02327,-0.387099702474
GENE_02486,-0.38713064979
GENE_04089,-0.387361964553
GENE_10548,-0.387491314905
GENE_10652,-0.387580891256
GENE_07105,-0.387629832663
GENE_03448,-0.387699916409
GENE_00865,-0.387701559936
GENE_06322,-0.387875781862
GENE_05905,-0.387964968907
GENE_01338,-0.388176818541
GENE_04135,-0.388243053522
GENE_04078,-0.388346938301
GENE_09181,-0.388479906771
GENE_11446,-0.388507067119
GENE_01975,-0.388518453089
GENE_03025,-0.388520775183
GENE_08273,-0.388568220491
GENE_09408,-0.389403561525
GENE_03166,-0.389923706559
GENE_11183,-0.390394467117
GENE_07134,-0.39040873828
GENE_10271,-0.390409186422
GENE_08970,-0.391024666866
GENE_09143,-0.391156372253
GENE_07613,-0.391569977356
GENE_01941,-0.391648567422
GENE_10506,-0.391670609504
GENE_01672,-0.391758149044
GENE_04900,-0.391876765387
GENE_02349,-0.392012639919
GENE_10743,-0.392229611344
GENE_02939,-0.392471106061
GENE_09985,-0.392726238426
GENE_03894,-0.393052757061
GENE_06741,-0.393090200701
GENE_10149,-0.393201003682
GENE_00901,-0.393338812327
GENE_09401,-0.393351124823
GENE_06632,-0.393382297745
GENE_07372,-0.393437896275
GENE_03681,-0.39352985597
GENE_06635,-0.393611582033
GENE_05989,-0.393986681243
GENE_09358,-0.39504685217
GENE_11563,-0.395065498246
GENE_07843,-0.395283548016
GENE_03059,-0.395680711756
GENE_11788,-0.396133932732
GENE_03589,-0.396229678102
GENE_06638,-0.397115331568
GENE_03970,-0.397195316146
GENE_05401,-0.397323252551
GENE_09680,-0.397548696546
GENE_03835,-0.397557765492
GENE_03818,-0.397679693615
GENE_07813,-0.398283033543
GENE_10937,-0.398327012882
GENE_08204,-0.398445274989
GENE_06206,-0.399465490473
GENE_01483,-0.399636185615
GENE_09378,-0.399770511443
GENE_08247,-0.399826734287
GENE_04791,-0.399878238668
GENE_03820,-0.399899062131
GENE_05696,-0.399899990109
GENE_10098,-0.400119661301
GENE_08560,-0.401209206545
GENE_04329,-0.401795026942
GENE_11156,-0.402833428475
GENE_07159,-0.403065868037
GENE_03411,-0.403075989065
GENE_06274,-0.403287791911
GENE_07527,-0.403379745969
GENE_01635,-0.403648463242
GENE_09508,-0.403703433998
GENE_09085,-0.404095311832
GENE_07732,-0.404157159479
GENE_04385,-0.40436199269
GENE_03399,-0.404397423184
GENE_09413,-0.404638520041
GENE_09519,-0.404695856863
GENE_07968,-0.40479537942
GENE_10982,-0.406029154413
GENE_09321,-0.406110357023
GENE_04753,-0.406885244504
GENE_07213,-0.406974366373
GENE_10930,-0.407015891807
GENE_02238,-0.407036312927
GENE_05143,-0.407460107292
GENE_00565,-0.408075373022
GENE_02565,-0.40810083916
GENE_02041,-0.409282438113
GENE_04314,-0.409308474096
GENE_11151,-0.409320214587
GENE_08250,-0.409340575219
GENE_03190,-0.409686592629
GENE_05274,-0.409801243794
GENE_08191,-0.410029411539
GENE_05802,-0.41051848273
GENE_01869,-0.410814287955
GENE_05490,-0.411024936503
GENE_10520,-0.411260430483
GENE_03022,-0.411426607116
GENE_03129,-0.411493144562
GENE_03466,-0.411823368964
GENE_00555,-0.411876966122
GENE_10387,-0.411923234386
GENE_03944,-0.412220745024
GENE_03791,-0.412413818216
GENE_10738,-0.41242006985
GENE_05256,-0.412479011888
GENE_02792,-0.412997822143
GENE_06706,-0.413423770636
GENE_09219,-0.413448703472
GENE_02378,-0.413465161123
GENE_03002,-0.413605533422
GENE_03449,-0.41361566563
GENE_07041,-0.413894942275
GENE_05172,-0.414626900572
GENE_07178,-0.414630508814
GENE_08030,-0.41491627812
GENE_04045,-0.415100288963
GENE_03609,-0.415213767905
GENE_00581,-0.415287913901
GENE_03169,-0.415966927947
GENE_02906,-0.416194404885
GENE_06045,-0.416438433248
GENE_04188,-0.416625305615
GENE_02534,-0.417366813605
GENE_04516,-0.417430381989
GENE_07635,-0.417783012514
GENE_03230,-0.417909545766
GENE_07295,-0.418963445521
GENE_04809,-0.419434752659
GENE_05835,-0.420027727294
GENE_00828,-0.420186817096
GENE_02257,-0.420761793681
GENE_00559,-0.42098448082
GENE_10620,-0.421130234801
GENE_06785,-0.421198816613
GENE_07468,-0.42135680777
GENE_10702,-0.421482997166
GENE_10404,-0.42158231144
GENE_10430,-0.422495895432
GENE_10993,-0.422568419021
GENE_04300,-0.423598581728
GENE_08052,-0.423690716911
GENE_05000,-0.423759682023
GENE_08904,-0.423833538206
GENE_05059,-0.423890042322
GENE_08791,-0.423901072333
GENE_02901,-0.424236333398
GENE_11792,-0.424279549626
GENE_09276,-0.424598166022
GENE_06031,-0.424831347526
GENE_05715,-0.425755604652
GENE_08862,-0.425817998367
GENE_01618,-0.426357596206
GENE_09407,-0.426571252831
GENE_10266,-0.426599636286
GENE_06369,-0.426804194935
GENE_00633,-0.426881069947
GENE_01077,-0.428115160966
GENE_07420,-0.428318257798
GENE_05195,-0.428654526917
GENE_05226,-0.428847925606
GENE_06940,-0.428980717372
GENE_09144,-0.429037248093
GENE_02188,-0.429244420299
GENE_01778,-0.429302224517
GENE_01201,-0.429405541125
GENE_06938,-0.429634978528
GENE_10458,-0.429900105208
GENE_11083,-0.429991408615
GENE_04291,-0.430309319955
GENE_09554,-0.430427698801
GENE_09844,-0.43099620022
GENE_03649,-0.431125569575
GENE_07536,-0.43145564456
GENE_01679,-0.431620312718
GENE_11813,-0.432208490204
GENE_06346,-0.432295179107
GENE_08514,-0.43230118581
GENE_00557,-0.43255818782
GENE_08226,-0.432637516334
GENE_09492,-0.432659513397
GENE_04164,-0.432773883588
GENE_07115,-0.433389566686
GENE_05720,-0.433873462979
GENE_09269,-0.433990462216
GENE_11499,-0.434033354324
GENE_00804,-0.434496227432
GENE_10532,-0.434794693372
GENE_10726,-0.435052600236
GENE_08548,-0.435077241576
GENE_09252,-0.435138747962
GENE_09481,-0.435248197005
GENE_01719,-0.43548637057
GENE_10258,-0.435710832385
GENE_06829,-0.435764496971
GENE_07120,-0.435789729624
GENE_08363,-0.43590146909
GENE_05121,-0.436155441507
GENE_08596,-0.43626303218
GENE_01892,-0.436385890527
GENE_09026,-0.436514863266
GENE_02216,-0.436719736041
GENE_02438,-0.436764237238
GENE_01479,-0.437458300323
GENE_06408,-0.437737322404
GENE_10560,-0.438427367215
GENE_10090,-0.438849990478
GENE_00811,-0.439731058274
GENE_05027,-0.440259204386
GENE_07533,-0.440274636851
GENE_10070,-0.440902188611
GENE_05450,-0.441848927241
GENE_07642,-0.442589292774
GENE_11536,-0.442839110301
GENE_02628,-0.443044021128
GENE_06332,-0.443263464818
GENE_01368,-0.443282251192
GENE_09896,-0.443429418235
GENE_07241,-0.443606830207
GENE_00598,-0.444293260076
GENE_06337,-0.44480683817
GENE_08989,-0.444946390895
GENE_00824,-0.445502521401
GENE_05958,-0.44565030303
GENE_08529,-0.445757459797
GENE_09980,-0.445795313827
GENE_04074,-0.445943713861
GENE_00974,-0.446183433215
GENE_05181,-0.446320515234
GENE_00918,-0.446433614551
GENE_08205,-0.446643046815
GENE_11299,-0.446977552806
GENE_01626,-0.447321895659
GENE_07841,-0.447877644932
GENE_05724,-0.44796133845
GENE_03753,-0.4482246163
GENE_04926,-0.448542836528
GENE_07818,-0.448695682619
GENE_09320,-0.448908387313
GENE_11181,-0.449650193843
GENE_02908,-0.450012857996
GENE_11703,-0.450181393672
GENE_02079,-0.450189264851
GENE_07793,-0.450201891666
GENE_07310,-0.450253387778
GENE_09614,-0.450368191257
GENE_10340,-0.450740277303
GENE_07434,-0.450994017029
GENE_03018,-0.451158858409
GENE_08730,-0.451218826944
GENE_07344,-0.451302864344
GENE_09595,-0.451445390325
GENE_08501,-0.451641089177
GENE_02755,-0.45165947616
GENE_03860,-0.451949371912
GENE_11662,-0.451991779181
GENE_02213,-0.452090332833
GENE_00976,-0.452306319249
GENE_08711,-0.45269014851
GENE_01505,-0.453228049327
GENE_02088,-0.453248409023
GENE_11366,-0.453259525947
GENE_05001,-0.453414108384
GENE_04620,-0.453636387592
GENE_06791,-0.453891416153
GENE_03468,-0.454547718743
GENE_04118,-0.454794717378
GENE_08765,-0.455171783954
GENE_06873,-0.455198904816
GENE_10789,-0.455220580883
GENE_09832,-0.455342423145
GENE_07322,-0.45546705625
GENE_02931,-0.455539526024
GENE_11967,-0.455907336476
GENE_02788,-0.456120827474
GENE_07302,-0.456697615023
GENE_11345,-0.456699144694
GENE_10152,-0.456991833825
GENE_01543,-0.457096256586
GENE_07917,-0.457218539319
GENE_02591,-0.457301655087
GENE_04286,-0.457633249338
GENE_09780,-0.457676992988
GENE_09754,-0.457684561679
GENE_03736,-0.457848386182
GENE_07450,-0.458025183015
GENE_09179,-0.458136989842
GENE_09199,-0.458223029257
GENE_11329,-0.458398363213
GENE_04493,-0.458638636101
GENE_07864,-0.458876845025
GENE_01041,-0.458884262869
GENE_08610,-0.459031673179
GENE_03162,-0.459090310219
GENE_09823,-0.459220397989
GENE_00586,-0.45936089954
GENE_11258,-0.459605298757
GENE_04588,-0.459656772273
GENE_10814,-0.459741395063
GENE_04934,-0.45976461583
GENE_06937,-0.459859262315
GENE_07965,-0.460306762574
GENE_10638,-0.460392332657
GENE_04476,-0.461169732035
GENE_06447,-0.461267050498
GENE_00803,-0.462275288705
GENE_09728,-0.462532966313
GENE_09278,-0.462736647996
GENE_09155,-0.462856285714
GENE_03847,-0.462939512025
GENE_03021,-0.463161362085
GENE_09318,-0.463854429506
GENE_11474,-0.46440178141
GENE_02284,-0.464404262309
GENE_04309,-0.464581078116
GENE_01686,-0.464617297298
GENE_07513,-0.464767223912
GENE_08143,-0.465075946201
GENE_01932,-0.46531045678
GENE_02752,-0.465805569118
GENE_10013,-0.465950978072
GENE_01534,-0.466036501868
GENE_06903,-0.466188611946
GENE_11184,-0.466227391717
GENE_02941,-0.466495379228
GENE_06429,-0.466574071203
GENE_11006,-0.466618968176
GENE_05252,-0.466758811951
GENE_11515,-0.466987457751
GENE_01068,-0.467701201312
GENE_09535,-0.467738683859
GENE_04836,-0.46849611336
GENE_04699,-0.46913085421
GENE_07367,-0.469346466427
GENE_11297,-0.46972979649
GENE_06573,-0.469764464337
GENE_02214,-0.47004214776
GENE_05851,-0.470203338785
GENE_10396,-0.470255716266
GENE_08174,-0.470755099125
GENE_03009,-0.471124651818
GENE_03991,-0.471263740703
GENE_04663,-0.471315721151
GENE_01919,-0.472090577697
GENE_07329,-0.473645457651
GENE_01888,-0.473839347071
GENE_04885,-0.474178175104
GENE_01691,-0.474903656623
GENE_09397,-0.475125278445
GENE_09255,-0.475392242215
GENE_11496,-0.475484741189
GENE_10135,-0.475534446735
GENE_04860,-0.475795444005
GENE_09201,-0.476062557778
GENE_02056,-0.476220873545
GENE_06212,-0.476551423219
GENE_06197,-0.476553801434
GENE_07090,-0.476876460644
GENE_04157,-0.477410706193
GENE_03450,-0.477645582604
GENE_00591,-0.477657446765
GENE_07122,-0.477839850704
GENE_10242,-0.478554266718
GENE_00807,-0.478748621663
GENE_04184,-0.478758571522
GENE_02346,-0.478837456008
GENE_10577,-0.479353942656
GENE_02629,-0.479492967399
GENE_10568,-0.479524994632
GENE_08225,-0.479718896766
GENE_08301,-0.479964642712
GENE_09147,-0.479968146149
GENE_11342,-0.480162283193
GENE_11483,-0.480169584207
GENE_09488,-0.480214434132
GENE_08102,-0.480574413202
GENE_05110,-0.480647941488
GENE_04016,-0.480833789512
GENE_10882,-0.481717050936
GENE_04217,-0.481765971093
GENE_05478,-0.482313570936
GENE_01604,-0.482743522182
GENE_04429,-0.482827590807
GENE_10797,-0.482877719291
GENE_04689,-0.482909839461
GENE_06467,-0.482983926073
GENE_01810,-0.483061051683
GENE_01034,-0.483186462299
GENE_03120,-0.483561483847
GENE_05504,-0.483617139555
GENE_07170,-0.483658637438
GENE_01017,-0.483885834054
GENE_07447,-0.483933444951
GENE_10121,-0.483984339601
GENE_07667,-0.484017123622
GENE_04707,-0.484118494585
GENE_04172,-0.484173951249
GENE_06140,-0.484258351931
GENE_09750,-0.4846285646
GENE_02729,-0.485305835368
GENE_07899,-0.485678744575
GENE_09966,-0.486631188189
GENE_08832,-0.486676322882
GENE_00505,-0.487125383765
GENE_10582,-0.487167183029
GENE_02784,-0.487202921195
GENE_02271,-0.487228564114
GENE_00556,-0.487606224072
GENE_05664,-0.487633420955
GENE_04520,-0.487705372949
GENE_01381,-0.487911408146
GENE_04008,-0.488273842452
GENE_04727,-0.48847608011
GENE_01528,-0.488849421786
GENE_05368,-0.488886119044
GENE_08053,-0.489156175184
GENE_09572,-0.489414234494
GENE_00882,-0.489439442518
GENE_08093,-0.489570647031
GENE_11642,-0.490476007301
GENE_09202,-0.490612234027
GENE_11308,-0.490806466496
GENE_10455,-0.490872894894
GENE_02774,-0.491153747142
GENE_09226,-0.491544413807
GENE_06324,-0.491561939019
GENE_02029,-0.491636185632
GENE_02599,-0.491902447506
GENE_05548,-0.491956904869
GENE_08319,-0.492918274949
GENE_02492,-0.4931228224
GENE_01075,-0.493756583161
GENE_07822,-0.494190023067
GENE_11791,-0.494804001121
GENE_08522,-0.494964550891
GENE_04450,-0.494965480368
GENE_10035,-0.495215098005
GENE_09757,-0.495705946575
GENE_04195,-0.49587817201
GENE_04906,-0.496531735482
GENE_09737,-0.496651052128
GENE_03640,-0.496932025118
GENE_10472,-0.497030690666
GENE_10791,-0.497052486836
GENE_08756,-0.497317146358
GENE_06069,-0.497354371414
GENE_03771,-0.497570838385
GENE_04451,-0.497572498309
GENE_05687,-0.497672523429
GENE_05335,-0.497961846818
GENE_05679,-0.498633895788
GENE_07509,-0.498987255979
GENE_06724,-0.49913895147
GENE_11271,-0.499201998276
GENE_09612,-0.499247614495
GENE_08848,-0.499451192885
GENE_02885,-0.499730176152
GENE_09099,-0.499871034505
GENE_07686,-0.499872430411
GENE_05473,-0.500197817096
GENE_07495,-0.500261016587
GENE_04925,-0.50123410779
GENE_03177,-0.501402146886
GENE_03504,-0.501784192812
GENE_10427,-0.501991960181
GENE_00935,-0.502054224353
GENE_07352,-0.502868753671
GENE_10927,-0.502909650038
GENE_02444,-0.502974770551
GENE_05166,-0.503569618908
GENE_08001,-0.503650260376
GENE_09981,-0.503722336829
GENE_07981,-0.504128673652
GENE_02268,-0.504179831008
GENE_06596,-0.504298015813
GENE_08152,-0.504422683297
GENE_07621,-0.504633742289
GENE_01667,-0.504774921228
GENE_10689,-0.505447209654
GENE_07369,-0.505489755445
GENE_02721,-0.505746704262
GENE_05207,-0.505966198988
GENE_11630,-0.506071856358
GENE_11040,-0.506089291192
GENE_06748,-0.506189061085
GENE_08214,-0.506634833788
GENE_05217,-0.50700865927
GENE_09473,-0.50769412839
GENE_08917,-0.50771676915
GENE_02086,-0.508140197647
GENE_11650,-0.50883359572
GENE_02037,-0.508963625707
GENE_07601,-0.509093805312
GENE_04181,-0.509213362599
GENE_03028,-0.509806693191
GENE_09621,-0.509893952866
GENE_00595,-0.510016398855
GENE_08419,-0.510063950096
GENE_05201,-0.51016081365
GENE_10675,-0.510291159563
GENE_07973,-0.510608499298
GENE_10690,-0.510683938196
GENE_05614,-0.510989170196
GENE_00625,-0.511215676431
GENE_11417,-0.51125945787
GENE_05015,-0.511763557942
GENE_04613,-0.512374240677
GENE_05336,-0.512534110647
GENE_06362,-0.512588796979
GENE_10169,-0.513127246364
GENE_02855,-0.513196364513
GENE_02115,-0.513213566472
GENE_05218,-0.513900626649
GENE_08796,-0.514088804368
GENE_04148,-0.514782674915
GENE_07301,-0.514938706433
GENE_06382,-0.515170899092
GENE_03485,-0.515218393808
GENE_11341,-0.515469273084
GENE_06686,-0.515905313132
GENE_09148,-0.515980989349
GENE_00801,-0.516044728217
GENE_11692,-0.516109846232
GENE_07496,-0.516116641871
GENE_02768,-0.516429643888
GENE_06538,-0.51661419876
GENE_06326,-0.516846883174
GENE_00820,-0.5172884501
GENE_00876,-0.517611299036
GENE_04018,-0.517692572869
GENE_05326,-0.517757447222
GENE_05857,-0.518069019475
GENE_10732,-0.518134056667
GENE_04910,-0.518252638861
GENE_08260,-0.518637997485
GENE_05758,-0.518666719621
GENE_03350,-0.519396371826
GENE_10245,-0.519834145725
GENE_09071,-0.520630606562
GENE_09925,-0.520892903904
GENE_08089,-0.520968551231
GENE_10571,-0.521766657299
GENE_04869,-0.52213157002
GENE_10311,-0.522414728378
GENE_00700,-0.522723020519
GENE_00827,-0.522860027153
GENE_05411,-0.523575988407
GENE_11286,-0.52370428289
GENE_04271,-0.523731302771
GENE_02042,-0.524088397935
GENE_03217,-0.524448136263
GENE_00682,-0.52452026628
GENE_03706,-0.524567013767
GENE_03850,-0.524662407067
GENE_11751,-0.525502632429
GENE_04366,-0.525630933985
GENE_03366,-0.525879675895
GENE_02343,-0.526034842668
GENE_02886,-0.526247856517
GENE_10531,-0.526482354795
GENE_05410,-0.526531687096
GENE_06868,-0.526555133137
GENE_10917,-0.52706611824
GENE_06997,-0.52738906164
GENE_10413,-0.527653776178
GENE_10338,-0.527701411921
GENE_07138,-0.527994021766
GENE_03831,-0.528297046663
GENE_01446,-0.52861668175
GENE_08082,-0.528916379105
GENE_06317,-0.528946762725
GENE_02962,-0.528977708064
GENE_07534,-0.528998414203
GENE_01569,-0.529052677346
GENE_05153,-0.529201009812
GENE_03063,-0.529332112448
GENE_04847,-0.529466963507
GENE_10678,-0.529767705923
GENE_00881,-0.53086877292
GENE_02735,-0.530970897812
GENE_00849,-0.530996955002
GENE_02860,-0.531214294608
GENE_09135,-0.531411401138
GENE_03550,-0.531454551359
GENE_07031,-0.531877750289
GENE_10456,-0.531931508292
GENE_08272,-0.532143890173
GENE_03419,-0.532168563127
GENE_10331,-0.532606756673
GENE_01537,-0.532700839662
GENE_04393,-0.532725498217
GENE_10228,-0.53283626878
GENE_09398,-0.532993719426
GENE_08429,-0.533004081826
GENE_05571,-0.533090402016
GENE_09177,-0.533452445776
GENE_10901,-0.533543625823
GENE_03509,-0.533600306439
GENE_10859,-0.533844643815
GENE_11656,-0.534164021397
GENE_04754,-0.534756670844
GENE_01009,-0.535235211561
GENE_03493,-0.535316712568
GENE_01714,-0.535328185954
GENE_02910,-0.535335087016
GENE_02366,-0.535801463052
GENE_01726,-0.535963445114
GENE_04558,-0.53764575778
GENE_11138,-0.537943966333
GENE_08054,-0.537978528822
GENE_04211,-0.53804775849
GENE_10733,-0.538237130075
GENE_05251,-0.538573673297
GENE_05330,-0.538760837346
GENE_09917,-0.538784837847
GENE_06895,-0.538790304577
GENE_02673,-0.538841856193
GENE_02849,-0.539122703149
GENE_04631,-0.539305014463
GENE_05354,-0.539591220737
GENE_00728,-0.539759680309
GENE_08202,-0.540376338987
GENE_05443,-0.541006865783
GENE_10033,-0.541299094962
GENE_09160,-0.541473006507
GENE_10441,-0.541620763309
GENE_09975,-0.541773236012
GENE_01915,-0.542673799734
GENE_10908,-0.543021946386
GENE_11107,-0.543201500376
GENE_08170,-0.543420429777
GENE_00663,-0.543424771134
GENE_06819,-0.543606896093
GENE_11442,-0.543983413373
GENE_02110,-0.544114002114
GENE_08151,-0.544296146314
GENE_00712,-0.544919086809
GENE_06654,-0.545087229996
GENE_05845,-0.545186244726
GENE_08836,-0.545961927115
GENE_04371,-0.546041798817
GENE_01356,-0.546244448252
GENE_10105,-0.546264009177
GENE_08953,-0.546407619464
GENE_02402,-0.546680084587
GENE_00661,-0.54685894124
GENE_09842,-0.547191788882
GENE_06131,-0.547407522767
GENE_05267,-0.547905304207
GENE_06003,-0.547995818741
GENE_11548,-0.548073367685
GENE_03987,-0.548200298167
GENE_02850,-0.548268794925
GENE_02371,-0.548287296491
GENE_01842,-0.548724907741
GENE_10838,-0.54912648099
GENE_07895,-0.549158941764
GENE_11305,-0.549238653313
GENE_02809,-0.549540274596
GENE_02484,-0.549557135909
GENE_06679,-0.549789359638
GENE_08418,-0.549924832464
GENE_03414,-0.550115282937
GENE_01054,-0.550305153845
GENE_02084,-0.550536849492
GENE_03785,-0.550551931708
GENE_06424,-0.550587067001
GENE_04529,-0.550981803538
GENE_09759,-0.551116240041
GENE_01501,-0.551185716329
GENE_01490,-0.551858145892
GENE_00858,-0.552223044281
GENE_06200,-0.552261252113
GENE_07645,-0.552569346119
GENE_09447,-0.552692953783
GENE_10828,-0.552790917545
GENE_03769,-0.552920837367
GENE_11076,-0.552924016236
GENE_04434,-0.553089816914
GENE_05590,-0.553177245347
GENE_11260,-0.55324100184
GENE_01237,-0.553588241708
GENE_10709,-0.554593240433
GENE_06985,-0.555016701544
GENE_07045,-0.555109227928
GENE_00930,-0.555199526693
GENE_08493,-0.555273088013
GENE_07363,-0.555280496905
GENE_07805,-0.555286102601
GENE_00851,-0.55547711916
GENE_03056,-0.555546779487
GENE_03900,-0.556118746761
GENE_08351,-0.556717897857
GENE_07022,-0.556778772843
GENE_05379,-0.557130572572
GENE_02791,-0.557423053108
GENE_01230,-0.557491785008
GENE_10250,-0.558133259657
GENE_10700,-0.558230262398
GENE_02318,-0.558301753946
GENE_07482,-0.558795818885
GENE_08149,-0.558799572062
GENE_00926,-0.558921847272
GENE_07964,-0.559163835059
GENE_05641,-0.559546285289
GENE_03453,-0.560607636847
GENE_04349,-0.56076090698
GENE_10832,-0.561050852022
GENE_09571,-0.561089130981
GENE_05343,-0.561337996442
GENE_04433,-0.561557746331
GENE_04848,-0.561842099352
GENE_07578,-0.561930113858
GENE_01876,-0.562168026578
GENE_00771,-0.562466775894
GENE_10526,-0.563081077052
GENE_09810,-0.563209734043
GENE_03385,-0.563947488058
GENE_00939,-0.564078630737
GENE_05684,-0.56419617986
GENE_01492,-0.564247598657
GENE_08358,-0.564289852719
GENE_02547,-0.564774004171
GENE_06841,-0.565060473551
GENE_08021,-0.56525873921
GENE_10373,-0.565349952501
GENE_05849,-0.565392970285
GENE_04662,-0.565576367874
GENE_08469,-0.565937130892
GENE_11724,-0.566115531804
GENE_04578,-0.566394591215
GENE_05864,-0.566705108055
GENE_10312,-0.566813317802
GENE_09940,-0.567447281228
GENE_10800,-0.567807842184
GENE_09543,-0.568876975197
GENE_05985,-0.569148198673
GENE_09854,-0.569351423581
GENE_04892,-0.569449774492
GENE_06250,-0.569698962926
GENE_02902,-0.569832928239
GENE_05418,-0.570314067786
GENE_02967,-0.570351366414
GENE_04565,-0.5706404302
GENE_00855,-0.570746293749
GENE_00998,-0.571178989783
GENE_06137,-0.571183974084
GENE_03696,-0.571746041956
GENE_11058,-0.571928546198
GENE_02135,-0.573601772897
GENE_00660,-0.57366200688
GENE_01021,-0.573700003939
GENE_11261,-0.573703144293
GENE_09541,-0.57381991391
GENE_05734,-0.574082577087
GENE_05140,-0.574100675284
GENE_09332,-0.574486705416
GENE_09558,-0.574601858183
GENE_10806,-0.575186449644
GENE_00760,-0.575637826238
GENE_04681,-0.576419576335
GENE_01354,-0.576510400727
GENE_00514,-0.576771330568
GENE_00539,-0.576891869523
GENE_08475,-0.577228725711
GENE_11462,-0.577342015708
GENE_09089,-0.577534264019
GENE_04487,-0.577920776833
GENE_06838,-0.578113458716
GENE_08414,-0.57821209822
GENE_06966,-0.578459728876
GENE_07816,-0.578951757349
GENE_08233,-0.57898421994
GENE_04015,-0.579124109636
GENE_04464,-0.580016332654
GENE_02456,-0.58005324137
GENE_01464,-0.580523449805
GENE_03954,-0.580648302554
GENE_10754,-0.580741090556
GENE_11450,-0.581580763227
GENE_01242,-0.581680913949
GENE_03524,-0.581782033392
GENE_07878,-0.582061334093
GENE_02065,-0.582758657612
GENE_01433,-0.583077438569
GENE_10443,-0.583122831324
GENE_10099,-0.583165717256
GENE_03014,-0.583599326346
GENE_07569,-0.583722133563
GENE_07258,-0.584400976596
GENE_04573,-0.58445529185
GENE_02873,-0.584617730657
GENE_04183,-0.584907653418
GENE_06299,-0.585792723449
GENE_03750,-0.585927673318
GENE_05380,-0.586415148889
GENE_03042,-0.586531269564
GENE_10288,-0.586694588762
GENE_06029,-0.58711527062
GENE_08701,-0.58773796932
GENE_06100,-0.587856304908
GENE_11047,-0.588018519037
GENE_10977,-0.588108598924
GENE_02846,-0.588866826739
GENE_04512,-0.589112132781
GENE_11231,-0.589160387989
GENE_08388,-0.589253730795
GENE_03327,-0.589271651789
GENE_04492,-0.589332231427
GENE_11361,-0.589423411487
GENE_05117,-0.589452399939
GENE_11207,-0.589578995936
GENE_04242,-0.589892317756
GENE_04097,-0.589894756463
GENE_09372,-0.58991539625
GENE_11427,-0.590221966306
GENE_09794,-0.590818348091
GENE_06628,-0.591018455733
GENE_05839,-0.59127800937
GENE_05193,-0.591284788802
GENE_07216,-0.591394729838
GENE_09664,-0.591876066343
GENE_05969,-0.592240844813
GENE_02718,-0.592355955652
GENE_00506,-0.592393924239
GENE_01883,-0.592464259153
GENE_07876,-0.592465455381
GENE_08359,-0.592702822957
GENE_11484,-0.592799233179
GENE_03354,-0.593811408069
GENE_06284,-0.594210872382
GENE_10839,-0.594497722427
GENE_08473,-0.594503695949
GENE_10992,-0.594672987162
GENE_10829,-0.595305697694
GENE_04326,-0.595534935184
GENE_01954,-0.595661294043
GENE_04570,-0.596411407969
GENE_04364,-0.596629058612
GENE_05824,-0.596894784732
GENE_09533,-0.596972027901
GENE_03942,-0.596974286721
GENE_07691,-0.596993588421
GENE_11094,-0.597278935846
GENE_10002,-0.597381061045
GENE_06825,-0.597478858024
GENE_02288,-0.597510194692
GENE_04543,-0.597667683255
GENE_08422,-0.598279334198
GENE_04276,-0.598437580581
GENE_07340,-0.599639994821
GENE_05865,-0.599821393917
GENE_05246,-0.59982202332
GENE_08508,-0.600338659006
GENE_06264,-0.600385692871
GENE_02227,-0.600423565739
GENE_10641,-0.600506635414
GENE_09827,-0.600747930639
GENE_10669,-0.600829639096
GENE_09789,-0.600887175854
GENE_05946,-0.601126552669
GENE_01192,-0.601367643951
GENE_05440,-0.601944441935
GENE_01544,-0.602212060362
GENE_07492,-0.602624304615
GENE_03143,-0.602820655784
GENE_11030,-0.603296848778
GENE_05723,-0.603838297493
GENE_05703,-0.603858931237
GENE_02936,-0.603980625969
GENE_00549,-0.603985186716
GENE_02606,-0.604744664538
GENE_11535,-0.604898093498
GENE_06244,-0.604906763928
GENE_05288,-0.605156235606
GENE_01378,-0.605615539737
GENE_07460,-0.605679999936
GENE_01383,-0.605714923003
GENE_02480,-0.605860820759
GENE_08831,-0.60608383222
GENE_03160,-0.606503388216
GENE_02596,-0.606700294765
GENE_02882,-0.606865177857
GENE_06793,-0.607261414086
GENE_03420,-0.607354433212
GENE_04384,-0.60747228762
GENE_05646,-0.60756879178
GENE_04120,-0.607646345373
GENE_01663,-0.607821987094
GENE_06597,-0.607823892616
GENE_02848,-0.607875260676
GENE_04874,-0.608006142937
GENE_03964,-0.608226507445
GENE_04710,-0.608350764679
GENE_06576,-0.608493903731
GENE_02961,-0.60858972324
GENE_01318,-0.609512202159
GENE_01471,-0.609782904319
GENE_04232,-0.610857639805
GENE_09138,-0.61100112409
GENE_09638,-0.611085062477
GENE_07137,-0.611177152019
GENE_03955,-0.611385247389
GENE_00748,-0.611517802992
GENE_05525,-0.611633736695
GENE_06165,-0.611759639505
GENE_01776,-0.611769090905
GENE_03121,-0.612166917155
GENE_02503,-0.612236734508
GENE_09427,-0.612422890901
GENE_01834,-0.61243737464
GENE_00864,-0.612788690484
GENE_05435,-0.612983271271
GENE_09719,-0.613211892476
GENE_01336,-0.613402663541
GENE_04590,-0.613587605363
GENE_09947,-0.614038161549
GENE_03441,-0.614122565008
GENE_08987,-0.614143531247
GENE_03840,-0.614323144096
GENE_05523,-0.614538783691
GENE_10142,-0.614944102516
GENE_11956,-0.615128906206
GENE_11193,-0.616027543718
GENE_08639,-0.616071215336
GENE_06285,-0.616143458049
GENE_02155,-0.616361408039
GENE_07458,-0.61677536152
GENE_05431,-0.617212246648
GENE_02317,-0.617253186547
GENE_09214,-0.617285706879
GENE_03193,-0.617641676934
GENE_02074,-0.617651895434
GENE_06858,-0.618160448684
GENE_08581,-0.6181750421
GENE_08072,-0.618365020044
GENE_06453,-0.61912294825
GENE_00074,-0.61974510409
GENE_05381,-0.619772128254
GENE_01917,-0.620847598251
GENE_03724,-0.622034805554
GENE_06593,-0.622270222894
GENE_11061,-0.622613899959
GENE_01772,-0.622649361734
GENE_10157,-0.622671766552
GENE_00850,-0.623140526425
GENE_01108,-0.623768960696
GENE_02604,-0.624345389713
GENE_05562,-0.624510455089
GENE_00742,-0.624818577696
GENE_08453,-0.624834618434
GENE_01050,-0.62556270151
GENE_02585,-0.625677287496
GENE_09452,-0.625773043732
GENE_07292,-0.625916017685
GENE_04205,-0.626315276183
GENE_01982,-0.62671722459
GENE_00768,-0.626967057788
GENE_09227,-0.627048614698
GENE_11488,-0.627050845447
GENE_08408,-0.627092824772
GENE_03501,-0.627313445951
GENE_07485,-0.627420734426
GENE_09548,-0.627540002744
GENE_03288,-0.627733906085
GENE_05738,-0.628143739169
GENE_07234,-0.628149399756
GENE_05456,-0.628654305075
GENE_06430,-0.628670247031
GENE_07245,-0.629037861204
GENE_06769,-0.629212149529
GENE_08046,-0.629220672847
GENE_10184,-0.629233763387
GENE_02364,-0.629263393693
GENE_04007,-0.629884552364
GENE_04306,-0.630024979534
GENE_08140,-0.630048431348
GENE_11539,-0.630131776638
GENE_07400,-0.630142830142
GENE_06661,-0.630249295004
GENE_07960,-0.630458454185
GENE_06994,-0.630845550791
GENE_06921,-0.630846402947
GENE_10849,-0.630863510683
GENE_06001,-0.630930833738
GENE_07742,-0.631241136241
GENE_06236,-0.631402555567
GENE_05859,-0.631437027483
GENE_02763,-0.631577729165
GENE_06229,-0.631651524514
GENE_03629,-0.632755029885
GENE_04065,-0.632880274885
GENE_05441,-0.633231396715
GENE_06888,-0.63327270471
GENE_08288,-0.633589515494
GENE_08518,-0.634274716817
GENE_03631,-0.634285847689
GENE_02602,-0.635362388826
GENE_05190,-0.635409880229
GENE_05870,-0.635541098816
GENE_02811,-0.635557841404
GENE_06840,-0.636223712652
GENE_08432,-0.63684521427
GENE_09433,-0.636876474206
GENE_08735,-0.636882388939
GENE_02870,-0.637307747029
GENE_00852,-0.637387127307
GENE_07607,-0.637487434825
GENE_04535,-0.637587542076
GENE_00848,-0.637739984251
GENE_07787,-0.63780869286
GENE_03577,-0.638282726528
GENE_05975,-0.638585825145
GENE_01152,-0.63896174769
GENE_11402,-0.638985054067
GENE_09850,-0.63919353375
GENE_10808,-0.640146505094
GENE_07572,-0.640154456835
GENE_05280,-0.641081266538
GENE_05672,-0.641114260225
GENE_08308,-0.641164929397
GENE_01988,-0.641481595223
GENE_02198,-0.641486909044
GENE_04666,-0.64166682013
GENE_07291,-0.641727143652
GENE_09853,-0.641821403944
GENE_11410,-0.642127173832
GENE_11415,-0.642232478444
GENE_07863,-0.6427763829
GENE_07243,-0.643183342027
GENE_01414,-0.64351823038
GENE_01632,-0.643549832317
GENE_11727,-0.64389328579
GENE_05586,-0.644340267022
GENE_11284,-0.644895858644
GENE_10946,-0.644928460322
GENE_04335,-0.645572072035
GENE_01602,-0.645964179125
GENE_01850,-0.646227309844
GENE_10241,-0.646242324147
GENE_01003,-0.646936777706
GENE_02221,-0.647541805635
GENE_09619,-0.647872289647
GENE_08879,-0.648469200019
GENE_08823,-0.648998520473
GENE_01244,-0.649277545066
GENE_05799,-0.649364819614
GENE_02224,-0.649373038321
GENE_02781,-0.649765226848
GENE_04158,-0.649826885497
GENE_01823,-0.650002580823
GENE_02393,-0.650023934407
GENE_00504,-0.650642569122
GENE_07848,-0.650656621336
GENE_04787,-0.650659827368
GENE_10342,-0.651287464983
GENE_01445,-0.651356893792
GENE_01016,-0.651418003614
GENE_09274,-0.651442549864
GENE_05497,-0.651675122156
GENE_00534,-0.651836107802
GENE_07083,-0.651888582531
GENE_02643,-0.652088888593
GENE_07136,-0.652528293217
GENE_00973,-0.652623979302
GENE_06678,-0.652950155832
GENE_09829,-0.65313738993
GENE_05868,-0.653462895725
GENE_04839,-0.653679140637
GENE_10314,-0.653742029807
GENE_01953,-0.653766338649
GENE_04344,-0.653898388326
GENE_01752,-0.654075683127
GENE_06624,-0.654533570998
GENE_07972,-0.654769775624
GENE_11074,-0.655327523201
GENE_04964,-0.655687719461
GENE_08754,-0.656097236006
GENE_07265,-0.6566240708
GENE_05314,-0.656689345627
GENE_10076,-0.656835468694
GENE_01399,-0.656894278971
GENE_07702,-0.657035237017
GENE_05866,-0.657134962278
GENE_04994,-0.657372553995
GENE_02654,-0.657834553852
GENE_02052,-0.658116489075
GENE_03031,-0.658248412334
GENE_08472,-0.65838271794
GENE_08972,-0.65902382666
GENE_05139,-0.659039274889
GENE_10439,-0.659324134777
GENE_06209,-0.659748641254
GENE_02339,-0.660321139473
GENE_07595,-0.66083423581
GENE_10805,-0.660841196753
GENE_07300,-0.661025054627
GENE_10174,-0.661137112191
GENE_05521,-0.661541442515
GENE_02195,-0.661982177797
GENE_00522,-0.662623758946
GENE_10226,-0.662691483488
GENE_01207,-0.662900917551
GENE_08855,-0.663164590126
GENE_06469,-0.663436157219
GENE_11497,-0.663833102826
GENE_06393,-0.664651097502
GENE_11202,-0.664700905151
GENE_10601,-0.665045918003
GENE_04758,-0.665422298129
GENE_06671,-0.665693464894
GENE_04382,-0.666848716952
GENE_04626,-0.667189084778
GENE_07504,-0.667333381216
GENE_02877,-0.667779556469
GENE_01300,-0.668090453643
GENE_05576,-0.668143048328
GENE_01623,-0.668144085539
GENE_04410,-0.668345194847
GENE_06953,-0.668454910853
GENE_01376,-0.66907273866
GENE_06643,-0.669436913633
GENE_03824,-0.670115200454
GENE_10954,-0.670543161417
GENE_01855,-0.670620209077
GENE_10052,-0.671014845662
GENE_10112,-0.671307591371
GENE_05659,-0.671512206981
GENE_01055,-0.671623367938
GENE_06983,-0.671720789258
GENE_10609,-0.671917310465
GENE_09290,-0.672393584327
GENE_04368,-0.672485596006
GENE_07662,-0.672905332009
GENE_10345,-0.67341423956
GENE_01216,-0.673490624244
GENE_10103,-0.673539647897
GENE_06192,-0.673790105659
GENE_11621,-0.674499780279
GENE_03410,-0.674934018791
GENE_02000,-0.675178274974
GENE_02272,-0.675708079162
GENE_11057,-0.676070715294
GENE_00966,-0.676392302059
GENE_03205,-0.676995138459
GENE_10898,-0.67701117679
GENE_11794,-0.677073839664
GENE_02281,-0.677564652336
GENE_01391,-0.677715369752
GENE_01697,-0.677744970525
GENE_08986,-0.678334629335
GENE_10000,-0.678494730487
GENE_04024,-0.678643061294
GENE_08101,-0.678980346463
GENE_04634,-0.679230653193
GENE_09029,-0.679444984918
GENE_07801,-0.679888539736
GENE_09625,-0.679905896747
GENE_10613,-0.680152365752
GENE_06415,-0.680173476348
GENE_06733,-0.680494047764
GENE_11358,-0.680775566325
GENE_00971,-0.681051657475
GENE_04878,-0.68138023507
GENE_00993,-0.681984247998
GENE_09748,-0.682074798024
GENE_05125,-0.683634282286
GENE_11520,-0.68365516248
GENE_08542,-0.6838489005
GENE_10493,-0.684242180515
GENE_08629,-0.684440402086
GENE_05781,-0.684491730613
GENE_02230,-0.68462982576
GENE_09468,-0.684812109739
GENE_08998,-0.684987179144
GENE_10837,-0.684996150126
GENE_06534,-0.68567491759
GENE_05430,-0.686049757035
GENE_04386,-0.686279135755
GENE_06912,-0.686538753154
GENE_10462,-0.686604531848
GENE_05037,-0.686715343003
GENE_08667,-0.686732395567
GENE_04862,-0.687014099699
GENE_10897,-0.687784294825
GENE_01156,-0.688150345178
GENE_10209,-0.688694433445
GENE_04039,-0.688885542575
GENE_07918,-0.689111797722
GENE_01013,-0.68918781809
GENE_10836,-0.689276623152
GENE_10550,-0.68932906808
GENE_02491,-0.689727774064
GENE_09055,-0.690276233237
GENE_02449,-0.690541052316
GENE_11395,-0.691054377394
GENE_00947,-0.691908069881
GENE_09633,-0.692065198665
GENE_03754,-0.692250329266
GENE_05138,-0.692350774234
GENE_01779,-0.692420979874
GENE_11689,-0.692864576849
GENE_01211,-0.692905197796
GENE_10950,-0.692957004531
GENE_11146,-0.693766607497
GENE_08745,-0.693804417902
GENE_03163,-0.694600369163
GENE_02040,-0.694713131089
GENE_06689,-0.695149358077
GENE_03586,-0.695694877197
GENE_10110,-0.696461089787
GENE_02670,-0.69677181843
GENE_10909,-0.696941460138
GENE_11774,-0.697071578054
GENE_08080,-0.697364227916
GENE_11070,-0.697541942475
GENE_05867,-0.697718903898
GENE_04081,-0.698199674611
GENE_06458,-0.698261848751
GENE_05390,-0.699414540123
GENE_04683,-0.699495220168
GENE_08588,-0.699600808702
GENE_00923,-0.700120814939
GENE_11128,-0.701249544404
GENE_07678,-0.701289570792
GENE_09811,-0.701957298295
GENE_01206,-0.701991687807
GENE_06691,-0.70291143804
GENE_00765,-0.703176425126
GENE_06515,-0.703710399331
GENE_11545,-0.703743290252
GENE_07275,-0.703916325416
GENE_11593,-0.704072138426
GENE_00702,-0.704343690543
GENE_04071,-0.704728435611
GENE_01258,-0.705011855758
GENE_08244,-0.705110520166
GENE_09997,-0.705316723916
GENE_09930,-0.705537947278
GENE_10494,-0.705755562227
GENE_05091,-0.705773483095
GENE_10705,-0.706475500766
GENE_08840,-0.706669104073
GENE_08047,-0.706706768373
GENE_03100,-0.706892567987
GENE_07994,-0.707439544812
GENE_06894,-0.707552285294
GENE_03146,-0.707625894822
GENE_04803,-0.707910940674
GENE_01802,-0.70840676691
GENE_10725,-0.708488101529
GENE_10465,-0.708778202721
GENE_03364,-0.70902095763
GENE_05414,-0.709431157328
GENE_03051,-0.709441002428
GENE_02540,-0.709579854749
GENE_03841,-0.709788992234
GENE_09297,-0.710015442892
GENE_08789,-0.710136606837
GENE_07062,-0.711303226949
GENE_10868,-0.711319910547
GENE_05488,-0.711462194084
GENE_04169,-0.711973227259
GENE_03147,-0.712173864176
GENE_03257,-0.712220763649
GENE_00664,-0.712845782677
GENE_10810,-0.713192304366
GENE_05089,-0.713584669907
GENE_11441,-0.713628893204
GENE_10627,-0.714041743777
GENE_07716,-0.714065117982
GENE_03740,-0.71468067699
GENE_10018,-0.714807258991
GENE_07298,-0.715512985485
GENE_02453,-0.715759989111
GENE_04187,-0.716043436276
GENE_11401,-0.716394293701
GENE_05952,-0.716573488424
GENE_01512,-0.716822320603
GENE_03474,-0.717016149128
GENE_06923,-0.717181900722
GENE_09912,-0.717853214354
GENE_02856,-0.717918890748
GENE_06099,-0.718064783618
GENE_01212,-0.718407265569
GENE_11272,-0.718483985161
GENE_02920,-0.718832387609
GENE_03601,-0.719109451449
GENE_01817,-0.719153319242
GENE_06664,-0.719989533222
GENE_06896,-0.720212021007
GENE_08570,-0.720455070675
GENE_06349,-0.72097010847
GENE_08302,-0.72156908234
GENE_02400,-0.721737553337
GENE_09933,-0.722347404615
GENE_11302,-0.722834795178
GENE_09384,-0.723168438829
GENE_08489,-0.72348662242
GENE_05585,-0.723964730468
GENE_03858,-0.723990331743
GENE_07179,-0.724302534208
GENE_11337,-0.724363631803
GENE_07753,-0.7248610838
GENE_00745,-0.725743813153
GENE_11950,-0.725936416484
GENE_06109,-0.726741904882
GENE_07708,-0.726774137834
GENE_00776,-0.727137175825
GENE_01599,-0.728002941229
GENE_03661,-0.728077097855
GENE_04943,-0.72817190097
GENE_03379,-0.728272202407
GENE_09969,-0.728390313242
GENE_03865,-0.72846162168
GENE_10881,-0.728790196377
GENE_06882,-0.728959250033
GENE_11285,-0.729437048848
GENE_03104,-0.729602469807
GENE_10361,-0.730813125609
GENE_00873,-0.730930039942
GENE_02912,-0.730956275715
GENE_07605,-0.731254568813
GENE_03960,-0.731631738909
GENE_07623,-0.731857308416
GENE_09455,-0.732299549737
GENE_08016,-0.732926038109
GENE_04627,-0.732968899124
GENE_03074,-0.733032995524
GENE_03247,-0.73315619711
GENE_06877,-0.733482066678
GENE_08141,-0.734161866121
GENE_02616,-0.734173798778
GENE_05008,-0.734233321971
GENE_01578,-0.734591576798
GENE_08780,-0.734671093677
GENE_09017,-0.734743213473
GENE_07574,-0.734810897534
GENE_05021,-0.735116800725
GENE_04128,-0.735201034763
GENE_03218,-0.735303460682
GENE_01268,-0.73552994259
GENE_07538,-0.736063653469
GENE_03909,-0.736770135948
GENE_11007,-0.736901352232
GENE_07251,-0.737029361153
GENE_05886,-0.737379903498
GENE_07149,-0.737736704685
GENE_04050,-0.738057083661
GENE_05257,-0.73869749833
GENE_04806,-0.739028658023
GENE_03874,-0.739371407459
GENE_04946,-0.739771163973
GENE_08017,-0.740232252549
GENE_05630,-0.740490106332
GENE_11503,-0.740716288564
GENE_10782,-0.741162668635
GENE_08845,-0.741498249913
GENE_11458,-0.741843161008
GENE_08551,-0.742328012877
GENE_07164,-0.742386370431
GENE_01774,-0.742470585698
GENE_02728,-0.742484232538
GENE_07675,-0.74248677777
GENE_11039,-0.742659165772
GENE_01999,-0.744902644806
GENE_11055,-0.744978767485
GENE_05697,-0.745167770317
GENE_05520,-0.745942126476
GENE_02771,-0.74657834654
GENE_04153,-0.74692328507
GENE_11550,-0.746941789756
GENE_01561,-0.747211679148
GENE_11017,-0.747429253249
GENE_06553,-0.747455653958
GENE_10962,-0.748090982849
GENE_05463,-0.748096064622
GENE_06185,-0.74879979602
GENE_05531,-0.749171726603
GENE_04574,-0.749357689423
GENE_06652,-0.749415986957
GENE_10407,-0.750022681566
GENE_08460,-0.750410127755
GENE_09724,-0.750626821977
GENE_08268,-0.750720334493
GENE_06831,-0.750729607006
GENE_10289,-0.751167219624
GENE_08740,-0.751345469603
GENE_01617,-0.751791050095
GENE_01795,-0.751969331739
GENE_01787,-0.752156405591
GENE_03175,-0.752435237353
GENE_10118,-0.753117330621
GENE_08168,-0.753203781591
GENE_01389,-0.753417870346
GENE_05592,-0.753862113691
GENE_01174,-0.753964588867
GENE_01127,-0.754275850019
GENE_08851,-0.754298132607
GENE_06851,-0.754866196572
GENE_00747,-0.755382932353
GENE_10948,-0.755460801393
GENE_07592,-0.755498883134
GENE_01303,-0.755745159493
GENE_03117,-0.755791500158
GENE_06238,-0.755950706692
GENE_07311,-0.756004019457
GENE_03561,-0.756763977016
GENE_01405,-0.756795088569
GENE_02757,-0.758282068888
GENE_02385,-0.7584953347
GENE_04837,-0.758765257935
GENE_05308,-0.758970698903
GENE_07360,-0.759673017753
GENE_03773,-0.75970311748
GENE_09296,-0.759802131988
GENE_06634,-0.760363641216
GENE_10274,-0.760600664425
GENE_04445,-0.761355269809
GENE_06512,-0.761587865036
GENE_07704,-0.761760370683
GENE_06122,-0.761824671659
GENE_08159,-0.761941238135
GENE_08601,-0.762133448514
GENE_11823,-0.762261894251
GENE_06633,-0.762417950603
GENE_04324,-0.762519239147
GENE_02011,-0.762724778566
GENE_00524,-0.763259156543
GENE_02466,-0.763286104179
GENE_09245,-0.763465303309
GENE_05412,-0.764186786638
GENE_11755,-0.764568224243
GENE_11370,-0.764849228308
GENE_08905,-0.76561115703
GENE_06446,-0.7660452024
GENE_05168,-0.766120830611
GENE_06751,-0.766322524781
GENE_08430,-0.766352609265
GENE_09263,-0.76646643102
GENE_02483,-0.766656587783
GENE_05098,-0.766864038005
GENE_05722,-0.7670674554
GENE_11852,-0.767795762586
GENE_00833,-0.767797565104
GENE_10253,-0.768435516903
GENE_08609,-0.768766410039
GENE_02012,-0.769142349787
GENE_10855,-0.769666409011
GENE_01247,-0.769973231059
GENE_02786,-0.769996066197
GENE_08641,-0.770424799138
GENE_11406,-0.770617950125
GENE_09989,-0.770813630614
GENE_06075,-0.770818802729
GENE_10005,-0.771042157141
GENE_05428,-0.771200299549
GENE_10926,-0.771269416677
GENE_05334,-0.771740814597
GENE_04886,-0.771771957393
GENE_07404,-0.772192387804
GENE_07436,-0.772542111842
GENE_03939,-0.772568748756
GENE_03206,-0.772659445271
GENE_01978,-0.772877667824
GENE_06152,-0.773029709603
GENE_05708,-0.773455844033
GENE_10489,-0.773780578891
GENE_00606,-0.773789199104
GENE_07491,-0.774203818353
GENE_10370,-0.774269922404
GENE_03989,-0.774614970019
GENE_10330,-0.774802178136
GENE_07280,-0.774962824064
GENE_07157,-0.775044963016
GENE_09683,-0.775606361438
GENE_07507,-0.775606604602
GENE_05278,-0.775874823166
GENE_04379,-0.776499140493
GENE_11013,-0.776694052972
GENE_04111,-0.777371484846
GENE_00675,-0.777816687591
GENE_06125,-0.778094785833
GENE_00729,-0.778304725402
GENE_09895,-0.778308553007
GENE_04101,-0.77883704282
GENE_05261,-0.77901942152
GENE_04284,-0.779092739377
GENE_07082,-0.77937532526
GENE_09684,-0.779806675738
GENE_03606,-0.779852946222
GENE_07962,-0.780143881388
GENE_03184,-0.780199129117
GENE_04026,-0.781156378131
GENE_10007,-0.781672072347
GENE_03772,-0.782003492511
GENE_06930,-0.782353922502
GENE_07039,-0.782591362548
GENE_05634,-0.782598597419
GENE_03053,-0.783753521124
GENE_02448,-0.783765665586
GENE_11578,-0.783993461089
GENE_08173,-0.78416385836
GENE_09961,-0.7843209703
GENE_02645,-0.784761908128
GENE_01474,-0.784898313082
GENE_11288,-0.785317920263
GENE_02472,-0.785986032635
GENE_01284,-0.785989460508
GENE_08448,-0.786572091558
GENE_08212,-0.787036278933
GENE_06608,-0.787174069987
GENE_10644,-0.787722433266
GENE_01916,-0.787783751908
GENE_08772,-0.788047623233
GENE_09063,-0.788076253904
GENE_03861,-0.78933850572
GENE_08620,-0.790017096815
GENE_00620,-0.790474455445
GENE_07525,-0.790770919085
GENE_04736,-0.790881791695
GENE_03605,-0.790899381668
GENE_02002,-0.792419921
GENE_04299,-0.792523447115
GENE_10636,-0.793134663614
GENE_10451,-0.793221197207
GENE_07791,-0.793459729883
GENE_10867,-0.794659184146
GENE_08073,-0.794893647002
GENE_03516,-0.795557067941
GENE_08440,-0.795655133826
GENE_09386,-0.795717663521
GENE_07802,-0.79597037385
GENE_07383,-0.795988910009
GENE_01797,-0.796025856803
GENE_05931,-0.796064137721
GENE_04686,-0.796136803186
GENE_11328,-0.796781232669
GENE_00545,-0.79689525547
GENE_09695,-0.796986668814
GENE_05986,-0.797113566225
GENE_09326,-0.79743811707
GENE_11319,-0.797485497344
GENE_09536,-0.798206076358
GENE_00871,-0.798297244538
GENE_01603,-0.79919200665
GENE_03892,-0.799940506702
GENE_02588,-0.800038564398
GENE_09446,-0.8002227354
GENE_10914,-0.800293281607
GENE_07508,-0.800335406165
GENE_08719,-0.800590342348
GENE_08203,-0.801483921831
GENE_05337,-0.801527590105
GENE_06134,-0.802199408035
GENE_07620,-0.802271833935
GENE_04659,-0.80228002714
GENE_06529,-0.802430039865
GENE_03391,-0.802824443951
GENE_07622,-0.803110833953
GENE_01557,-0.80317895068
GENE_11397,-0.803360432766
GENE_09561,-0.803434274171
GENE_01234,-0.80367456797
GENE_11296,-0.803723660895
GENE_04813,-0.803948414727
GENE_02761,-0.80431575966
GENE_03447,-0.804966480853
GENE_05312,-0.805095181031
GENE_04496,-0.805171751743
GENE_07681,-0.805526682511
GENE_05655,-0.805799654884
GENE_01879,-0.805870066496
GENE_06867,-0.805991731059
GENE_04840,-0.806376929118
GENE_09822,-0.806509629026
GENE_09250,-0.806519832457
GENE_06726,-0.807591340098
GENE_07612,-0.807650557747
GENE_02293,-0.808265721641
GENE_09705,-0.808963892926
GENE_09374,-0.809346684795
GENE_04034,-0.809380821083
GENE_01886,-0.809603519922
GENE_06606,-0.809724835767
GENE_07745,-0.809890099089
GENE_01579,-0.810252437014
GENE_06306,-0.810528629822
GENE_02166,-0.81085751121
GENE_05628,-0.8108939362
GENE_03644,-0.811000863629
GENE_03537,-0.812402348937
GENE_05960,-0.812545770122
GENE_05043,-0.812823590337
GENE_03762,-0.81301437226
GENE_10854,-0.813664575138
GENE_11490,-0.813813641929
GENE_06401,-0.814010669292
GENE_09740,-0.814153256598
GENE_06426,-0.814398187446
GENE_09127,-0.814402820993
GENE_09831,-0.814685653238
GENE_05816,-0.814756002824
GENE_06885,-0.814868148909
GENE_11508,-0.814993016417
GENE_03578,-0.815375628316
GENE_08800,-0.815909535149
GENE_06128,-0.816154989028
GENE_03386,-0.816217244542
GENE_00899,-0.816935670987
GENE_02007,-0.817088631068
GENE_11684,-0.817099510612
GENE_05878,-0.817408134414
GENE_05254,-0.817682396605
GENE_06547,-0.817891842139
GENE_01502,-0.818198883422
GENE_02710,-0.818428665942
GENE_05265,-0.81860502666
GENE_02055,-0.819257859721
GENE_10229,-0.819266464189
GENE_10466,-0.819341592735
GENE_09525,-0.819386830499
GENE_08911,-0.820328461132
GENE_06368,-0.82087892241
GENE_10336,-0.821680826305
GENE_06421,-0.821814828421
GENE_04890,-0.822076011828
GENE_07346,-0.822165606689
GENE_02044,-0.822419932382
GENE_07585,-0.822855901518
GENE_04909,-0.823534970626
GENE_06699,-0.823836869641
GENE_03600,-0.823935486972
GENE_11552,-0.823989014802
GENE_02960,-0.824514161528
GENE_07296,-0.824612009765
GENE_04361,-0.824612250435
GENE_07835,-0.824650340291
GENE_10143,-0.825165899746
GENE_08318,-0.825291960831
GENE_02505,-0.825410529979
GENE_03653,-0.825653682802
GENE_06860,-0.825832773238
GENE_04861,-0.826111991715
GENE_10742,-0.826365285266
GENE_01553,-0.82688035404
GENE_01588,-0.827590220649
GENE_09848,-0.828180563874
GENE_03731,-0.828196272965
GENE_10044,-0.828293760348
GENE_02147,-0.82849702478
GENE_10842,-0.829320374361
GENE_09431,-0.830070495129
GENE_02294,-0.830444406557
GENE_00509,-0.830950116411
GENE_02451,-0.83182220823
GENE_03576,-0.831954917494
GENE_03413,-0.83206130485
GENE_00856,-0.832355573104
GENE_10680,-0.832476621723
GENE_02807,-0.833056057001
GENE_07800,-0.833598282966
GENE_05887,-0.834184848733
GENE_07269,-0.834271343068
GENE_03951,-0.834281810035
GENE_03626,-0.834323045492
GENE_11394,-0.834338186583
GENE_09926,-0.834373612295
GENE_10906,-0.834829910547
GENE_07997,-0.835124503972
GENE_02174,-0.83514290163
GENE_01218,-0.83534705326
GENE_06066,-0.83568900502
GENE_09256,-0.835870255618
GENE_04256,-0.8360621521
GENE_05773,-0.83609167022
GENE_10190,-0.836194850704
GENE_03703,-0.836920703796
GENE_06117,-0.83698035444
GENE_06009,-0.837090133615
GENE_02847,-0.83726243105
GENE_08394,-0.837380789682
GENE_06812,-0.837405725315
GENE_10886,-0.837823061168
GENE_08507,-0.838176482332
GENE_09238,-0.838361880001
GENE_07674,-0.838500616384
GENE_02866,-0.838585798447
GENE_04609,-0.838892674026
GENE_01423,-0.839209667339
GENE_07659,-0.839527558018
GENE_11056,-0.839608372041
GENE_07118,-0.840492985507
GENE_07985,-0.840771889899
GENE_07121,-0.841449514129
GENE_05813,-0.841821631868
GENE_10584,-0.842098689721
GENE_05241,-0.842432630126
GENE_01765,-0.843246595316
GENE_09282,-0.843298311285
GENE_07203,-0.843853877425
GENE_04427,-0.844324037183
GENE_10887,-0.844702998703
GENE_03913,-0.844941438593
GENE_04482,-0.845153958426
GENE_09575,-0.845552176355
GENE_04822,-0.845673104494
GENE_10463,-0.845689311447
GENE_09931,-0.846039672628
GENE_02977,-0.846315977466
GENE_01631,-0.846356654991
GENE_04182,-0.846359719887
GENE_05198,-0.846434301459
GENE_07590,-0.846497802869
GENE_03226,-0.846850966125
GENE_01149,-0.846961348318
GENE_08867,-0.847473890565
GENE_10008,-0.847627212497
GENE_02642,-0.847633928619
GENE_04999,-0.848065598031
GENE_02795,-0.848428634191
GENE_11312,-0.84890465637
GENE_07603,-0.84910485099
GENE_06466,-0.849720921478
GENE_00587,-0.849844369465
GENE_10685,-0.850197745815
GENE_01463,-0.850520454209
GENE_03685,-0.850535278747
GENE_10654,-0.850565389503
GENE_05442,-0.850613252952
GENE_10880,-0.850782748628
GENE_06843,-0.850884089039
GENE_08313,-0.850975080682
GENE_08445,-0.851180482447
GENE_02519,-0.85140643426
GENE_05404,-0.851539979779
GENE_11110,-0.851617240187
GENE_05307,-0.851662174334
GENE_05151,-0.852224642997
GENE_04882,-0.852386766074
GENE_11646,-0.853037131745
GENE_07631,-0.853399474039
GENE_06642,-0.853495480061
GENE_07242,-0.853823087504
GENE_07017,-0.85393290846
GENE_07158,-0.854493462738
GENE_10151,-0.854624641755
GENE_07855,-0.855095474409
GENE_10132,-0.855482695926
GENE_11451,-0.855527687941
GENE_10602,-0.855742579952
GENE_00589,-0.856083825909
GENE_04668,-0.856169840662
GENE_05524,-0.856348518281
GENE_03812,-0.856498237409
GENE_03055,-0.856772093827
GENE_04208,-0.856851865128
GENE_09761,-0.857442429547
GENE_09856,-0.857733176605
GENE_10104,-0.858216031772
GENE_00758,-0.858357780181
GENE_11712,-0.859214199548
GENE_10395,-0.859399210817
GENE_11252,-0.859459723448
GENE_06908,-0.859613513878
GENE_03001,-0.86038501078
GENE_00536,-0.860413365284
GENE_10353,-0.860438468067
GENE_07465,-0.860565403814
GENE_05925,-0.860729163395
GENE_06107,-0.860756801702
GENE_06049,-0.861049672166
GENE_02625,-0.861087910174
GENE_06015,-0.861309579697
GENE_11362,-0.861443429464
GENE_03280,-0.861703070256
GENE_02347,-0.862775764043
GENE_09628,-0.863189712167
GENE_04000,-0.863493604965
GENE_03094,-0.86388296059
GENE_06804,-0.863979849076
GENE_00507,-0.86399076968
GENE_08278,-0.864285261941
GENE_08458,-0.864426705336
GENE_10850,-0.864430313674
GENE_11553,-0.865231385133
GENE_01847,-0.866174848215
GENE_11315,-0.866447769952
GENE_08806,-0.866884584883
GENE_02051,-0.867130215711
GENE_06822,-0.867922462751
GENE_07558,-0.867975422528
GENE_04748,-0.868260961598
GENE_02554,-0.868292731876
GENE_08423,-0.868767544573
GENE_05154,-0.869286986989
GENE_02102,-0.869663081275
GENE_06153,-0.870727771644
GENE_06093,-0.871193030008
GENE_10672,-0.872784953528
GENE_03271,-0.872961090454
GENE_06113,-0.872988966889
GENE_11708,-0.873606550278
GENE_08709,-0.874199270014
GENE_04817,-0.87443564834
GENE_07679,-0.875814824646
GENE_05654,-0.875842406495
GENE_07152,-0.876697085619
GENE_03511,-0.876773781212
GENE_07098,-0.877484022156
GENE_07709,-0.877617356863
GENE_01552,-0.877982586757
GENE_11034,-0.878121703605
GENE_04446,-0.878263252823
GENE_03266,-0.87832307718
GENE_04533,-0.878473801342
GENE_04402,-0.879282782412
GENE_08910,-0.879643675551
GENE_10292,-0.879717361385
GENE_02733,-0.879814353502
GENE_06588,-0.880011981691
GENE_04126,-0.880754089603
GENE_03256,-0.881068336661
GENE_08064,-0.881433705227
GENE_01997,-0.881874651228
GENE_08530,-0.881960764267
GENE_06151,-0.883719140691
GENE_06731,-0.883868895141
GENE_06170,-0.883998856746
GENE_01369,-0.884802714027
GENE_03787,-0.885248686124
GENE_10879,-0.885668184006
GENE_08452,-0.8857137998
GENE_07857,-0.885970733898
GENE_06482,-0.886040246978
GENE_11686,-0.886137602018
GENE_10657,-0.886639169205
GENE_02867,-0.886680922283
GENE_04622,-0.887329458856
GENE_01478,-0.887492177802
GENE_04259,-0.887769511539
GENE_11787,-0.888368525859
GENE_08114,-0.888859698036
GENE_02932,-0.889240828228
GENE_11541,-0.889322315946
GENE_09952,-0.889844770941
GENE_03883,-0.89031784802
GENE_08357,-0.890435752943
GENE_06909,-0.890568810591
GENE_06033,-0.890748863552
GENE_01815,-0.891192225415
GENE_07846,-0.891543489855
GENE_09415,-0.892773307276
GENE_03804,-0.892787515492
GENE_05915,-0.893515092519
GENE_06214,-0.893595013719
GENE_05904,-0.893746019084
GENE_10232,-0.893816430582
GENE_10707,-0.893833220639
GENE_00809,-0.89460730222
GENE_02661,-0.895069842277
GENE_02564,-0.895346322363
GENE_06104,-0.895354373659
GENE_06077,-0.895427960925
GENE_04562,-0.896332658592
GENE_07817,-0.896367547825
GENE_09066,-0.896585540647
GENE_03149,-0.896642227315
GENE_06677,-0.897253006161
GENE_07606,-0.897659385275
GENE_04519,-0.897830066426
GENE_06445,-0.898027226324
GENE_01305,-0.898467981791
GENE_02246,-0.898784048323
GENE_06875,-0.898799810244
GENE_09218,-0.900160227874
GENE_07348,-0.900448461378
GENE_11506,-0.900536228604
GENE_04424,-0.900590352536
GENE_02106,-0.900620734648
GENE_04396,-0.900671382512
GENE_09977,-0.900921118554
GENE_05909,-0.901375679897
GENE_07873,-0.901992649443
GENE_02101,-0.902051554358
GENE_08310,-0.902654359988
GENE_06394,-0.902808926963
GENE_10759,-0.903293110779
GENE_01682,-0.90370186073
GENE_01267,-0.903907641465
GENE_03321,-0.904068289736
GENE_00529,-0.904316625104
GENE_03262,-0.904614374994
GENE_05357,-0.904947832938
GENE_01952,-0.905732300863
GENE_08427,-0.905797213371
GENE_07926,-0.906215332047
GENE_06491,-0.906648545154
GENE_06801,-0.906902874722
GENE_09411,-0.907326559372
GENE_11657,-0.907462166392
GENE_00513,-0.907563662042
GENE_02650,-0.907756180147
GENE_08136,-0.908502511512
GENE_05382,-0.908769670808
GENE_07343,-0.909680439312
GENE_02875,-0.909683416982
GENE_07456,-0.909689788408
GENE_06806,-0.910324341928
GENE_06477,-0.910486703532
GENE_05873,-0.910645087182
GENE_07417,-0.911617302154
GENE_09970,-0.912588198178
GENE_04515,-0.912810919297
GENE_08975,-0.913458579632
GENE_07350,-0.91547702909
GENE_08371,-0.915755041134
GENE_02450,-0.916191915481
GENE_03274,-0.916274100564
GENE_03702,-0.916320919073
GENE_11585,-0.916738223706
GENE_02413,-0.917502821014
GENE_05188,-0.917976104611
GENE_06157,-0.918019061639
GENE_03587,-0.918126983417
GENE_05293,-0.91821216651
GENE_00831,-0.918651946484
GENE_02533,-0.918686511486
GENE_01925,-0.919384591586
GENE_10673,-0.920152231458
GENE_01263,-0.920673593079
GENE_05848,-0.921451023429
GENE_10382,-0.92182365632
GENE_02396,-0.921859813125
GENE_00601,-0.922165324178
GENE_06745,-0.922188905432
GENE_09524,-0.922351329062
GENE_01673,-0.922410184499
GENE_05661,-0.922412984844
GENE_11220,-0.923072396316
GENE_00750,-0.923233246111
GENE_06665,-0.924062807341
GENE_02387,-0.924233144268
GENE_09211,-0.924268402595
GENE_07433,-0.92435733363
GENE_02831,-0.92446598813
GENE_03488,-0.924564114378
GENE_09668,-0.924925815719
GENE_07792,-0.925084620479
GENE_06687,-0.925392257643
GENE_02562,-0.92542462606
GENE_06340,-0.925889903891
GENE_09494,-0.926163263483
GENE_02531,-0.926381129982
GENE_10900,-0.92651325478
GENE_11808,-0.926633417555
GENE_02793,-0.926698308847
GENE_01744,-0.927353134191
GENE_08516,-0.927373005696
GENE_05363,-0.927553330812
GENE_07316,-0.928219967348
GENE_08377,-0.928265838656
GENE_05223,-0.928792081452
GENE_07980,-0.928926482461
GENE_06296,-0.92913634051
GENE_02391,-0.929510860192
GENE_11564,-0.930552611876
GENE_07183,-0.931001711632
GENE_07037,-0.932371243182
GENE_07238,-0.933106077187
GENE_09264,-0.933119088686
GENE_01367,-0.933267959073
GENE_11959,-0.934036280268
GENE_09340,-0.934593894898
GENE_01724,-0.935438702045
GENE_04513,-0.935596298762
GENE_08892,-0.935831229791
GENE_02876,-0.93650637479
GENE_06647,-0.936592006244
GENE_07071,-0.936795234959
GENE_03301,-0.937925576536
GENE_08952,-0.938467105741
GENE_11509,-0.938490842824
GENE_07065,-0.939155569771
GENE_06241,-0.939241540682
GENE_01326,-0.939335393819
GENE_04966,-0.939463241986
GENE_09190,-0.939565167254
GENE_02013,-0.939903101109
GENE_05622,-0.93996782915
GENE_07779,-0.940015932124
GENE_04348,-0.940398916484
GENE_04657,-0.941022700666
GENE_10747,-0.941381486139
GENE_07945,-0.941403169002
GENE_06002,-0.942060183574
GENE_03903,-0.942558005792
GENE_10364,-0.944908722685
GENE_03297,-0.945506879943
GENE_03170,-0.945746060697
GENE_08127,-0.946490795988
GENE_10527,-0.946564518528
GENE_03625,-0.947892717269
GENE_02663,-0.948348004224
GENE_07113,-0.948748695268
GENE_02954,-0.948916520825
GENE_06800,-0.948952827769
GENE_00754,-0.949398888832
GENE_04687,-0.950063497466
GENE_08023,-0.950690693415
GENE_04062,-0.950910729687
GENE_06536,-0.950953383094
GENE_05680,-0.951184370388
GENE_02994,-0.951918460022
GENE_03204,-0.952316380739
GENE_09311,-0.953040463365
GENE_10473,-0.953157504755
GENE_01605,-0.953328608259
GENE_02237,-0.953939419397
GENE_10424,-0.954438626291
GENE_06746,-0.95461810195
GENE_01636,-0.955122579349
GENE_07756,-0.956058551683
GENE_09793,-0.956135702959
GENE_02204,-0.956436376818
GENE_02381,-0.957150914895
GENE_04491,-0.957568955015
GENE_04500,-0.958778456187
GENE_11136,-0.959354960648
GENE_01523,-0.959439236723
GENE_02985,-0.960046295279
GENE_09953,-0.960779558245
GENE_10510,-0.96214122819
GENE_04675,-0.962651011919
GENE_03038,-0.962732565285
GENE_11899,-0.962828527468
GENE_08110,-0.963396341199
GENE_02380,-0.963758926211
GENE_04397,-0.964200071423
GENE_03377,-0.96453779491
GENE_03344,-0.964705425751
GENE_07177,-0.96478973763
GENE_08239,-0.964893300186
GENE_10215,-0.965045580576
GENE_10303,-0.965214076751
GENE_03522,-0.965664803523
GENE_05250,-0.965782632864
GENE_11102,-0.965826770896
GENE_04553,-0.96615672337
GENE_04173,-0.966246319753
GENE_04277,-0.966587890985
GENE_05930,-0.966701890703
GENE_00982,-0.966976143129
GENE_11846,-0.967025765086
GENE_03838,-0.96804575851
GENE_10343,-0.968128597852
GENE_10974,-0.968335863254
GENE_01189,-0.968344454864
GENE_10086,-0.968483646962
GENE_04203,-0.969743719635
GENE_03834,-0.97012426038
GENE_08336,-0.970271325908
GENE_08491,-0.971062029108
GENE_01397,-0.971614038511
GENE_01980,-0.971656734541
GENE_11857,-0.972040997742
GENE_09442,-0.972162217943
GENE_07309,-0.972298244735
GENE_11161,-0.972335003816
GENE_05550,-0.97276451676
GENE_09596,-0.972827892583
GENE_01363,-0.973068940882
GENE_03596,-0.973378838027
GENE_02031,-0.973546199704
GENE_04302,-0.974121846216
GENE_11335,-0.97445254761
GENE_01709,-0.974529304671
GENE_04771,-0.974806575923
GENE_03766,-0.975366027278
GENE_00752,-0.975873252977
GENE_05749,-0.976400048664
GENE_08902,-0.976620315864
GENE_09015,-0.976945739382
GENE_10301,-0.977364117484
GENE_00517,-0.977555244799
GENE_09426,-0.977938835553
GENE_08615,-0.978023023523
GENE_07293,-0.97825493806
GENE_08213,-0.978265649266
GENE_06644,-0.978307949822
GENE_00731,-0.978372777615
GENE_04783,-0.978499545867
GENE_05853,-0.978588389989
GENE_05309,-0.97874083631
GENE_00597,-0.978763715782
GENE_07110,-0.979300230283
GENE_03359,-0.979721224717
GENE_05574,-0.979925574782
GENE_05875,-0.980062301841
GENE_11279,-0.980388251483
GENE_10093,-0.980764843663
GENE_07547,-0.980788008414
GENE_09988,-0.980946727013
GENE_02283,-0.98116553114
GENE_05762,-0.981325936517
GENE_08666,-0.982019497211
GENE_03033,-0.982294034255
GENE_03317,-0.982303580377
GENE_07033,-0.982324272277
GENE_01186,-0.982487393538
GENE_10734,-0.984413046175
GENE_04581,-0.984534050482
GENE_08487,-0.984633687018
GENE_04298,-0.984654784847
GENE_11035,-0.984946125117
GENE_04012,-0.984993125817
GENE_04202,-0.985539600721
GENE_10488,-0.985733033427
GENE_03616,-0.985803808668
GENE_09566,-0.986440499099
GENE_08933,-0.986659027724
GENE_08577,-0.986942736502
GENE_08237,-0.987046178936
GENE_01819,-0.987179527151
GENE_08494,-0.987522962427
GENE_07976,-0.98786591014
GENE_03225,-0.987873340901
GENE_08944,-0.988002818003
GENE_08936,-0.988529007866
GENE_01178,-0.988591107151
GENE_10454,-0.988872347636
GENE_00626,-0.989604820259
GENE_01184,-0.98962813657
GENE_10461,-0.989650966164
GENE_03642,-0.989957792552
GENE_09104,-0.990623223377
GENE_10820,-0.990736918741
GENE_09247,-0.991091135332
GENE_11101,-0.991334392234
GENE_01150,-0.991392349456
GENE_08059,-0.991527041105
GENE_11510,-0.991584030057
GENE_04064,-0.99169666344
GENE_05741,-0.992578006729
GENE_04700,-0.992866001086
GENE_11304,-0.992868705379
GENE_03798,-0.993358699582
GENE_05080,-0.993589515594
GENE_06849,-0.993593003931
GENE_03810,-0.993862674835
GENE_10476,-0.993920929175
GENE_02117,-0.994349374609
GENE_05847,-0.994355065631
GENE_04764,-0.9944285218
GENE_09295,-0.994856352468
GENE_03744,-0.995148481853
GENE_05173,-0.995173959899
GENE_02566,-0.99581539479
GENE_07239,-0.996931626402
GENE_07648,-0.997228287439
GENE_09317,-0.997264957968
GENE_02301,-0.998060627314
GENE_06954,-0.998094627769
GENE_05569,-0.998212258511
GENE_05992,-0.998306775291
GENE_00837,-0.998354040739
GENE_01546,-0.998385439188
GENE_05980,-0.998440852877
GENE_10290,-0.998570386482
GENE_09838,-0.998820869334
GENE_09167,-0.998936376246
GENE_01666,-0.999302232295
GENE_10737,-1.00027052278
GENE_01696,-1.00033132461
GENE_07854,-1.00062937248
GENE_09272,-1.00100954448
GENE_06744,-1.0013146542
GENE_00994,-1.00162000989
GENE_02113,-1.00218745578
GENE_03174,-1.00221701893
GENE_06258,-1.0034389035
GENE_02397,-1.00395737208
GENE_02803,-1.00405459684
GENE_08284,-1.00407963296
GENE_00832,-1.00414076675
GENE_06455,-1.00429056349
GENE_08928,-1.00433782629
GENE_09383,-1.005315126
GENE_04556,-1.00560137569
GENE_11570,-1.00625973713
GENE_01658,-1.00654256528
GENE_05682,-1.00692736095
GENE_09352,-1.00719498753
GENE_06577,-1.00786791322
GENE_05637,-1.00791169543
GENE_00567,-1.00808631092
GENE_10490,-1.00810650676
GENE_09194,-1.00843302053
GENE_04972,-1.00844873255
GENE_02674,-1.00855468408
GENE_01595,-1.00973070471
GENE_03484,-1.01059821993
GENE_00634,-1.01210437526
GENE_07893,-1.01264444144
GENE_09978,-1.01268556337
GENE_02560,-1.01389595229
GENE_11649,-1.01405161669
GENE_08116,-1.01416421813
GENE_04875,-1.01447972671
GENE_01243,-1.01475673069
GENE_03313,-1.01475949319
GENE_02165,-1.01509419183
GENE_11940,-1.0154071051
GENE_09803,-1.01558137965
GENE_10366,-1.01566323088
GENE_01582,-1.01582181898
GENE_03799,-1.01587882699
GENE_08523,-1.01599543117
GENE_02690,-1.01668312858
GENE_07865,-1.01758477721
GENE_04901,-1.01776430908
GENE_07345,-1.01791149048
GENE_11126,-1.01825390142
GENE_09830,-1.01880519759
GENE_07777,-1.01886995707
GENE_02431,-1.01966433869
GENE_04054,-1.01969531971
GENE_09511,-1.01980133369
GENE_03137,-1.02116245756
GENE_00936,-1.02123281713
GENE_11634,-1.0227366297
GENE_01029,-1.0227925652
GENE_06539,-1.02325322338
GENE_10918,-1.02365974613
GENE_08287,-1.02375594771
GENE_03375,-1.02402859089
GENE_01518,-1.02418682433
GENE_09503,-1.02475075008
GENE_08253,-1.02521908574
GENE_09375,-1.02572339497
GENE_03303,-1.02575268364
GENE_05208,-1.02586810597
GENE_07762,-1.02596481748
GENE_06494,-1.0260808442
GENE_10967,-1.0262423753
GENE_09676,-1.02635362239
GENE_03342,-1.02636920767
GENE_00921,-1.02651529941
GENE_09178,-1.02662548288
GENE_09672,-1.02725188751
GENE_04902,-1.02740355153
GENE_01845,-1.02767514093
GENE_06739,-1.02792376501
GENE_11534,-1.02865571546
GENE_02360,-1.02937150818
GENE_09920,-1.02961097109
GENE_07666,-1.02969623963
GENE_04961,-1.02981184854
GENE_05106,-1.02997227478
GENE_06115,-1.03102527515
GENE_10168,-1.03110605329
GENE_04095,-1.03195524209
GENE_05026,-1.03196628385
GENE_02638,-1.03252390353
GENE_11453,-1.03253327621
GENE_09957,-1.03459795961
GENE_09022,-1.03560405605
GENE_08157,-1.03596192861
GENE_05711,-1.03614357198
GENE_05458,-1.03630924737
GENE_10131,-1.03632919684
GENE_04684,-1.03706607357
GENE_06351,-1.03799135499
GENE_11154,-1.03854085704
GENE_03154,-1.03854382084
GENE_07230,-1.03911116837
GENE_07586,-1.03922016399
GENE_10079,-1.03979322453
GENE_04119,-1.03980653103
GENE_01105,-1.03990592713
GENE_04540,-1.04019371982
GENE_06286,-1.04019871096
GENE_11185,-1.04145295177
GENE_02783,-1.04204441224
GENE_05755,-1.04227158805
GENE_03782,-1.04257769467
GENE_01424,-1.04480919402
GENE_06728,-1.0448363139
GENE_05560,-1.04552948567
GENE_10928,-1.04569497088
GENE_04732,-1.04612108506
GENE_01400,-1.04691098268
GENE_09710,-1.04692175011
GENE_05693,-1.04715756869
GENE_10941,-1.04777494614
GENE_03979,-1.04965549891
GENE_07455,-1.05005478982
GENE_03220,-1.0501407396
GENE_07308,-1.05018653736
GENE_08090,-1.05043762876
GENE_04829,-1.05062332183
GENE_10447,-1.05094116619
GENE_05506,-1.05122002978
GENE_03529,-1.05130991164
GENE_10134,-1.0523294696
GENE_07597,-1.05254719187
GENE_01107,-1.05341556317
GENE_01736,-1.05368241915
GENE_05340,-1.05383549536
GENE_07276,-1.05470445497
GENE_04296,-1.05508936818
GENE_04673,-1.05510767548
GENE_08525,-1.05532415859
GENE_05536,-1.0556394898
GENE_07454,-1.05598981193
GENE_05232,-1.05603079997
GENE_08251,-1.05611156919
GENE_07285,-1.05649707063
GENE_02963,-1.05655764276
GENE_08898,-1.05751467029
GENE_08412,-1.05783661861
GENE_11077,-1.05814643129
GENE_04412,-1.05844063364
GENE_07297,-1.05880014825
GENE_02722,-1.05890758706
GENE_07649,-1.05903712201
GENE_07494,-1.05921170837
GENE_03473,-1.0606050664
GENE_01644,-1.06239352815
GENE_09299,-1.06303627285
GENE_11259,-1.06325868653
GENE_07452,-1.06335449983
GENE_11732,-1.06361986538
GENE_04894,-1.06422000682
GENE_01316,-1.06511366308
GENE_09078,-1.06568269782
GENE_09717,-1.06580271135
GENE_06970,-1.06603217163
GENE_03579,-1.0662349319
GENE_09381,-1.06743393296
GENE_01639,-1.06753291425
GENE_08267,-1.06772257704
GENE_01737,-1.06780292158
GENE_08598,-1.06852075408
GENE_05083,-1.06925449376
GENE_00945,-1.07008476633
GENE_04560,-1.07019156289
GENE_10935,-1.07032054865
GENE_09960,-1.07066640619
GENE_10412,-1.07066837142
GENE_03232,-1.07085241868
GENE_02263,-1.07105367965
GENE_02097,-1.07185723304
GENE_01590,-1.07213901199
GENE_01922,-1.07274302574
GENE_11311,-1.07309132836
GENE_09863,-1.07319027407
GENE_05225,-1.07332803222
GENE_05108,-1.07368865892
GENE_10016,-1.0736928462
GENE_06929,-1.07466103943
GENE_09709,-1.07510304812
GENE_03295,-1.07531239305
GENE_09752,-1.07565048357
GENE_07535,-1.07573664844
GENE_08893,-1.07589382872
GENE_06191,-1.0763811874
GENE_04323,-1.07667912747
GENE_10695,-1.07695454088
GENE_03543,-1.07737607698
GENE_08208,-1.07772074579
GENE_10077,-1.07831506663
GENE_05211,-1.07851274136
GENE_06695,-1.07953285217
GENE_04273,-1.07973632128
GENE_04589,-1.07984244778
GENE_07615,-1.08000260838
GENE_11403,-1.08026705978
GENE_08050,-1.08040732928
GENE_00794,-1.08105654041
GENE_00692,-1.0810633276
GENE_08826,-1.08141338074
GENE_06273,-1.08191436871
GENE_09578,-1.08201778504
GENE_10187,-1.08318844667
GENE_02504,-1.08515052656
GENE_07570,-1.08574771078
GENE_02275,-1.08582512889
GENE_11127,-1.08596317074
GENE_04421,-1.08605458212
GENE_04747,-1.08612629918
GENE_11543,-1.08628834766
GENE_10925,-1.08671081138
GENE_02274,-1.08724593886
GENE_08922,-1.08774867535
GENE_10492,-1.08789301211
GENE_06916,-1.08841123567
GENE_10580,-1.08863484306
GENE_08650,-1.08869341048
GENE_09818,-1.08934263771
GENE_02644,-1.08963303734
GENE_04201,-1.0902084068
GENE_01826,-1.09039907744
GENE_01868,-1.09096643022
GENE_04253,-1.09162517216
GENE_02326,-1.09170087614
GENE_02656,-1.0919339004
GENE_04372,-1.09212120035
GENE_04604,-1.09214159343
GENE_11619,-1.09214761509
GENE_03328,-1.09216363272
GENE_01272,-1.09231276467
GENE_11933,-1.09312946539
GENE_09885,-1.09449436083
GENE_04778,-1.09527051884
GENE_04125,-1.09551938885
GENE_10053,-1.095839163
GENE_09257,-1.0958708108
GENE_05372,-1.09622032487
GENE_01146,-1.0962750869
GENE_06774,-1.09687507938
GENE_11617,-1.09694183326
GENE_06201,-1.09714364963
GENE_10156,-1.09714386977
GENE_02845,-1.09730252763
GENE_03872,-1.09736831897
GENE_07636,-1.09761098228
GENE_09319,-1.09818638378
GENE_06452,-1.09840921796
GENE_04090,-1.09862042518
GENE_09170,-1.09867937343
GENE_06788,-1.09891625473
GENE_06640,-1.09903922453
GENE_05919,-1.09904475155
GENE_02319,-1.10015423297
GENE_08454,-1.10128648984
GENE_11487,-1.10132662877
GENE_03971,-1.10226974046
GENE_02862,-1.10229214984
GENE_05832,-1.10318438123
GENE_01427,-1.10320836572
GENE_01288,-1.10336660617
GENE_01179,-1.10358931722
GENE_03182,-1.10366982853
GENE_10233,-1.10402563347
GENE_10054,-1.10445182785
GENE_08463,-1.10477467364
GENE_02852,-1.10486279306
GENE_01870,-1.10570466849
GENE_02959,-1.10629351241
GENE_00653,-1.10652590874
GENE_09243,-1.10673298773
GENE_09840,-1.10687029153
GENE_03853,-1.1071568168
GENE_05453,-1.10811245826
GENE_10729,-1.1084970908
GENE_09878,-1.10945555545
GENE_11374,-1.1096093679
GENE_09782,-1.10975012789
GENE_11816,-1.11014304821
GENE_00676,-1.11057584547
GENE_11987,-1.11073657524
GENE_02160,-1.11145795694
GENE_03548,-1.11158024951
GENE_02575,-1.11196702577
GENE_08634,-1.11232746967
GENE_10574,-1.11306410119
GENE_07701,-1.11329483411
GENE_03645,-1.11404645016
GENE_06000,-1.11408135823
GENE_07218,-1.11453231501
GENE_05822,-1.11482218735
GENE_11072,-1.11512626266
GENE_10635,-1.11521722797
GENE_10824,-1.11524653638
GENE_10071,-1.11645085518
GENE_02368,-1.11652443995
GENE_10940,-1.1169408841
GENE_03083,-1.11718646171
GENE_09902,-1.11732700893
GENE_07314,-1.11792760804
GENE_08924,-1.11852348421
GENE_09889,-1.11925024222
GENE_03680,-1.11954612838
GENE_01529,-1.11961743329
GENE_01065,-1.11966989463
GENE_04897,-1.12004742247
GENE_06850,-1.12041791894
GENE_07225,-1.1207676507
GENE_09204,-1.12089697377
GENE_08686,-1.12113401276
GENE_04268,-1.12124374009
GENE_05055,-1.12153014743
GENE_05097,-1.12175110286
GENE_02412,-1.12254480624
GENE_00842,-1.12272202156
GENE_10119,-1.12291467745
GENE_08894,-1.12319505088
GENE_03983,-1.12349403324
GENE_08274,-1.12387840513
GENE_08680,-1.12412185886
GENE_10841,-1.12420009695
GENE_10753,-1.12509632702
GENE_07901,-1.12518610173
GENE_08649,-1.12519782774
GENE_00613,-1.1254890473
GENE_05371,-1.12558711403
GENE_06897,-1.1256549678
GENE_04209,-1.12605396091
GENE_01907,-1.12676746891
GENE_11744,-1.12693393367
GENE_07027,-1.12726379255
GENE_10339,-1.12728552371
GENE_04316,-1.12749609895
GENE_05169,-1.12806255481
GENE_10516,-1.12834157027
GENE_07561,-1.1285906731
GENE_09051,-1.12863451438
GENE_00681,-1.12905177122
GENE_11307,-1.12966745931
GENE_00541,-1.12970685466
GENE_06698,-1.12984985722
GENE_02907,-1.13006933904
GENE_05159,-1.13017872948
GENE_02988,-1.13020372467
GENE_11809,-1.13042748135
GENE_02758,-1.13061533494
GENE_02529,-1.13088843533
GENE_11309,-1.13098738849
GENE_06927,-1.1310672355
GENE_10509,-1.13106862993
GENE_06787,-1.13214914072
GENE_11595,-1.132605507
GENE_04425,-1.13278495127
GENE_11041,-1.13304234738
GENE_06102,-1.13342101829
GENE_05255,-1.13383035681
GENE_06297,-1.13402018593
GENE_07422,-1.13417114528
GENE_08637,-1.13563590476
GENE_06420,-1.13703288315
GENE_02611,-1.13768567042
GENE_02093,-1.13883311778
GENE_10091,-1.13906150762
GENE_03445,-1.14100850975
GENE_01510,-1.14168911413
GENE_08026,-1.14194181916
GENE_01123,-1.14300491273
GENE_03672,-1.14301931207
GENE_06096,-1.14333899108
GENE_01836,-1.14372620732
GENE_01125,-1.14634539302
GENE_06135,-1.14715951101
GENE_02945,-1.14769138982
GENE_02409,-1.14826328875
GENE_02277,-1.14879403516
GENE_07829,-1.1497074729
GENE_10129,-1.14974145537
GENE_02747,-1.15101408362
GENE_04032,-1.15115373655
GENE_09173,-1.15122665751
GENE_07463,-1.15168110903
GENE_06832,-1.15199754758
GENE_07049,-1.15308433174
GENE_03360,-1.15333240321
GENE_03298,-1.1533505106
GENE_11424,-1.15348253089
GENE_04907,-1.15349242598
GENE_04331,-1.15369228134
GENE_08801,-1.15370632363
GENE_07553,-1.15416338478
GENE_03164,-1.15436266823
GENE_09077,-1.15463433873
GENE_07868,-1.15545179382
GENE_09005,-1.15570757492
GENE_11518,-1.15604859948
GENE_04465,-1.15641581674
GENE_09092,-1.15655521707
GENE_07028,-1.15694139723
GENE_09747,-1.15699645566
GENE_04456,-1.15711661871
GENE_11666,-1.1572259699
GENE_08104,-1.15741579022
GENE_00985,-1.15836468919
GENE_08794,-1.15860326366
GENE_11917,-1.15895872304
GENE_03110,-1.16178384391
GENE_11997,-1.16198594546
GENE_06204,-1.16206582026
GENE_11472,-1.16271043933
GENE_08956,-1.16293898685
GENE_06705,-1.16304265028
GENE_06906,-1.16405063241
GENE_08783,-1.16466334851
GENE_09741,-1.16520199997
GENE_11140,-1.16544152622
GENE_10932,-1.16597418568
GENE_08635,-1.1677574159
GENE_02843,-1.16777955127
GENE_08712,-1.16786530729
GENE_06773,-1.16817782785
GENE_10146,-1.16931526509
GENE_06348,-1.1694806292
GENE_01538,-1.16991683571
GENE_01350,-1.17011302606
GENE_05999,-1.1702807064
GENE_07427,-1.17092489381
GENE_03459,-1.17165434732
GENE_09617,-1.17183130047
GENE_10537,-1.17193392922
GENE_03783,-1.17223375344
GENE_10475,-1.17363039255
GENE_07903,-1.17387332631
GENE_03525,-1.17387996441
GENE_08655,-1.17420229572
GENE_02660,-1.17559460562
GENE_03826,-1.17617333655
GENE_06835,-1.1766449439
GENE_04576,-1.17696211277
GENE_11078,-1.17703163145
GENE_07514,-1.17722641745
GENE_08051,-1.17741650525
GENE_06591,-1.17776145799
GENE_03211,-1.17804086738
GENE_11825,-1.17807851758
GENE_11000,-1.17817968733
GENE_10659,-1.17857278477
GENE_05070,-1.1789234913
GENE_01684,-1.17903979116
GENE_05419,-1.17910821436
GENE_03928,-1.17936912163
GENE_04235,-1.17945966451
GENE_09033,-1.17977674937
GENE_08121,-1.1802317342
GENE_08699,-1.18046048523
GENE_02126,-1.18081281531
GENE_07462,-1.18097248366
GENE_11060,-1.18120117315
GENE_03310,-1.18187412542
GENE_06456,-1.18198199607
GENE_11137,-1.1819955219
GENE_11761,-1.18200790074
GENE_04766,-1.18305618473
GENE_09799,-1.18308551525
GENE_03819,-1.18403055822
GENE_11172,-1.18581491101
GENE_10603,-1.18592159919
GENE_04831,-1.18633642711
GENE_04510,-1.18699338831
GENE_08762,-1.18755316678
GENE_01220,-1.18759841903
GENE_05400,-1.18776523992
GENE_09526,-1.18894111805
GENE_04730,-1.18896341953
GENE_04068,-1.18923246508
GENE_02104,-1.18941189287
GENE_02603,-1.18966665909
GENE_05421,-1.19040773567
GENE_10637,-1.19074580074
GENE_06294,-1.19091650597
GENE_07358,-1.19187470419
GENE_09984,-1.19297337102
GENE_10136,-1.19337576854
GENE_01852,-1.19363683176
GENE_01908,-1.1939250064
GENE_07892,-1.19418665141
GENE_04499,-1.19418940109
GENE_04480,-1.19452293977
GENE_03371,-1.1952937636
GENE_01468,-1.19588306204
GENE_05841,-1.19655792862
GENE_06217,-1.19666559228
GENE_03186,-1.19678864643
GENE_10231,-1.19753231127
GENE_09406,-1.19795796234
GENE_04980,-1.19796642922
GENE_05321,-1.19839212495
GENE_05219,-1.19895139799
GENE_09882,-1.1992043251
GENE_03728,-1.19969752837
GENE_05272,-1.19972526509
GENE_03058,-1.20214952608
GENE_02782,-1.20320085539
GENE_08784,-1.20391364897
GENE_07856,-1.20602237141
GENE_03294,-1.20702164786
GENE_06464,-1.20775939254
GENE_11936,-1.20825472599
GENE_11435,-1.20830351566
GENE_10572,-1.20848220427
GENE_08468,-1.20885886462
GENE_06278,-1.20919871124
GENE_11941,-1.20932768131
GENE_09495,-1.20943532896
GENE_03113,-1.20947693542
GENE_01255,-1.20964101869
GENE_01328,-1.20969474284
GENE_06501,-1.21016050298
GENE_06177,-1.21016094341
GENE_08951,-1.21074262663
GENE_00533,-1.21101619976
GENE_02234,-1.21117192928
GENE_09239,-1.21265713262
GENE_11942,-1.21272370688
GENE_10535,-1.21346336015
GENE_05725,-1.21480613589
GENE_11517,-1.21487341454
GENE_05054,-1.21658080414
GENE_05286,-1.21689671034
GENE_03802,-1.21728269222
GENE_05997,-1.2174037935
GENE_04891,-1.21928446652
GENE_04637,-1.22032068994
GENE_02085,-1.22071242591
GENE_00684,-1.22212780889
GENE_09839,-1.22236461499
GENE_03583,-1.22289501956
GENE_06508,-1.22322023006
GENE_11152,-1.22374484666
GENE_01245,-1.22394026676
GENE_01461,-1.22429823629
GENE_09414,-1.22438727336
GENE_08877,-1.22440220705
GENE_07567,-1.22499988866
GENE_01036,-1.225765663
GENE_11479,-1.22589226344
GENE_11916,-1.22612282656
GENE_06612,-1.22617935781
GENE_09624,-1.22701407729
GENE_01137,-1.22760781514
GENE_05838,-1.22767996446
GENE_09871,-1.22782856606
GENE_03777,-1.22844383127
GENE_04567,-1.2291835978
GENE_10386,-1.22949515771
GENE_09097,-1.22952625122
GENE_01930,-1.22954959445
GENE_11295,-1.22988311529
GENE_11842,-1.23206233648
GENE_05538,-1.23243123916
GENE_02667,-1.23252331477
GENE_05780,-1.23254031122
GENE_05751,-1.23310130501
GENE_01882,-1.23434887188
GENE_05025,-1.23451199842
GENE_07719,-1.23570302205
GENE_05030,-1.23613579603
GENE_07472,-1.23647828659
GENE_03156,-1.23742663822
GENE_02463,-1.23766242233
GENE_11885,-1.23882596095
GENE_03533,-1.23905270253
GENE_02138,-1.23910707565
GENE_02019,-1.23925839485
GENE_05518,-1.23956228608
GENE_06312,-1.23958801253
GENE_00262,-1.24126734007
GENE_02997,-1.24176057548
GENE_05370,-1.24224653355
GENE_10363,-1.24250083692
GENE_01210,-1.24386323539
GENE_06892,-1.24448644989
GENE_04872,-1.24454250008
GENE_00607,-1.24465470331
GENE_08829,-1.2450512235
GENE_09733,-1.24515057596
GENE_02538,-1.24571737645
GENE_10780,-1.24656196616
GENE_09465,-1.24956491192
GENE_05818,-1.24982033959
GENE_10429,-1.25021602589
GENE_11705,-1.25030197856
GENE_02210,-1.25040773397
GENE_00697,-1.25111357639
GENE_06162,-1.25119913663
GENE_09843,-1.25135618224
GENE_00952,-1.25153942419
GENE_02254,-1.25239344441
GENE_08389,-1.2534017183
GENE_06666,-1.25350601237
GENE_09166,-1.25402265243
GENE_06984,-1.254160987
GENE_01571,-1.25428942317
GENE_03237,-1.254922668
GENE_03451,-1.25513537197
GENE_02494,-1.25650689428
GENE_07922,-1.25656533595
GENE_02167,-1.25757785891
GENE_03665,-1.25786815591
GENE_09905,-1.25826462937
GENE_02541,-1.25850491068
GENE_09382,-1.25906491145
GENE_02154,-1.26016476517
GENE_05277,-1.2627697757
GENE_09096,-1.26286475373
GENE_09938,-1.26296293687
GENE_04795,-1.26400616795
GENE_03814,-1.26449840695
GENE_06111,-1.26525840909
GENE_10961,-1.26563644509
GENE_10460,-1.26663199511
GENE_10585,-1.26727668837
GENE_05688,-1.26813680498
GENE_08113,-1.26898257725
GENE_06656,-1.26929110524
GENE_03070,-1.26933049655
GENE_06461,-1.26946526601
GENE_04760,-1.26999859739
GENE_03574,-1.27006108871
GENE_07208,-1.27036204633
GENE_11166,-1.27048824558
GENE_05606,-1.27095172109
GENE_07048,-1.27154852089
GENE_04914,-1.27191900111
GENE_11771,-1.27287751851
GENE_05171,-1.2735855486
GENE_10305,-1.27383732513
GENE_05005,-1.27423211908
GENE_11765,-1.27458117284
GENE_05495,-1.27568266
GENE_03437,-1.27630441654
GENE_00793,-1.27674857582
GENE_11822,-1.27700306538
GENE_10186,-1.27708456233
GENE_11148,-1.27737113355
GENE_09730,-1.27743660385
GENE_06076,-1.2783526288
GENE_11478,-1.27873585482
GENE_03949,-1.27903073622
GENE_11985,-1.27936076864
GENE_00741,-1.27957696674
GENE_10840,-1.27964784835
GENE_00940,-1.28030439867
GENE_00706,-1.2804293525
GENE_03234,-1.280455571
GENE_11645,-1.28226129334
GENE_01073,-1.28299222419
GENE_06416,-1.28438703607
GENE_03475,-1.2845842657
GENE_09712,-1.28472776642
GENE_11920,-1.28545023854
GENE_06397,-1.28559100076
GENE_07726,-1.28559911405
GENE_07368,-1.28586401728
GENE_06915,-1.28599970652
GENE_03012,-1.28716356858
GENE_07347,-1.28760528365
GENE_03438,-1.28830761746
GENE_06600,-1.28948058721
GENE_09538,-1.28950006972
GENE_11368,-1.28967609796
GENE_00638,-1.28996089974
GENE_04928,-1.29056142195
GENE_07212,-1.29094221949
GENE_02442,-1.29226269511
GENE_03418,-1.29262534715
GENE_08048,-1.2931222504
GENE_03106,-1.29314154376
GENE_02203,-1.29327295787
GENE_03585,-1.2935076252
GENE_01066,-1.29468147572
GENE_00639,-1.29507877206
GENE_08761,-1.29525862067
GENE_11815,-1.29603532321
GENE_10139,-1.29604869282
GENE_02787,-1.29611666425
GENE_01443,-1.29683194796
GENE_10552,-1.29772837568
GENE_07759,-1.29810390369
GENE_09011,-1.29832593967
GENE_03559,-1.29921636345
GENE_02406,-1.29958123693
GENE_06939,-1.30110926639
GENE_05176,-1.3015879828
GENE_05775,-1.30284476352
GENE_06213,-1.3045894438
GENE_06809,-1.30481689043
GENE_11096,-1.3070983444
GENE_04304,-1.30736978223
GENE_10081,-1.30764258109
GENE_07392,-1.30777656515
GENE_11313,-1.30868413099
GENE_02023,-1.30882039912
GENE_09805,-1.31154396604
GENE_08443,-1.3115491379
GENE_01315,-1.31183623235
GENE_06637,-1.3121632012
GENE_02697,-1.31221919343
GENE_09235,-1.31246730345
GENE_10994,-1.31248869034
GENE_07618,-1.31296852995
GENE_11236,-1.31352779835
GENE_10325,-1.31419952962
GENE_09253,-1.3148786644
GENE_10857,-1.31543826589
GENE_06980,-1.31544130705
GENE_10012,-1.31579740822
GENE_03711,-1.31581581643
GENE_03172,-1.31713191995
GENE_05674,-1.3189684983
GENE_02586,-1.3192471946
GENE_01775,-1.32002251122
GENE_07880,-1.32007718774
GENE_06173,-1.32049344341
GENE_11789,-1.32061862699
GENE_05940,-1.32087835538
GENE_06571,-1.32089228251
GENE_06925,-1.32155578651
GENE_06869,-1.32234743468
GENE_02509,-1.32245795674
GENE_01153,-1.32308979341
GENE_08362,-1.32364957084
GENE_08321,-1.32395108422
GENE_08483,-1.32484578093
GENE_11142,-1.32528137195
GENE_02377,-1.32604768608
GENE_08185,-1.32626216195
GENE_02419,-1.32647212831
GENE_08630,-1.32779867348
GENE_08550,-1.32900763722
GENE_08343,-1.33022625564
GENE_02247,-1.33031362574
GENE_05388,-1.33070513133
GENE_01285,-1.33123295356
GENE_11018,-1.33191311039
GENE_06950,-1.33244834789
GENE_10246,-1.332449781
GENE_08219,-1.33267844103
GENE_03937,-1.33277739748
GENE_04457,-1.33312835478
GENE_07711,-1.33314800848
GENE_01191,-1.33402549492
GENE_04947,-1.33461060691
GENE_00781,-1.33534435871
GENE_03005,-1.3354815691
GENE_05268,-1.33586240417
GENE_06078,-1.33656850031
GENE_03465,-1.33672543888
GENE_11610,-1.33672661874
GENE_10861,-1.33697795814
GENE_10482,-1.33767418609
GENE_11819,-1.33769310335
GENE_02478,-1.33860579972
GENE_10878,-1.33872370614
GENE_06433,-1.33946977496
GENE_07163,-1.33948936653
GENE_11109,-1.33951792357
GENE_04876,-1.34007207112
GENE_07898,-1.34012489565
GENE_07796,-1.34048864137
GENE_05063,-1.3410647133
GENE_11350,-1.34125972724
GENE_03335,-1.34212774849
GENE_11135,-1.34320939058
GENE_00830,-1.34445051103
GENE_09708,-1.34492778707
GENE_06048,-1.34501448393
GENE_06257,-1.34520967081
GENE_06436,-1.34533548742
GENE_02054,-1.34587092347
GENE_01693,-1.34597968025
GENE_09515,-1.34678566212
GENE_01396,-1.34712628953
GENE_06874,-1.34725391758
GENE_08479,-1.34770923031
GENE_07459,-1.34799578437
GENE_03739,-1.34804711194
GENE_05578,-1.34817704543
GENE_00722,-1.34818542211
GENE_03608,-1.34957621155
GENE_08245,-1.34960525571
GENE_08837,-1.34964967022
GENE_05446,-1.34977306938
GENE_06872,-1.34992563786
GENE_04863,-1.35055596434
GENE_02508,-1.35107436621
GENE_08926,-1.3512904027
GENE_00751,-1.35168460562
GENE_10255,-1.35170753202
GENE_04501,-1.35250868944
GENE_02361,-1.35267028584
GENE_08337,-1.35286588896
GENE_11750,-1.35367983686
GENE_06352,-1.35375467471
GENE_11814,-1.35440192104
GENE_03363,-1.35544750311
GENE_05753,-1.35597034486
GENE_01573,-1.35658180462
GENE_04440,-1.3569355697
GENE_11984,-1.35728284737
GENE_04395,-1.35751753984
GENE_06331,-1.35817492148
GENE_04272,-1.35857401526
GENE_00906,-1.35985614098
GENE_09877,-1.3608349783
GENE_10921,-1.36167503046
GENE_08541,-1.36204337085
GENE_02193,-1.36317400459
GENE_07030,-1.36410599382
GENE_08376,-1.36447085362
GENE_10064,-1.3646763259
GENE_04738,-1.36502179543
GENE_04301,-1.36561740419
GENE_11287,-1.36579592805
GENE_03336,-1.36582415542
GENE_02353,-1.3659557112
GENE_08869,-1.36611408093
GENE_08825,-1.36619833767
GENE_04004,-1.36685836328
GENE_01348,-1.36687869842
GENE_02665,-1.36713780646
GENE_11263,-1.36732646128
GENE_11900,-1.36741720036
GENE_02972,-1.36831503883
GENE_10368,-1.36946377466
GENE_01231,-1.36980297958
GENE_06503,-1.37002662736
GENE_03050,-1.37167369723
GENE_03843,-1.37174312926
GENE_01372,-1.37190114293
GENE_11701,-1.3719213031
GENE_07072,-1.37207918727
GENE_08504,-1.37240973756
GENE_03505,-1.37246554788
GENE_03620,-1.37285945148
GENE_04224,-1.37340288897
GENE_04975,-1.3738348249
GENE_11538,-1.37406790403
GENE_09727,-1.37508523317
GENE_05963,-1.37551088957
GENE_07328,-1.37563408879
GENE_11862,-1.37676410336
GENE_08775,-1.37729548927
GENE_02546,-1.37761750075
GENE_11707,-1.37762088153
GENE_00872,-1.37931922801
GENE_01981,-1.37961816479
GENE_05120,-1.3805987059
GENE_11390,-1.38065217011
GENE_02473,-1.38104460315
GENE_05854,-1.38159171846
GENE_10087,-1.38176918857
GENE_05503,-1.38201756869
GENE_06442,-1.38334077697
GENE_09681,-1.38451801942
GENE_11444,-1.38536051844
GENE_03395,-1.3859879424
GENE_04526,-1.38786855046
GENE_03800,-1.38854255383
GENE_04955,-1.38929873021
GENE_01162,-1.38957246676
GENE_07953,-1.38978014319
GENE_03870,-1.39022192515
GENE_11745,-1.39101555351
GENE_11639,-1.39150835132
GENE_05092,-1.39195838095
GENE_10291,-1.3919832868
GENE_04646,-1.39273547217
GENE_10540,-1.39381764787
GENE_04478,-1.39449506886
GENE_04802,-1.39544850476
GENE_03856,-1.39578920219
GENE_11700,-1.39626698381
GENE_03013,-1.39711818511
GENE_05236,-1.39780547842
GENE_00502,-1.39856757382
GENE_05892,-1.39907842818
GENE_07575,-1.39922825922
GENE_02713,-1.3993061748
GENE_08661,-1.39934216585
GENE_06703,-1.39968150473
GENE_04939,-1.40007072318
GENE_08697,-1.4000712344
GENE_11840,-1.40182784967
GENE_06986,-1.40236928342
GENE_01208,-1.4026052718
GENE_06555,-1.40286615721
GENE_08037,-1.40355862956
GENE_11528,-1.40391850587
GENE_05113,-1.40423956626
GENE_05763,-1.40481694393
GENE_02823,-1.4051898468
GENE_04011,-1.40556305386
GENE_02647,-1.40556701918
GENE_01780,-1.40631746367
GENE_00749,-1.40666109685
GENE_09635,-1.40671943256
GENE_03907,-1.4068150095
GENE_05449,-1.40694340051
GENE_06487,-1.4069774621
GENE_07099,-1.40708719478
GENE_07758,-1.40729344349
GENE_00674,-1.40751169472
GENE_11502,-1.40819880885
GENE_10153,-1.40822676831
GENE_00703,-1.40846129636
GENE_07697,-1.40891910269
GENE_09482,-1.40896074679
GENE_09581,-1.40921579802
GENE_10551,-1.41046741641
GENE_05394,-1.41105683107
GENE_10513,-1.41207560632
GENE_06325,-1.4127257589
GENE_01265,-1.4137144969
GENE_11714,-1.41447846714
GENE_03910,-1.41526719192
GENE_07950,-1.41552406691
GENE_04031,-1.41622705579
GENE_07862,-1.41626885934
GENE_11027,-1.41682352795
GENE_01486,-1.41836573293
GENE_10180,-1.4193843558
GENE_09760,-1.41943319655
GENE_09435,-1.41987716427
GENE_11383,-1.42089398522
GENE_11772,-1.42093842731
GENE_08606,-1.42134994532
GENE_01406,-1.42181066674
GENE_06387,-1.42222964951
GENE_09121,-1.42223450151
GENE_11946,-1.4227376328
GENE_07431,-1.42287690781
GENE_03833,-1.42297492526
GENE_04021,-1.42368263688
GENE_02186,-1.42395715245
GENE_06814,-1.4239581122
GENE_08306,-1.42416760019
GENE_09772,-1.42476565372
GENE_11334,-1.42497117182
GENE_11918,-1.42561364887
GENE_06226,-1.42601811712
GENE_09608,-1.42664921081
GENE_06034,-1.42682657678
GENE_07579,-1.42890460651
GENE_11382,-1.42972424303
GENE_11568,-1.43012362402
GENE_00969,-1.43077510212
GENE_06196,-1.43083120162
GENE_10712,-1.43118833324
GENE_07725,-1.43135484705
GENE_04387,-1.43267128974
GENE_03849,-1.43315181452
GENE_06811,-1.43373002481
GENE_06399,-1.43380582393
GENE_11590,-1.43550179595
GENE_03710,-1.43590952387
GENE_05665,-1.43625386493
GENE_10912,-1.43635245704
GENE_01621,-1.43827797832
GENE_06381,-1.43841116679
GENE_06618,-1.43872010106
GENE_10059,-1.4396081308
GENE_01147,-1.44005088259
GENE_06301,-1.44098163452
GENE_10565,-1.44134174572
GENE_08042,-1.44191035611
GENE_08531,-1.442714786
GENE_08702,-1.44320079379
GENE_04688,-1.44360426217
GENE_02082,-1.44385481613
GENE_07942,-1.44392554707
GENE_11584,-1.44460113935
GENE_04701,-1.44520526441
GENE_09324,-1.44551814775
GENE_11500,-1.44637259064
GENE_08142,-1.44649820354
GENE_00932,-1.44801390042
GENE_02571,-1.44859141463
GENE_02395,-1.4496452197
GENE_05555,-1.45092789111
GENE_02252,-1.45117569005
GENE_09210,-1.4512262989
GENE_11201,-1.45183474517
GENE_10739,-1.45489216529
GENE_06129,-1.45505460509
GENE_11906,-1.45674303503
GENE_01785,-1.45755149946
GENE_08385,-1.45821311382
GENE_08084,-1.45875839253
GENE_09742,-1.46030243521
GENE_07092,-1.46050089942
GENE_10553,-1.4621104552
GENE_01037,-1.46437488021
GENE_06952,-1.4649747461
GENE_05743,-1.46567385734
GENE_03176,-1.46678519062
GENE_02139,-1.46752526575
GENE_11729,-1.46797756773
GENE_05276,-1.47048955123
GENE_11726,-1.47070006606
GENE_07249,-1.47112640537
GENE_04974,-1.47203707303
GENE_09556,-1.47235406151
GENE_03749,-1.47413213204
GENE_06899,-1.47450268705
GENE_06886,-1.476262544
GENE_08270,-1.47665722352
GENE_03873,-1.47692492753
GENE_10674,-1.47716441631
GENE_11658,-1.47755478907
GENE_06148,-1.47761240692
GENE_10727,-1.4780022553
GENE_05663,-1.478546937
GENE_00578,-1.47858624578
GENE_05884,-1.47877712385
GENE_01358,-1.47891156877
GENE_07199,-1.47919601836
GENE_03593,-1.47944422314
GENE_06817,-1.48114572462
GENE_06432,-1.48158077155
GENE_09058,-1.48223142368
GENE_08739,-1.482396787
GENE_05253,-1.48298443198
GENE_04292,-1.48405666492
GENE_09045,-1.48443906819
GENE_07929,-1.48460479192
GENE_01345,-1.48489796845
GENE_07528,-1.4851861627
GENE_00815,-1.48556037304
GENE_11704,-1.48639070558
GENE_10496,-1.4873744464
GENE_07900,-1.48786170349
GENE_09699,-1.48928426444
GENE_11644,-1.49011275208
GENE_10234,-1.4902475233
GENE_11555,-1.49146468237
GENE_09484,-1.49210201715
GENE_06743,-1.49246227001
GENE_11685,-1.49302365417
GENE_10160,-1.49318981221
GENE_05842,-1.49350977825
GENE_05685,-1.49403779329
GENE_09224,-1.49426352907
GENE_05949,-1.49475614645
GENE_06826,-1.4955415365
GENE_05292,-1.49615881316
GENE_02392,-1.49652925509
GENE_08616,-1.49723239448
GENE_04756,-1.49725764518
GENE_05365,-1.49744666861
GENE_09993,-1.49863549715
GENE_03914,-1.49901596046
GENE_06359,-1.49918120196
GENE_04100,-1.50022186145
GENE_05883,-1.50047654916
GENE_09365,-1.50080201526
GENE_05519,-1.50287060868
GENE_01935,-1.5029703284
GENE_08062,-1.50304685936
GENE_02299,-1.50308030176
GENE_00643,-1.50314295312
GENE_01782,-1.50472037403
GENE_10238,-1.50574780056
GENE_09370,-1.50583240533
GENE_06454,-1.50652525804
GENE_06027,-1.50653403019
GENE_08350,-1.50722582038
GENE_10207,-1.50755294463
GENE_06071,-1.50855596821
GENE_11463,-1.50999317058
GENE_05316,-1.51004121199
GENE_10896,-1.51054605037
GENE_04281,-1.51188341956
GENE_05387,-1.5125289653
GENE_11601,-1.51371269526
GENE_01803,-1.51371439261
GENE_07438,-1.51383050124
GENE_10902,-1.5144140624
GENE_03064,-1.51447030918
GENE_10555,-1.51457350906
GENE_00861,-1.515744115
GENE_02841,-1.51664254942
GENE_10436,-1.51666254629
GENE_02904,-1.51717369667
GENE_02332,-1.51787374668
GENE_10715,-1.51841569883
GENE_04144,-1.51891082509
GENE_05515,-1.51896978081
GENE_03016,-1.51934607548
GENE_08153,-1.51989279962
GENE_05893,-1.52028679224
GENE_07043,-1.52233431828
GENE_02362,-1.52235918622
GENE_11612,-1.52241118045
GENE_09134,-1.52317246417
GENE_00925,-1.52318690478
GENE_09687,-1.52359781067
GENE_10351,-1.52498494014
GENE_00946,-1.52552517092
GENE_07552,-1.52557170806
GENE_01488,-1.52565631457
GENE_09532,-1.52566240929
GENE_04295,-1.52716785659
GENE_10649,-1.52746135612
GENE_10633,-1.52859129626
GENE_09195,-1.529748955
GENE_09223,-1.52977408011
GENE_08134,-1.53027913593
GENE_04113,-1.53046140974
GENE_02424,-1.53110750256
GENE_11850,-1.53146874309
GENE_11577,-1.53147639718
GENE_05406,-1.53153531524
GENE_06163,-1.53251827683
GENE_09582,-1.5325982346
GENE_07560,-1.53268397092
GENE_03878,-1.53270055989
GENE_11773,-1.53290905601
GENE_09825,-1.53412469345
GENE_03194,-1.53504024753
GENE_02687,-1.53557212321
GENE_11583,-1.53567943917
GENE_09315,-1.53653069038
GENE_04072,-1.53758479645
GENE_08907,-1.53770780853
GENE_11581,-1.53866928696
GENE_11943,-1.54042451169
GENE_03628,-1.54280151521
GENE_04170,-1.54280321824
GENE_04245,-1.54311822794
GENE_06583,-1.54345094319
GENE_05943,-1.54443384825
GENE_06357,-1.54493592215
GENE_04630,-1.54493734668
GENE_08965,-1.54505640741
GENE_03331,-1.54572978669
GENE_03007,-1.54730398894
GENE_09784,-1.54756979414
GENE_11869,-1.54772562235
GENE_06087,-1.54780155631
GENE_02773,-1.54861829886
GENE_11994,-1.54865245214
GENE_03322,-1.54896052505
GENE_04458,-1.55151224906
GENE_08477,-1.55153742097
GENE_08036,-1.55303527784
GENE_02098,-1.55375876602
GENE_05073,-1.55537373384
GENE_01249,-1.5558956462
GENE_01076,-1.55658189866
GENE_00704,-1.55662917352
GENE_07429,-1.55695108671
GENE_05247,-1.55878699502
GENE_08207,-1.55943577913
GENE_10518,-1.56017082513
GENE_03284,-1.56149322244
GENE_01568,-1.56254585689
GENE_11853,-1.56262732582
GENE_04234,-1.56303430657
GENE_01611,-1.5631908087
GENE_02243,-1.56424161171
GENE_06159,-1.56462212734
GENE_02677,-1.56480277136
GENE_09788,-1.56497389344
GENE_04197,-1.56564803161
GENE_11832,-1.56681593273
GENE_09292,-1.56695937117
GENE_03551,-1.56785942537
GENE_06742,-1.56798826556
GENE_06630,-1.56814431342
GENE_08734,-1.56938959537
GENE_11554,-1.56985702568
GENE_00775,-1.57022471989
GENE_10730,-1.57032581425
GENE_01183,-1.57050060362
GENE_01906,-1.57087615207
GENE_04230,-1.57088145713
GENE_05896,-1.57115235112
GENE_11698,-1.57118881957
GENE_07036,-1.57141999834
GENE_10776,-1.57223054408
GENE_07596,-1.57298925707
GENE_10822,-1.57362902212
GENE_09585,-1.57434171773
GENE_11130,-1.57630899677
GENE_01047,-1.57639215698
GENE_03390,-1.57699648219
GENE_10684,-1.57722837092
GENE_11556,-1.57737138281
GENE_11860,-1.57863974569
GENE_11817,-1.57923343748
GENE_06546,-1.57943629872
GENE_11501,-1.57969018251
GENE_05937,-1.58060394081
GENE_11746,-1.58108838863
GENE_01808,-1.58119070203
GENE_04347,-1.58217676335
GENE_05134,-1.58222316675
GENE_05118,-1.58242797402
GENE_04502,-1.58358838979
GENE_00978,-1.58390282349
GENE_01805,-1.58413594301
GENE_06007,-1.58562570677
GENE_07521,-1.58584564039
GENE_02550,-1.58598331224
GENE_11758,-1.58624579705
GENE_09402,-1.58718806968
GENE_06392,-1.59014183068
GENE_11872,-1.59151466185
GENE_01194,-1.59299373353
GENE_01535,-1.59470306727
GENE_04485,-1.59475595816
GENE_04805,-1.59589396857
GENE_03489,-1.5975991696
GENE_09072,-1.59761972917
GENE_04305,-1.59787213449
GENE_02190,-1.59812435188
GENE_05023,-1.59939476219
GENE_03801,-1.6002711045
GENE_02146,-1.60090397848
GENE_09673,-1.60118119881
GENE_01763,-1.6019658119
GENE_08858,-1.60321684661
GENE_11957,-1.60337206078
GENE_11531,-1.60368031799
GENE_08679,-1.6047050098
GENE_11527,-1.60600942782
GENE_07628,-1.6062567884
GENE_02439,-1.60657710074
GENE_02010,-1.60755986437
GENE_10123,-1.60764131052
GENE_02176,-1.60766102712
GENE_09576,-1.61026311879
GENE_03923,-1.6115673591
GENE_01373,-1.61356139788
GENE_09323,-1.61474986229
GENE_11968,-1.61494483206
GENE_01576,-1.61513181591
GENE_07727,-1.61584647097
GENE_04042,-1.61588678741
GENE_01735,-1.61631060844
GENE_04648,-1.61671337495
GENE_08138,-1.61717189005
GENE_05876,-1.61780061382
GENE_11071,-1.61882257199
GENE_08582,-1.61917305652
GENE_10534,-1.622974962
GENE_05769,-1.62338252994
GENE_11021,-1.62391784257
GENE_08028,-1.62512125888
GENE_07021,-1.6254922702
GENE_05790,-1.62554403356
GENE_05258,-1.62700492087
GENE_06879,-1.62731172795
GENE_00526,-1.62754243788
GENE_11716,-1.62894626178
GENE_02949,-1.63047324372
GENE_10781,-1.63106762519
GENE_03155,-1.63127581546
GENE_04671,-1.63133511042
GENE_11633,-1.63164799616
GENE_05356,-1.63201488503
GENE_11640,-1.63280020122
GENE_06030,-1.63392295906
GENE_08591,-1.63640301921
GENE_03722,-1.63802905744
GENE_10686,-1.63824565909
GENE_02938,-1.63948416253
GENE_06215,-1.6413801156
GENE_02149,-1.64318881115
GENE_11978,-1.64333239275
GENE_01163,-1.64539874696
GENE_08220,-1.65224267735
GENE_00635,-1.65485667187
GENE_02984,-1.65488743623
GENE_07887,-1.65522471219
GENE_11837,-1.65644542296
GENE_03216,-1.65662320768
GENE_08863,-1.65714358513
GENE_00789,-1.66096093352
GENE_04336,-1.66108341557
GENE_00531,-1.66152006227
GENE_11223,-1.66158098918
GENE_01865,-1.66249198804
GENE_11868,-1.66309673602
GENE_11525,-1.66373704881
GENE_08852,-1.6651252963
GENE_10653,-1.66538463824
GENE_05948,-1.66676340679
GENE_11032,-1.66766526619
GENE_01031,-1.66858407388
GENE_03242,-1.66859925888
GENE_10317,-1.66871386235
GENE_00520,-1.66940528112
GENE_09237,-1.6711471648
GENE_05545,-1.67116977249
GENE_11575,-1.6713176505
GENE_07735,-1.67176127333
GENE_11051,-1.67240452581
GENE_04353,-1.67289390131
GENE_11449,-1.67308401251
GENE_05825,-1.67446946045
GENE_09249,-1.67558044962
GENE_11434,-1.67950279291
GENE_07143,-1.68087045924
GENE_11375,-1.68137689172
GENE_10057,-1.68196878399
GENE_03374,-1.68265869412
GENE_01878,-1.68343819222
GENE_09079,-1.68373256761
GENE_04865,-1.68466757723
GENE_08682,-1.68727907964
GENE_03361,-1.68734434711
GENE_09826,-1.6880343252
GENE_04896,-1.68850518807
GENE_03990,-1.68918303797
GENE_04782,-1.69067162761
GENE_11921,-1.6909455619
GENE_05041,-1.69227083164
GENE_00630,-1.69246462971
GENE_01176,-1.6929568142
GENE_06248,-1.694255896
GENE_06037,-1.69497343852
GENE_11927,-1.69875751991
GENE_11748,-1.70020512584
GENE_09016,-1.70062724965
GENE_11878,-1.70080023391
GENE_09640,-1.70114047427
GENE_06605,-1.70166585829
GENE_05342,-1.70190223002
GENE_00733,-1.70258360424
GENE_02830,-1.70387158683
GENE_10028,-1.70462195818
GENE_09205,-1.70477574423
GENE_09145,-1.70478590579
GENE_10905,-1.70520760778
GENE_08407,-1.70595909489
GENE_11713,-1.70699119274
GENE_02367,-1.70735795759
GENE_09186,-1.7092263992
GENE_11526,-1.70996219695
GENE_00721,-1.71016839266
GENE_06740,-1.71060335444
GENE_10663,-1.71509334718
GENE_08918,-1.7151799707
GENE_07979,-1.71570831864
GENE_07095,-1.71603324831
GENE_07270,-1.71767214836
GENE_09922,-1.71893041295
GENE_11897,-1.72075989878
GENE_07565,-1.72107752096
GENE_08569,-1.72225693396
GENE_07767,-1.72406181087
GENE_11542,-1.72460376586
GENE_06853,-1.72577112481
GENE_02280,-1.72580672879
GENE_07055,-1.72601061867
GENE_11189,-1.72621396196
GENE_06182,-1.7291828895
GENE_05668,-1.73026273048
GENE_03132,-1.73120130344
GENE_10148,-1.73249459497
GENE_11652,-1.73302421687
GENE_11970,-1.73735801213
GENE_07337,-1.73780461585
GENE_11935,-1.73881545872
GENE_07219,-1.73920515217
GENE_09445,-1.73942524423
GENE_01063,-1.73971377878
GENE_11915,-1.7404043533
GENE_10788,-1.74208245771
GENE_04370,-1.74222169264
GENE_05595,-1.74277197388
GENE_05645,-1.74294753049
GENE_07204,-1.7436726024
GENE_09054,-1.74453288861
GENE_08524,-1.74476038761
GENE_04311,-1.74570743286
GENE_11910,-1.7463164457
GENE_05691,-1.74646672558
GENE_05329,-1.74689569135
GENE_05788,-1.74722166697
GENE_03513,-1.74763650983
GENE_01863,-1.74853197324
GENE_06542,-1.75097557441
GENE_03165,-1.75182880675
GENE_05924,-1.75237709514
GENE_06955,-1.75428485282
GENE_06688,-1.75543789731
GENE_08450,-1.7555055887
GENE_08112,-1.7568686994
GENE_11759,-1.75754981936
GENE_09440,-1.75820887666
GENE_09979,-1.75995888215
GENE_01455,-1.76076275916
GENE_01487,-1.76080881198
GENE_07415,-1.7632366989
GENE_06598,-1.76538758703
GENE_09228,-1.76805671917
GENE_08164,-1.76813103271
GENE_08872,-1.76815691175
GENE_11785,-1.76835192839
GENE_09303,-1.76841542564
GENE_01531,-1.76843936556
GENE_05744,-1.76905030374
GENE_02039,-1.76907590489
GENE_06837,-1.77048113778
GENE_03774,-1.77106855309
GENE_11294,-1.77142255144
GENE_10050,-1.77189668225
GENE_01950,-1.77303246821
GENE_09769,-1.7737751322
GENE_05429,-1.77396961611
GENE_11607,-1.77421196591
GENE_09987,-1.77598224696
GENE_03424,-1.77601175405
GENE_02358,-1.7762352329
GENE_02805,-1.77624633347
GENE_11546,-1.77647623746
GENE_07001,-1.77768096237
GENE_02266,-1.77858758401
GENE_00608,-1.7787202489
GENE_05621,-1.77939893051
GENE_08428,-1.77943892542
GENE_08498,-1.77987510821
GENE_07444,-1.78062567291
GENE_04430,-1.78115841447
GENE_09945,-1.78211508198
GENE_11618,-1.78252651699
GENE_11807,-1.78496805706
GENE_02797,-1.78586649193
GENE_03723,-1.78637546535
GENE_11062,-1.7890123905
GENE_11648,-1.79207993262
GENE_06579,-1.79307639791
GENE_03815,-1.79310645253
GENE_03362,-1.79389249787
GENE_05863,-1.79392111319
GENE_07424,-1.7941435112
GENE_06944,-1.79419186655
GENE_05002,-1.79564317263
GENE_11371,-1.79598273458
GENE_11976,-1.79651799655
GENE_05855,-1.79821473941
GENE_01914,-1.80105773415
GENE_01351,-1.80198043758
GENE_01804,-1.80313967626
GENE_06412,-1.80375048409
GENE_04219,-1.80386279256
GENE_00525,-1.80488210066
GENE_05358,-1.80704139493
GENE_09191,-1.8082953285
GENE_07319,-1.80926771459
GENE_08022,-1.81198933756
GENE_11452,-1.81272796507
GENE_11537,-1.81299227853
GENE_08993,-1.81329347202
GENE_11544,-1.81390697912
GENE_08859,-1.81488382948
GENE_11566,-1.81523134975
GENE_08795,-1.81564897588
GENE_03090,-1.81797922539
GENE_10538,-1.8190510153
GENE_11635,-1.82030461889
GENE_02968,-1.82060330055
GENE_05090,-1.8207602778
GENE_04542,-1.82108606929
GENE_09043,-1.82565799566
GENE_07639,-1.82840588084
GENE_11560,-1.82881285625
GENE_06474,-1.82968181521
GENE_01753,-1.83063289686
GENE_03776,-1.83114487834
GENE_03528,-1.83168224721
GENE_10137,-1.8331704517
GENE_07799,-1.83370576763
GENE_07395,-1.83576875618
GENE_01286,-1.8362053731
GENE_04163,-1.83635978377
GENE_06946,-1.83851862327
GENE_03554,-1.84007774451
GENE_06594,-1.8402663848
GENE_00740,-1.84087423133
GENE_04240,-1.84189777296
GENE_09657,-1.84191907893
GENE_09207,-1.84293690625
GENE_03882,-1.84379358348
GENE_02390,-1.84618786224
GENE_05194,-1.8465730478
GENE_11851,-1.84773062419
GENE_10570,-1.84811011239
GENE_08231,-1.84825853008
GENE_04022,-1.85184273157
GENE_05177,-1.8530184829
GENE_10605,-1.85373224122
GENE_03249,-1.8579014514
GENE_09472,-1.85829148823
GENE_04213,-1.85933677166
GENE_09467,-1.85966304055
GENE_11739,-1.86519857671
GENE_11922,-1.86605811705
GENE_01513,-1.86653661707
GENE_02228,-1.86653995136
GENE_09275,-1.8667005868
GENE_10399,-1.86973166195
GENE_03024,-1.8697416997
GENE_03109,-1.86981633953
GENE_00568,-1.87079192103
GENE_07646,-1.87300583093
GENE_09613,-1.87324011182
GENE_05917,-1.87344130395
GENE_11105,-1.8748656555
GENE_08103,-1.87489206405
GENE_07408,-1.87500738747
GENE_01790,-1.87517246965
GENE_11505,-1.87533660659
GENE_02600,-1.87655270604
GENE_11829,-1.87698132647
GENE_11818,-1.87939145239
GENE_02551,-1.87992438514
GENE_03195,-1.88001003391
GENE_08252,-1.88028841057
GENE_08733,-1.88043554406
GENE_11558,-1.8816697811
GENE_01841,-1.8818490455
GENE_10507,-1.88252075147
GENE_09686,-1.88298344667
GENE_03197,-1.88315020806
GENE_07087,-1.88612870395
GENE_00975,-1.88954073095
GENE_03967,-1.8896492921
GENE_10619,-1.88970348362
GENE_04117,-1.89001017118
GENE_10522,-1.89203357249
GENE_05398,-1.89276217759
GENE_02004,-1.89361466695
GENE_10748,-1.89458115047
GENE_11839,-1.89548596392
GENE_11603,-1.89834423843
GENE_11664,-1.89857703576
GENE_06440,-1.89967028086
GENE_10796,-1.90375940564
GENE_05836,-1.90467469347
GENE_05719,-1.90494445401
GENE_11756,-1.90497211473
GENE_11511,-1.90593015881
GENE_08289,-1.90623662009
GENE_03000,-1.90780755788
GENE_03893,-1.90800213712
GENE_07373,-1.90919745898
GENE_03126,-1.90935608751
GENE_09939,-1.91115932526
GENE_04834,-1.91131689166
GENE_04083,-1.91164055065
GENE_02970,-1.91225497542
GENE_11196,-1.91285135335
GENE_10214,-1.91334033472
GENE_04811,-1.91406007059
GENE_11763,-1.91465604448
GENE_11880,-1.91665464902
GENE_07248,-1.91734888601
GENE_11883,-1.91963767404
GENE_02489,-1.9196731562
GENE_11683,-1.92206270344
GENE_11966,-1.92211427302
GENE_11986,-1.92263626972
GENE_07809,-1.92277177206
GENE_10713,-1.92321628621
GENE_09260,-1.92556736033
GENE_09267,-1.92597781845
GENE_11925,-1.92611306388
GENE_02819,-1.92767257935
GENE_11804,-1.92775086576
GENE_11844,-1.92857916742
GENE_11760,-1.9317932174
GENE_08111,-1.93206515852
GENE_07125,-1.93408774546
GENE_07106,-1.93496411724
GENE_07894,-1.93542995971
GENE_04444,-1.9367527025
GENE_06754,-1.94156780062
GENE_06390,-1.94185865938
GENE_09003,-1.94249769096
GENE_11162,-1.94257057144
GENE_07313,-1.94652528636
GENE_06304,-1.94734247414
GENE_04797,-1.94937175532
GENE_04417,-1.94956171775
GENE_10875,-1.94959017273
GENE_03088,-1.95110186404
GENE_06979,-1.95160291288
GENE_11965,-1.95353872685
GENE_08748,-1.95459300448
GENE_05185,-1.95504877032
GENE_11711,-1.95593536509
GENE_11945,-1.95609169812
GENE_05575,-1.95733858913
GENE_11884,-1.95947705768
GENE_11961,-1.96243314129
GENE_02675,-1.96262569167
GENE_06714,-1.96328914784
GENE_06816,-1.9645360381
GENE_06028,-1.96555589148
GENE_11801,-1.96585610666
GENE_01425,-1.96635658938
GENE_03082,-1.96706970359
GENE_05464,-1.96732506423
GENE_11615,-1.96841099385
GENE_03807,-1.96850421344
GENE_03755,-1.96892314242
GENE_02232,-1.97010381771
GENE_08645,-1.97030858135
GENE_11859,-1.97167973632
GENE_07940,-1.97208902664
GENE_01325,-1.97546656635
GENE_03992,-1.97548777122
GENE_05417,-1.97596329989
GENE_10034,-1.97682156895
GENE_03622,-1.97822524937
GENE_11573,-1.97828698152
GENE_10721,-1.97838491657
GENE_09428,-1.97901869349
GENE_01920,-1.97929981038
GENE_11835,-1.98070911963
GENE_08105,-1.98083647092
GENE_11793,-1.98120948869
GENE_06358,-1.98196448574
GENE_11960,-1.98216774547
GENE_11676,-1.98329913273
GENE_08086,-1.98468794145
GENE_11594,-1.9874242304
GENE_08344,-1.98994626982
GENE_10357,-1.99114014895
GENE_11671,-1.99232680668
GENE_11768,-1.99264932508
GENE_01252,-1.99373564257
GENE_04267,-1.99553178045
GENE_01097,-1.99820068453
GENE_09996,-1.99834496714
GENE_05348,-1.99888890686
GENE_11800,-2.00047871807
GENE_10341,-2.00170600173
GENE_08853,-2.00174016748
GENE_11827,-2.00224620176
GENE_02017,-2.00386236441
GENE_11565,-2.00414258494
GENE_04077,-2.00745686075
GENE_08320,-2.01021665457
GENE_08805,-2.01406327424
GENE_07671,-2.01490123251
GENE_04638,-2.01733879812
GENE_11740,-2.01833806663
GENE_03732,-2.01848786439
GENE_04611,-2.01992733216
GENE_04274,-2.02179863996
GENE_11836,-2.02230853891
GENE_07189,-2.02503991368
GENE_03231,-2.02580787311
GENE_11411,-2.0265777766
GENE_06481,-2.02767727167
GENE_11641,-2.0314713702
GENE_06924,-2.0323537643
GENE_04350,-2.03622050286
GENE_00566,-2.03812453518
GENE_11514,-2.04003720752
GENE_00991,-2.04173486842
GENE_08232,-2.0446290038
GENE_08217,-2.04743718577
GENE_11636,-2.04946657132
GENE_07529,-2.04947448567
GENE_06625,-2.04951451619
GENE_03045,-2.04994127858
GENE_04798,-2.05035745728
GENE_11909,-2.05321243627
GENE_09549,-2.05348654866
GENE_09588,-2.05916048369
GENE_10222,-2.06140542402
GENE_04338,-2.06340315248
GENE_09376,-2.06486527768
GENE_11647,-2.06487144105
GENE_03994,-2.06508304626
GENE_07186,-2.06530277504
GENE_11866,-2.06660102702
GENE_07640,-2.06837571543
GENE_11777,-2.07002977681
GENE_11764,-2.07004644373
GENE_07155,-2.07137717934
GENE_09808,-2.0721351161
GENE_08074,-2.0723551817
GENE_11996,-2.07282243259
GENE_00671,-2.07339023241
GENE_05046,-2.07448635102
GENE_05161,-2.07464003755
GENE_03778,-2.07558800908
GENE_06354,-2.07711985377
GENE_03996,-2.07781181986
GENE_11780,-2.07984915349
GENE_07069,-2.08074052539
GENE_00708,-2.08192940788
GENE_03985,-2.08209870319
GENE_02896,-2.0841129395
GENE_10699,-2.08433162134
GENE_05705,-2.08579243891
GENE_04973,-2.08589787773
GENE_03657,-2.08647765837
GENE_02872,-2.0870270186
GENE_11551,-2.09024288144
GENE_04788,-2.09030289885
GENE_11668,-2.09759389015
GENE_11709,-2.098608399
GENE_04990,-2.09935626442
GENE_02715,-2.10002650765
GENE_11998,-2.10069587282
GENE_10102,-2.10260069192
GENE_07085,-2.10458279877
GENE_05016,-2.10474950572
GENE_03477,-2.10564694184
GENE_06813,-2.10688911463
GENE_11742,-2.10861665494
GENE_11845,-2.10884862507
GENE_06910,-2.10983824063
GENE_11735,-2.11399655284
GENE_08790,-2.11469359907
GENE_11743,-2.11607081012
GENE_11741,-2.11741030034
GENE_07537,-2.12008721512
GENE_11599,-2.1204974139
GENE_11886,-2.12064303413
GENE_02881,-2.12070015264
GENE_01662,-2.12185489901
GENE_05843,-2.1239475827
GENE_06764,-2.12399281813
GENE_09474,-2.1268334878
GENE_03141,-2.12722742035
GENE_03357,-2.12873409441
GENE_02891,-2.13056647981
GENE_11580,-2.1305754573
GENE_03713,-2.13259562615
GENE_11912,-2.13499022798
GENE_01956,-2.13567421398
GENE_07657,-2.13579984873
GENE_08587,-2.14143088032
GENE_01816,-2.15181540133
GENE_03282,-2.15238354461
GENE_01289,-2.15289059295
GENE_07576,-2.15291351576
GENE_02344,-2.15334291987
GENE_01151,-2.1533901136
GENE_10956,-2.15358811294
GENE_05973,-2.15373057379
GENE_08880,-2.15644537701
GENE_09354,-2.1613038863
GENE_08461,-2.16203229993
GENE_11622,-2.16648558428
GENE_04498,-2.16967741773
GENE_04593,-2.17157140476
GENE_01712,-2.17266954601
GENE_11864,-2.17281335189
GENE_11303,-2.17554877699
GENE_03746,-2.17706504644
GENE_05389,-2.17796773219
GENE_04846,-2.17821131973
GENE_11432,-2.17978866139
GENE_11888,-2.18080744509
GENE_11766,-2.18770160587
GENE_03562,-2.18992170498
GENE_04931,-2.19125385117
GENE_09120,-2.19197865628
GENE_11733,-2.19260643876
GENE_11871,-2.19399479257
GENE_05498,-2.19438246982
GENE_11876,-2.19478962128
GENE_03886,-2.1961278211
GENE_09600,-2.19750100526
GENE_00933,-2.19880595662
GENE_05347,-2.20124347345
GENE_08646,-2.20291335321
GENE_06255,-2.20529437276
GENE_02607,-2.2055660571
GENE_05726,-2.20828077623
GENE_11638,-2.20963999342
GENE_00575,-2.21113530901
GENE_02184,-2.21186191133
GENE_11849,-2.21343269709
GENE_11720,-2.21377024806
GENE_08264,-2.21582242502
GENE_03519,-2.21681883935
GENE_06772,-2.21759107936
GENE_10583,-2.21760908015
GENE_04419,-2.21834776005
GENE_07936,-2.21856996595
GENE_02517,-2.21930037275
GENE_06702,-2.21977794745
GENE_04979,-2.22042100894
GENE_05856,-2.22357416794
GENE_04431,-2.23046801912
GENE_11856,-2.2373122342
GENE_02880,-2.23823123332
GENE_07505,-2.24191593451
GENE_11904,-2.24266646143
GENE_07476,-2.24558589757
GENE_02595,-2.24688933398
GENE_11895,-2.24717161224
GENE_11567,-2.24791602574
GENE_10752,-2.2484965345
GENE_05377,-2.2494324542
GENE_11637,-2.25177867393
GENE_06448,-2.25279339473
GENE_11571,-2.25308684101
GENE_08578,-2.25579133109
GENE_11753,-2.26178072234
GENE_05888,-2.26605209415
GENE_07221,-2.27462103121
GENE_11893,-2.27865633388
GENE_11519,-2.28368622093
GENE_11812,-2.28418788215
GENE_11981,-2.28451030434
GENE_07038,-2.28577724449
GENE_11681,-2.28672169482
GENE_10728,-2.29129280688
GENE_02083,-2.29618095314
GENE_11651,-2.30053598518
GENE_11983,-2.30093529297
GENE_06367,-2.30147171767
GENE_05806,-2.30421193594
GENE_11688,-2.30445802115
GENE_11877,-2.30530915352
GENE_11588,-2.30757738956
GENE_11516,-2.30984490136
GENE_05933,-2.314044066
GENE_11620,-2.3144437903
GENE_03729,-2.31614386297
GENE_04774,-2.32031559823
GENE_11631,-2.33065866238
GENE_11896,-2.33123930888
GENE_11882,-2.3314993883
GENE_11881,-2.33338005561
GENE_11736,-2.33998372235
GENE_10980,-2.34247833767
GENE_09946,-2.34303910165
GENE_11778,-2.34750029971
GENE_11616,-2.34942495064
GENE_11887,-2.34988534912
GENE_06802,-2.35045585262
GENE_11507,-2.35166018383
GENE_08564,-2.3544829227
GENE_10296,-2.35570349013
GENE_11874,-2.35642712053
GENE_11722,-2.35913162811
GENE_11890,-2.35991109357
GENE_01594,-2.36293243554
GENE_08405,-2.36485537279
GENE_11677,-2.3651329378
GENE_11614,-2.36711417007
GENE_07108,-2.36747765337
GENE_04376,-2.37165936086
GENE_11934,-2.37592824547
GENE_06620,-2.37843165987
GENE_07518,-2.37899604075
GENE_06473,-2.38073910552
GENE_11486,-2.38276235207
GENE_05484,-2.38430678879
GENE_06755,-2.38490550895
GENE_08020,-2.38511369869
GENE_04194,-2.3869298702
GENE_11894,-2.38748866327
GENE_11393,-2.38853146248
GENE_03943,-2.39030436747
GENE_09510,-2.39107856528
GENE_04220,-2.39195620431
GENE_11858,-2.39204778267
GENE_08100,-2.39608228833
GENE_11932,-2.39925664595
GENE_11952,-2.40231002275
GENE_05880,-2.4036686011
GENE_11992,-2.40615141657
GENE_11572,-2.41984699583
GENE_00977,-2.42387932663
GENE_01562,-2.42424026027
GENE_04193,-2.42639207054
GENE_05814,-2.43531233178
GENE_11582,-2.43585735498
GENE_02066,-2.43881715828
GENE_08373,-2.44070401478
GENE_11783,-2.44117669079
GENE_11803,-2.44352159984
GENE_11659,-2.44859687311
GENE_10092,-2.45816943055
GENE_11693,-2.46913071613
GENE_00544,-2.47164450013
GENE_10164,-2.47679206688
GENE_11153,-2.47750611863
GENE_09198,-2.48745675871
GENE_03291,-2.48780865654
GENE_06233,-2.48782205756
GENE_03030,-2.48832735341
GENE_11955,-2.49094894973
GENE_10390,-2.49116140815
GENE_11930,-2.49176661266
GENE_10938,-2.49238965158
GENE_06723,-2.4928104994
GENE_03521,-2.49327082033
GENE_11924,-2.49687612734
GENE_11919,-2.49736953314
GENE_04413,-2.49806101749
GENE_01160,-2.49940571487
GENE_11728,-2.50015268121
GENE_11694,-2.50316351905
GENE_05791,-2.50657157054
GENE_08608,-2.5089571785
GENE_11802,-2.51297424397
GENE_09012,-2.52084700657
GENE_09285,-2.52160480146
GENE_05901,-2.52227791749
GENE_11990,-2.52252092941
GENE_11843,-2.52639086511
GENE_02744,-2.52956007769
GENE_01926,-2.53028752275
GENE_05507,-2.53176931625
GENE_03405,-2.53224608522
GENE_11576,-2.53736258931
GENE_11667,-2.53872628035
GENE_11604,-2.54427443292
GENE_11820,-2.54616610422
GENE_11830,-2.5505339682
GENE_11795,-2.55167513805
GENE_05615,-2.55354959606
GENE_01346,-2.5539211349
GENE_11805,-2.56216234193
GENE_02118,-2.5623336588
GENE_11854,-2.56384833186
GENE_11690,-2.57173582275
GENE_11937,-2.57190284981
GENE_11598,-2.5902146122
GENE_01355,-2.59104229214
GENE_11574,-2.59114682993
GENE_11661,-2.59121561924
GENE_11754,-2.59935570505
GENE_03481,-2.60313708783
GENE_02258,-2.60421385663
GENE_11586,-2.60599004608
GENE_11928,-2.61118850225
GENE_11781,-2.6116051462
GENE_11923,-2.6116931217
GENE_11831,-2.61673010996
GENE_06431,-2.61813319869
GENE_11879,-2.62359688033
GENE_04850,-2.62481705637
GENE_11627,-2.62702785183
GENE_11663,-2.62844268916
GENE_11696,-2.62959423186
GENE_11532,-2.63023207365
GENE_04145,-2.63073013683
GENE_02556,-2.63574773902
GENE_11938,-2.64111165415
GENE_11540,-2.64141579002
GENE_00668,-2.65096980839
GENE_07147,-2.65182806304
GENE_11786,-2.65603475824
GENE_11974,-2.66333832351
GENE_11775,-2.6650318903
GENE_11512,-2.66835816399
GENE_06541,-2.67456712815
GENE_11569,-2.67605436655
GENE_11908,-2.6896555049
GENE_11655,-2.69001259981
GENE_11725,-2.69568074417
GENE_00646,-2.69688664294
GENE_01750,-2.703232293
GENE_06518,-2.70334804711
GENE_04006,-2.7043916316
GENE_06663,-2.70754385538
GENE_06194,-2.71261256381
GENE_11889,-2.71466411684
GENE_11913,-2.71763913761
GENE_11579,-2.71932168681
GENE_10127,-2.72245414099
GENE_11256,-2.72940438492
GENE_11717,-2.73497510126
GENE_11626,-2.7387387253
GENE_05587,-2.73914020614
GENE_10217,-2.74042642203
GENE_09573,-2.74529955367
GENE_02884,-2.74750484273
GENE_11609,-2.74881167102
GENE_11665,-2.75370764486
GENE_11706,-2.75866520154
GENE_11797,-2.76028443862
GENE_11225,-2.7673254226
GENE_11734,-2.77283373089
GENE_07498,-2.77381493993
GENE_11675,-2.80017529866
GENE_09606,-2.80191156949
GENE_11606,-2.80436150176
GENE_11810,-2.80973546739
GENE_10543,-2.81062831662
GENE_11973,-2.81216947173
GENE_11828,-2.81800218474
GENE_11524,-2.81971502287
GENE_11948,-2.82496068659
GENE_11964,-2.82509729995
GENE_11954,-2.83128789548
GENE_03017,-2.83215559811
GENE_04639,-2.83232592498
GENE_11929,-2.83238944497
GENE_05642,-2.83303029014
GENE_11958,-2.83314152333
GENE_04617,-2.8375064414
GENE_04033,-2.83907865949
GENE_11779,-2.84229571677
GENE_11718,-2.84639830578
GENE_01061,-2.84854262063
GENE_07858,-2.85003010932
GENE_04207,-2.8546266629
GENE_11873,-2.86128810239
GENE_01539,-2.87226221328
GENE_11660,-2.88181849899
GENE_01101,-2.89625537819
GENE_05907,-2.89951387987
GENE_03152,-2.90698821932
GENE_11892,-2.9126787607
GENE_04635,-2.91425598982
GENE_11523,-2.91563229636
GENE_11613,-2.91726164218
GENE_01591,-2.92135048349
GENE_11752,-2.92623911259
GENE_03454,-2.92944869
GENE_01971,-2.94038863466
GENE_11587,-2.94277524023
GENE_08283,-2.94314156547
GENE_11999,-2.94631382275
GENE_11088,-2.94690421928
GENE_11993,-2.94698276562
GENE_11549,-2.94753074097
GENE_11529,-2.95010456915
GENE_07290,-2.95424894124
GENE_11679,-2.9579278395
GENE_11972,-2.96597092461
GENE_11589,-2.96775233955
GENE_11623,-2.97118986914
GENE_10960,-2.97330617129
GENE_11841,-2.97553293561
GENE_11903,-2.97707214614
GENE_11963,-2.9900137139
GENE_11680,-2.9906540775
GENE_02947,-2.9911359709
GENE_11721,-3.00330183098
GENE_04198,-3.00763233969
GENE_11695,-3.01360584235
GENE_11861,-3.01529237425
GENE_10766,-3.01855677057
GENE_02024,-3.01951215582
GENE_11730,-3.0300860549
GENE_11767,-3.03873443416
GENE_07305,-3.04465653924
GENE_11605,-3.07774393493
GENE_11769,-3.08284052887
GENE_11914,-3.1037585626
GENE_11678,-3.10414545666
GENE_11602,-3.10634415708
GENE_11559,-3.11606417607
GENE_11824,-3.11823193936
GENE_11865,-3.12906442183
GENE_11784,-3.1363751667
GENE_08024,-3.13851466623
GENE_11561,-3.14294254638
GENE_11591,-3.16175130018
GENE_04725,-3.17042573588
GENE_04779,-3.1767038132
GENE_11995,-3.18119353943
GENE_11562,-3.18495194123
GENE_11949,-3.20081899984
GENE_11962,-3.20267150777
GENE_11530,-3.21817606681
GENE_07140,-3.22101635599
GENE_11522,-3.22275027874
GENE_11738,-3.22553472221
GENE_10735,-3.23256543251
GENE_11697,-3.23258906417
GENE_08180,-3.24151382533
GENE_11901,-3.24287158606
GENE_11811,-3.25122791538
GENE_11608,-3.28149097287
GENE_11723,-3.30045022892
GENE_11847,-3.30997655437
GENE_11911,-3.31474886031
GENE_11426,-3.32111455559
GENE_11672,-3.3251571552
GENE_11980,-3.32935905893
GENE_11975,-3.37514939204
GENE_11180,-3.37557910018
GENE_11513,-3.39452843787
GENE_11977,-3.41080228509
GENE_11821,-3.41446301137
GENE_11806,-3.42205849717
GENE_11776,-3.43111414277
GENE_11834,-3.44392892249
GENE_11971,-3.45001635617
GENE_11947,-3.45091292859
GENE_11991,-3.45110398647
GENE_11699,-3.45604649335
GENE_11547,-3.48397905947
GENE_11799,-3.49107992361
GENE_11875,-3.52518543666
GENE_11790,-3.55102618198
GENE_11533,-3.57047504537
GENE_07677,-3.60108510446
GENE_11833,-3.60372947503
GENE_11670,-3.6133682362
GENE_11596,-3.63680186431
GENE_11749,-3.65563936017
GENE_11702,-3.66120440518
GENE_11715,-3.67133226763
GENE_11669,-3.68338213304
GENE_07611,-3.68836529143
GENE_11898,-3.71017510139
GENE_11762,-3.73768619825
GENE_11907,-3.80758964918
GENE_11625,-3.82497774696
GENE_11782,-3.83600528336
GENE_08200,-3.83665554846
GENE_11600,-3.85593328719
GENE_11796,-3.86624593485
GENE_09770,-3.92240025162
GENE_11770,-3.92526221259
GENE_11557,-4.01382475628
GENE_11674,-4.06152311211
GENE_11654,-4.12402707588
GENE_11867,-4.22438410861
GENE_11902,-4.26907727295
GENE_11848,-4.28323863462
GENE_11855,-4.32542015414
GENE_11982,-4.52345736251
GENE_11951,-4.55254015202
GENE_11969,-4.70756569367
GENE_11687,-4.79996430259
GENE_11521,-4.90866074448
GENE_11643,-4.96675306874
GENE_11953,-4.99370660266
GENE_11747,-5.03398936215
