level	axis	protein_name	left_out_unit	n_units_remaining	spearman_refit	direction_preserved
guide	immune_evasion_antigen_presentation	HLA_A	A2M_1	740	0.5647254602314784	True
guide	immune_evasion_antigen_presentation	HLA_A	A2M_2	740	0.5650423225952034	True
guide	immune_evasion_antigen_presentation	HLA_A	A2M_3	740	0.5656796009192563	True
guide	immune_evasion_antigen_presentation	HLA_A	ACSL3_1	740	0.5653448225059934	True
guide	immune_evasion_antigen_presentation	HLA_A	ACSL3_2	740	0.5641987283750691	True
guide	immune_evasion_antigen_presentation	HLA_A	ACSL3_3	740	0.5660315550494313	True
guide	immune_evasion_antigen_presentation	HLA_A	ACTA2_1	740	0.5654055593945915	True
guide	immune_evasion_antigen_presentation	HLA_A	ACTA2_2	740	0.5650765259625028	True
guide	immune_evasion_antigen_presentation	HLA_A	ACTA2_3	740	0.565100779259315	True
guide	immune_evasion_antigen_presentation	HLA_A	AEBP1_1	740	0.5647908760222697	True
guide	immune_evasion_antigen_presentation	HLA_A	AEBP1_2	740	0.5643194025930298	True
guide	immune_evasion_antigen_presentation	HLA_A	AEBP1_3	740	0.5652537912063587	True
guide	immune_evasion_antigen_presentation	HLA_A	AGA_1	740	0.5664278106839178	True
guide	immune_evasion_antigen_presentation	HLA_A	AGA_2	740	0.5651690675406935	True
guide	immune_evasion_antigen_presentation	HLA_A	AGA_3	740	0.5638023839006675	True
guide	immune_evasion_antigen_presentation	HLA_A	AHNAK_1	740	0.5633930984119717	True
guide	immune_evasion_antigen_presentation	HLA_A	AHNAK_2	740	0.5645762684007822	True
guide	immune_evasion_antigen_presentation	HLA_A	AHNAK_3	740	0.5652212461841406	True
guide	immune_evasion_antigen_presentation	HLA_A	APOC2_1	740	0.5644116776514754	True
guide	immune_evasion_antigen_presentation	HLA_A	APOC2_2	740	0.5642146011065604	True
guide	immune_evasion_antigen_presentation	HLA_A	APOC2_3	740	0.5639973579009261	True
guide	immune_evasion_antigen_presentation	HLA_A	APOD_1	740	0.5646098498886762	True
guide	immune_evasion_antigen_presentation	HLA_A	APOD_2	740	0.5651252990758724	True
guide	immune_evasion_antigen_presentation	HLA_A	APOD_3	740	0.5647266447636792	True
guide	immune_evasion_antigen_presentation	HLA_A	APOE_1	740	0.5641329868379223	True
guide	immune_evasion_antigen_presentation	HLA_A	APOE_2	740	0.5652868692680671	True
guide	immune_evasion_antigen_presentation	HLA_A	APOE_3	740	0.5651377958905912	True
guide	immune_evasion_antigen_presentation	HLA_A	ARMC6_1	740	0.5650607124576215	True
guide	immune_evasion_antigen_presentation	HLA_A	ARMC6_2	740	0.5650316321920908	True
guide	immune_evasion_antigen_presentation	HLA_A	ARMC6_3	740	0.5637969646658486	True
guide	immune_evasion_antigen_presentation	HLA_A	ATP1B1_1	740	0.5648704765861663	True
guide	immune_evasion_antigen_presentation	HLA_A	ATP1B1_2	740	0.5637868369155316	True
guide	immune_evasion_antigen_presentation	HLA_A	ATP1B1_3	740	0.5646945143277313	True
guide	immune_evasion_antigen_presentation	HLA_A	ATP5MD_1	740	0.5657489552796156	True
guide	immune_evasion_antigen_presentation	HLA_A	ATP5MD_2	740	0.5646141142045992	True
guide	immune_evasion_antigen_presentation	HLA_A	ATP5MD_3	740	0.5651517141439512	True
guide	immune_evasion_antigen_presentation	HLA_A	B2M_1	740	0.564832068129554	True
guide	immune_evasion_antigen_presentation	HLA_A	B2M_2	740	0.5640413928854923	True
guide	immune_evasion_antigen_presentation	HLA_A	B2M_3	740	0.5653601029713842	True
guide	immune_evasion_antigen_presentation	HLA_A	BOLA2B_1	740	0.5653109448850493	True
guide	immune_evasion_antigen_presentation	HLA_A	BOLA2B_2	740	0.5633547491819695	True
guide	immune_evasion_antigen_presentation	HLA_A	BOLA2B_3	740	0.5634331652136652	True
guide	immune_evasion_antigen_presentation	HLA_A	BOLA2_1	740	0.5648704765861663	True
guide	immune_evasion_antigen_presentation	HLA_A	BOLA2_2	740	0.5653492052751365	True
guide	immune_evasion_antigen_presentation	HLA_A	BOLA2_3	740	0.5636682060156172	True
guide	immune_evasion_antigen_presentation	HLA_A	BZW2_1	740	0.5659490523816427	True
guide	immune_evasion_antigen_presentation	HLA_A	BZW2_2	740	0.5648166099843331	True
guide	immune_evasion_antigen_presentation	HLA_A	BZW2_3	740	0.5672455821020739	True
guide	immune_evasion_antigen_presentation	HLA_A	C19orf48_1	740	0.5650626373224479	True
guide	immune_evasion_antigen_presentation	HLA_A	C19orf48_2	740	0.5645654003178395	True
guide	immune_evasion_antigen_presentation	HLA_A	C19orf48_3	740	0.5656065745090744	True
guide	immune_evasion_antigen_presentation	HLA_A	C1QBP_1	740	0.5644813281448849	True
guide	immune_evasion_antigen_presentation	HLA_A	C1QBP_2	740	0.5668542126629158	True
guide	immune_evasion_antigen_presentation	HLA_A	C1QBP_3	740	0.5652335060924193	True
guide	immune_evasion_antigen_presentation	HLA_A	C6orf226_1	740	0.5650083857476493	True
guide	immune_evasion_antigen_presentation	HLA_A	C6orf226_2	740	0.5639218143598174	True
guide	immune_evasion_antigen_presentation	HLA_A	C6orf226_3	740	0.5645676213157161	True
guide	immune_evasion_antigen_presentation	HLA_A	CCND1_1	740	0.5674463010835065	True
guide	immune_evasion_antigen_presentation	HLA_A	CCND1_2	740	0.5667217227362517	True
guide	immune_evasion_antigen_presentation	HLA_A	CCND1_3	740	0.5642323394762679	True
guide	immune_evasion_antigen_presentation	HLA_A	CCND2_1	740	0.5651091302113309	True
guide	immune_evasion_antigen_presentation	HLA_A	CCND2_2	740	0.5655648789756047	True
guide	immune_evasion_antigen_presentation	HLA_A	CCND2_3	740	0.5648436173185123	True
guide	immune_evasion_antigen_presentation	HLA_A	CCR10_1	740	0.5647094394334619	True
guide	immune_evasion_antigen_presentation	HLA_A	CCR10_2	740	0.5667474863116199	True
guide	immune_evasion_antigen_presentation	HLA_A	CCR10_3	740	0.5650160555936498	True
guide	immune_evasion_antigen_presentation	HLA_A	CCT3_2	740	0.5638039534058336	True
guide	immune_evasion_antigen_presentation	HLA_A	CCT3_3	740	0.5643135983852458	True
guide	immune_evasion_antigen_presentation	HLA_A	CD151_1	740	0.5645661406504651	True
guide	immune_evasion_antigen_presentation	HLA_A	CD151_2	740	0.5657642061317013	True
guide	immune_evasion_antigen_presentation	HLA_A	CD151_3	740	0.5648352071398863	True
guide	immune_evasion_antigen_presentation	HLA_A	CD274_1	740	0.5652453514144277	True
guide	immune_evasion_antigen_presentation	HLA_A	CD274_2	740	0.5649964219724208	True
guide	immune_evasion_antigen_presentation	HLA_A	CD274_3	740	0.5640811043275256	True
guide	immune_evasion_antigen_presentation	HLA_A	CD44_1	740	0.5639800045041837	True
guide	immune_evasion_antigen_presentation	HLA_A	CD44_2	740	0.5634679016204549	True
guide	immune_evasion_antigen_presentation	HLA_A	CD44_3	740	0.5653804769252386	True
guide	immune_evasion_antigen_presentation	HLA_A	CD47_1	740	0.5661073651102851	True
guide	immune_evasion_antigen_presentation	HLA_A	CD47_2	740	0.564508305865759	True
guide	immune_evasion_antigen_presentation	HLA_A	CD47_3	740	0.5649279263979071	True
guide	immune_evasion_antigen_presentation	HLA_A	CD58_1	740	0.5645336844681621	True
guide	immune_evasion_antigen_presentation	HLA_A	CD58_2	740	0.5644718815005831	True
guide	immune_evasion_antigen_presentation	HLA_A	CD58_3	740	0.565047238403837	True
guide	immune_evasion_antigen_presentation	HLA_A	CD59_1	740	0.5648701508398112	True
guide	immune_evasion_antigen_presentation	HLA_A	CD59_2	740	0.5651814162888873	True
guide	immune_evasion_antigen_presentation	HLA_A	CD59_3	740	0.5653916411412316	True
guide	immune_evasion_antigen_presentation	HLA_A	CD63_1	740	0.5641222075948947	True
guide	immune_evasion_antigen_presentation	HLA_A	CD63_2	740	0.5651975259268187	True
guide	immune_evasion_antigen_presentation	HLA_A	CD63_3	740	0.5653305785062782	True
guide	immune_evasion_antigen_presentation	HLA_A	CDC123_2	740	0.56510788645252	True
guide	immune_evasion_antigen_presentation	HLA_A	CDH19_1	740	0.5644905378827464	True
guide	immune_evasion_antigen_presentation	HLA_A	CDH19_2	740	0.565192254758525	True
guide	immune_evasion_antigen_presentation	HLA_A	CDH19_3	740	0.5658822743788202	True
guide	immune_evasion_antigen_presentation	HLA_A	CDK4_1	740	0.5652207723712602	True
guide	immune_evasion_antigen_presentation	HLA_A	CDK4_2	740	0.5645901866541422	True
guide	immune_evasion_antigen_presentation	HLA_A	CDK4_3	740	0.5655028094882806	True
guide	immune_evasion_antigen_presentation	HLA_A	CDK6_1	740	0.5638738408056833	True
guide	immune_evasion_antigen_presentation	HLA_A	CDK6_2	740	0.5691807819718937	True
guide	immune_evasion_antigen_presentation	HLA_A	CDK6_3	740	0.5635648851943987	True
guide	immune_evasion_antigen_presentation	HLA_A	CDKN1A_1	740	0.5659052246902114	True
guide	immune_evasion_antigen_presentation	HLA_A	CDKN1A_2	740	0.5651234334376561	True
guide	immune_evasion_antigen_presentation	HLA_A	CDKN1A_3	740	0.5644737175254945	True
guide	immune_evasion_antigen_presentation	HLA_A	CDKN2A_1	740	0.5650777697213136	True
guide	immune_evasion_antigen_presentation	HLA_A	CDKN2A_2	740	0.5664423804299882	True
guide	immune_evasion_antigen_presentation	HLA_A	CDKN2A_3	740	0.5650668424117609	True
guide	immune_evasion_antigen_presentation	HLA_A	CDKN2B_1	740	0.5640122533933516	True
guide	immune_evasion_antigen_presentation	HLA_A	CDKN2B_2	740	0.5639619700014259	True
guide	immune_evasion_antigen_presentation	HLA_A	CDKN2B_3	740	0.5652298636559017	True
guide	immune_evasion_antigen_presentation	HLA_A	CGAS_1	740	0.5653283871217066	True
guide	immune_evasion_antigen_presentation	HLA_A	CGAS_2	740	0.5649485668715069	True
guide	immune_evasion_antigen_presentation	HLA_A	CGAS_3	740	0.5650850545943488	True
guide	immune_evasion_antigen_presentation	HLA_A	CHCHD2_1	740	0.5653407654832054	True
guide	immune_evasion_antigen_presentation	HLA_A	CHCHD2_2	740	0.5659796725390344	True
guide	immune_evasion_antigen_presentation	HLA_A	CHCHD2_3	740	0.5648115461091745	True
guide	immune_evasion_antigen_presentation	HLA_A	CITED1_1	740	0.56490376194101	True
guide	immune_evasion_antigen_presentation	HLA_A	CITED1_2	740	0.5652882610934031	True
guide	immune_evasion_antigen_presentation	HLA_A	CITED1_3	740	0.5649337898323014	True
guide	immune_evasion_antigen_presentation	HLA_A	CKS1B_1	740	0.5652543538591541	True
guide	immune_evasion_antigen_presentation	HLA_A	CKS1B_2	740	0.5652691308983596	True
guide	immune_evasion_antigen_presentation	HLA_A	CKS1B_3	740	0.5638222248150316	True
guide	immune_evasion_antigen_presentation	HLA_A	CMSS1_1	740	0.5645339509879073	True
guide	immune_evasion_antigen_presentation	HLA_A	CMSS1_2	740	0.5663999445638931	True
guide	immune_evasion_antigen_presentation	HLA_A	CMSS1_3	740	0.5640646097166289	True
guide	immune_evasion_antigen_presentation	HLA_A	CORO1A_1	740	0.5642041179965829	True
guide	immune_evasion_antigen_presentation	HLA_A	CORO1A_2	740	0.5660732209695959	True
guide	immune_evasion_antigen_presentation	HLA_A	CORO1A_3	740	0.5659077122078332	True
guide	immune_evasion_antigen_presentation	HLA_A	CSPG4_1	740	0.5654595148363398	True
guide	immune_evasion_antigen_presentation	HLA_A	CSPG4_2	740	0.5656380534523118	True
guide	immune_evasion_antigen_presentation	HLA_A	CSPG4_3	740	0.5650404865702922	True
guide	immune_evasion_antigen_presentation	HLA_A	CST3_1	740	0.5651175403899569	True
guide	immune_evasion_antigen_presentation	HLA_A	CST3_2	740	0.5637099311623919	True
guide	immune_evasion_antigen_presentation	HLA_A	CST3_3	740	0.5661271764113442	True
guide	immune_evasion_antigen_presentation	HLA_A	CTPS1_1	740	0.5684565885976042	True
guide	immune_evasion_antigen_presentation	HLA_A	CTPS1_2	740	0.5671509675925316	True
guide	immune_evasion_antigen_presentation	HLA_A	CTPS1_3	740	0.5649316872876449	True
guide	immune_evasion_antigen_presentation	HLA_A	CTSA_1	740	0.5643036779280637	True
guide	immune_evasion_antigen_presentation	HLA_A	CTSA_2	740	0.5646273809652487	True
guide	immune_evasion_antigen_presentation	HLA_A	CTSA_3	740	0.5654500089654281	True
guide	immune_evasion_antigen_presentation	HLA_A	CTSB_1	740	0.5653526996451289	True
guide	immune_evasion_antigen_presentation	HLA_A	CTSB_2	740	0.5651109070096321	True
guide	immune_evasion_antigen_presentation	HLA_A	CTSB_3	740	0.5647970948163242	True
guide	immune_evasion_antigen_presentation	HLA_A	CTSD_1	740	0.5660098188835458	True
guide	immune_evasion_antigen_presentation	HLA_A	CTSD_2	740	0.5651580810045307	True
guide	immune_evasion_antigen_presentation	HLA_A	CTSD_3	740	0.5645709380058785	True
guide	immune_evasion_antigen_presentation	HLA_A	CTSL_1	740	0.5650226297473644	True
guide	immune_evasion_antigen_presentation	HLA_A	CTSL_2	740	0.5677616235553705	True
guide	immune_evasion_antigen_presentation	HLA_A	CTSL_3	740	0.5660566967453942	True
guide	immune_evasion_antigen_presentation	HLA_A	CTSO_1	740	0.5650362222543691	True
guide	immune_evasion_antigen_presentation	HLA_A	CTSO_2	740	0.5648806635630936	True
guide	immune_evasion_antigen_presentation	HLA_A	CTSO_3	740	0.5647366244474712	True
guide	immune_evasion_antigen_presentation	HLA_A	CXCR4_1	740	0.5650167959262753	True
guide	immune_evasion_antigen_presentation	HLA_A	CXCR4_2	740	0.5664793082213494	True
guide	immune_evasion_antigen_presentation	HLA_A	CXCR4_3	740	0.5662328662969643	True
guide	immune_evasion_antigen_presentation	HLA_A	CYP27A1_1	740	0.5653910192618262	True
guide	immune_evasion_antigen_presentation	HLA_A	CYP27A1_2	740	0.5649963627458108	True
guide	immune_evasion_antigen_presentation	HLA_A	CYP27A1_3	740	0.5648778799124216	True
guide	immune_evasion_antigen_presentation	HLA_A	DAG1_1	740	0.5651363744519503	True
guide	immune_evasion_antigen_presentation	HLA_A	DAG1_2	740	0.5655628060442534	True
guide	immune_evasion_antigen_presentation	HLA_A	DAG1_3	740	0.5651198502277486	True
guide	immune_evasion_antigen_presentation	HLA_A	DDR1_1	740	0.5640787648764288	True
guide	immune_evasion_antigen_presentation	HLA_A	DDR1_2	740	0.5654215209659978	True
guide	immune_evasion_antigen_presentation	HLA_A	DDR1_3	740	0.5657167360037526	True
guide	immune_evasion_antigen_presentation	HLA_A	DDX17_1	740	0.565897347551076	True
guide	immune_evasion_antigen_presentation	HLA_A	DDX17_2	740	0.5641551375900781	True
guide	immune_evasion_antigen_presentation	HLA_A	DDX17_3	740	0.5638660525064627	True
guide	immune_evasion_antigen_presentation	HLA_A	DDX39A_1	740	0.5636314855173911	True
guide	immune_evasion_antigen_presentation	HLA_A	DDX39A_2	740	0.5655851640895441	True
guide	immune_evasion_antigen_presentation	HLA_A	DDX39A_3	740	0.5651457026430319	True
guide	immune_evasion_antigen_presentation	HLA_A	DLL3_1	740	0.5644194363373909	True
guide	immune_evasion_antigen_presentation	HLA_A	DLL3_2	740	0.5648610299418647	True
guide	immune_evasion_antigen_presentation	HLA_A	DLL3_3	740	0.5649432660899081	True
guide	immune_evasion_antigen_presentation	HLA_A	DNMT1_1	740	0.5663870923895139	True
guide	immune_evasion_antigen_presentation	HLA_A	DNMT1_3	740	0.5633286598602459	True
guide	immune_evasion_antigen_presentation	HLA_A	E2F1_1	740	0.5633173179644229	True
guide	immune_evasion_antigen_presentation	HLA_A	E2F1_2	740	0.5636507341656548	True
guide	immune_evasion_antigen_presentation	HLA_A	E2F1_3	740	0.5649577766093684	True
guide	immune_evasion_antigen_presentation	HLA_A	EEA1_1	740	0.5652166561218623	True
guide	immune_evasion_antigen_presentation	HLA_A	EEA1_2	740	0.565365314913068	True
guide	immune_evasion_antigen_presentation	HLA_A	EEA1_3	740	0.5637335329664936	True
guide	immune_evasion_antigen_presentation	HLA_A	EEF1G_2	740	0.5652428638968059	True
guide	immune_evasion_antigen_presentation	HLA_A	EIF3K_1	740	0.5649334048593361	True
guide	immune_evasion_antigen_presentation	HLA_A	EIF3K_2	740	0.5636713154126444	True
guide	immune_evasion_antigen_presentation	HLA_A	EIF3K_3	740	0.5634332836668853	True
guide	immune_evasion_antigen_presentation	HLA_A	EIF4A1_1	740	0.5634203426525911	True
guide	immune_evasion_antigen_presentation	HLA_A	EIF4A1_3	740	0.5689412103342735	True
guide	immune_evasion_antigen_presentation	HLA_A	EMP1_1	740	0.565151536464121	True
guide	immune_evasion_antigen_presentation	HLA_A	EMP1_2	740	0.5652762380915647	True
guide	immune_evasion_antigen_presentation	HLA_A	EMP1_3	740	0.5652088678226418	True
guide	immune_evasion_antigen_presentation	HLA_A	ENPP1_1	740	0.5651189618285979	True
guide	immune_evasion_antigen_presentation	HLA_A	ENPP1_2	740	0.5635464361053706	True
guide	immune_evasion_antigen_presentation	HLA_A	ENPP1_3	740	0.5654430794520532	True
guide	immune_evasion_antigen_presentation	HLA_A	EVA1A_1	740	0.5635348276898023	True
guide	immune_evasion_antigen_presentation	HLA_A	EVA1A_2	740	0.5656400967703581	True
guide	immune_evasion_antigen_presentation	HLA_A	EVA1A_3	740	0.5652319365872531	True
guide	immune_evasion_antigen_presentation	HLA_A	FBL_2	740	0.5651736279896667	True
guide	immune_evasion_antigen_presentation	HLA_A	FBL_3	740	0.5645593295903103	True
guide	immune_evasion_antigen_presentation	HLA_A	FBXO32_1	740	0.5643110516410139	True
guide	immune_evasion_antigen_presentation	HLA_A	FBXO32_2	740	0.5648632509397412	True
guide	immune_evasion_antigen_presentation	HLA_A	FBXO32_3	740	0.5659657542856745	True
guide	immune_evasion_antigen_presentation	HLA_A	FGFR1_1	740	0.565631301618767	True
guide	immune_evasion_antigen_presentation	HLA_A	FGFR1_2	740	0.5647949922716677	True
guide	immune_evasion_antigen_presentation	HLA_A	FGFR1_3	740	0.5652756458254642	True
guide	immune_evasion_antigen_presentation	HLA_A	FKBP4_1	740	0.5644311928194843	True
guide	immune_evasion_antigen_presentation	HLA_A	FKBP4_2	740	0.5660102926964261	True
guide	immune_evasion_antigen_presentation	HLA_A	FKBP4_3	740	0.5648663011101583	True
guide	immune_evasion_antigen_presentation	HLA_A	FMN1_1	740	0.5661287755298153	True
guide	immune_evasion_antigen_presentation	HLA_A	FMN1_2	740	0.5652046923466338	True
guide	immune_evasion_antigen_presentation	HLA_A	FMN1_3	740	0.5650885785776463	True
guide	immune_evasion_antigen_presentation	HLA_A	FOS_1	740	0.5652786663825764	True
guide	immune_evasion_antigen_presentation	HLA_A	FOS_2	740	0.5658512396351582	True
guide	immune_evasion_antigen_presentation	HLA_A	FOS_3	740	0.56507267623285	True
guide	immune_evasion_antigen_presentation	HLA_A	FOXM1_1	740	0.5651501150254801	True
guide	immune_evasion_antigen_presentation	HLA_A	FOXM1_2	740	0.5646541810062927	True
guide	immune_evasion_antigen_presentation	HLA_A	FOXM1_3	740	0.565403338396715	True
guide	immune_evasion_antigen_presentation	HLA_A	FRZB_1	740	0.5651524248632717	True
guide	immune_evasion_antigen_presentation	HLA_A	FRZB_2	740	0.56437602323223	True
guide	immune_evasion_antigen_presentation	HLA_A	FRZB_3	740	0.5683770176470127	True
guide	immune_evasion_antigen_presentation	HLA_A	FSTL3_1	740	0.5649021628225388	True
guide	immune_evasion_antigen_presentation	HLA_A	FSTL3_2	740	0.5646961726728126	True
guide	immune_evasion_antigen_presentation	HLA_A	FSTL3_3	740	0.5638652233339222	True
guide	immune_evasion_antigen_presentation	HLA_A	FTH1_1	740	0.5678471467802712	True
guide	immune_evasion_antigen_presentation	HLA_A	GAA_1	740	0.5643444850623827	True
guide	immune_evasion_antigen_presentation	HLA_A	GAA_2	740	0.5636889353291319	True
guide	immune_evasion_antigen_presentation	HLA_A	GAA_3	740	0.5656910612682994	True
guide	immune_evasion_antigen_presentation	HLA_A	GAS5_1	740	0.5648105392568038	True
guide	immune_evasion_antigen_presentation	HLA_A	GAS5_2	740	0.5648733786900584	True
guide	immune_evasion_antigen_presentation	HLA_A	GAS5_3	740	0.5642539571889333	True
guide	immune_evasion_antigen_presentation	HLA_A	GPATCH4_1	740	0.5656350328951995	True
guide	immune_evasion_antigen_presentation	HLA_A	GPATCH4_2	740	0.5637013136906307	True
guide	immune_evasion_antigen_presentation	HLA_A	GPATCH4_3	740	0.5671983488805652	True
guide	immune_evasion_antigen_presentation	HLA_A	GPI_2	740	0.5690514606688668	True
guide	immune_evasion_antigen_presentation	HLA_A	GPNMB_1	740	0.5651828377275282	True
guide	immune_evasion_antigen_presentation	HLA_A	GPNMB_2	740	0.5653205099825711	True
guide	immune_evasion_antigen_presentation	HLA_A	GPNMB_3	740	0.5651573406719053	True
guide	immune_evasion_antigen_presentation	HLA_A	GRN_1	740	0.5654656151771742	True
guide	immune_evasion_antigen_presentation	HLA_A	GRN_2	740	0.5651681495282378	True
guide	immune_evasion_antigen_presentation	HLA_A	GRN_3	740	0.5651827192743082	True
guide	immune_evasion_antigen_presentation	HLA_A	GSEC_1	740	0.5643409018524751	True
guide	immune_evasion_antigen_presentation	HLA_A	GSEC_2	740	0.5643917182838912	True
guide	immune_evasion_antigen_presentation	HLA_A	GSEC_3	740	0.5651734503098366	True
guide	immune_evasion_antigen_presentation	HLA_A	GSN_1	740	0.5651939723302162	True
guide	immune_evasion_antigen_presentation	HLA_A	GSN_2	740	0.5651240553170616	True
guide	immune_evasion_antigen_presentation	HLA_A	GSN_3	740	0.5655875331539458	True
guide	immune_evasion_antigen_presentation	HLA_A	HASPIN_1	740	0.5678453699819699	True
guide	immune_evasion_antigen_presentation	HLA_A	HASPIN_2	740	0.5645465366425412	True
guide	immune_evasion_antigen_presentation	HLA_A	HASPIN_3	740	0.5653637454079018	True
guide	immune_evasion_antigen_presentation	HLA_A	HLA-A_1	740	0.5645768606668827	True
guide	immune_evasion_antigen_presentation	HLA_A	HLA-A_2	740	0.5633416304878451	True
guide	immune_evasion_antigen_presentation	HLA_A	HLA-A_3	740	0.5649676082266353	True
guide	immune_evasion_antigen_presentation	HLA_A	HLA-B_1	740	0.5633594873107729	True
guide	immune_evasion_antigen_presentation	HLA_A	HLA-B_2	740	0.5633286598602459	True
guide	immune_evasion_antigen_presentation	HLA_A	HLA-B_3	740	0.5633061241351249	True
guide	immune_evasion_antigen_presentation	HLA_A	HLA-C_1	740	0.5633519655312975	True
guide	immune_evasion_antigen_presentation	HLA_A	HLA-C_2	740	0.5633035181642831	True
guide	immune_evasion_antigen_presentation	HLA_A	HLA-C_3	740	0.5635455477062201	True
guide	immune_evasion_antigen_presentation	HLA_A	HLA-DRB5_1	740	0.5668019747928587	True
guide	immune_evasion_antigen_presentation	HLA_A	HLA-DRB5_2	740	0.5641810788452765	True
guide	immune_evasion_antigen_presentation	HLA_A	HLA-DRB5_3	740	0.5671268031356343	True
guide	immune_evasion_antigen_presentation	HLA_A	HLA-E_1	740	0.5641294332413199	True
guide	immune_evasion_antigen_presentation	HLA_A	HLA-E_2	740	0.5650955969309363	True
guide	immune_evasion_antigen_presentation	HLA_A	HLA-E_3	740	0.5661994624889005	True
guide	immune_evasion_antigen_presentation	HLA_A	HLA-F_1	740	0.5650607716842315	True
guide	immune_evasion_antigen_presentation	HLA_A	HLA-F_2	740	0.5659703739612578	True
guide	immune_evasion_antigen_presentation	HLA_A	HLA-F_3	740	0.5641543676441476	True
guide	immune_evasion_antigen_presentation	HLA_A	HLA-H_1	740	0.563736938496571	True
guide	immune_evasion_antigen_presentation	HLA_A	HLA-H_2	740	0.5654990189852379	True
guide	immune_evasion_antigen_presentation	HLA_A	HLA-H_3	740	0.5651820677815977	True
guide	immune_evasion_antigen_presentation	HLA_A	HNRNPA1_1	740	0.5637236421226165	True
guide	immune_evasion_antigen_presentation	HLA_A	HNRNPA1_2	740	0.5645423907798383	True
guide	immune_evasion_antigen_presentation	HLA_A	HNRNPA1_3	740	0.565354328376905	True
guide	immune_evasion_antigen_presentation	HLA_A	HNRNPC_2	740	0.5649836586379569	True
guide	immune_evasion_antigen_presentation	HLA_A	HSPA1A_1	740	0.5637156761435659	True
guide	immune_evasion_antigen_presentation	HLA_A	HSPA1A_2	740	0.5657565066723959	True
guide	immune_evasion_antigen_presentation	HLA_A	HSPA1A_3	740	0.565608943573476	True
guide	immune_evasion_antigen_presentation	HLA_A	IDH2_1	740	0.5650791615466496	True
guide	immune_evasion_antigen_presentation	HLA_A	IDH2_2	740	0.5654323890489406	True
guide	immune_evasion_antigen_presentation	HLA_A	IDH2_3	740	0.5649272749051967	True
guide	immune_evasion_antigen_presentation	HLA_A	IDI2-AS1_1	740	0.5665850573335796	True
guide	immune_evasion_antigen_presentation	HLA_A	IDI2-AS1_2	740	0.5653491164352215	True
guide	immune_evasion_antigen_presentation	HLA_A	IDI2-AS1_3	740	0.564667270087112	True
guide	immune_evasion_antigen_presentation	HLA_A	IFNGR1_1	740	0.5633022447921672	True
guide	immune_evasion_antigen_presentation	HLA_A	IFNGR1_2	740	0.5633022447921672	True
guide	immune_evasion_antigen_presentation	HLA_A	IFNGR1_3	740	0.5633020374990321	True
guide	immune_evasion_antigen_presentation	HLA_A	IFNGR2_1	740	0.563301978272422	True
guide	immune_evasion_antigen_presentation	HLA_A	IFNGR2_2	740	0.5633016525260668	True
guide	immune_evasion_antigen_presentation	HLA_A	IFNGR2_3	740	0.5633018894325069	True
guide	immune_evasion_antigen_presentation	HLA_A	ILF2_2	740	0.5637048969005383	True
guide	immune_evasion_antigen_presentation	HLA_A	ILF2_3	740	0.5633508106124017	True
guide	immune_evasion_antigen_presentation	HLA_A	IRF3_1	740	0.5646543586861228	True
guide	immune_evasion_antigen_presentation	HLA_A	IRF3_2	740	0.5645235567178449	True
guide	immune_evasion_antigen_presentation	HLA_A	IRF3_3	740	0.5653057921699756	True
guide	immune_evasion_antigen_presentation	HLA_A	IRF4_1	740	0.5650358668947089	True
guide	immune_evasion_antigen_presentation	HLA_A	IRF4_2	740	0.5652293898430213	True
guide	immune_evasion_antigen_presentation	HLA_A	IRF4_3	740	0.5636472990222723	True
guide	immune_evasion_antigen_presentation	HLA_A	ISYNA1_1	740	0.5662849857138014	True
guide	immune_evasion_antigen_presentation	HLA_A	ISYNA1_2	740	0.5653714744805124	True
guide	immune_evasion_antigen_presentation	HLA_A	ISYNA1_3	740	0.5646528780208718	True
guide	immune_evasion_antigen_presentation	HLA_A	ITGA3_1	740	0.565988823050286	True
guide	immune_evasion_antigen_presentation	HLA_A	ITGA3_2	740	0.5663799851963088	True
guide	immune_evasion_antigen_presentation	HLA_A	ITGA3_3	740	0.5643361341103668	True
guide	immune_evasion_antigen_presentation	HLA_A	JAK1_1	740	0.5633026593784375	True
guide	immune_evasion_antigen_presentation	HLA_A	JAK1_2	740	0.563301978272422	True
guide	immune_evasion_antigen_presentation	HLA_A	JAK1_3	740	0.5633012379397965	True
guide	immune_evasion_antigen_presentation	HLA_A	JAK2_1	740	0.5633016525260668	True
guide	immune_evasion_antigen_presentation	HLA_A	JAK2_2	740	0.563301948659117	True
guide	immune_evasion_antigen_presentation	HLA_A	JAK2_3	740	0.5633017709792868	True
guide	immune_evasion_antigen_presentation	HLA_A	JMJD7_1	740	0.565226102766164	True
guide	immune_evasion_antigen_presentation	HLA_A	JMJD7_2	740	0.5651662838900215	True
guide	immune_evasion_antigen_presentation	HLA_A	JMJD7_3	740	0.5645061144811875	True
guide	immune_evasion_antigen_presentation	HLA_A	JPT1_1	740	0.5648666564698187	True
guide	immune_evasion_antigen_presentation	HLA_A	JPT1_3	740	0.5643460545675488	True
guide	immune_evasion_antigen_presentation	HLA_A	KCNN4_1	740	0.5652059064921398	True
guide	immune_evasion_antigen_presentation	HLA_A	KCNN4_2	740	0.5657641469050912	True
guide	immune_evasion_antigen_presentation	HLA_A	KCNN4_3	740	0.5656296432736858	True
guide	immune_evasion_antigen_presentation	HLA_A	KDR_1	740	0.5652028267084175	True
guide	immune_evasion_antigen_presentation	HLA_A	KDR_2	740	0.5652660215013324	True
guide	immune_evasion_antigen_presentation	HLA_A	KDR_3	740	0.5645683616483417	True
guide	immune_evasion_antigen_presentation	HLA_A	KLF4_1	740	0.5634001167652617	True
guide	immune_evasion_antigen_presentation	HLA_A	KLF4_2	740	0.563859448739443	True
guide	immune_evasion_antigen_presentation	HLA_A	KLF4_3	740	0.5669936913295648	True
guide	immune_evasion_antigen_presentation	HLA_A	LAMP2_1	740	0.5654185596354958	True
guide	immune_evasion_antigen_presentation	HLA_A	LAMP2_2	740	0.5647378978195872	True
guide	immune_evasion_antigen_presentation	HLA_A	LAMP2_3	740	0.5636435677458397	True
guide	immune_evasion_antigen_presentation	HLA_A	LCP1_1	740	0.5651076791593849	True
guide	immune_evasion_antigen_presentation	HLA_A	LCP1_2	740	0.5654190926749861	True
guide	immune_evasion_antigen_presentation	HLA_A	LCP1_3	740	0.5653176671052891	True
guide	immune_evasion_antigen_presentation	HLA_A	LEF1-AS1_1	740	0.5650601498048261	True
guide	immune_evasion_antigen_presentation	HLA_A	LEF1-AS1_2	740	0.5643891123130493	True
guide	immune_evasion_antigen_presentation	HLA_A	LEF1-AS1_3	740	0.5651286157660348	True
guide	immune_evasion_antigen_presentation	HLA_A	LGALS3BP_1	740	0.564630638428801	True
guide	immune_evasion_antigen_presentation	HLA_A	LGALS3BP_2	740	0.5673908945898121	True
guide	immune_evasion_antigen_presentation	HLA_A	LGALS3BP_3	740	0.5647465745179583	True
guide	immune_evasion_antigen_presentation	HLA_A	LGALS3_1	740	0.5650948862116157	True
guide	immune_evasion_antigen_presentation	HLA_A	LGALS3_2	740	0.5658830443247507	True
guide	immune_evasion_antigen_presentation	HLA_A	LGALS3_3	740	0.5639507169455179	True
guide	immune_evasion_antigen_presentation	HLA_A	LINC00518_1	740	0.5663179453222897	True
guide	immune_evasion_antigen_presentation	HLA_A	LINC00518_2	740	0.565931373238545	True
guide	immune_evasion_antigen_presentation	HLA_A	LINC00518_3	740	0.5653101157125087	True
guide	immune_evasion_antigen_presentation	HLA_A	LRPAP1_1	740	0.564827714973716	True
guide	immune_evasion_antigen_presentation	HLA_A	LRPAP1_2	740	0.5642277494139897	True
guide	immune_evasion_antigen_presentation	HLA_A	LRPAP1_3	740	0.56435490894575	True
guide	immune_evasion_antigen_presentation	HLA_A	LRRC75A-AS1_1	740	0.5642174439838423	True
guide	immune_evasion_antigen_presentation	HLA_A	LRRC75A-AS1_2	740	0.5659516583524844	True
guide	immune_evasion_antigen_presentation	HLA_A	LRRC75A-AS1_3	740	0.5642710144526254	True
guide	immune_evasion_antigen_presentation	HLA_A	LY96_1	740	0.5665663713381113	True
guide	immune_evasion_antigen_presentation	HLA_A	LY96_2	740	0.5652815092598583	True
guide	immune_evasion_antigen_presentation	HLA_A	LY96_3	740	0.5642477680081839	True
guide	immune_evasion_antigen_presentation	HLA_A	MC1R_1	740	0.5645643638521638	True
guide	immune_evasion_antigen_presentation	HLA_A	MC1R_2	740	0.5637818618802879	True
guide	immune_evasion_antigen_presentation	HLA_A	MC1R_3	740	0.5647985162549652	True
guide	immune_evasion_antigen_presentation	HLA_A	MDH2_1	740	0.5635802841130098	True
guide	immune_evasion_antigen_presentation	HLA_A	MDH2_2	740	0.563652570190566	True
guide	immune_evasion_antigen_presentation	HLA_A	MDH2_3	740	0.564518048643111	True
guide	immune_evasion_antigen_presentation	HLA_A	MFGE8_1	740	0.5654086687916188	True
guide	immune_evasion_antigen_presentation	HLA_A	MFGE8_2	740	0.5655879773535212	True
guide	immune_evasion_antigen_presentation	HLA_A	MFGE8_3	740	0.5652672356468382	True
guide	immune_evasion_antigen_presentation	HLA_A	MIA_1	740	0.565134656880259	True
guide	immune_evasion_antigen_presentation	HLA_A	MIA_2	740	0.5658097217815187	True
guide	immune_evasion_antigen_presentation	HLA_A	MIA_3	740	0.565068500756842	True
guide	immune_evasion_antigen_presentation	HLA_A	MRPL47_1	740	0.5657547002607896	True
guide	immune_evasion_antigen_presentation	HLA_A	MRPL47_2	740	0.5650007159016489	True
guide	immune_evasion_antigen_presentation	HLA_A	MRPL47_3	740	0.5651589694036813	True
guide	immune_evasion_antigen_presentation	HLA_A	MT2A_1	740	0.5655875923805558	True
guide	immune_evasion_antigen_presentation	HLA_A	MT2A_2	740	0.5640559330182577	True
guide	immune_evasion_antigen_presentation	HLA_A	MT2A_3	740	0.5644338284036311	True
guide	immune_evasion_antigen_presentation	HLA_A	MYC_1	740	0.5645566347795533	True
guide	immune_evasion_antigen_presentation	HLA_A	MYC_2	740	0.5633039919771634	True
guide	immune_evasion_antigen_presentation	HLA_A	MYC_3	740	0.5635726142670093	True
guide	immune_evasion_antigen_presentation	HLA_A	NCL_3	740	0.5652608391729537	True
guide	immune_evasion_antigen_presentation	HLA_A	NDUFA13_1	740	0.5636475063154075	True
guide	immune_evasion_antigen_presentation	HLA_A	NDUFA13_2	740	0.5682917905551621	True
guide	immune_evasion_antigen_presentation	HLA_A	NDUFA13_3	740	0.564057828269779	True
guide	immune_evasion_antigen_presentation	HLA_A	NEAT1_1	740	0.5654997593178634	True
guide	immune_evasion_antigen_presentation	HLA_A	NEAT1_2	740	0.5648884222490091	True
guide	immune_evasion_antigen_presentation	HLA_A	NEAT1_3	740	0.5648326307823495	True
guide	immune_evasion_antigen_presentation	HLA_A	NGFR_1	740	0.5668872314980141	True
guide	immune_evasion_antigen_presentation	HLA_A	NGFR_2	740	0.5648870600369782	True
guide	immune_evasion_antigen_presentation	HLA_A	NGFR_3	740	0.5648181498761942	True
guide	immune_evasion_antigen_presentation	HLA_A	NME1_1	740	0.565776495653285	True
guide	immune_evasion_antigen_presentation	HLA_A	NME1_2	740	0.5665118236302625	True
guide	immune_evasion_antigen_presentation	HLA_A	NME1_3	740	0.5650282562753185	True
guide	immune_evasion_antigen_presentation	HLA_A	NMRK1_1	740	0.567660997544909	True
guide	immune_evasion_antigen_presentation	HLA_A	NMRK1_2	740	0.5650494001751035	True
guide	immune_evasion_antigen_presentation	HLA_A	NMRK1_3	740	0.5650534275845863	True
guide	immune_evasion_antigen_presentation	HLA_A	NOLC1_1	740	0.5652738098005529	True
guide	immune_evasion_antigen_presentation	HLA_A	NOLC1_2	740	0.5636463217832067	True
guide	immune_evasion_antigen_presentation	HLA_A	NOLC1_3	740	0.5642960080820633	True
guide	immune_evasion_antigen_presentation	HLA_A	NONO_1	740	0.5664500798892936	True
guide	immune_evasion_antigen_presentation	HLA_A	NONO_2	740	0.5652691308983596	True
guide	immune_evasion_antigen_presentation	HLA_A	NONO_3	740	0.5638787270010117	True
guide	immune_evasion_antigen_presentation	HLA_A	NO_SITE_107	740	0.5669371299169746	True
guide	immune_evasion_antigen_presentation	HLA_A	NO_SITE_136	740	0.5669639595713237	True
guide	immune_evasion_antigen_presentation	HLA_A	NO_SITE_146	740	0.5665370245528354	True
guide	immune_evasion_antigen_presentation	HLA_A	NO_SITE_172	740	0.5648848686524066	True
guide	immune_evasion_antigen_presentation	HLA_A	NO_SITE_187	740	0.5648497176593466	True
guide	immune_evasion_antigen_presentation	HLA_A	NO_SITE_205	740	0.5653249223650193	True
guide	immune_evasion_antigen_presentation	HLA_A	NO_SITE_229	740	0.5646548621123081	True
guide	immune_evasion_antigen_presentation	HLA_A	NO_SITE_23	740	0.5660747016348469	True
guide	immune_evasion_antigen_presentation	HLA_A	NO_SITE_304	740	0.564022706890024	True
guide	immune_evasion_antigen_presentation	HLA_A	NO_SITE_355	740	0.565409083377889	True
guide	immune_evasion_antigen_presentation	HLA_A	NO_SITE_36	740	0.5649015705564384	True
guide	immune_evasion_antigen_presentation	HLA_A	NO_SITE_38	740	0.565459662902865	True
guide	immune_evasion_antigen_presentation	HLA_A	NO_SITE_386	740	0.5650324909779365	True
guide	immune_evasion_antigen_presentation	HLA_A	NO_SITE_40	740	0.5656427027412	True
guide	immune_evasion_antigen_presentation	HLA_A	NO_SITE_411	740	0.5651017268850757	True
guide	immune_evasion_antigen_presentation	HLA_A	NO_SITE_47	740	0.5651701040063692	True
guide	immune_evasion_antigen_presentation	HLA_A	NO_SITE_505	740	0.5655635463768788	True
guide	immune_evasion_antigen_presentation	HLA_A	NO_SITE_544	740	0.5657704545390608	True
guide	immune_evasion_antigen_presentation	HLA_A	NO_SITE_547	740	0.5652125398724643	True
guide	immune_evasion_antigen_presentation	HLA_A	NO_SITE_599	740	0.5651836965133739	True
guide	immune_evasion_antigen_presentation	HLA_A	NO_SITE_605	740	0.5651630856530792	True
guide	immune_evasion_antigen_presentation	HLA_A	NO_SITE_628	740	0.5659086006069839	True
guide	immune_evasion_antigen_presentation	HLA_A	NO_SITE_664	740	0.565261253759224	True
guide	immune_evasion_antigen_presentation	HLA_A	NO_SITE_678	740	0.5662565865542861	True
guide	immune_evasion_antigen_presentation	HLA_A	NO_SITE_694	740	0.5646464519336821	True
guide	immune_evasion_antigen_presentation	HLA_A	NO_SITE_706	740	0.5651138979534392	True
guide	immune_evasion_antigen_presentation	HLA_A	NO_SITE_707	740	0.5644183998717152	True
guide	immune_evasion_antigen_presentation	HLA_A	NO_SITE_716	740	0.5651873093365865	True
guide	immune_evasion_antigen_presentation	HLA_A	NO_SITE_736	740	0.5653335990633904	True
guide	immune_evasion_antigen_presentation	HLA_A	NO_SITE_81	740	0.5647901653029493	True
guide	immune_evasion_antigen_presentation	HLA_A	NO_SITE_812	740	0.5650410492230875	True
guide	immune_evasion_antigen_presentation	HLA_A	NO_SITE_820	740	0.5655228873090848	True
guide	immune_evasion_antigen_presentation	HLA_A	NO_SITE_836	740	0.5651650993578207	True
guide	immune_evasion_antigen_presentation	HLA_A	NO_SITE_913	740	0.5657259161283091	True
guide	immune_evasion_antigen_presentation	HLA_A	NO_SITE_915	740	0.565112150768443	True
guide	immune_evasion_antigen_presentation	HLA_A	NO_SITE_960	740	0.5642946754833372	True
guide	immune_evasion_antigen_presentation	HLA_A	NO_SITE_963	740	0.5649541045595458	True
guide	immune_evasion_antigen_presentation	HLA_A	NPC1_1	740	0.565334517075846	True
guide	immune_evasion_antigen_presentation	HLA_A	NPC1_2	740	0.5634326617874797	True
guide	immune_evasion_antigen_presentation	HLA_A	NPC1_3	740	0.5639574983923678	True
guide	immune_evasion_antigen_presentation	HLA_A	NPC2_1	740	0.564550593665329	True
guide	immune_evasion_antigen_presentation	HLA_A	NPC2_2	740	0.5647936300596367	True
guide	immune_evasion_antigen_presentation	HLA_A	NPC2_3	740	0.5646699352845639	True
guide	immune_evasion_antigen_presentation	HLA_A	NSG1_1	740	0.563456974310902	True
guide	immune_evasion_antigen_presentation	HLA_A	NSG1_2	740	0.564256207800115	True
guide	immune_evasion_antigen_presentation	HLA_A	NSG1_3	740	0.5650108732652711	True
guide	immune_evasion_antigen_presentation	HLA_A	NT5E_1	740	0.566827738368227	True
guide	immune_evasion_antigen_presentation	HLA_A	NT5E_2	740	0.5643249106677638	True
guide	immune_evasion_antigen_presentation	HLA_A	NT5E_3	740	0.5634905557987959	True
guide	immune_evasion_antigen_presentation	HLA_A	NUP50-AS1_1	740	0.5636767346474632	True
guide	immune_evasion_antigen_presentation	HLA_A	NUP50-AS1_2	740	0.5650849361411288	True
guide	immune_evasion_antigen_presentation	HLA_A	NUP50-AS1_3	740	0.5641023666805307	True
guide	immune_evasion_antigen_presentation	HLA_A	ONE_NON-GENE_SITE_157	740	0.5654069216066224	True
guide	immune_evasion_antigen_presentation	HLA_A	ONE_NON-GENE_SITE_177	740	0.5651722953909408	True
guide	immune_evasion_antigen_presentation	HLA_A	ONE_NON-GENE_SITE_2	740	0.5646749695464175	True
guide	immune_evasion_antigen_presentation	HLA_A	ONE_NON-GENE_SITE_202	740	0.5650746010976764	True
guide	immune_evasion_antigen_presentation	HLA_A	ONE_NON-GENE_SITE_217	740	0.5651153786186903	True
guide	immune_evasion_antigen_presentation	HLA_A	ONE_NON-GENE_SITE_231	740	0.5647947257519226	True
guide	immune_evasion_antigen_presentation	HLA_A	ONE_NON-GENE_SITE_241	740	0.5651467391087076	True
guide	immune_evasion_antigen_presentation	HLA_A	ONE_NON-GENE_SITE_249	740	0.5651473313748081	True
guide	immune_evasion_antigen_presentation	HLA_A	ONE_NON-GENE_SITE_250	740	0.565103592523292	True
guide	immune_evasion_antigen_presentation	HLA_A	ONE_NON-GENE_SITE_263	740	0.5668332464429608	True
guide	immune_evasion_antigen_presentation	HLA_A	ONE_NON-GENE_SITE_290	740	0.5647004073754305	True
guide	immune_evasion_antigen_presentation	HLA_A	ONE_NON-GENE_SITE_293	740	0.5651871020434512	True
guide	immune_evasion_antigen_presentation	HLA_A	ONE_NON-GENE_SITE_328	740	0.5667337753513951	True
guide	immune_evasion_antigen_presentation	HLA_A	ONE_NON-GENE_SITE_409	740	0.565363893474427	True
guide	immune_evasion_antigen_presentation	HLA_A	ONE_NON-GENE_SITE_422	740	0.5657280778995757	True
guide	immune_evasion_antigen_presentation	HLA_A	ONE_NON-GENE_SITE_531	740	0.5652438707491767	True
guide	immune_evasion_antigen_presentation	HLA_A	ONE_NON-GENE_SITE_570	740	0.565765242597377	True
guide	immune_evasion_antigen_presentation	HLA_A	ONE_NON-GENE_SITE_594	740	0.5645723890578246	True
guide	immune_evasion_antigen_presentation	HLA_A	ONE_NON-GENE_SITE_598	740	0.5652068837312053	True
guide	immune_evasion_antigen_presentation	HLA_A	ONE_NON-GENE_SITE_640	740	0.5650712547942089	True
guide	immune_evasion_antigen_presentation	HLA_A	ONE_NON-GENE_SITE_658	740	0.5650755191101321	True
guide	immune_evasion_antigen_presentation	HLA_A	ONE_NON-GENE_SITE_670	740	0.565389420143355	True
guide	immune_evasion_antigen_presentation	HLA_A	ONE_NON-GENE_SITE_672	740	0.5692807861029497	True
guide	immune_evasion_antigen_presentation	HLA_A	ONE_NON-GENE_SITE_675	740	0.5650505847073043	True
guide	immune_evasion_antigen_presentation	HLA_A	ONE_NON-GENE_SITE_714	740	0.564187386479246	True
guide	immune_evasion_antigen_presentation	HLA_A	ONE_NON-GENE_SITE_724	740	0.5634750384269649	True
guide	immune_evasion_antigen_presentation	HLA_A	ONE_NON-GENE_SITE_736	740	0.5644089532274135	True
guide	immune_evasion_antigen_presentation	HLA_A	ONE_NON-GENE_SITE_813	740	0.563400560964837	True
guide	immune_evasion_antigen_presentation	HLA_A	ONE_NON-GENE_SITE_84	740	0.5658061385716111	True
guide	immune_evasion_antigen_presentation	HLA_A	ONE_NON-GENE_SITE_848	740	0.5662898126825198	True
guide	immune_evasion_antigen_presentation	HLA_A	ONE_NON-GENE_SITE_859	740	0.5652438115225666	True
guide	immune_evasion_antigen_presentation	HLA_A	ONE_NON-GENE_SITE_869	740	0.5658850580294922	True
guide	immune_evasion_antigen_presentation	HLA_A	ONE_NON-GENE_SITE_892	740	0.5650138642090782	True
guide	immune_evasion_antigen_presentation	HLA_A	ONE_NON-GENE_SITE_915	740	0.5644139874892671	True
guide	immune_evasion_antigen_presentation	HLA_A	ONE_NON-GENE_SITE_931	740	0.563845412032863	True
guide	immune_evasion_antigen_presentation	HLA_A	ONE_NON-GENE_SITE_993	740	0.5650069346957033	True
guide	immune_evasion_antigen_presentation	HLA_A	P2RX4_1	740	0.567880728268165	True
guide	immune_evasion_antigen_presentation	HLA_A	P2RX4_2	740	0.5635708670820131	True
guide	immune_evasion_antigen_presentation	HLA_A	P2RX4_3	740	0.5640921500902983	True
guide	immune_evasion_antigen_presentation	HLA_A	PABPC1_1	740	0.5636330846358621	True
guide	immune_evasion_antigen_presentation	HLA_A	PABPC1_3	740	0.5664571278558886	True
guide	immune_evasion_antigen_presentation	HLA_A	PAICS_1	740	0.5643841076645008	True
guide	immune_evasion_antigen_presentation	HLA_A	PAICS_2	740	0.5643255325471692	True
guide	immune_evasion_antigen_presentation	HLA_A	PAICS_3	740	0.5633124909957045	True
guide	immune_evasion_antigen_presentation	HLA_A	PET100_1	740	0.5652668210605679	True
guide	immune_evasion_antigen_presentation	HLA_A	PET100_2	740	0.5677964488020751	True
guide	immune_evasion_antigen_presentation	HLA_A	PET100_3	740	0.5645526665966806	True
guide	immune_evasion_antigen_presentation	HLA_A	PFDN4_1	740	0.5652155308162715	True
guide	immune_evasion_antigen_presentation	HLA_A	PFDN4_2	740	0.5636211800872438	True
guide	immune_evasion_antigen_presentation	HLA_A	PFDN4_3	740	0.563727136492609	True
guide	immune_evasion_antigen_presentation	HLA_A	PFN1_1	740	0.5646211325578893	True
guide	immune_evasion_antigen_presentation	HLA_A	PFN1_2	740	0.5651156155251305	True
guide	immune_evasion_antigen_presentation	HLA_A	PFN1_3	740	0.565915618960274	True
guide	immune_evasion_antigen_presentation	HLA_A	PIK3IP1_1	740	0.5647754474903538	True
guide	immune_evasion_antigen_presentation	HLA_A	PIK3IP1_2	740	0.5649334048593361	True
guide	immune_evasion_antigen_presentation	HLA_A	PIK3IP1_3	740	0.5648852536253719	True
guide	immune_evasion_antigen_presentation	HLA_A	POLD2_1	740	0.5637776864042799	True
guide	immune_evasion_antigen_presentation	HLA_A	POLD2_2	740	0.5643015161567971	True
guide	immune_evasion_antigen_presentation	HLA_A	PPA1_1	740	0.565838446687389	True
guide	immune_evasion_antigen_presentation	HLA_A	PPA1_2	740	0.5633958820626437	True
guide	immune_evasion_antigen_presentation	HLA_A	PPIA_1	740	0.5649329014331507	True
guide	immune_evasion_antigen_presentation	HLA_A	PPIA_2	740	0.5638363207482217	True
guide	immune_evasion_antigen_presentation	HLA_A	PPIA_3	740	0.5667745824857142	True
guide	immune_evasion_antigen_presentation	HLA_A	PRELID3B_2	740	0.5657027289104777	True
guide	immune_evasion_antigen_presentation	HLA_A	PROS1_1	740	0.5662417502884706	True
guide	immune_evasion_antigen_presentation	HLA_A	PROS1_2	740	0.5651095447976011	True
guide	immune_evasion_antigen_presentation	HLA_A	PROS1_3	740	0.5671677583364785	True
guide	immune_evasion_antigen_presentation	HLA_A	PSAP_1	740	0.5657584611505273	True
guide	immune_evasion_antigen_presentation	HLA_A	PSAP_2	740	0.5646171051484064	True
guide	immune_evasion_antigen_presentation	HLA_A	PSAP_3	740	0.5652477797054394	True
guide	immune_evasion_antigen_presentation	HLA_A	PSMB8-AS1_1	740	0.5652643039296411	True
guide	immune_evasion_antigen_presentation	HLA_A	PSMB8-AS1_2	740	0.5649083520032883	True
guide	immune_evasion_antigen_presentation	HLA_A	PSMB8-AS1_3	740	0.5633461317102083	True
guide	immune_evasion_antigen_presentation	HLA_A	PTMA_1	740	0.5650613343370269	True
guide	immune_evasion_antigen_presentation	HLA_A	PTMA_2	740	0.5645282356200383	True
guide	immune_evasion_antigen_presentation	HLA_A	PTMA_3	740	0.5656820588235729	True
guide	immune_evasion_antigen_presentation	HLA_A	PUF60_2	740	0.5654159536646539	True
guide	immune_evasion_antigen_presentation	HLA_A	PUF60_3	740	0.5647050566643188	True
guide	immune_evasion_antigen_presentation	HLA_A	PYGB_1	740	0.5643859436894122	True
guide	immune_evasion_antigen_presentation	HLA_A	PYGB_2	740	0.5661495344566351	True
guide	immune_evasion_antigen_presentation	HLA_A	PYGB_3	740	0.563652570190566	True
guide	immune_evasion_antigen_presentation	HLA_A	RAB27A_1	740	0.5650904738291677	True
guide	immune_evasion_antigen_presentation	HLA_A	RAB27A_2	740	0.5651493746928545	True
guide	immune_evasion_antigen_presentation	HLA_A	RAB27A_3	740	0.564646126187327	True
guide	immune_evasion_antigen_presentation	HLA_A	RB1_1	740	0.5652414720714699	True
guide	immune_evasion_antigen_presentation	HLA_A	RB1_2	740	0.5651396615288076	True
guide	immune_evasion_antigen_presentation	HLA_A	RB1_3	740	0.5651390692627072	True
guide	immune_evasion_antigen_presentation	HLA_A	RBP7_1	740	0.5654155983049937	True
guide	immune_evasion_antigen_presentation	HLA_A	RBP7_2	740	0.5655031056213308	True
guide	immune_evasion_antigen_presentation	HLA_A	RBP7_3	740	0.5675690778461236	True
guide	immune_evasion_antigen_presentation	HLA_A	RNASEH2A_1	740	0.5643493712577111	True
guide	immune_evasion_antigen_presentation	HLA_A	RNASEH2A_2	740	0.5670110743396122	True
guide	immune_evasion_antigen_presentation	HLA_A	RNASEH2A_3	740	0.5673426249026278	True
guide	immune_evasion_antigen_presentation	HLA_A	RNF213_1	740	0.5653293939740773	True
guide	immune_evasion_antigen_presentation	HLA_A	RNF213_2	740	0.5634677535539298	True
guide	immune_evasion_antigen_presentation	HLA_A	RNF213_3	740	0.5645411470210273	True
guide	immune_evasion_antigen_presentation	HLA_A	ROMO1_2	740	0.5662981044079256	True
guide	immune_evasion_antigen_presentation	HLA_A	ROMO1_3	740	0.564160616051507	True
guide	immune_evasion_antigen_presentation	HLA_A	RPSA_3	740	0.5667154447155872	True
guide	immune_evasion_antigen_presentation	HLA_A	RRS1_1	740	0.5664132409378475	True
guide	immune_evasion_antigen_presentation	HLA_A	RRS1_2	740	0.5655449788346306	True
guide	immune_evasion_antigen_presentation	HLA_A	RTP4_1	740	0.5668567297938426	True
guide	immune_evasion_antigen_presentation	HLA_A	RTP4_2	740	0.5652140797643255	True
guide	immune_evasion_antigen_presentation	HLA_A	RTP4_3	740	0.566558908785246	True
guide	immune_evasion_antigen_presentation	HLA_A	S100A6_1	740	0.5649026366354192	True
guide	immune_evasion_antigen_presentation	HLA_A	S100A6_2	740	0.5671982008140402	True
guide	immune_evasion_antigen_presentation	HLA_A	S100A6_3	740	0.5654240084836196	True
guide	immune_evasion_antigen_presentation	HLA_A	S100B_1	740	0.5643313071416483	True
guide	immune_evasion_antigen_presentation	HLA_A	S100B_2	740	0.565359777225029	True
guide	immune_evasion_antigen_presentation	HLA_A	S100B_3	740	0.5649951486003049	True
guide	immune_evasion_antigen_presentation	HLA_A	SAE1_1	740	0.5633607606828888	True
guide	immune_evasion_antigen_presentation	HLA_A	SAE1_3	740	0.5633608495228037	True
guide	immune_evasion_antigen_presentation	HLA_A	SAT1_1	740	0.565279702848252	True
guide	immune_evasion_antigen_presentation	HLA_A	SAT1_2	740	0.5653685427633152	True
guide	immune_evasion_antigen_presentation	HLA_A	SAT1_3	740	0.5642965707348585	True
guide	immune_evasion_antigen_presentation	HLA_A	SCARB2_1	740	0.5647711239478207	True
guide	immune_evasion_antigen_presentation	HLA_A	SCARB2_2	740	0.5666331197276286	True
guide	immune_evasion_antigen_presentation	HLA_A	SCARB2_3	740	0.5660319992490066	True
guide	immune_evasion_antigen_presentation	HLA_A	SDC3_1	740	0.5642913291798699	True
guide	immune_evasion_antigen_presentation	HLA_A	SDC3_2	740	0.5651266316745983	True
guide	immune_evasion_antigen_presentation	HLA_A	SDC3_3	740	0.5651062281074388	True
guide	immune_evasion_antigen_presentation	HLA_A	SDCBP_1	740	0.5658219816897974	True
guide	immune_evasion_antigen_presentation	HLA_A	SDCBP_2	740	0.5652307224417473	True
guide	immune_evasion_antigen_presentation	HLA_A	SDCBP_3	740	0.5649085889097285	True
guide	immune_evasion_antigen_presentation	HLA_A	SEC11C_1	740	0.5657393605687886	True
guide	immune_evasion_antigen_presentation	HLA_A	SEC11C_2	740	0.565214938550171	True
guide	immune_evasion_antigen_presentation	HLA_A	SEC11C_3	740	0.5645135770340527	True
guide	immune_evasion_antigen_presentation	HLA_A	SERPINA3_1	740	0.5661759791380189	True
guide	immune_evasion_antigen_presentation	HLA_A	SERPINA3_2	740	0.566499978308254	True
guide	immune_evasion_antigen_presentation	HLA_A	SERPINA3_3	740	0.5638572277415664	True
guide	immune_evasion_antigen_presentation	HLA_A	SERPINE2_1	740	0.5650914214549283	True
guide	immune_evasion_antigen_presentation	HLA_A	SERPINE2_2	740	0.5646188523334026	True
guide	immune_evasion_antigen_presentation	HLA_A	SERPINE2_3	740	0.5654818728816308	True
guide	immune_evasion_antigen_presentation	HLA_A	SERPINF1_1	740	0.5651625526135888	True
guide	immune_evasion_antigen_presentation	HLA_A	SERPINF1_2	740	0.5669579776837094	True
guide	immune_evasion_antigen_presentation	HLA_A	SERPINF1_3	740	0.5653826683098102	True
guide	immune_evasion_antigen_presentation	HLA_A	SET_1	740	0.5645516893576149	True
guide	immune_evasion_antigen_presentation	HLA_A	SET_2	740	0.5634390582613643	True
guide	immune_evasion_antigen_presentation	HLA_A	SET_3	740	0.564215400665796	True
guide	immune_evasion_antigen_presentation	HLA_A	SGK1_1	740	0.5647708870413807	True
guide	immune_evasion_antigen_presentation	HLA_A	SGK1_2	740	0.5664403963385517	True
guide	immune_evasion_antigen_presentation	HLA_A	SGK1_3	740	0.5655184749266368	True
guide	immune_evasion_antigen_presentation	HLA_A	SHMT2_1	740	0.5653652852997629	True
guide	immune_evasion_antigen_presentation	HLA_A	SHMT2_2	740	0.5642621896877292	True
guide	immune_evasion_antigen_presentation	HLA_A	SHMT2_3	740	0.5637320523012426	True
guide	immune_evasion_antigen_presentation	HLA_A	SINHCAF_1	740	0.5660784329112796	True
guide	immune_evasion_antigen_presentation	HLA_A	SINHCAF_2	740	0.5635986443621228	True
guide	immune_evasion_antigen_presentation	HLA_A	SINHCAF_3	740	0.5655406849054025	True
guide	immune_evasion_antigen_presentation	HLA_A	SLC19A1_1	740	0.5637013136906307	True
guide	immune_evasion_antigen_presentation	HLA_A	SLC19A1_2	740	0.5650701294886182	True
guide	immune_evasion_antigen_presentation	HLA_A	SLC19A1_3	740	0.5659741644643005	True
guide	immune_evasion_antigen_presentation	HLA_A	SLC22A18_1	740	0.5654693464536069	True
guide	immune_evasion_antigen_presentation	HLA_A	SLC22A18_2	740	0.5664740074397505	True
guide	immune_evasion_antigen_presentation	HLA_A	SLC22A18_3	740	0.5644414094097165	True
guide	immune_evasion_antigen_presentation	HLA_A	SLC25A13_1	740	0.5643820347331494	True
guide	immune_evasion_antigen_presentation	HLA_A	SLC25A13_2	740	0.5668469574031856	True
guide	immune_evasion_antigen_presentation	HLA_A	SLC25A13_3	740	0.5646353469442993	True
guide	immune_evasion_antigen_presentation	HLA_A	SLC26A2_1	740	0.5643454919147534	True
guide	immune_evasion_antigen_presentation	HLA_A	SLC26A2_2	740	0.5646036903212317	True
guide	immune_evasion_antigen_presentation	HLA_A	SLC26A2_3	740	0.5643293230502119	True
guide	immune_evasion_antigen_presentation	HLA_A	SLC5A3_1	740	0.5639845945664619	True
guide	immune_evasion_antigen_presentation	HLA_A	SLC5A3_2	740	0.5686044478295742	True
guide	immune_evasion_antigen_presentation	HLA_A	SLC5A3_3	740	0.5656297025002958	True
guide	immune_evasion_antigen_presentation	HLA_A	SLC7A5P1_1	740	0.5652759419585144	True
guide	immune_evasion_antigen_presentation	HLA_A	SLC7A5P1_2	740	0.563995995688895	True
guide	immune_evasion_antigen_presentation	HLA_A	SLC7A5P1_3	740	0.5641711880013995	True
guide	immune_evasion_antigen_presentation	HLA_A	SLIRP_1	740	0.567019366065018	True
guide	immune_evasion_antigen_presentation	HLA_A	SLIRP_2	740	0.5647887438643082	True
guide	immune_evasion_antigen_presentation	HLA_A	SLIRP_3	740	0.5653840305218412	True
guide	immune_evasion_antigen_presentation	HLA_A	SMAD3_1	740	0.565175256721443	True
guide	immune_evasion_antigen_presentation	HLA_A	SMAD3_2	740	0.5643664581347083	True
guide	immune_evasion_antigen_presentation	HLA_A	SMAD3_3	740	0.5644120033978306	True
guide	immune_evasion_antigen_presentation	HLA_A	SMAD4_1	740	0.5695609279684488	True
guide	immune_evasion_antigen_presentation	HLA_A	SMAD4_2	740	0.5633406828620844	True
guide	immune_evasion_antigen_presentation	HLA_A	SMAD4_3	740	0.5658727388946034	True
guide	immune_evasion_antigen_presentation	HLA_A	SNHG6_1	740	0.5648928938580672	True
guide	immune_evasion_antigen_presentation	HLA_A	SNHG6_2	740	0.5656463451777176	True
guide	immune_evasion_antigen_presentation	HLA_A	SNHG6_3	740	0.5649278671712972	True
guide	immune_evasion_antigen_presentation	HLA_A	SNRPG_2	740	0.5646161279093407	True
guide	immune_evasion_antigen_presentation	HLA_A	SOX4_1	740	0.5645565459396383	True
guide	immune_evasion_antigen_presentation	HLA_A	SOX4_2	740	0.563748132325869	True
guide	immune_evasion_antigen_presentation	HLA_A	SOX4_3	740	0.5640435546567588	True
guide	immune_evasion_antigen_presentation	HLA_A	SP100_1	740	0.5642496336464002	True
guide	immune_evasion_antigen_presentation	HLA_A	SP100_2	740	0.5672250008550841	True
guide	immune_evasion_antigen_presentation	HLA_A	SP100_3	740	0.5642119951357185	True
guide	immune_evasion_antigen_presentation	HLA_A	SPESP1_1	740	0.5649421703976223	True
guide	immune_evasion_antigen_presentation	HLA_A	SPESP1_2	740	0.5652779556632558	True
guide	immune_evasion_antigen_presentation	HLA_A	SPESP1_3	740	0.5651470352417578	True
guide	immune_evasion_antigen_presentation	HLA_A	SPINT1_1	740	0.5651385362232167	True
guide	immune_evasion_antigen_presentation	HLA_A	SPINT1_2	740	0.5659332388767614	True
guide	immune_evasion_antigen_presentation	HLA_A	SPINT1_3	740	0.5651463541357423	True
guide	immune_evasion_antigen_presentation	HLA_A	SSR2_1	740	0.5657802565430228	True
guide	immune_evasion_antigen_presentation	HLA_A	SSR2_2	740	0.5657961885011241	True
guide	immune_evasion_antigen_presentation	HLA_A	SSR2_3	740	0.5647424582685604	True
guide	immune_evasion_antigen_presentation	HLA_A	ST3GAL6-AS1_1	740	0.563986164071628	True
guide	immune_evasion_antigen_presentation	HLA_A	ST3GAL6-AS1_2	740	0.5664623397975723	True
guide	immune_evasion_antigen_presentation	HLA_A	ST3GAL6-AS1_3	740	0.5651688602475583	True
guide	immune_evasion_antigen_presentation	HLA_A	ST6GALNAC2_1	740	0.5659836999485173	True
guide	immune_evasion_antigen_presentation	HLA_A	ST6GALNAC2_2	740	0.5667727464608029	True
guide	immune_evasion_antigen_presentation	HLA_A	ST6GALNAC2_3	740	0.5633914992935005	True
guide	immune_evasion_antigen_presentation	HLA_A	STAT1_1	740	0.5633016229127616	True
guide	immune_evasion_antigen_presentation	HLA_A	STAT1_2	740	0.5633018005925918	True
guide	immune_evasion_antigen_presentation	HLA_A	STAT1_3	740	0.5633008233535262	True
guide	immune_evasion_antigen_presentation	HLA_A	STAT3_1	740	0.5639454161639191	True
guide	immune_evasion_antigen_presentation	HLA_A	STAT3_2	740	0.5633486488411351	True
guide	immune_evasion_antigen_presentation	HLA_A	STAT3_3	740	0.563342785406741	True
guide	immune_evasion_antigen_presentation	HLA_A	STOM_1	740	0.5640698808849225	True
guide	immune_evasion_antigen_presentation	HLA_A	STOM_2	740	0.5657808191958181	True
guide	immune_evasion_antigen_presentation	HLA_A	STOM_3	740	0.5650708105946337	True
guide	immune_evasion_antigen_presentation	HLA_A	STX7_1	740	0.5645935921842197	True
guide	immune_evasion_antigen_presentation	HLA_A	STX7_2	740	0.565524604880776	True
guide	immune_evasion_antigen_presentation	HLA_A	STX7_3	740	0.5652061730118849	True
guide	immune_evasion_antigen_presentation	HLA_A	TAPBPL_1	740	0.5652286198970908	True
guide	immune_evasion_antigen_presentation	HLA_A	TAPBPL_2	740	0.5648893994880748	True
guide	immune_evasion_antigen_presentation	HLA_A	TAPBPL_3	740	0.5650277528491331	True
guide	immune_evasion_antigen_presentation	HLA_A	TAPBP_1	740	0.5634493933048167	True
guide	immune_evasion_antigen_presentation	HLA_A	TAPBP_2	740	0.5652869284946772	True
guide	immune_evasion_antigen_presentation	HLA_A	TAPBP_3	740	0.5663127037673009	True
guide	immune_evasion_antigen_presentation	HLA_A	TFAP2A_1	740	0.5665064932353587	True
guide	immune_evasion_antigen_presentation	HLA_A	TFAP2A_2	740	0.5651757009210182	True
guide	immune_evasion_antigen_presentation	HLA_A	TFAP2A_3	740	0.5653605175576545	True
guide	immune_evasion_antigen_presentation	HLA_A	TGFB1_1	740	0.5651418825266842	True
guide	immune_evasion_antigen_presentation	HLA_A	TGFB1_2	740	0.5649278375579921	True
guide	immune_evasion_antigen_presentation	HLA_A	TGFB1_3	740	0.5644411428899713	True
guide	immune_evasion_antigen_presentation	HLA_A	TIMM50_1	740	0.5664204073576625	True
guide	immune_evasion_antigen_presentation	HLA_A	TIMM50_2	740	0.5652047515732438	True
guide	immune_evasion_antigen_presentation	HLA_A	TIMM50_3	740	0.5658855022290675	True
guide	immune_evasion_antigen_presentation	HLA_A	TIMP1_1	740	0.5650199941632176	True
guide	immune_evasion_antigen_presentation	HLA_A	TIMP1_2	740	0.5645418281270428	True
guide	immune_evasion_antigen_presentation	HLA_A	TIMP1_3	740	0.5658163847751484	True
guide	immune_evasion_antigen_presentation	HLA_A	TIMP2_1	740	0.5656995602868404	True
guide	immune_evasion_antigen_presentation	HLA_A	TIMP2_2	740	0.5651686233411182	True
guide	immune_evasion_antigen_presentation	HLA_A	TIMP2_3	740	0.5634254361410548	True
guide	immune_evasion_antigen_presentation	HLA_A	TIMP3_1	740	0.5639593048039739	True
guide	immune_evasion_antigen_presentation	HLA_A	TIMP3_2	740	0.5648928938580672	True
guide	immune_evasion_antigen_presentation	HLA_A	TIMP3_3	740	0.5649132678119217	True
guide	immune_evasion_antigen_presentation	HLA_A	TM4SF1_1	740	0.5640267342995069	True
guide	immune_evasion_antigen_presentation	HLA_A	TM4SF1_2	740	0.565172561910686	True
guide	immune_evasion_antigen_presentation	HLA_A	TM4SF1_3	740	0.565005128284097	True
guide	immune_evasion_antigen_presentation	HLA_A	TMED10_1	740	0.563891638402001	True
guide	immune_evasion_antigen_presentation	HLA_A	TMED10_2	740	0.5633546899553594	True
guide	immune_evasion_antigen_presentation	HLA_A	TMED10_3	740	0.5633491522673205	True
guide	immune_evasion_antigen_presentation	HLA_A	TMEM173_1	740	0.5658753744787504	True
guide	immune_evasion_antigen_presentation	HLA_A	TMEM173_2	740	0.5651616346011332	True
guide	immune_evasion_antigen_presentation	HLA_A	TMEM173_3	740	0.5652038631740932	True
guide	immune_evasion_antigen_presentation	HLA_A	TOP1MT_1	740	0.5665688588557329	True
guide	immune_evasion_antigen_presentation	HLA_A	TOP1MT_2	740	0.5676004087228359	True
guide	immune_evasion_antigen_presentation	HLA_A	TOP1MT_3	740	0.5664518566875948	True
guide	immune_evasion_antigen_presentation	HLA_A	TP53_1	740	0.5663613288141456	True
guide	immune_evasion_antigen_presentation	HLA_A	TP53_2	740	0.5651019934048208	True
guide	immune_evasion_antigen_presentation	HLA_A	TP53_3	740	0.5651861544176907	True
guide	immune_evasion_antigen_presentation	HLA_A	TPP1_1	740	0.5641767849160485	True
guide	immune_evasion_antigen_presentation	HLA_A	TPP1_2	740	0.5644933807600284	True
guide	immune_evasion_antigen_presentation	HLA_A	TPP1_3	740	0.5666188461146086	True
guide	immune_evasion_antigen_presentation	HLA_A	TPRKB_1	740	0.5635616869574565	True
guide	immune_evasion_antigen_presentation	HLA_A	TPRKB_2	740	0.5642654767645865	True
guide	immune_evasion_antigen_presentation	HLA_A	TPRKB_3	740	0.5645446413910199	True
guide	immune_evasion_antigen_presentation	HLA_A	TRIM22_1	740	0.5633831187281796	True
guide	immune_evasion_antigen_presentation	HLA_A	TRIM22_2	740	0.565976444688787	True
guide	immune_evasion_antigen_presentation	HLA_A	TRIM22_3	740	0.5640082259838687	True
guide	immune_evasion_antigen_presentation	HLA_A	TSC22D3_1	740	0.5645489057069429	True
guide	immune_evasion_antigen_presentation	HLA_A	TSC22D3_2	740	0.5651510626512407	True
guide	immune_evasion_antigen_presentation	HLA_A	TSC22D3_3	740	0.5646900427186732	True
guide	immune_evasion_antigen_presentation	HLA_A	TTLL1_1	740	0.5640668899411154	True
guide	immune_evasion_antigen_presentation	HLA_A	TTLL1_2	740	0.5639893623085703	True
guide	immune_evasion_antigen_presentation	HLA_A	TTLL1_3	740	0.5651276089136641	True
guide	immune_evasion_antigen_presentation	HLA_A	TXNDC17_1	740	0.5637312231287019	True
guide	immune_evasion_antigen_presentation	HLA_A	TXNDC17_2	740	0.5661909338570544	True
guide	immune_evasion_antigen_presentation	HLA_A	TXNDC17_3	740	0.5638113567320888	True
guide	immune_evasion_antigen_presentation	HLA_A	TYR_1	740	0.564584323219748	True
guide	immune_evasion_antigen_presentation	HLA_A	TYR_2	740	0.5642180658632479	True
guide	immune_evasion_antigen_presentation	HLA_A	TYR_3	740	0.5652250366871832	True
guide	immune_evasion_antigen_presentation	HLA_A	UBA52_3	740	0.5669002909655285	True
guide	immune_evasion_antigen_presentation	HLA_A	UBC_1	740	0.5653702307217014	True
guide	immune_evasion_antigen_presentation	HLA_A	UBC_3	740	0.5650560927820383	True
guide	immune_evasion_antigen_presentation	HLA_A	UCN2_1	740	0.5654147987457581	True
guide	immune_evasion_antigen_presentation	HLA_A	UCN2_2	740	0.5645977380469226	True
guide	immune_evasion_antigen_presentation	HLA_A	UCN2_3	740	0.5649337009923863	True
guide	immune_evasion_antigen_presentation	HLA_A	UQCRFS1_1	740	0.5641398867379923	True
guide	immune_evasion_antigen_presentation	HLA_A	UQCRFS1_2	740	0.5662037564181286	True
guide	immune_evasion_antigen_presentation	HLA_A	UQCRFS1_3	740	0.5637800258553766	True
guide	immune_evasion_antigen_presentation	HLA_A	UQCRH_1	740	0.5646875848143564	True
guide	immune_evasion_antigen_presentation	HLA_A	UQCRH_2	740	0.565006401656213	True
guide	immune_evasion_antigen_presentation	HLA_A	UQCRH_3	740	0.5633914992935005	True
guide	immune_evasion_antigen_presentation	HLA_A	VAT1_1	740	0.5657628439196704	True
guide	immune_evasion_antigen_presentation	HLA_A	VAT1_2	740	0.5655744440731265	True
guide	immune_evasion_antigen_presentation	HLA_A	VAT1_3	740	0.5659011084408136	True
guide	immune_evasion_antigen_presentation	HLA_A	VDAC2_1	740	0.5641327499314822	True
guide	immune_evasion_antigen_presentation	HLA_A	VDAC2_2	740	0.564840389468265	True
guide	immune_evasion_antigen_presentation	HLA_A	VDAC2_3	740	0.5645587077109049	True
guide	immune_evasion_antigen_presentation	HLA_A	WBP2_1	740	0.5654736107695298	True
guide	immune_evasion_antigen_presentation	HLA_A	WBP2_2	740	0.5636634678868139	True
guide	immune_evasion_antigen_presentation	HLA_A	WBP2_3	740	0.5649383798945796	True
guide	immune_evasion_antigen_presentation	HLA_A	WNT7A_1	740	0.5670213205431495	True
guide	immune_evasion_antigen_presentation	HLA_A	WNT7A_2	740	0.5634854919236373	True
guide	immune_evasion_antigen_presentation	HLA_A	WNT7A_3	740	0.5643067280984808	True
guide	immune_evasion_antigen_presentation	HLA_A	XAGE1A_1	740	0.5649520612414993	True
guide	immune_evasion_antigen_presentation	HLA_A	XAGE1A_2	740	0.5650748380041165	True
guide	immune_evasion_antigen_presentation	HLA_A	XAGE1A_3	740	0.5645594776568353	True
guide	immune_evasion_antigen_presentation	CD274	A2M_1	740	0.47646247157677973	True
guide	immune_evasion_antigen_presentation	CD274	A2M_2	740	0.47657775617322656	True
guide	immune_evasion_antigen_presentation	CD274	A2M_3	740	0.4774112818696537	True
guide	immune_evasion_antigen_presentation	CD274	ACSL3_1	740	0.47712604651569107	True
guide	immune_evasion_antigen_presentation	CD274	ACSL3_2	740	0.4758582713144354	True
guide	immune_evasion_antigen_presentation	CD274	ACSL3_3	740	0.4756205060884215	True
guide	immune_evasion_antigen_presentation	CD274	ACTA2_1	740	0.47733784087320164	True
guide	immune_evasion_antigen_presentation	CD274	ACTA2_2	740	0.47665599452509216	True
guide	immune_evasion_antigen_presentation	CD274	ACTA2_3	740	0.47678451626888346	True
guide	immune_evasion_antigen_presentation	CD274	AEBP1_1	740	0.4767776163688136	True
guide	immune_evasion_antigen_presentation	CD274	AEBP1_2	740	0.47655622730047625	True
guide	immune_evasion_antigen_presentation	CD274	AEBP1_3	740	0.47737124468126535	True
guide	immune_evasion_antigen_presentation	CD274	AGA_1	740	0.47749354763100216	True
guide	immune_evasion_antigen_presentation	CD274	AGA_2	740	0.47666597420888424	True
guide	immune_evasion_antigen_presentation	CD274	AGA_3	740	0.47693122058195764	True
guide	immune_evasion_antigen_presentation	CD274	AHNAK_1	740	0.4748058736805977	True
guide	immune_evasion_antigen_presentation	CD274	AHNAK_2	740	0.4760057751867452	True
guide	immune_evasion_antigen_presentation	CD274	AHNAK_3	740	0.4764303411408319	True
guide	immune_evasion_antigen_presentation	CD274	APOC2_1	740	0.4767530965522562	True
guide	immune_evasion_antigen_presentation	CD274	APOC2_2	740	0.4760352700385462	True
guide	immune_evasion_antigen_presentation	CD274	APOC2_3	740	0.475739373894776	True
guide	immune_evasion_antigen_presentation	CD274	APOD_1	740	0.4760004744051464	True
guide	immune_evasion_antigen_presentation	CD274	APOD_2	740	0.47665874856245916	True
guide	immune_evasion_antigen_presentation	CD274	APOD_3	740	0.47577976644282466	True
guide	immune_evasion_antigen_presentation	CD274	APOE_1	740	0.47528507618244825	True
guide	immune_evasion_antigen_presentation	CD274	APOE_2	740	0.47725237687491084	True
guide	immune_evasion_antigen_presentation	CD274	APOE_3	740	0.47650111693983216	True
guide	immune_evasion_antigen_presentation	CD274	ARMC6_1	740	0.4758406810112529	True
guide	immune_evasion_antigen_presentation	CD274	ARMC6_2	740	0.4768310387710715	True
guide	immune_evasion_antigen_presentation	CD274	ARMC6_3	740	0.4755319623064086	True
guide	immune_evasion_antigen_presentation	CD274	ATP1B1_1	740	0.4767222987150343	True
guide	immune_evasion_antigen_presentation	CD274	ATP1B1_2	740	0.47790905191375244	True
guide	immune_evasion_antigen_presentation	CD274	ATP1B1_3	740	0.4769983243311354	True
guide	immune_evasion_antigen_presentation	CD274	ATP5MD_1	740	0.47868808912894095	True
guide	immune_evasion_antigen_presentation	CD274	ATP5MD_2	740	0.4763339498329884	True
guide	immune_evasion_antigen_presentation	CD274	ATP5MD_3	740	0.4766306455359941	True
guide	immune_evasion_antigen_presentation	CD274	B2M_1	740	0.4787814598796723	True
guide	immune_evasion_antigen_presentation	CD274	B2M_2	740	0.4789944683826886	True
guide	immune_evasion_antigen_presentation	CD274	B2M_3	740	0.4776315160190952	True
guide	immune_evasion_antigen_presentation	CD274	BOLA2B_1	740	0.4761417298700968	True
guide	immune_evasion_antigen_presentation	CD274	BOLA2B_2	740	0.4746350641372364	True
guide	immune_evasion_antigen_presentation	CD274	BOLA2B_3	740	0.4750577940664117	True
guide	immune_evasion_antigen_presentation	CD274	BOLA2_1	740	0.4789737686824789	True
guide	immune_evasion_antigen_presentation	CD274	BOLA2_2	740	0.4755109664731486	True
guide	immune_evasion_antigen_presentation	CD274	BOLA2_3	740	0.47496859879168835	True
guide	immune_evasion_antigen_presentation	CD274	BZW2_1	740	0.4766576824834784	True
guide	immune_evasion_antigen_presentation	CD274	BZW2_2	740	0.47620868555274937	True
guide	immune_evasion_antigen_presentation	CD274	BZW2_3	740	0.47825742283401995	True
guide	immune_evasion_antigen_presentation	CD274	C19orf48_1	740	0.47664269815113774	True
guide	immune_evasion_antigen_presentation	CD274	C19orf48_2	740	0.475770379025133	True
guide	immune_evasion_antigen_presentation	CD274	C19orf48_3	740	0.47799596696398916	True
guide	immune_evasion_antigen_presentation	CD274	C1QBP_1	740	0.4760982279250209	True
guide	immune_evasion_antigen_presentation	CD274	C1QBP_2	740	0.4773380481663367	True
guide	immune_evasion_antigen_presentation	CD274	C1QBP_3	740	0.4771402609021012	True
guide	immune_evasion_antigen_presentation	CD274	C6orf226_1	740	0.47692674897289955	True
guide	immune_evasion_antigen_presentation	CD274	C6orf226_2	740	0.4751182940485697	True
guide	immune_evasion_antigen_presentation	CD274	C6orf226_3	740	0.4753208786682186	True
guide	immune_evasion_antigen_presentation	CD274	CCND1_1	740	0.4768344443011489	True
guide	immune_evasion_antigen_presentation	CD274	CCND1_2	740	0.47539052916162816	True
guide	immune_evasion_antigen_presentation	CD274	CCND1_3	740	0.47525004364260826	True
guide	immune_evasion_antigen_presentation	CD274	CCND2_1	740	0.475693058685723	True
guide	immune_evasion_antigen_presentation	CD274	CCND2_2	740	0.4756088976728533	True
guide	immune_evasion_antigen_presentation	CD274	CCND2_3	740	0.47566157974248563	True
guide	immune_evasion_antigen_presentation	CD274	CCR10_1	740	0.47775097609155015	True
guide	immune_evasion_antigen_presentation	CD274	CCR10_2	740	0.47708977021704035	True
guide	immune_evasion_antigen_presentation	CD274	CCR10_3	740	0.477306006570304	True
guide	immune_evasion_antigen_presentation	CD274	CCT3_2	740	0.4765031898711836	True
guide	immune_evasion_antigen_presentation	CD274	CCT3_3	740	0.47543542293204	True
guide	immune_evasion_antigen_presentation	CD274	CD151_1	740	0.47675220815310554	True
guide	immune_evasion_antigen_presentation	CD274	CD151_2	740	0.47717108835262817	True
guide	immune_evasion_antigen_presentation	CD274	CD151_3	740	0.4766478804795164	True
guide	immune_evasion_antigen_presentation	CD274	CD274_1	740	0.47763438850968226	True
guide	immune_evasion_antigen_presentation	CD274	CD274_2	740	0.47700315129985377	True
guide	immune_evasion_antigen_presentation	CD274	CD274_3	740	0.4754826857668535	True
guide	immune_evasion_antigen_presentation	CD274	CD44_1	740	0.4751925049909524	True
guide	immune_evasion_antigen_presentation	CD274	CD44_2	740	0.4751227952709329	True
guide	immune_evasion_antigen_presentation	CD274	CD44_3	740	0.4765409764483904	True
guide	immune_evasion_antigen_presentation	CD274	CD47_1	740	0.47684377249223053	True
guide	immune_evasion_antigen_presentation	CD274	CD47_2	740	0.4756890016629351	True
guide	immune_evasion_antigen_presentation	CD274	CD47_3	740	0.4764509816144315	True
guide	immune_evasion_antigen_presentation	CD274	CD58_1	740	0.47650342677762375	True
guide	immune_evasion_antigen_presentation	CD274	CD58_2	740	0.4763347197789189	True
guide	immune_evasion_antigen_presentation	CD274	CD58_3	740	0.4753850210868942	True
guide	immune_evasion_antigen_presentation	CD274	CD59_1	740	0.4755993325753314	True
guide	immune_evasion_antigen_presentation	CD274	CD59_2	740	0.47673444017009287	True
guide	immune_evasion_antigen_presentation	CD274	CD59_3	740	0.47588800307267654	True
guide	immune_evasion_antigen_presentation	CD274	CD63_1	740	0.4796318355466564	True
guide	immune_evasion_antigen_presentation	CD274	CD63_2	740	0.47619269436803796	True
guide	immune_evasion_antigen_presentation	CD274	CD63_3	740	0.4772267021394576	True
guide	immune_evasion_antigen_presentation	CD274	CDC123_2	740	0.47629900613306353	True
guide	immune_evasion_antigen_presentation	CD274	CDH19_1	740	0.4758719526613552	True
guide	immune_evasion_antigen_presentation	CD274	CDH19_2	740	0.47714097162142177	True
guide	immune_evasion_antigen_presentation	CD274	CDH19_3	740	0.4780510180980233	True
guide	immune_evasion_antigen_presentation	CD274	CDK4_1	740	0.4761456388263596	True
guide	immune_evasion_antigen_presentation	CD274	CDK4_2	740	0.4764471614980838	True
guide	immune_evasion_antigen_presentation	CD274	CDK4_3	740	0.4767423173092285	True
guide	immune_evasion_antigen_presentation	CD274	CDK6_1	740	0.4755862434945121	True
guide	immune_evasion_antigen_presentation	CD274	CDK6_2	740	0.4796641436624343	True
guide	immune_evasion_antigen_presentation	CD274	CDK6_3	740	0.4781806947607104	True
guide	immune_evasion_antigen_presentation	CD274	CDKN1A_1	740	0.4766492723048524	True
guide	immune_evasion_antigen_presentation	CD274	CDKN1A_2	740	0.4765029825780485	True
guide	immune_evasion_antigen_presentation	CD274	CDKN1A_3	740	0.4761999200144631	True
guide	immune_evasion_antigen_presentation	CD274	CDKN2A_1	740	0.4763042180747473	True
guide	immune_evasion_antigen_presentation	CD274	CDKN2A_2	740	0.477918320878224	True
guide	immune_evasion_antigen_presentation	CD274	CDKN2A_3	740	0.4767308865734904	True
guide	immune_evasion_antigen_presentation	CD274	CDKN2B_1	740	0.4753977548080532	True
guide	immune_evasion_antigen_presentation	CD274	CDKN2B_2	740	0.4751191824477203	True
guide	immune_evasion_antigen_presentation	CD274	CDKN2B_3	740	0.4768184827297426	True
guide	immune_evasion_antigen_presentation	CD274	CGAS_1	740	0.47570721384552306	True
guide	immune_evasion_antigen_presentation	CD274	CGAS_2	740	0.4783329071485185	True
guide	immune_evasion_antigen_presentation	CD274	CGAS_3	740	0.476657179057293	True
guide	immune_evasion_antigen_presentation	CD274	CHCHD2_1	740	0.4766720449364135	True
guide	immune_evasion_antigen_presentation	CD274	CHCHD2_2	740	0.47684036696215315	True
guide	immune_evasion_antigen_presentation	CD274	CHCHD2_3	740	0.47705337546516946	True
guide	immune_evasion_antigen_presentation	CD274	CITED1_1	740	0.47769154218837284	True
guide	immune_evasion_antigen_presentation	CD274	CITED1_2	740	0.4766963870731408	True
guide	immune_evasion_antigen_presentation	CD274	CITED1_3	740	0.47666034768093024	True
guide	immune_evasion_antigen_presentation	CD274	CKS1B_1	740	0.47894981151871685	True
guide	immune_evasion_antigen_presentation	CD274	CKS1B_2	740	0.476854166762293	True
guide	immune_evasion_antigen_presentation	CD274	CKS1B_3	740	0.47637795520424964	True
guide	immune_evasion_antigen_presentation	CD274	CMSS1_1	740	0.4761502288886378	True
guide	immune_evasion_antigen_presentation	CD274	CMSS1_2	740	0.47771934908178765	True
guide	immune_evasion_antigen_presentation	CD274	CMSS1_3	740	0.47688075951020187	True
guide	immune_evasion_antigen_presentation	CD274	CORO1A_1	740	0.4762148747334987	True
guide	immune_evasion_antigen_presentation	CD274	CORO1A_2	740	0.47605437062028466	True
guide	immune_evasion_antigen_presentation	CD274	CORO1A_3	740	0.4764187327252636	True
guide	immune_evasion_antigen_presentation	CD274	CSPG4_1	740	0.4765315594173937	True
guide	immune_evasion_antigen_presentation	CD274	CSPG4_2	740	0.47737944756675615	True
guide	immune_evasion_antigen_presentation	CD274	CSPG4_3	740	0.4763492006850742	True
guide	immune_evasion_antigen_presentation	CD274	CST3_1	740	0.4772410942056979	True
guide	immune_evasion_antigen_presentation	CD274	CST3_2	740	0.4748792850637448	True
guide	immune_evasion_antigen_presentation	CD274	CST3_3	740	0.47932672966502465	True
guide	immune_evasion_antigen_presentation	CD274	CTPS1_1	740	0.47719851027307764	True
guide	immune_evasion_antigen_presentation	CD274	CTPS1_2	740	0.48021720174700727	True
guide	immune_evasion_antigen_presentation	CD274	CTPS1_3	740	0.47638968207303795	True
guide	immune_evasion_antigen_presentation	CD274	CTSA_1	740	0.47653324737577996	True
guide	immune_evasion_antigen_presentation	CD274	CTSA_2	740	0.47519505173518417	True
guide	immune_evasion_antigen_presentation	CD274	CTSA_3	740	0.47753456205845635	True
guide	immune_evasion_antigen_presentation	CD274	CTSB_1	740	0.47662087314533724	True
guide	immune_evasion_antigen_presentation	CD274	CTSB_2	740	0.4763729801690061	True
guide	immune_evasion_antigen_presentation	CD274	CTSB_3	740	0.4764018235280965	True
guide	immune_evasion_antigen_presentation	CD274	CTSD_1	740	0.47664791009282137	True
guide	immune_evasion_antigen_presentation	CD274	CTSD_2	740	0.4766160461766188	True
guide	immune_evasion_antigen_presentation	CD274	CTSD_3	740	0.47597263789842664	True
guide	immune_evasion_antigen_presentation	CD274	CTSL_1	740	0.4767371645941548	True
guide	immune_evasion_antigen_presentation	CD274	CTSL_2	740	0.47567866661948277	True
guide	immune_evasion_antigen_presentation	CD274	CTSL_3	740	0.4767748327181416	True
guide	immune_evasion_antigen_presentation	CD274	CTSO_1	740	0.4763336536999382	True
guide	immune_evasion_antigen_presentation	CD274	CTSO_2	740	0.47644200878301013	True
guide	immune_evasion_antigen_presentation	CD274	CTSO_3	740	0.4765339284817955	True
guide	immune_evasion_antigen_presentation	CD274	CXCR4_1	740	0.4760859680167422	True
guide	immune_evasion_antigen_presentation	CD274	CXCR4_2	740	0.4759207257747248	True
guide	immune_evasion_antigen_presentation	CD274	CXCR4_3	740	0.47786945892493926	True
guide	immune_evasion_antigen_presentation	CD274	CYP27A1_1	740	0.4775034088615743	True
guide	immune_evasion_antigen_presentation	CD274	CYP27A1_2	740	0.47792057148940564	True
guide	immune_evasion_antigen_presentation	CD274	CYP27A1_3	740	0.4764893308444338	True
guide	immune_evasion_antigen_presentation	CD274	DAG1_1	740	0.4780234777243537	True
guide	immune_evasion_antigen_presentation	CD274	DAG1_2	740	0.4768758437015683	True
guide	immune_evasion_antigen_presentation	CD274	DAG1_3	740	0.47661237412679613	True
guide	immune_evasion_antigen_presentation	CD274	DDR1_1	740	0.4750478143826196	True
guide	immune_evasion_antigen_presentation	CD274	DDR1_2	740	0.4765810136367789	True
guide	immune_evasion_antigen_presentation	CD274	DDR1_3	740	0.47683607303292513	True
guide	immune_evasion_antigen_presentation	CD274	DDX17_1	740	0.47891169919515475	True
guide	immune_evasion_antigen_presentation	CD274	DDX17_2	740	0.4764648110278763	True
guide	immune_evasion_antigen_presentation	CD274	DDX17_3	740	0.4750054969697445	True
guide	immune_evasion_antigen_presentation	CD274	DDX39A_1	740	0.4747410501559066	True
guide	immune_evasion_antigen_presentation	CD274	DDX39A_2	740	0.4772894823461022	True
guide	immune_evasion_antigen_presentation	CD274	DDX39A_3	740	0.4747768822549821	True
guide	immune_evasion_antigen_presentation	CD274	DLL3_1	740	0.47585936700672116	True
guide	immune_evasion_antigen_presentation	CD274	DLL3_2	740	0.47680074436003494	True
guide	immune_evasion_antigen_presentation	CD274	DLL3_3	740	0.47659309586522747	True
guide	immune_evasion_antigen_presentation	CD274	DNMT1_1	740	0.4779893039703595	True
guide	immune_evasion_antigen_presentation	CD274	DNMT1_3	740	0.4745899334603843	True
guide	immune_evasion_antigen_presentation	CD274	E2F1_1	740	0.47571740082245034	True
guide	immune_evasion_antigen_presentation	CD274	E2F1_2	740	0.476125087192675	True
guide	immune_evasion_antigen_presentation	CD274	E2F1_3	740	0.475121551512122	True
guide	immune_evasion_antigen_presentation	CD274	EEA1_1	740	0.47617418605239986	True
guide	immune_evasion_antigen_presentation	CD274	EEA1_2	740	0.47676698519231103	True
guide	immune_evasion_antigen_presentation	CD274	EEA1_3	740	0.47708411407578133	True
guide	immune_evasion_antigen_presentation	CD274	EEF1G_2	740	0.479755086122154	True
guide	immune_evasion_antigen_presentation	CD274	EIF3K_1	740	0.4766242490621096	True
guide	immune_evasion_antigen_presentation	CD274	EIF3K_2	740	0.47471253254317136	True
guide	immune_evasion_antigen_presentation	CD274	EIF3K_3	740	0.4768248495903221	True
guide	immune_evasion_antigen_presentation	CD274	EIF4A1_1	740	0.4744509878332255	True
guide	immune_evasion_antigen_presentation	CD274	EIF4A1_3	740	0.47895277284921894	True
guide	immune_evasion_antigen_presentation	CD274	EMP1_1	740	0.4777292991522747	True
guide	immune_evasion_antigen_presentation	CD274	EMP1_2	740	0.47661986629296654	True
guide	immune_evasion_antigen_presentation	CD274	EMP1_3	740	0.4767135924033581	True
guide	immune_evasion_antigen_presentation	CD274	ENPP1_1	740	0.4764907226697698	True
guide	immune_evasion_antigen_presentation	CD274	ENPP1_2	740	0.4764560158762851	True
guide	immune_evasion_antigen_presentation	CD274	ENPP1_3	740	0.4769794014292269	True
guide	immune_evasion_antigen_presentation	CD274	EVA1A_1	740	0.4801428131247945	True
guide	immune_evasion_antigen_presentation	CD274	EVA1A_2	740	0.47635648555810933	True
guide	immune_evasion_antigen_presentation	CD274	EVA1A_3	740	0.4768197264885535	True
guide	immune_evasion_antigen_presentation	CD274	FBL_2	740	0.47718450317980265	True
guide	immune_evasion_antigen_presentation	CD274	FBL_3	740	0.4764836747031747	True
guide	immune_evasion_antigen_presentation	CD274	FBXO32_1	740	0.47577215582343424	True
guide	immune_evasion_antigen_presentation	CD274	FBXO32_2	740	0.47778858498892685	True
guide	immune_evasion_antigen_presentation	CD274	FBXO32_3	740	0.4793914347364956	True
guide	immune_evasion_antigen_presentation	CD274	FGFR1_1	740	0.4765938065845479	True
guide	immune_evasion_antigen_presentation	CD274	FGFR1_2	740	0.47815842555533455	True
guide	immune_evasion_antigen_presentation	CD274	FGFR1_3	740	0.4774826795480595	True
guide	immune_evasion_antigen_presentation	CD274	FKBP4_1	740	0.4755669948462484	True
guide	immune_evasion_antigen_presentation	CD274	FKBP4_2	740	0.47537661090826816	True
guide	immune_evasion_antigen_presentation	CD274	FKBP4_3	740	0.4786256642819565	True
guide	immune_evasion_antigen_presentation	CD274	FMN1_1	740	0.47711976849502663	True
guide	immune_evasion_antigen_presentation	CD274	FMN1_2	740	0.47605120199664747	True
guide	immune_evasion_antigen_presentation	CD274	FMN1_3	740	0.47684454243816116	True
guide	immune_evasion_antigen_presentation	CD274	FOS_1	740	0.4765861663518526	True
guide	immune_evasion_antigen_presentation	CD274	FOS_2	740	0.47683112761098656	True
guide	immune_evasion_antigen_presentation	CD274	FOS_3	740	0.47652948648604226	True
guide	immune_evasion_antigen_presentation	CD274	FOXM1_1	740	0.47747349942350303	True
guide	immune_evasion_antigen_presentation	CD274	FOXM1_2	740	0.4763086304571954	True
guide	immune_evasion_antigen_presentation	CD274	FOXM1_3	740	0.475498736178175	True
guide	immune_evasion_antigen_presentation	CD274	FRZB_1	740	0.4768600005833821	True
guide	immune_evasion_antigen_presentation	CD274	FRZB_2	740	0.47748584817169676	True
guide	immune_evasion_antigen_presentation	CD274	FRZB_3	740	0.4788687895161793	True
guide	immune_evasion_antigen_presentation	CD274	FSTL3_1	740	0.4767347955297531	True
guide	immune_evasion_antigen_presentation	CD274	FSTL3_2	740	0.4755334725849646	True
guide	immune_evasion_antigen_presentation	CD274	FSTL3_3	740	0.4750180233977685	True
guide	immune_evasion_antigen_presentation	CD274	FTH1_1	740	0.4760978725653606	True
guide	immune_evasion_antigen_presentation	CD274	GAA_1	740	0.47530287377876584	True
guide	immune_evasion_antigen_presentation	CD274	GAA_2	740	0.4758758616176178	True
guide	immune_evasion_antigen_presentation	CD274	GAA_3	740	0.47661776374831	True
guide	immune_evasion_antigen_presentation	CD274	GAS5_1	740	0.47587994825371077	True
guide	immune_evasion_antigen_presentation	CD274	GAS5_2	740	0.4773485312763142	True
guide	immune_evasion_antigen_presentation	CD274	GAS5_3	740	0.4756216017807072	True
guide	immune_evasion_antigen_presentation	CD274	GPATCH4_1	740	0.4763678866805425	True
guide	immune_evasion_antigen_presentation	CD274	GPATCH4_2	740	0.479992999414693	True
guide	immune_evasion_antigen_presentation	CD274	GPATCH4_3	740	0.4768916572064496	True
guide	immune_evasion_antigen_presentation	CD274	GPI_2	740	0.4750468667568589	True
guide	immune_evasion_antigen_presentation	CD274	GPNMB_1	740	0.47690821104395636	True
guide	immune_evasion_antigen_presentation	CD274	GPNMB_2	740	0.47716469187874355	True
guide	immune_evasion_antigen_presentation	CD274	GPNMB_3	740	0.47618908154482537	True
guide	immune_evasion_antigen_presentation	CD274	GRN_1	740	0.4760013331909921	True
guide	immune_evasion_antigen_presentation	CD274	GRN_2	740	0.47701085075915933	True
guide	immune_evasion_antigen_presentation	CD274	GRN_3	740	0.47711026262411493	True
guide	immune_evasion_antigen_presentation	CD274	GSEC_1	740	0.4750333927030743	True
guide	immune_evasion_antigen_presentation	CD274	GSEC_2	740	0.47855420737694077	True
guide	immune_evasion_antigen_presentation	CD274	GSEC_3	740	0.4770502956814473	True
guide	immune_evasion_antigen_presentation	CD274	GSN_1	740	0.47719599314215083	True
guide	immune_evasion_antigen_presentation	CD274	GSN_2	740	0.47640975989384227	True
guide	immune_evasion_antigen_presentation	CD274	GSN_3	740	0.4768144257069547	True
guide	immune_evasion_antigen_presentation	CD274	HASPIN_1	740	0.4786483184602977	True
guide	immune_evasion_antigen_presentation	CD274	HASPIN_2	740	0.48056788250506643	True
guide	immune_evasion_antigen_presentation	CD274	HASPIN_3	740	0.4770324980851296	True
guide	immune_evasion_antigen_presentation	CD274	HLA-A_1	740	0.47546589502290665	True
guide	immune_evasion_antigen_presentation	CD274	HLA-A_2	740	0.4752994682486884	True
guide	immune_evasion_antigen_presentation	CD274	HLA-A_3	740	0.4765904306677756	True
guide	immune_evasion_antigen_presentation	CD274	HLA-B_1	740	0.47686595285769134	True
guide	immune_evasion_antigen_presentation	CD274	HLA-B_2	740	0.4813097254091485	True
guide	immune_evasion_antigen_presentation	CD274	HLA-B_3	740	0.4768374352449561	True
guide	immune_evasion_antigen_presentation	CD274	HLA-C_1	740	0.4765139987275163	True
guide	immune_evasion_antigen_presentation	CD274	HLA-C_2	740	0.4787989021163297	True
guide	immune_evasion_antigen_presentation	CD274	HLA-C_3	740	0.4790671394332103	True
guide	immune_evasion_antigen_presentation	CD274	HLA-DRB5_1	740	0.47688993963475834	True
guide	immune_evasion_antigen_presentation	CD274	HLA-DRB5_2	740	0.4756362307533877	True
guide	immune_evasion_antigen_presentation	CD274	HLA-DRB5_3	740	0.47916924610892275	True
guide	immune_evasion_antigen_presentation	CD274	HLA-E_1	740	0.47530903334621016	True
guide	immune_evasion_antigen_presentation	CD274	HLA-E_2	740	0.47649098918951494	True
guide	immune_evasion_antigen_presentation	CD274	HLA-E_3	740	0.4759298762859763	True
guide	immune_evasion_antigen_presentation	CD274	HLA-F_1	740	0.47739712670985374	True
guide	immune_evasion_antigen_presentation	CD274	HLA-F_2	740	0.4760165840430779	True
guide	immune_evasion_antigen_presentation	CD274	HLA-F_3	740	0.4756076835273474	True
guide	immune_evasion_antigen_presentation	CD274	HLA-H_1	740	0.47527053604968283	True
guide	immune_evasion_antigen_presentation	CD274	HLA-H_2	740	0.4765847449132115	True
guide	immune_evasion_antigen_presentation	CD274	HLA-H_3	740	0.4774996479718365	True
guide	immune_evasion_antigen_presentation	CD274	HNRNPA1_1	740	0.4749714416689703	True
guide	immune_evasion_antigen_presentation	CD274	HNRNPA1_2	740	0.475892830041395	True
guide	immune_evasion_antigen_presentation	CD274	HNRNPA1_3	740	0.4773422828689548	True
guide	immune_evasion_antigen_presentation	CD274	HNRNPC_2	740	0.47664080289961636	True
guide	immune_evasion_antigen_presentation	CD274	HSPA1A_1	740	0.4761252944858101	True
guide	immune_evasion_antigen_presentation	CD274	HSPA1A_2	740	0.4764404985044541	True
guide	immune_evasion_antigen_presentation	CD274	HSPA1A_3	740	0.4762023186921699	True
guide	immune_evasion_antigen_presentation	CD274	IDH2_1	740	0.47679061660971783	True
guide	immune_evasion_antigen_presentation	CD274	IDH2_2	740	0.47662111005177743	True
guide	immune_evasion_antigen_presentation	CD274	IDH2_3	740	0.4763765041523036	True
guide	immune_evasion_antigen_presentation	CD274	IDI2-AS1_1	740	0.47768354659601725	True
guide	immune_evasion_antigen_presentation	CD274	IDI2-AS1_2	740	0.476688154574345	True
guide	immune_evasion_antigen_presentation	CD274	IDI2-AS1_3	740	0.47563747451219857	True
guide	immune_evasion_antigen_presentation	CD274	IFNGR1_1	740	0.47443665499359544	True
guide	immune_evasion_antigen_presentation	CD274	IFNGR1_2	740	0.47443665499359544	True
guide	immune_evasion_antigen_presentation	CD274	IFNGR1_3	740	0.47443632924724016	True
guide	immune_evasion_antigen_presentation	CD274	IFNGR2_1	740	0.4744419853884992	True
guide	immune_evasion_antigen_presentation	CD274	IFNGR2_2	740	0.47443647731376526	True
guide	immune_evasion_antigen_presentation	CD274	IFNGR2_3	740	0.47443632924724016	True
guide	immune_evasion_antigen_presentation	CD274	ILF2_2	740	0.4748610136545469	True
guide	immune_evasion_antigen_presentation	CD274	ILF2_3	740	0.47507757575416576	True
guide	immune_evasion_antigen_presentation	CD274	IRF3_1	740	0.4760170578559582	True
guide	immune_evasion_antigen_presentation	CD274	IRF3_2	740	0.47575897790269983	True
guide	immune_evasion_antigen_presentation	CD274	IRF3_3	740	0.4763976776653936	True
guide	immune_evasion_antigen_presentation	CD274	IRF4_1	740	0.47611253115134605	True
guide	immune_evasion_antigen_presentation	CD274	IRF4_2	740	0.476619214800256	True
guide	immune_evasion_antigen_presentation	CD274	IRF4_3	740	0.47562743560179643	True
guide	immune_evasion_antigen_presentation	CD274	ISYNA1_1	740	0.47662883912438786	True
guide	immune_evasion_antigen_presentation	CD274	ISYNA1_2	740	0.47636933773248846	True
guide	immune_evasion_antigen_presentation	CD274	ISYNA1_3	740	0.475145508675884	True
guide	immune_evasion_antigen_presentation	CD274	ITGA3_1	740	0.4773689348434737	True
guide	immune_evasion_antigen_presentation	CD274	ITGA3_2	740	0.4765062696549058	True
guide	immune_evasion_antigen_presentation	CD274	ITGA3_3	740	0.47757815284344735	True
guide	immune_evasion_antigen_presentation	CD274	JAK1_1	740	0.4744442063863758	True
guide	immune_evasion_antigen_presentation	CD274	JAK1_2	740	0.4744419853884992	True
guide	immune_evasion_antigen_presentation	CD274	JAK1_3	740	0.47443733609961086	True
guide	immune_evasion_antigen_presentation	CD274	JAK2_1	740	0.47443671422020545	True
guide	immune_evasion_antigen_presentation	CD274	JAK2_2	740	0.47444225190824435	True
guide	immune_evasion_antigen_presentation	CD274	JAK2_3	740	0.47443624040732507	True
guide	immune_evasion_antigen_presentation	CD274	JMJD7_1	740	0.4767857896409993	True
guide	immune_evasion_antigen_presentation	CD274	JMJD7_2	740	0.47667198570980357	True
guide	immune_evasion_antigen_presentation	CD274	JMJD7_3	740	0.4759742074035927	True
guide	immune_evasion_antigen_presentation	CD274	JPT1_1	740	0.4757849191578983	True
guide	immune_evasion_antigen_presentation	CD274	JPT1_3	740	0.47624804163512235	True
guide	immune_evasion_antigen_presentation	CD274	KCNN4_1	740	0.4766349394652222	True
guide	immune_evasion_antigen_presentation	CD274	KCNN4_2	740	0.4762761446615873	True
guide	immune_evasion_antigen_presentation	CD274	KCNN4_3	740	0.475341223008768	True
guide	immune_evasion_antigen_presentation	CD274	KDR_1	740	0.4766803662751245	True
guide	immune_evasion_antigen_presentation	CD274	KDR_2	740	0.4756760606486409	True
guide	immune_evasion_antigen_presentation	CD274	KDR_3	740	0.476657119830683	True
guide	immune_evasion_antigen_presentation	CD274	KLF4_1	740	0.4746618049516703	True
guide	immune_evasion_antigen_presentation	CD274	KLF4_2	740	0.47669570596712535	True
guide	immune_evasion_antigen_presentation	CD274	KLF4_3	740	0.47611581822820337	True
guide	immune_evasion_antigen_presentation	CD274	LAMP2_1	740	0.477139994382356	True
guide	immune_evasion_antigen_presentation	CD274	LAMP2_2	740	0.4787031030745866	True
guide	immune_evasion_antigen_presentation	CD274	LAMP2_3	740	0.47502649280300446	True
guide	immune_evasion_antigen_presentation	CD274	LCP1_1	740	0.4763858915699953	True
guide	immune_evasion_antigen_presentation	CD274	LCP1_2	740	0.4766287502844728	True
guide	immune_evasion_antigen_presentation	CD274	LCP1_3	740	0.47554274154943627	True
guide	immune_evasion_antigen_presentation	CD274	LEF1-AS1_1	740	0.4768313941307318	True
guide	immune_evasion_antigen_presentation	CD274	LEF1-AS1_2	740	0.4778792905422063	True
guide	immune_evasion_antigen_presentation	CD274	LEF1-AS1_3	740	0.4759668336906425	True
guide	immune_evasion_antigen_presentation	CD274	LGALS3BP_1	740	0.4765257848229147	True
guide	immune_evasion_antigen_presentation	CD274	LGALS3BP_2	740	0.47638757952838146	True
guide	immune_evasion_antigen_presentation	CD274	LGALS3BP_3	740	0.4781677537464163	True
guide	immune_evasion_antigen_presentation	CD274	LGALS3_1	740	0.47700007151613166	True
guide	immune_evasion_antigen_presentation	CD274	LGALS3_2	740	0.47661358827230205	True
guide	immune_evasion_antigen_presentation	CD274	LGALS3_3	740	0.47793244642471905	True
guide	immune_evasion_antigen_presentation	CD274	LINC00518_1	740	0.47583416608414825	True
guide	immune_evasion_antigen_presentation	CD274	LINC00518_2	740	0.476049099451991	True
guide	immune_evasion_antigen_presentation	CD274	LINC00518_3	740	0.47637490503383245	True
guide	immune_evasion_antigen_presentation	CD274	LRPAP1_1	740	0.47635568599887385	True
guide	immune_evasion_antigen_presentation	CD274	LRPAP1_2	740	0.4750640424737711	True
guide	immune_evasion_antigen_presentation	CD274	LRPAP1_3	740	0.4777565730061991	True
guide	immune_evasion_antigen_presentation	CD274	LRRC75A-AS1_1	740	0.4757897165133117	True
guide	immune_evasion_antigen_presentation	CD274	LRRC75A-AS1_2	740	0.47818812770027064	True
guide	immune_evasion_antigen_presentation	CD274	LRRC75A-AS1_3	740	0.47495302219324725	True
guide	immune_evasion_antigen_presentation	CD274	LY96_1	740	0.4759790343723112	True
guide	immune_evasion_antigen_presentation	CD274	LY96_2	740	0.47764004465094134	True
guide	immune_evasion_antigen_presentation	CD274	LY96_3	740	0.47462899340970705	True
guide	immune_evasion_antigen_presentation	CD274	MC1R_1	740	0.4775998593960277	True
guide	immune_evasion_antigen_presentation	CD274	MC1R_2	740	0.47614803750406626	True
guide	immune_evasion_antigen_presentation	CD274	MC1R_3	740	0.4747085051336885	True
guide	immune_evasion_antigen_presentation	CD274	MDH2_1	740	0.4748422092058585	True
guide	immune_evasion_antigen_presentation	CD274	MDH2_2	740	0.4746019268489178	True
guide	immune_evasion_antigen_presentation	CD274	MDH2_3	740	0.47615976437285457	True
guide	immune_evasion_antigen_presentation	CD274	MFGE8_1	740	0.4766179118148351	True
guide	immune_evasion_antigen_presentation	CD274	MFGE8_2	740	0.4765340469350156	True
guide	immune_evasion_antigen_presentation	CD274	MFGE8_3	740	0.47671089759260116	True
guide	immune_evasion_antigen_presentation	CD274	MIA_1	740	0.4764765378966646	True
guide	immune_evasion_antigen_presentation	CD274	MIA_2	740	0.4765123699957401	True
guide	immune_evasion_antigen_presentation	CD274	MIA_3	740	0.4766986080710174	True
guide	immune_evasion_antigen_presentation	CD274	MRPL47_1	740	0.4749334181853233	True
guide	immune_evasion_antigen_presentation	CD274	MRPL47_2	740	0.4766699720050621	True
guide	immune_evasion_antigen_presentation	CD274	MRPL47_3	740	0.4772777258640089	True
guide	immune_evasion_antigen_presentation	CD274	MT2A_1	740	0.47662993481667365	True
guide	immune_evasion_antigen_presentation	CD274	MT2A_2	740	0.47628772346385045	True
guide	immune_evasion_antigen_presentation	CD274	MT2A_3	740	0.4764505374148562	True
guide	immune_evasion_antigen_presentation	CD274	MYC_1	740	0.4744465754507774	True
guide	immune_evasion_antigen_presentation	CD274	MYC_2	740	0.47441041760534675	True
guide	immune_evasion_antigen_presentation	CD274	MYC_3	740	0.4750157431732818	True
guide	immune_evasion_antigen_presentation	CD274	NCL_3	740	0.477125839222556	True
guide	immune_evasion_antigen_presentation	CD274	NDUFA13_1	740	0.4752850465691431	True
guide	immune_evasion_antigen_presentation	CD274	NDUFA13_2	740	0.4771381879707498	True
guide	immune_evasion_antigen_presentation	CD274	NDUFA13_3	740	0.4747930511195236	True
guide	immune_evasion_antigen_presentation	CD274	NEAT1_1	740	0.47614309208212774	True
guide	immune_evasion_antigen_presentation	CD274	NEAT1_2	740	0.47802421805697926	True
guide	immune_evasion_antigen_presentation	CD274	NEAT1_3	740	0.4756614909025706	True
guide	immune_evasion_antigen_presentation	CD274	NGFR_1	740	0.4781107777475558	True
guide	immune_evasion_antigen_presentation	CD274	NGFR_2	740	0.4763741350879019	True
guide	immune_evasion_antigen_presentation	CD274	NGFR_3	740	0.4758866408606456	True
guide	immune_evasion_antigen_presentation	CD274	NME1_1	740	0.4766328665338707	True
guide	immune_evasion_antigen_presentation	CD274	NME1_2	740	0.4770601569120193	True
guide	immune_evasion_antigen_presentation	CD274	NME1_3	740	0.4769354848978807	True
guide	immune_evasion_antigen_presentation	CD274	NMRK1_1	740	0.4762578732523893	True
guide	immune_evasion_antigen_presentation	CD274	NMRK1_2	740	0.47655456895539505	True
guide	immune_evasion_antigen_presentation	CD274	NMRK1_3	740	0.47629660745535685	True
guide	immune_evasion_antigen_presentation	CD274	NOLC1_1	740	0.47665480999289134	True
guide	immune_evasion_antigen_presentation	CD274	NOLC1_2	740	0.47889920238043593	True
guide	immune_evasion_antigen_presentation	CD274	NOLC1_3	740	0.4752750076587411	True
guide	immune_evasion_antigen_presentation	CD274	NONO_1	740	0.47687175706547547	True
guide	immune_evasion_antigen_presentation	CD274	NONO_2	740	0.4768420549205394	True
guide	immune_evasion_antigen_presentation	CD274	NONO_3	740	0.4766471697601959	True
guide	immune_evasion_antigen_presentation	CD274	NO_SITE_107	740	0.47644082425080925	True
guide	immune_evasion_antigen_presentation	CD274	NO_SITE_136	740	0.4770919616016119	True
guide	immune_evasion_antigen_presentation	CD274	NO_SITE_146	740	0.47645637123594536	True
guide	immune_evasion_antigen_presentation	CD274	NO_SITE_172	740	0.47615461165778095	True
guide	immune_evasion_antigen_presentation	CD274	NO_SITE_187	740	0.47664364577689844	True
guide	immune_evasion_antigen_presentation	CD274	NO_SITE_205	740	0.47629456413731036	True
guide	immune_evasion_antigen_presentation	CD274	NO_SITE_229	740	0.4755413497241003	True
guide	immune_evasion_antigen_presentation	CD274	NO_SITE_23	740	0.4777470375219823	True
guide	immune_evasion_antigen_presentation	CD274	NO_SITE_304	740	0.47579401044253977	True
guide	immune_evasion_antigen_presentation	CD274	NO_SITE_355	740	0.47651124469014927	True
guide	immune_evasion_antigen_presentation	CD274	NO_SITE_36	740	0.47732247156789565	True
guide	immune_evasion_antigen_presentation	CD274	NO_SITE_38	740	0.47637446083425716	True
guide	immune_evasion_antigen_presentation	CD274	NO_SITE_386	740	0.47674954295565364	True
guide	immune_evasion_antigen_presentation	CD274	NO_SITE_40	740	0.4762567775601035	True
guide	immune_evasion_antigen_presentation	CD274	NO_SITE_411	740	0.47635781815683537	True
guide	immune_evasion_antigen_presentation	CD274	NO_SITE_47	740	0.4771963485018111	True
guide	immune_evasion_antigen_presentation	CD274	NO_SITE_505	740	0.476602305603089	True
guide	immune_evasion_antigen_presentation	CD274	NO_SITE_544	740	0.47667944826266884	True
guide	immune_evasion_antigen_presentation	CD274	NO_SITE_547	740	0.4764309037936273	True
guide	immune_evasion_antigen_presentation	CD274	NO_SITE_599	740	0.47537039211421384	True
guide	immune_evasion_antigen_presentation	CD274	NO_SITE_605	740	0.47655927747089344	True
guide	immune_evasion_antigen_presentation	CD274	NO_SITE_628	740	0.4772579737895599	True
guide	immune_evasion_antigen_presentation	CD274	NO_SITE_664	740	0.47669931879033794	True
guide	immune_evasion_antigen_presentation	CD274	NO_SITE_678	740	0.47833654958503613	True
guide	immune_evasion_antigen_presentation	CD274	NO_SITE_694	740	0.47821812597825697	True
guide	immune_evasion_antigen_presentation	CD274	NO_SITE_706	740	0.47704863733636615	True
guide	immune_evasion_antigen_presentation	CD274	NO_SITE_707	740	0.4751668598688042	True
guide	immune_evasion_antigen_presentation	CD274	NO_SITE_716	740	0.47648947891095883	True
guide	immune_evasion_antigen_presentation	CD274	NO_SITE_736	740	0.4769722053961068	True
guide	immune_evasion_antigen_presentation	CD274	NO_SITE_81	740	0.47745374734905394	True
guide	immune_evasion_antigen_presentation	CD274	NO_SITE_812	740	0.4773043186119178	True
guide	immune_evasion_antigen_presentation	CD274	NO_SITE_820	740	0.476471385181591	True
guide	immune_evasion_antigen_presentation	CD274	NO_SITE_836	740	0.4766407732863114	True
guide	immune_evasion_antigen_presentation	CD274	NO_SITE_913	740	0.47660491157393087	True
guide	immune_evasion_antigen_presentation	CD274	NO_SITE_915	740	0.4764564896891654	True
guide	immune_evasion_antigen_presentation	CD274	NO_SITE_960	740	0.4770725945001281	True
guide	immune_evasion_antigen_presentation	CD274	NO_SITE_963	740	0.4759655899318317	True
guide	immune_evasion_antigen_presentation	CD274	NPC1_1	740	0.4768449570244314	True
guide	immune_evasion_antigen_presentation	CD274	NPC1_2	740	0.47477356556481976	True
guide	immune_evasion_antigen_presentation	CD274	NPC1_3	740	0.4753906772281532	True
guide	immune_evasion_antigen_presentation	CD274	NPC2_1	740	0.47760521940423656	True
guide	immune_evasion_antigen_presentation	CD274	NPC2_2	740	0.47624783434198714	True
guide	immune_evasion_antigen_presentation	CD274	NPC2_3	740	0.47729134798431855	True
guide	immune_evasion_antigen_presentation	CD274	NSG1_1	740	0.47530850030671984	True
guide	immune_evasion_antigen_presentation	CD274	NSG1_2	740	0.47578859120772093	True
guide	immune_evasion_antigen_presentation	CD274	NSG1_3	740	0.4768830989612985	True
guide	immune_evasion_antigen_presentation	CD274	NT5E_1	740	0.4758505126285199	True
guide	immune_evasion_antigen_presentation	CD274	NT5E_2	740	0.47606971031228557	True
guide	immune_evasion_antigen_presentation	CD274	NT5E_3	740	0.4763034481288167	True
guide	immune_evasion_antigen_presentation	CD274	NUP50-AS1_1	740	0.4756429529736274	True
guide	immune_evasion_antigen_presentation	CD274	NUP50-AS1_2	740	0.4766528259014549	True
guide	immune_evasion_antigen_presentation	CD274	NUP50-AS1_3	740	0.47642101294975026	True
guide	immune_evasion_antigen_presentation	CD274	ONE_NON-GENE_SITE_157	740	0.4775333775262555	True
guide	immune_evasion_antigen_presentation	CD274	ONE_NON-GENE_SITE_177	740	0.47690211070312205	True
guide	immune_evasion_antigen_presentation	CD274	ONE_NON-GENE_SITE_2	740	0.4763132205194736	True
guide	immune_evasion_antigen_presentation	CD274	ONE_NON-GENE_SITE_202	740	0.476170217869527	True
guide	immune_evasion_antigen_presentation	CD274	ONE_NON-GENE_SITE_217	740	0.4763808869214467	True
guide	immune_evasion_antigen_presentation	CD274	ONE_NON-GENE_SITE_231	740	0.4780095002443838	True
guide	immune_evasion_antigen_presentation	CD274	ONE_NON-GENE_SITE_241	740	0.47681783123703214	True
guide	immune_evasion_antigen_presentation	CD274	ONE_NON-GENE_SITE_249	740	0.47707635538986576	True
guide	immune_evasion_antigen_presentation	CD274	ONE_NON-GENE_SITE_250	740	0.4763492006850742	True
guide	immune_evasion_antigen_presentation	CD274	ONE_NON-GENE_SITE_263	740	0.47499468811341183	True
guide	immune_evasion_antigen_presentation	CD274	ONE_NON-GENE_SITE_290	740	0.4755348940236056	True
guide	immune_evasion_antigen_presentation	CD274	ONE_NON-GENE_SITE_293	740	0.4762605088365362	True
guide	immune_evasion_antigen_presentation	CD274	ONE_NON-GENE_SITE_328	740	0.47590195093934146	True
guide	immune_evasion_antigen_presentation	CD274	ONE_NON-GENE_SITE_409	740	0.4766400033403808	True
guide	immune_evasion_antigen_presentation	CD274	ONE_NON-GENE_SITE_422	740	0.4766738217347149	True
guide	immune_evasion_antigen_presentation	CD274	ONE_NON-GENE_SITE_531	740	0.4765893053621848	True
guide	immune_evasion_antigen_presentation	CD274	ONE_NON-GENE_SITE_570	740	0.475338320904876	True
guide	immune_evasion_antigen_presentation	CD274	ONE_NON-GENE_SITE_594	740	0.4765517853047231	True
guide	immune_evasion_antigen_presentation	CD274	ONE_NON-GENE_SITE_598	740	0.47621481550688877	True
guide	immune_evasion_antigen_presentation	CD274	ONE_NON-GENE_SITE_640	740	0.47638204184034255	True
guide	immune_evasion_antigen_presentation	CD274	ONE_NON-GENE_SITE_658	740	0.47590849547975106	True
guide	immune_evasion_antigen_presentation	CD274	ONE_NON-GENE_SITE_670	740	0.4766080801975681	True
guide	immune_evasion_antigen_presentation	CD274	ONE_NON-GENE_SITE_672	740	0.47807207315789324	True
guide	immune_evasion_antigen_presentation	CD274	ONE_NON-GENE_SITE_675	740	0.4756021754526134	True
guide	immune_evasion_antigen_presentation	CD274	ONE_NON-GENE_SITE_714	740	0.4750660561785125	True
guide	immune_evasion_antigen_presentation	CD274	ONE_NON-GENE_SITE_724	740	0.47589105324309366	True
guide	immune_evasion_antigen_presentation	CD274	ONE_NON-GENE_SITE_736	740	0.4754556488193693	True
guide	immune_evasion_antigen_presentation	CD274	ONE_NON-GENE_SITE_813	740	0.4746806094003587	True
guide	immune_evasion_antigen_presentation	CD274	ONE_NON-GENE_SITE_84	740	0.47857010972173714	True
guide	immune_evasion_antigen_presentation	CD274	ONE_NON-GENE_SITE_848	740	0.4760563250984161	True
guide	immune_evasion_antigen_presentation	CD274	ONE_NON-GENE_SITE_859	740	0.4770569586750771	True
guide	immune_evasion_antigen_presentation	CD274	ONE_NON-GENE_SITE_869	740	0.47636933773248846	True
guide	immune_evasion_antigen_presentation	CD274	ONE_NON-GENE_SITE_892	740	0.47675958186605577	True
guide	immune_evasion_antigen_presentation	CD274	ONE_NON-GENE_SITE_915	740	0.47582294264154534	True
guide	immune_evasion_antigen_presentation	CD274	ONE_NON-GENE_SITE_931	740	0.47930167680897684	True
guide	immune_evasion_antigen_presentation	CD274	ONE_NON-GENE_SITE_993	740	0.4757397884810462	True
guide	immune_evasion_antigen_presentation	CD274	P2RX4_1	740	0.4760576576971421	True
guide	immune_evasion_antigen_presentation	CD274	P2RX4_2	740	0.4749288281230451	True
guide	immune_evasion_antigen_presentation	CD274	P2RX4_3	740	0.47524956982972794	True
guide	immune_evasion_antigen_presentation	CD274	PABPC1_1	740	0.48075524588593455	True
guide	immune_evasion_antigen_presentation	CD274	PABPC1_3	740	0.4792141102660296	True
guide	immune_evasion_antigen_presentation	CD274	PAICS_1	740	0.478312355514834	True
guide	immune_evasion_antigen_presentation	CD274	PAICS_2	740	0.4750733706648528	True
guide	immune_evasion_antigen_presentation	CD274	PAICS_3	740	0.4809474954621311	True
guide	immune_evasion_antigen_presentation	CD274	PET100_1	740	0.47685253803051675	True
guide	immune_evasion_antigen_presentation	CD274	PET100_2	740	0.47876656438724663	True
guide	immune_evasion_antigen_presentation	CD274	PET100_3	740	0.47575267026873036	True
guide	immune_evasion_antigen_presentation	CD274	PFDN4_1	740	0.47771061315680646	True
guide	immune_evasion_antigen_presentation	CD274	PFDN4_2	740	0.4780516103641237	True
guide	immune_evasion_antigen_presentation	CD274	PFDN4_3	740	0.4754294410444257	True
guide	immune_evasion_antigen_presentation	CD274	PFN1_1	740	0.47860416502251135	True
guide	immune_evasion_antigen_presentation	CD274	PFN1_2	740	0.475702919916295	True
guide	immune_evasion_antigen_presentation	CD274	PFN1_3	740	0.47876144128547804	True
guide	immune_evasion_antigen_presentation	CD274	PIK3IP1_1	740	0.47833844483655746	True
guide	immune_evasion_antigen_presentation	CD274	PIK3IP1_2	740	0.4761460830259349	True
guide	immune_evasion_antigen_presentation	CD274	PIK3IP1_3	740	0.477535480070912	True
guide	immune_evasion_antigen_presentation	CD274	POLD2_1	740	0.4801128740734182	True
guide	immune_evasion_antigen_presentation	CD274	POLD2_2	740	0.47555929538694297	True
guide	immune_evasion_antigen_presentation	CD274	PPA1_1	740	0.4766673956475252	True
guide	immune_evasion_antigen_presentation	CD274	PPA1_2	740	0.4800344580417225	True
guide	immune_evasion_antigen_presentation	CD274	PPIA_1	740	0.4776995970073386	True
guide	immune_evasion_antigen_presentation	CD274	PPIA_2	740	0.47752339784246345	True
guide	immune_evasion_antigen_presentation	CD274	PPIA_3	740	0.4778116537535382	True
guide	immune_evasion_antigen_presentation	CD274	PRELID3B_2	740	0.47665581684526204	True
guide	immune_evasion_antigen_presentation	CD274	PROS1_1	740	0.4754631705988447	True
guide	immune_evasion_antigen_presentation	CD274	PROS1_2	740	0.4770122425844953	True
guide	immune_evasion_antigen_presentation	CD274	PROS1_3	740	0.4758882695924217	True
guide	immune_evasion_antigen_presentation	CD274	PSAP_1	740	0.4764905746032446	True
guide	immune_evasion_antigen_presentation	CD274	PSAP_2	740	0.4760151033778268	True
guide	immune_evasion_antigen_presentation	CD274	PSAP_3	740	0.47772305074491533	True
guide	immune_evasion_antigen_presentation	CD274	PSMB8-AS1_1	740	0.47677142718806415	True
guide	immune_evasion_antigen_presentation	CD274	PSMB8-AS1_2	740	0.47776279180025355	True
guide	immune_evasion_antigen_presentation	CD274	PSMB8-AS1_3	740	0.47489468398235574	True
guide	immune_evasion_antigen_presentation	CD274	PTMA_1	740	0.47688869587594757	True
guide	immune_evasion_antigen_presentation	CD274	PTMA_2	740	0.47445596286846914	True
guide	immune_evasion_antigen_presentation	CD274	PTMA_3	740	0.4751084920446077	True
guide	immune_evasion_antigen_presentation	CD274	PUF60_2	740	0.47661358827230205	True
guide	immune_evasion_antigen_presentation	CD274	PUF60_3	740	0.4745945531359676	True
guide	immune_evasion_antigen_presentation	CD274	PYGB_1	740	0.47611199811185567	True
guide	immune_evasion_antigen_presentation	CD274	PYGB_2	740	0.4785276442423369	True
guide	immune_evasion_antigen_presentation	CD274	PYGB_3	740	0.47474430761945896	True
guide	immune_evasion_antigen_presentation	CD274	RAB27A_1	740	0.47663911494123024	True
guide	immune_evasion_antigen_presentation	CD274	RAB27A_2	740	0.47665347739416536	True
guide	immune_evasion_antigen_presentation	CD274	RAB27A_3	740	0.47808279317431085	True
guide	immune_evasion_antigen_presentation	CD274	RB1_1	740	0.4765904898943856	True
guide	immune_evasion_antigen_presentation	CD274	RB1_2	740	0.4765373636251779	True
guide	immune_evasion_antigen_presentation	CD274	RB1_3	740	0.47723463850520326	True
guide	immune_evasion_antigen_presentation	CD274	RBP7_1	740	0.47736013969188246	True
guide	immune_evasion_antigen_presentation	CD274	RBP7_2	740	0.4761390646726449	True
guide	immune_evasion_antigen_presentation	CD274	RBP7_3	740	0.4784080064900519	True
guide	immune_evasion_antigen_presentation	CD274	RNASEH2A_1	740	0.4780301999445935	True
guide	immune_evasion_antigen_presentation	CD274	RNASEH2A_2	740	0.47698662707565204	True
guide	immune_evasion_antigen_presentation	CD274	RNASEH2A_3	740	0.4761309210137641	True
guide	immune_evasion_antigen_presentation	CD274	RNF213_1	740	0.4764581776475516	True
guide	immune_evasion_antigen_presentation	CD274	RNF213_2	740	0.47461945792549026	True
guide	immune_evasion_antigen_presentation	CD274	RNF213_3	740	0.47595922307125216	True
guide	immune_evasion_antigen_presentation	CD274	ROMO1_2	740	0.4785137556022821	True
guide	immune_evasion_antigen_presentation	CD274	ROMO1_3	740	0.4748664032760608	True
guide	immune_evasion_antigen_presentation	CD274	RPSA_3	740	0.4763037738751719	True
guide	immune_evasion_antigen_presentation	CD274	RRS1_1	740	0.4747512371328339	True
guide	immune_evasion_antigen_presentation	CD274	RRS1_2	740	0.47671575417462464	True
guide	immune_evasion_antigen_presentation	CD274	RTP4_1	740	0.4760850796175916	True
guide	immune_evasion_antigen_presentation	CD274	RTP4_2	740	0.47637905089653537	True
guide	immune_evasion_antigen_presentation	CD274	RTP4_3	740	0.4753572438067844	True
guide	immune_evasion_antigen_presentation	CD274	S100A6_1	740	0.4776947700386202	True
guide	immune_evasion_antigen_presentation	CD274	S100A6_2	740	0.47580476007226247	True
guide	immune_evasion_antigen_presentation	CD274	S100A6_3	740	0.47633178806172183	True
guide	immune_evasion_antigen_presentation	CD274	S100B_1	740	0.4756027381054088	True
guide	immune_evasion_antigen_presentation	CD274	S100B_2	740	0.47649098918951494	True
guide	immune_evasion_antigen_presentation	CD274	S100B_3	740	0.47676431999485913	True
guide	immune_evasion_antigen_presentation	CD274	SAE1_1	740	0.47454512852988745	True
guide	immune_evasion_antigen_presentation	CD274	SAE1_3	740	0.4804551446528514	True
guide	immune_evasion_antigen_presentation	CD274	SAT1_1	740	0.47619965349471793	True
guide	immune_evasion_antigen_presentation	CD274	SAT1_2	740	0.4759273295417445	True
guide	immune_evasion_antigen_presentation	CD274	SAT1_3	740	0.4778041912006729	True
guide	immune_evasion_antigen_presentation	CD274	SCARB2_1	740	0.47638464781118434	True
guide	immune_evasion_antigen_presentation	CD274	SCARB2_2	740	0.4761666346596195	True
guide	immune_evasion_antigen_presentation	CD274	SCARB2_3	740	0.4768976390940639	True
guide	immune_evasion_antigen_presentation	CD274	SDC3_1	740	0.4756168340385989	True
guide	immune_evasion_antigen_presentation	CD274	SDC3_2	740	0.4763019970768707	True
guide	immune_evasion_antigen_presentation	CD274	SDC3_3	740	0.47563664533965794	True
guide	immune_evasion_antigen_presentation	CD274	SDCBP_1	740	0.4774851966789863	True
guide	immune_evasion_antigen_presentation	CD274	SDCBP_2	740	0.47672552656528155	True
guide	immune_evasion_antigen_presentation	CD274	SDCBP_3	740	0.47549228047768044	True
guide	immune_evasion_antigen_presentation	CD274	SEC11C_1	740	0.47658036214406846	True
guide	immune_evasion_antigen_presentation	CD274	SEC11C_2	740	0.4755047476790943	True
guide	immune_evasion_antigen_presentation	CD274	SEC11C_3	740	0.4758336626579629	True
guide	immune_evasion_antigen_presentation	CD274	SERPINA3_1	740	0.4767807849924508	True
guide	immune_evasion_antigen_presentation	CD274	SERPINA3_2	740	0.47683619148614514	True
guide	immune_evasion_antigen_presentation	CD274	SERPINA3_3	740	0.47704221124917656	True
guide	immune_evasion_antigen_presentation	CD274	SERPINE2_1	740	0.4771313472972899	True
guide	immune_evasion_antigen_presentation	CD274	SERPINE2_2	740	0.4763788732167053	True
guide	immune_evasion_antigen_presentation	CD274	SERPINE2_3	740	0.4764293342884612	True
guide	immune_evasion_antigen_presentation	CD274	SERPINF1_1	740	0.47677711294262815	True
guide	immune_evasion_antigen_presentation	CD274	SERPINF1_2	740	0.4753906772281532	True
guide	immune_evasion_antigen_presentation	CD274	SERPINF1_3	740	0.4768667820302319	True
guide	immune_evasion_antigen_presentation	CD274	SET_1	740	0.47587458824550194	True
guide	immune_evasion_antigen_presentation	CD274	SET_2	740	0.4747948279178249	True
guide	immune_evasion_antigen_presentation	CD274	SET_3	740	0.4755933506877172	True
guide	immune_evasion_antigen_presentation	CD274	SGK1_1	740	0.474996228005273	True
guide	immune_evasion_antigen_presentation	CD274	SGK1_2	740	0.4763979145718338	True
guide	immune_evasion_antigen_presentation	CD274	SGK1_3	740	0.47524782264473164	True
guide	immune_evasion_antigen_presentation	CD274	SHMT2_1	740	0.47698082286786797	True
guide	immune_evasion_antigen_presentation	CD274	SHMT2_2	740	0.47561413922784196	True
guide	immune_evasion_antigen_presentation	CD274	SHMT2_3	740	0.47594693354966844	True
guide	immune_evasion_antigen_presentation	CD274	SINHCAF_1	740	0.4768102206176418	True
guide	immune_evasion_antigen_presentation	CD274	SINHCAF_2	740	0.47569824101410174	True
guide	immune_evasion_antigen_presentation	CD274	SINHCAF_3	740	0.47729738909854286	True
guide	immune_evasion_antigen_presentation	CD274	SLC19A1_1	740	0.47517583270022556	True
guide	immune_evasion_antigen_presentation	CD274	SLC19A1_2	740	0.47679849374885347	True
guide	immune_evasion_antigen_presentation	CD274	SLC19A1_3	740	0.4768562989202545	True
guide	immune_evasion_antigen_presentation	CD274	SLC22A18_1	740	0.47601587332375733	True
guide	immune_evasion_antigen_presentation	CD274	SLC22A18_2	740	0.47561177016344025	True
guide	immune_evasion_antigen_presentation	CD274	SLC22A18_3	740	0.47630335928890166	True
guide	immune_evasion_antigen_presentation	CD274	SLC25A13_1	740	0.47727506066655706	True
guide	immune_evasion_antigen_presentation	CD274	SLC25A13_2	740	0.47485331419524135	True
guide	immune_evasion_antigen_presentation	CD274	SLC25A13_3	740	0.47661592772339867	True
guide	immune_evasion_antigen_presentation	CD274	SLC26A2_1	740	0.4770053722977304	True
guide	immune_evasion_antigen_presentation	CD274	SLC26A2_2	740	0.47563978434999016	True
guide	immune_evasion_antigen_presentation	CD274	SLC26A2_3	740	0.47747302561062266	True
guide	immune_evasion_antigen_presentation	CD274	SLC5A3_1	740	0.47669490640788975	True
guide	immune_evasion_antigen_presentation	CD274	SLC5A3_2	740	0.4756399324165153	True
guide	immune_evasion_antigen_presentation	CD274	SLC5A3_3	740	0.4765936585180229	True
guide	immune_evasion_antigen_presentation	CD274	SLC7A5P1_1	740	0.4764067985633402	True
guide	immune_evasion_antigen_presentation	CD274	SLC7A5P1_2	740	0.47622278148593933	True
guide	immune_evasion_antigen_presentation	CD274	SLC7A5P1_3	740	0.4771734574170298	True
guide	immune_evasion_antigen_presentation	CD274	SLIRP_1	740	0.47462082013752116	True
guide	immune_evasion_antigen_presentation	CD274	SLIRP_2	740	0.47586570425399566	True
guide	immune_evasion_antigen_presentation	CD274	SLIRP_3	740	0.47689820174685926	True
guide	immune_evasion_antigen_presentation	CD274	SMAD3_1	740	0.4766141509250974	True
guide	immune_evasion_antigen_presentation	CD274	SMAD3_2	740	0.47588652240742546	True
guide	immune_evasion_antigen_presentation	CD274	SMAD3_3	740	0.47654568496388877	True
guide	immune_evasion_antigen_presentation	CD274	SMAD4_1	740	0.479425697330405	True
guide	immune_evasion_antigen_presentation	CD274	SMAD4_2	740	0.4779612305571995	True
guide	immune_evasion_antigen_presentation	CD274	SMAD4_3	740	0.4758385784665964	True
guide	immune_evasion_antigen_presentation	CD274	SNHG6_1	740	0.4780747679686501	True
guide	immune_evasion_antigen_presentation	CD274	SNHG6_2	740	0.47717479001575575	True
guide	immune_evasion_antigen_presentation	CD274	SNHG6_3	740	0.4762934980583296	True
guide	immune_evasion_antigen_presentation	CD274	SNRPG_2	740	0.47661136727442543	True
guide	immune_evasion_antigen_presentation	CD274	SOX4_1	740	0.47757714599107665	True
guide	immune_evasion_antigen_presentation	CD274	SOX4_2	740	0.47502240616691155	True
guide	immune_evasion_antigen_presentation	CD274	SOX4_3	740	0.47641381691663015	True
guide	immune_evasion_antigen_presentation	CD274	SP100_1	740	0.4759571797532057	True
guide	immune_evasion_antigen_presentation	CD274	SP100_2	740	0.47709021441661564	True
guide	immune_evasion_antigen_presentation	CD274	SP100_3	740	0.47871109866694234	True
guide	immune_evasion_antigen_presentation	CD274	SPESP1_1	740	0.4766153354572983	True
guide	immune_evasion_antigen_presentation	CD274	SPESP1_2	740	0.47691694696893755	True
guide	immune_evasion_antigen_presentation	CD274	SPESP1_3	740	0.4765494458536265	True
guide	immune_evasion_antigen_presentation	CD274	SPINT1_1	740	0.47735072266088574	True
guide	immune_evasion_antigen_presentation	CD274	SPINT1_2	740	0.4765931847051425	True
guide	immune_evasion_antigen_presentation	CD274	SPINT1_3	740	0.4767863522937948	True
guide	immune_evasion_antigen_presentation	CD274	SSR2_1	740	0.4769506469100515	True
guide	immune_evasion_antigen_presentation	CD274	SSR2_2	740	0.4766983415512722	True
guide	immune_evasion_antigen_presentation	CD274	SSR2_3	740	0.4759658860648819	True
guide	immune_evasion_antigen_presentation	CD274	ST3GAL6-AS1_1	740	0.47568159833667983	True
guide	immune_evasion_antigen_presentation	CD274	ST3GAL6-AS1_2	740	0.4761048020787355	True
guide	immune_evasion_antigen_presentation	CD274	ST3GAL6-AS1_3	740	0.4769002450649057	True
guide	immune_evasion_antigen_presentation	CD274	ST6GALNAC2_1	740	0.4780311475703542	True
guide	immune_evasion_antigen_presentation	CD274	ST6GALNAC2_2	740	0.47563187759754955	True
guide	immune_evasion_antigen_presentation	CD274	ST6GALNAC2_3	740	0.4745662724296725	True
guide	immune_evasion_antigen_presentation	CD274	STAT1_1	740	0.4744366846069004	True
guide	immune_evasion_antigen_presentation	CD274	STAT1_2	740	0.47443647731376526	True
guide	immune_evasion_antigen_presentation	CD274	STAT1_3	740	0.4744358554343598	True
guide	immune_evasion_antigen_presentation	CD274	STAT3_1	740	0.4754281084456998	True
guide	immune_evasion_antigen_presentation	CD274	STAT3_2	740	0.47452768629323006	True
guide	immune_evasion_antigen_presentation	CD274	STAT3_3	740	0.47462946722258736	True
guide	immune_evasion_antigen_presentation	CD274	STOM_1	740	0.47532123402787885	True
guide	immune_evasion_antigen_presentation	CD274	STOM_2	740	0.4768288473865	True
guide	immune_evasion_antigen_presentation	CD274	STOM_3	740	0.4765760089882303	True
guide	immune_evasion_antigen_presentation	CD274	STX7_1	740	0.4755967266044896	True
guide	immune_evasion_antigen_presentation	CD274	STX7_2	740	0.47678679649337	True
guide	immune_evasion_antigen_presentation	CD274	STX7_3	740	0.4764947796925576	True
guide	immune_evasion_antigen_presentation	CD274	TAPBPL_1	740	0.4766573863504282	True
guide	immune_evasion_antigen_presentation	CD274	TAPBPL_2	740	0.47601234934045983	True
guide	immune_evasion_antigen_presentation	CD274	TAPBPL_3	740	0.476305313767033	True
guide	immune_evasion_antigen_presentation	CD274	TAPBP_1	740	0.47778748929664105	True
guide	immune_evasion_antigen_presentation	CD274	TAPBP_2	740	0.4772413903387481	True
guide	immune_evasion_antigen_presentation	CD274	TAPBP_3	740	0.4768862379716307	True
guide	immune_evasion_antigen_presentation	CD274	TFAP2A_1	740	0.476595287249799	True
guide	immune_evasion_antigen_presentation	CD274	TFAP2A_2	740	0.476520661721146	True
guide	immune_evasion_antigen_presentation	CD274	TFAP2A_3	740	0.47729759639167807	True
guide	immune_evasion_antigen_presentation	CD274	TGFB1_1	740	0.47675676860207883	True
guide	immune_evasion_antigen_presentation	CD274	TGFB1_2	740	0.47664844313231186	True
guide	immune_evasion_antigen_presentation	CD274	TGFB1_3	740	0.4752545744782765	True
guide	immune_evasion_antigen_presentation	CD274	TIMM50_1	740	0.4749648082886456	True
guide	immune_evasion_antigen_presentation	CD274	TIMM50_2	740	0.4807545647799191	True
guide	immune_evasion_antigen_presentation	CD274	TIMM50_3	740	0.47632858982477955	True
guide	immune_evasion_antigen_presentation	CD274	TIMP1_1	740	0.47622402524475027	True
guide	immune_evasion_antigen_presentation	CD274	TIMP1_2	740	0.47566249775494135	True
guide	immune_evasion_antigen_presentation	CD274	TIMP1_3	740	0.4761881931456748	True
guide	immune_evasion_antigen_presentation	CD274	TIMP2_1	740	0.4757133141863575	True
guide	immune_evasion_antigen_presentation	CD274	TIMP2_2	740	0.47822929019425	True
guide	immune_evasion_antigen_presentation	CD274	TIMP2_3	740	0.4752590164740296	True
guide	immune_evasion_antigen_presentation	CD274	TIMP3_1	740	0.47533612952030446	True
guide	immune_evasion_antigen_presentation	CD274	TIMP3_2	740	0.47619379006032375	True
guide	immune_evasion_antigen_presentation	CD274	TIMP3_3	740	0.476531885163749	True
guide	immune_evasion_antigen_presentation	CD274	TM4SF1_1	740	0.47550818282247664	True
guide	immune_evasion_antigen_presentation	CD274	TM4SF1_2	740	0.47722418500853087	True
guide	immune_evasion_antigen_presentation	CD274	TM4SF1_3	740	0.47779424113018587	True
guide	immune_evasion_antigen_presentation	CD274	TMED10_1	740	0.4773314443993171	True
guide	immune_evasion_antigen_presentation	CD274	TMED10_2	740	0.47759769762476123	True
guide	immune_evasion_antigen_presentation	CD274	TMED10_3	740	0.4746407795051054	True
guide	immune_evasion_antigen_presentation	CD274	TMEM173_1	740	0.4761353333962122	True
guide	immune_evasion_antigen_presentation	CD274	TMEM173_2	740	0.47606426146416175	True
guide	immune_evasion_antigen_presentation	CD274	TMEM173_3	740	0.4766608511071156	True
guide	immune_evasion_antigen_presentation	CD274	TOP1MT_1	740	0.4767720786807747	True
guide	immune_evasion_antigen_presentation	CD274	TOP1MT_2	740	0.479137293352805	True
guide	immune_evasion_antigen_presentation	CD274	TOP1MT_3	740	0.47714094200811674	True
guide	immune_evasion_antigen_presentation	CD274	TP53_1	740	0.4767730855331454	True
guide	immune_evasion_antigen_presentation	CD274	TP53_2	740	0.47798654993299244	True
guide	immune_evasion_antigen_presentation	CD274	TP53_3	740	0.47669863768432247	True
guide	immune_evasion_antigen_presentation	CD274	TPP1_1	740	0.48020325388034235	True
guide	immune_evasion_antigen_presentation	CD274	TPP1_2	740	0.47729425008821064	True
guide	immune_evasion_antigen_presentation	CD274	TPP1_3	740	0.4781431450899437	True
guide	immune_evasion_antigen_presentation	CD274	TPRKB_1	740	0.47952709328679705	True
guide	immune_evasion_antigen_presentation	CD274	TPRKB_2	740	0.47539257247967454	True
guide	immune_evasion_antigen_presentation	CD274	TPRKB_3	740	0.4758766907901585	True
guide	immune_evasion_antigen_presentation	CD274	TRIM22_1	740	0.4749664370204218	True
guide	immune_evasion_antigen_presentation	CD274	TRIM22_2	740	0.47900427038665055	True
guide	immune_evasion_antigen_presentation	CD274	TRIM22_3	740	0.47457539332761894	True
guide	immune_evasion_antigen_presentation	CD274	TSC22D3_1	740	0.47605848686968266	True
guide	immune_evasion_antigen_presentation	CD274	TSC22D3_2	740	0.47665247054179466	True
guide	immune_evasion_antigen_presentation	CD274	TSC22D3_3	740	0.4756500897801375	True
guide	immune_evasion_antigen_presentation	CD274	TTLL1_1	740	0.47547880642389573	True
guide	immune_evasion_antigen_presentation	CD274	TTLL1_2	740	0.4750609923033539	True
guide	immune_evasion_antigen_presentation	CD274	TTLL1_3	740	0.476384085158389	True
guide	immune_evasion_antigen_presentation	CD274	TXNDC17_1	740	0.47711760672376013	True
guide	immune_evasion_antigen_presentation	CD274	TXNDC17_2	740	0.4774267104015697	True
guide	immune_evasion_antigen_presentation	CD274	TXNDC17_3	740	0.4746378774012134	True
guide	immune_evasion_antigen_presentation	CD274	TYR_1	740	0.47524580893999024	True
guide	immune_evasion_antigen_presentation	CD274	TYR_2	740	0.4754746605611928	True
guide	immune_evasion_antigen_presentation	CD274	TYR_3	740	0.47618247777780576	True
guide	immune_evasion_antigen_presentation	CD274	UBA52_3	740	0.4762060499686025	True
guide	immune_evasion_antigen_presentation	CD274	UBC_1	740	0.47574414163688433	True
guide	immune_evasion_antigen_presentation	CD274	UBC_3	740	0.4764986590355154	True
guide	immune_evasion_antigen_presentation	CD274	UCN2_1	740	0.47675333345869636	True
guide	immune_evasion_antigen_presentation	CD274	UCN2_2	740	0.47595655787380026	True
guide	immune_evasion_antigen_presentation	CD274	UCN2_3	740	0.4773278611894095	True
guide	immune_evasion_antigen_presentation	CD274	UQCRFS1_1	740	0.47550448115934896	True
guide	immune_evasion_antigen_presentation	CD274	UQCRFS1_2	740	0.47527873893517364	True
guide	immune_evasion_antigen_presentation	CD274	UQCRFS1_3	740	0.4756345131816964	True
guide	immune_evasion_antigen_presentation	CD274	UQCRH_1	740	0.4776107867055805	True
guide	immune_evasion_antigen_presentation	CD274	UQCRH_2	740	0.47743067858444255	True
guide	immune_evasion_antigen_presentation	CD274	UQCRH_3	740	0.4745325724885585	True
guide	immune_evasion_antigen_presentation	CD274	VAT1_1	740	0.47870405070034727	True
guide	immune_evasion_antigen_presentation	CD274	VAT1_2	740	0.4764238558270323	True
guide	immune_evasion_antigen_presentation	CD274	VAT1_3	740	0.4766535958473855	True
guide	immune_evasion_antigen_presentation	CD274	VDAC2_1	740	0.4781814054800309	True
guide	immune_evasion_antigen_presentation	CD274	VDAC2_2	740	0.4766012395241083	True
guide	immune_evasion_antigen_presentation	CD274	VDAC2_3	740	0.4757034825690904	True
guide	immune_evasion_antigen_presentation	CD274	WBP2_1	740	0.4766625982921118	True
guide	immune_evasion_antigen_presentation	CD274	WBP2_2	740	0.4747329361103309	True
guide	immune_evasion_antigen_presentation	CD274	WBP2_3	740	0.4768001520939346	True
guide	immune_evasion_antigen_presentation	CD274	WNT7A_1	740	0.47523458549738723	True
guide	immune_evasion_antigen_presentation	CD274	WNT7A_2	740	0.4756853592264176	True
guide	immune_evasion_antigen_presentation	CD274	WNT7A_3	740	0.4765099120914234	True
guide	immune_evasion_antigen_presentation	CD274	XAGE1A_1	740	0.47922527448202257	True
guide	immune_evasion_antigen_presentation	CD274	XAGE1A_2	740	0.47818803886035566	True
guide	immune_evasion_antigen_presentation	CD274	XAGE1A_3	740	0.47575086385712406	True
guide	ifn_jak_stat_response	CD274	A2M_1	740	0.4370057631933567	True
guide	ifn_jak_stat_response	CD274	A2M_2	740	0.43799887499054224	True
guide	ifn_jak_stat_response	CD274	A2M_3	740	0.43854781682571725	True
guide	ifn_jak_stat_response	CD274	ACSL3_1	740	0.43897869041377335	True
guide	ifn_jak_stat_response	CD274	ACSL3_2	740	0.43624727761185284	True
guide	ifn_jak_stat_response	CD274	ACSL3_3	740	0.4367829822996834	True
guide	ifn_jak_stat_response	CD274	ACTA2_1	740	0.4375197909419119	True
guide	ifn_jak_stat_response	CD274	ACTA2_2	740	0.4374234292473734	True
guide	ifn_jak_stat_response	CD274	ACTA2_3	740	0.43833060323338796	True
guide	ifn_jak_stat_response	CD274	AEBP1_1	740	0.4373564143381108	True
guide	ifn_jak_stat_response	CD274	AEBP1_2	740	0.43700013666540266	True
guide	ifn_jak_stat_response	CD274	AEBP1_3	740	0.436261669678093	True
guide	ifn_jak_stat_response	CD274	AGA_1	740	0.4377263733577387	True
guide	ifn_jak_stat_response	CD274	AGA_2	740	0.43853905128743104	True
guide	ifn_jak_stat_response	CD274	AGA_3	740	0.4378679841823493	True
guide	ifn_jak_stat_response	CD274	AHNAK_1	740	0.4355624995465463	True
guide	ifn_jak_stat_response	CD274	AHNAK_2	740	0.4370803591087047	True
guide	ifn_jak_stat_response	CD274	AHNAK_3	740	0.43750995932464487	True
guide	ifn_jak_stat_response	CD274	APOC2_1	740	0.4375529282302304	True
guide	ifn_jak_stat_response	CD274	APOC2_2	740	0.43662914118009905	True
guide	ifn_jak_stat_response	CD274	APOC2_3	740	0.4371712423418142	True
guide	ifn_jak_stat_response	CD274	APOD_1	740	0.4365591057137243	True
guide	ifn_jak_stat_response	CD274	APOD_2	740	0.43766696906786645	True
guide	ifn_jak_stat_response	CD274	APOD_3	740	0.4368207688768902	True
guide	ifn_jak_stat_response	CD274	APOE_1	740	0.43685461688452926	True
guide	ifn_jak_stat_response	CD274	APOE_2	740	0.43689968833477133	True
guide	ifn_jak_stat_response	CD274	APOE_3	740	0.4367594989488017	True
guide	ifn_jak_stat_response	CD274	ARMC6_1	740	0.4360779487337425	True
guide	ifn_jak_stat_response	CD274	ARMC6_2	740	0.43750459931643604	True
guide	ifn_jak_stat_response	CD274	ARMC6_3	740	0.43647453011458426	True
guide	ifn_jak_stat_response	CD274	ATP1B1_1	740	0.4375025559983896	True
guide	ifn_jak_stat_response	CD274	ATP1B1_2	740	0.43741096204595953	True
guide	ifn_jak_stat_response	CD274	ATP1B1_3	740	0.43805217893958015	True
guide	ifn_jak_stat_response	CD274	ATP5MD_1	740	0.4365005898230027	True
guide	ifn_jak_stat_response	CD274	ATP5MD_2	740	0.4380302354805595	True
guide	ifn_jak_stat_response	CD274	ATP5MD_3	740	0.4377377152535617	True
guide	ifn_jak_stat_response	CD274	B2M_1	740	0.43523269616852694	True
guide	ifn_jak_stat_response	CD274	B2M_2	740	0.4363189714233087	True
guide	ifn_jak_stat_response	CD274	B2M_3	740	0.4369360238600321	True
guide	ifn_jak_stat_response	CD274	BOLA2B_1	740	0.4386633087152993	True
guide	ifn_jak_stat_response	CD274	BOLA2B_2	740	0.43537960777473633	True
guide	ifn_jak_stat_response	CD274	BOLA2B_3	740	0.43669201022665877	True
guide	ifn_jak_stat_response	CD274	BOLA2_1	740	0.43698556691933227	True
guide	ifn_jak_stat_response	CD274	BOLA2_2	740	0.43895088352035855	True
guide	ifn_jak_stat_response	CD274	BOLA2_3	740	0.4353219802831654	True
guide	ifn_jak_stat_response	CD274	BZW2_1	740	0.437780417639402	True
guide	ifn_jak_stat_response	CD274	BZW2_2	740	0.4366404238493121	True
guide	ifn_jak_stat_response	CD274	BZW2_3	740	0.4367421455520593	True
guide	ifn_jak_stat_response	CD274	C19orf48_1	740	0.4376264580665977	True
guide	ifn_jak_stat_response	CD274	C19orf48_2	740	0.438644593106526	True
guide	ifn_jak_stat_response	CD274	C19orf48_3	740	0.4365353854564025	True
guide	ifn_jak_stat_response	CD274	C1QBP_1	740	0.4372409520618338	True
guide	ifn_jak_stat_response	CD274	C1QBP_2	740	0.4374367552346329	True
guide	ifn_jak_stat_response	CD274	C1QBP_3	740	0.43740998480689386	True
guide	ifn_jak_stat_response	CD274	C6orf226_1	740	0.43750252638508463	True
guide	ifn_jak_stat_response	CD274	C6orf226_2	740	0.4379625394652814	True
guide	ifn_jak_stat_response	CD274	C6orf226_3	740	0.4359657439210178	True
guide	ifn_jak_stat_response	CD274	CCND1_1	740	0.43770691741633977	True
guide	ifn_jak_stat_response	CD274	CCND1_2	740	0.43601093382447986	True
guide	ifn_jak_stat_response	CD274	CCND1_3	740	0.4362425394830494	True
guide	ifn_jak_stat_response	CD274	CCND2_1	740	0.4365967738377111	True
guide	ifn_jak_stat_response	CD274	CCND2_2	740	0.43596627696050816	True
guide	ifn_jak_stat_response	CD274	CCND2_3	740	0.4359592586072181	True
guide	ifn_jak_stat_response	CD274	CCR10_1	740	0.43702995726355887	True
guide	ifn_jak_stat_response	CD274	CCR10_2	740	0.43729138352028457	True
guide	ifn_jak_stat_response	CD274	CCR10_3	740	0.4363589197717821	True
guide	ifn_jak_stat_response	CD274	CCT3_2	740	0.43722996552567095	True
guide	ifn_jak_stat_response	CD274	CCT3_3	740	0.4421345803298656	True
guide	ifn_jak_stat_response	CD274	CD151_1	740	0.43738741946846776	True
guide	ifn_jak_stat_response	CD274	CD151_2	740	0.4382876047144974	True
guide	ifn_jak_stat_response	CD274	CD151_3	740	0.4373751891734941	True
guide	ifn_jak_stat_response	CD274	CD274_1	740	0.4381417591872688	True
guide	ifn_jak_stat_response	CD274	CD274_2	740	0.4379153062437729	True
guide	ifn_jak_stat_response	CD274	CD274_3	740	0.43971887497277423	True
guide	ifn_jak_stat_response	CD274	CD44_1	740	0.4353561540371596	True
guide	ifn_jak_stat_response	CD274	CD44_2	740	0.44023684129089724	True
guide	ifn_jak_stat_response	CD274	CD44_3	740	0.4369862184120427	True
guide	ifn_jak_stat_response	CD274	CD47_1	740	0.4377970010902138	True
guide	ifn_jak_stat_response	CD274	CD47_2	740	0.4368632935829004	True
guide	ifn_jak_stat_response	CD274	CD47_3	740	0.43704734027360614	True
guide	ifn_jak_stat_response	CD274	CD58_1	740	0.4377751464711082	True
guide	ifn_jak_stat_response	CD274	CD58_2	740	0.4381529234032617	True
guide	ifn_jak_stat_response	CD274	CD58_3	740	0.4380090027408594	True
guide	ifn_jak_stat_response	CD274	CD59_1	740	0.43615227812934537	True
guide	ifn_jak_stat_response	CD274	CD59_2	740	0.4373342931992601	True
guide	ifn_jak_stat_response	CD274	CD59_3	740	0.4365920357089077	True
guide	ifn_jak_stat_response	CD274	CD63_1	740	0.43845865116429894	True
guide	ifn_jak_stat_response	CD274	CD63_2	740	0.4366440958991347	True
guide	ifn_jak_stat_response	CD274	CD63_3	740	0.4368346871302501	True
guide	ifn_jak_stat_response	CD274	CDC123_2	740	0.43601966974946116	True
guide	ifn_jak_stat_response	CD274	CDH19_1	740	0.43637775383377553	True
guide	ifn_jak_stat_response	CD274	CDH19_2	740	0.43872155808627566	True
guide	ifn_jak_stat_response	CD274	CDH19_3	740	0.43673352808029825	True
guide	ifn_jak_stat_response	CD274	CDK4_1	740	0.4367402799138431	True
guide	ifn_jak_stat_response	CD274	CDK4_2	740	0.43752672045528684	True
guide	ifn_jak_stat_response	CD274	CDK4_3	740	0.4371978054764181	True
guide	ifn_jak_stat_response	CD274	CDK6_1	740	0.440702243992608	True
guide	ifn_jak_stat_response	CD274	CDK6_2	740	0.4371613218846322	True
guide	ifn_jak_stat_response	CD274	CDK6_3	740	0.4387911493530751	True
guide	ifn_jak_stat_response	CD274	CDKN1A_1	740	0.43786685887675847	True
guide	ifn_jak_stat_response	CD274	CDKN1A_2	740	0.4375219230998734	True
guide	ifn_jak_stat_response	CD274	CDKN1A_3	740	0.4366371367724548	True
guide	ifn_jak_stat_response	CD274	CDKN2A_1	740	0.43704565231522	True
guide	ifn_jak_stat_response	CD274	CDKN2A_2	740	0.43641044692251874	True
guide	ifn_jak_stat_response	CD274	CDKN2A_3	740	0.43726846282219833	True
guide	ifn_jak_stat_response	CD274	CDKN2B_1	740	0.4353056633520988	True
guide	ifn_jak_stat_response	CD274	CDKN2B_2	740	0.43640920316370785	True
guide	ifn_jak_stat_response	CD274	CDKN2B_3	740	0.4379196593996109	True
guide	ifn_jak_stat_response	CD274	CGAS_1	740	0.4363498877137506	True
guide	ifn_jak_stat_response	CD274	CGAS_2	740	0.43792803996493196	True
guide	ifn_jak_stat_response	CD274	CGAS_3	740	0.4378055001087549	True
guide	ifn_jak_stat_response	CD274	CHCHD2_1	740	0.43726668602389707	True
guide	ifn_jak_stat_response	CD274	CHCHD2_2	740	0.43733082844257265	True
guide	ifn_jak_stat_response	CD274	CHCHD2_3	740	0.4370931520564737	True
guide	ifn_jak_stat_response	CD274	CITED1_1	740	0.43747614093031084	True
guide	ifn_jak_stat_response	CD274	CITED1_2	740	0.4378725446313225	True
guide	ifn_jak_stat_response	CD274	CITED1_3	740	0.4378883877495088	True
guide	ifn_jak_stat_response	CD274	CKS1B_1	740	0.44006475837542	True
guide	ifn_jak_stat_response	CD274	CKS1B_2	740	0.43604632172398	True
guide	ifn_jak_stat_response	CD274	CKS1B_3	740	0.43792078470520174	True
guide	ifn_jak_stat_response	CD274	CMSS1_1	740	0.4369690723084356	True
guide	ifn_jak_stat_response	CD274	CMSS1_2	740	0.4382231957760766	True
guide	ifn_jak_stat_response	CD274	CMSS1_3	740	0.4373153702973517	True
guide	ifn_jak_stat_response	CD274	CORO1A_1	740	0.4376741058743765	True
guide	ifn_jak_stat_response	CD274	CORO1A_2	740	0.43661169894344165	True
guide	ifn_jak_stat_response	CD274	CORO1A_3	740	0.43698595189229755	True
guide	ifn_jak_stat_response	CD274	CSPG4_1	740	0.4368726810005921	True
guide	ifn_jak_stat_response	CD274	CSPG4_2	740	0.4383255393582294	True
guide	ifn_jak_stat_response	CD274	CSPG4_3	740	0.4368277280035702	True
guide	ifn_jak_stat_response	CD274	CST3_1	740	0.43759240276582345	True
guide	ifn_jak_stat_response	CD274	CST3_2	740	0.4353905350842891	True
guide	ifn_jak_stat_response	CD274	CST3_3	740	0.4385212833044185	True
guide	ifn_jak_stat_response	CD274	CTPS1_1	740	0.4377509227876011	True
guide	ifn_jak_stat_response	CD274	CTPS1_2	740	0.4355315832561043	True
guide	ifn_jak_stat_response	CD274	CTPS1_3	740	0.4386344653562088	True
guide	ifn_jak_stat_response	CD274	CTSA_1	740	0.43707970761599424	True
guide	ifn_jak_stat_response	CD274	CTSA_2	740	0.4381249092167118	True
guide	ifn_jak_stat_response	CD274	CTSA_3	740	0.43799564714029493	True
guide	ifn_jak_stat_response	CD274	CTSB_1	740	0.4368385664732079	True
guide	ifn_jak_stat_response	CD274	CTSB_2	740	0.43883533240416656	True
guide	ifn_jak_stat_response	CD274	CTSB_3	740	0.4365754818714009	True
guide	ifn_jak_stat_response	CD274	CTSD_1	740	0.43759456453709	True
guide	ifn_jak_stat_response	CD274	CTSD_2	740	0.4374245249396591	True
guide	ifn_jak_stat_response	CD274	CTSD_3	740	0.4369776897801968	True
guide	ifn_jak_stat_response	CD274	CTSL_1	740	0.4373135342724403	True
guide	ifn_jak_stat_response	CD274	CTSL_2	740	0.4360343875620565	True
guide	ifn_jak_stat_response	CD274	CTSL_3	740	0.43727035807371967	True
guide	ifn_jak_stat_response	CD274	CTSO_1	740	0.4382840215045898	True
guide	ifn_jak_stat_response	CD274	CTSO_2	740	0.43887237864874784	True
guide	ifn_jak_stat_response	CD274	CTSO_3	740	0.43766374121761914	True
guide	ifn_jak_stat_response	CD274	CXCR4_1	740	0.4368409355376096	True
guide	ifn_jak_stat_response	CD274	CXCR4_2	740	0.4369264291492053	True
guide	ifn_jak_stat_response	CD274	CXCR4_3	740	0.4384828452345011	True
guide	ifn_jak_stat_response	CD274	CYP27A1_1	740	0.4385335432126971	True
guide	ifn_jak_stat_response	CD274	CYP27A1_2	740	0.43613154881583055	True
guide	ifn_jak_stat_response	CD274	CYP27A1_3	740	0.436979555418413	True
guide	ifn_jak_stat_response	CD274	DAG1_1	740	0.43611259630061705	True
guide	ifn_jak_stat_response	CD274	DAG1_2	740	0.43675514579296365	True
guide	ifn_jak_stat_response	CD274	DAG1_3	740	0.43663334626941214	True
guide	ifn_jak_stat_response	CD274	DDR1_1	740	0.4352400698814771	True
guide	ifn_jak_stat_response	CD274	DDR1_2	740	0.43763649697699974	True
guide	ifn_jak_stat_response	CD274	DDR1_3	740	0.43743305357150525	True
guide	ifn_jak_stat_response	CD274	DDX17_1	740	0.4375954825495456	True
guide	ifn_jak_stat_response	CD274	DDX17_2	740	0.43766824243998237	True
guide	ifn_jak_stat_response	CD274	DDX17_3	740	0.44093441230397284	True
guide	ifn_jak_stat_response	CD274	DDX39A_1	740	0.43518664747921926	True
guide	ifn_jak_stat_response	CD274	DDX39A_2	740	0.43571539304036994	True
guide	ifn_jak_stat_response	CD274	DDX39A_3	740	0.4382155851566863	True
guide	ifn_jak_stat_response	CD274	DLL3_1	740	0.436346097210708	True
guide	ifn_jak_stat_response	CD274	DLL3_2	740	0.437339771660689	True
guide	ifn_jak_stat_response	CD274	DLL3_3	740	0.4367746905742775	True
guide	ifn_jak_stat_response	CD274	DNMT1_1	740	0.4399558406395526	True
guide	ifn_jak_stat_response	CD274	DNMT1_3	740	0.43526633688303085	True
guide	ifn_jak_stat_response	CD274	E2F1_1	740	0.4372652941985611	True
guide	ifn_jak_stat_response	CD274	E2F1_2	740	0.43669834747393327	True
guide	ifn_jak_stat_response	CD274	E2F1_3	740	0.43502673563210564	True
guide	ifn_jak_stat_response	CD274	EEA1_1	740	0.43648681963616803	True
guide	ifn_jak_stat_response	CD274	EEA1_2	740	0.4371149474489692	True
guide	ifn_jak_stat_response	CD274	EEA1_3	740	0.4373135934990504	True
guide	ifn_jak_stat_response	CD274	EEF1G_2	740	0.43974132185798015	True
guide	ifn_jak_stat_response	CD274	EIF3K_1	740	0.4383696927960158	True
guide	ifn_jak_stat_response	CD274	EIF3K_2	740	0.43505072240917264	True
guide	ifn_jak_stat_response	CD274	EIF3K_3	740	0.43738081570144816	True
guide	ifn_jak_stat_response	CD274	EIF4A1_1	740	0.43496362967910573	True
guide	ifn_jak_stat_response	CD274	EIF4A1_3	740	0.43768266411952755	True
guide	ifn_jak_stat_response	CD274	EMP1_1	740	0.4352596442760961	True
guide	ifn_jak_stat_response	CD274	EMP1_2	740	0.4372791236120059	True
guide	ifn_jak_stat_response	CD274	EMP1_3	740	0.43751170650964105	True
guide	ifn_jak_stat_response	CD274	ENPP1_1	740	0.43709380354918426	True
guide	ifn_jak_stat_response	CD274	ENPP1_2	740	0.4370461853547104	True
guide	ifn_jak_stat_response	CD274	ENPP1_3	740	0.4392045807044739	True
guide	ifn_jak_stat_response	CD274	EVA1A_1	740	0.4398682148699954	True
guide	ifn_jak_stat_response	CD274	EVA1A_2	740	0.4372228287191609	True
guide	ifn_jak_stat_response	CD274	EVA1A_3	740	0.4377664105461271	True
guide	ifn_jak_stat_response	CD274	FBL_2	740	0.4381417591872688	True
guide	ifn_jak_stat_response	CD274	FBL_3	740	0.43742870041566717	True
guide	ifn_jak_stat_response	CD274	FBXO32_1	740	0.43765811468966515	True
guide	ifn_jak_stat_response	CD274	FBXO32_2	740	0.4365649987614235	True
guide	ifn_jak_stat_response	CD274	FBXO32_3	740	0.43766306011160366	True
guide	ifn_jak_stat_response	CD274	FGFR1_1	740	0.4372894586554582	True
guide	ifn_jak_stat_response	CD274	FGFR1_2	740	0.43554798902708597	True
guide	ifn_jak_stat_response	CD274	FGFR1_3	740	0.43610217241724963	True
guide	ifn_jak_stat_response	CD274	FKBP4_1	740	0.4373789796765369	True
guide	ifn_jak_stat_response	CD274	FKBP4_2	740	0.43586689470885753	True
guide	ifn_jak_stat_response	CD274	FKBP4_3	740	0.43916318130405446	True
guide	ifn_jak_stat_response	CD274	FMN1_1	740	0.436775430906903	True
guide	ifn_jak_stat_response	CD274	FMN1_2	740	0.4366222412800292	True
guide	ifn_jak_stat_response	CD274	FMN1_3	740	0.4372269449685588	True
guide	ifn_jak_stat_response	CD274	FOS_1	740	0.4374400126981852	True
guide	ifn_jak_stat_response	CD274	FOS_2	740	0.4390268416477376	True
guide	ifn_jak_stat_response	CD274	FOS_3	740	0.4367181587749923	True
guide	ifn_jak_stat_response	CD274	FOXM1_1	740	0.4396464112153878	True
guide	ifn_jak_stat_response	CD274	FOXM1_2	740	0.4369807695639189	True
guide	ifn_jak_stat_response	CD274	FOXM1_3	740	0.43652738986404677	True
guide	ifn_jak_stat_response	CD274	FRZB_1	740	0.43705714227756814	True
guide	ifn_jak_stat_response	CD274	FRZB_2	740	0.43812668601501303	True
guide	ifn_jak_stat_response	CD274	FRZB_3	740	0.4357519062454608	True
guide	ifn_jak_stat_response	CD274	FSTL3_1	740	0.43734083773966975	True
guide	ifn_jak_stat_response	CD274	FSTL3_2	740	0.43735999754801835	True
guide	ifn_jak_stat_response	CD274	FSTL3_3	740	0.4352543434944973	True
guide	ifn_jak_stat_response	CD274	FTH1_1	740	0.43660311108498556	True
guide	ifn_jak_stat_response	CD274	GAA_1	740	0.44108680237161113	True
guide	ifn_jak_stat_response	CD274	GAA_2	740	0.4371426358891639	True
guide	ifn_jak_stat_response	CD274	GAA_3	740	0.4373737973481581	True
guide	ifn_jak_stat_response	CD274	GAS5_1	740	0.4360606249503052	True
guide	ifn_jak_stat_response	CD274	GAS5_2	740	0.43782756202099554	True
guide	ifn_jak_stat_response	CD274	GAS5_3	740	0.4380219733684586	True
guide	ifn_jak_stat_response	CD274	GPATCH4_1	740	0.4371431097020443	True
guide	ifn_jak_stat_response	CD274	GPATCH4_2	740	0.4408379913828244	True
guide	ifn_jak_stat_response	CD274	GPATCH4_3	740	0.437286290031821	True
guide	ifn_jak_stat_response	CD274	GPI_2	740	0.43494248577932076	True
guide	ifn_jak_stat_response	CD274	GPNMB_1	740	0.4358433521313658	True
guide	ifn_jak_stat_response	CD274	GPNMB_2	740	0.4374354226359069	True
guide	ifn_jak_stat_response	CD274	GPNMB_3	740	0.43960664054674453	True
guide	ifn_jak_stat_response	CD274	GRN_1	740	0.43634032261622885	True
guide	ifn_jak_stat_response	CD274	GRN_2	740	0.43736879269960954	True
guide	ifn_jak_stat_response	CD274	GRN_3	740	0.437701438954911	True
guide	ifn_jak_stat_response	CD274	GSEC_1	740	0.4358988178516702	True
guide	ifn_jak_stat_response	CD274	GSEC_2	740	0.43771047101294236	True
guide	ifn_jak_stat_response	CD274	GSEC_3	740	0.43678117588807713	True
guide	ifn_jak_stat_response	CD274	GSN_1	740	0.4379800113152439	True
guide	ifn_jak_stat_response	CD274	GSN_2	740	0.43653351981818617	True
guide	ifn_jak_stat_response	CD274	GSN_3	740	0.438199771651805	True
guide	ifn_jak_stat_response	CD274	HASPIN_1	740	0.43953091932580574	True
guide	ifn_jak_stat_response	CD274	HASPIN_2	740	0.4389395416245355	True
guide	ifn_jak_stat_response	CD274	HASPIN_3	740	0.43623999273881764	True
guide	ifn_jak_stat_response	CD274	HLA-A_1	740	0.4358106886559276	True
guide	ifn_jak_stat_response	CD274	HLA-A_2	740	0.4360650669460583	True
guide	ifn_jak_stat_response	CD274	HLA-A_3	740	0.4370547732131665	True
guide	ifn_jak_stat_response	CD274	HLA-B_1	740	0.437677570631064	True
guide	ifn_jak_stat_response	CD274	HLA-B_2	740	0.43606198716233613	True
guide	ifn_jak_stat_response	CD274	HLA-B_3	740	0.4376673836541367	True
guide	ifn_jak_stat_response	CD274	HLA-C_1	740	0.4379260262601905	True
guide	ifn_jak_stat_response	CD274	HLA-C_2	740	0.43738626454957197	True
guide	ifn_jak_stat_response	CD274	HLA-C_3	740	0.4366023115257501	True
guide	ifn_jak_stat_response	CD274	HLA-DRB5_1	740	0.4375332353823914	True
guide	ifn_jak_stat_response	CD274	HLA-DRB5_2	740	0.436844400294297	True
guide	ifn_jak_stat_response	CD274	HLA-DRB5_3	740	0.44115230700231767	True
guide	ifn_jak_stat_response	CD274	HLA-E_1	740	0.4379643162635827	True
guide	ifn_jak_stat_response	CD274	HLA-E_2	740	0.43812920314593984	True
guide	ifn_jak_stat_response	CD274	HLA-E_3	740	0.43657995348045914	True
guide	ifn_jak_stat_response	CD274	HLA-F_1	740	0.43987923101946325	True
guide	ifn_jak_stat_response	CD274	HLA-F_2	740	0.43712394989369563	True
guide	ifn_jak_stat_response	CD274	HLA-F_3	740	0.436893558380632	True
guide	ifn_jak_stat_response	CD274	HLA-H_1	740	0.43600924586609374	True
guide	ifn_jak_stat_response	CD274	HLA-H_2	740	0.4372724013917661	True
guide	ifn_jak_stat_response	CD274	HLA-H_3	740	0.4366361595333891	True
guide	ifn_jak_stat_response	CD274	HNRNPA1_1	740	0.43730444298779886	True
guide	ifn_jak_stat_response	CD274	HNRNPA1_2	740	0.4360877211243994	True
guide	ifn_jak_stat_response	CD274	HNRNPA1_3	740	0.440111310490913	True
guide	ifn_jak_stat_response	CD274	HNRNPC_2	740	0.43761825518110675	True
guide	ifn_jak_stat_response	CD274	HSPA1A_1	740	0.4366358930136439	True
guide	ifn_jak_stat_response	CD274	HSPA1A_2	740	0.4371181752992165	True
guide	ifn_jak_stat_response	CD274	HSPA1A_3	740	0.4367661323291264	True
guide	ifn_jak_stat_response	CD274	IDH2_1	740	0.4372580685521359	True
guide	ifn_jak_stat_response	CD274	IDH2_2	740	0.43761523462399465	True
guide	ifn_jak_stat_response	CD274	IDH2_3	740	0.43629998929479025	True
guide	ifn_jak_stat_response	CD274	IDI2-AS1_1	740	0.43722273987924587	True
guide	ifn_jak_stat_response	CD274	IDI2-AS1_2	740	0.43740927408757335	True
guide	ifn_jak_stat_response	CD274	IDI2-AS1_3	740	0.43566034190633574	True
guide	ifn_jak_stat_response	CD274	IFNGR1_1	740	0.43494266345915084	True
guide	ifn_jak_stat_response	CD274	IFNGR1_2	740	0.4349429595922011	True
guide	ifn_jak_stat_response	CD274	IFNGR1_3	740	0.4349430484321161	True
guide	ifn_jak_stat_response	CD274	IFNGR2_1	740	0.43494349263169146	True
guide	ifn_jak_stat_response	CD274	IFNGR2_2	740	0.4349431964986413	True
guide	ifn_jak_stat_response	CD274	IFNGR2_3	740	0.43494349263169146	True
guide	ifn_jak_stat_response	CD274	ILF2_2	740	0.44170447668774	True
guide	ifn_jak_stat_response	CD274	ILF2_3	740	0.44080974028983433	True
guide	ifn_jak_stat_response	CD274	IRF3_1	740	0.43813959741600217	True
guide	ifn_jak_stat_response	CD274	IRF3_2	740	0.4397342738913852	True
guide	ifn_jak_stat_response	CD274	IRF3_3	740	0.4380481515300973	True
guide	ifn_jak_stat_response	CD274	IRF4_1	740	0.4394074614571731	True
guide	ifn_jak_stat_response	CD274	IRF4_2	740	0.43759124784692766	True
guide	ifn_jak_stat_response	CD274	IRF4_3	740	0.43628456076287425	True
guide	ifn_jak_stat_response	CD274	ISYNA1_1	740	0.43832497670543397	True
guide	ifn_jak_stat_response	CD274	ISYNA1_2	740	0.43797628003881117	True
guide	ifn_jak_stat_response	CD274	ISYNA1_3	740	0.4366334351093271	True
guide	ifn_jak_stat_response	CD274	ITGA3_1	740	0.4374057797175808	True
guide	ifn_jak_stat_response	CD274	ITGA3_2	740	0.43701310729300186	True
guide	ifn_jak_stat_response	CD274	ITGA3_3	740	0.43842222679912307	True
guide	ifn_jak_stat_response	CD274	JAK1_1	740	0.434945654402958	True
guide	ifn_jak_stat_response	CD274	JAK1_2	740	0.43494349263169146	True
guide	ifn_jak_stat_response	CD274	JAK1_3	740	0.4349444106441471	True
guide	ifn_jak_stat_response	CD274	JAK2_1	740	0.4349440848977919	True
guide	ifn_jak_stat_response	CD274	JAK2_2	740	0.43494358147160656	True
guide	ifn_jak_stat_response	CD274	JAK2_3	740	0.43494310765872624	True
guide	ifn_jak_stat_response	CD274	JMJD7_1	740	0.43734613852126847	True
guide	ifn_jak_stat_response	CD274	JMJD7_2	740	0.4375127725886219	True
guide	ifn_jak_stat_response	CD274	JMJD7_3	740	0.43781163006289414	True
guide	ifn_jak_stat_response	CD274	JPT1_1	740	0.43611564647103424	True
guide	ifn_jak_stat_response	CD274	JPT1_3	740	0.437368022753679	True
guide	ifn_jak_stat_response	CD274	KCNN4_1	740	0.43804498290646	True
guide	ifn_jak_stat_response	CD274	KCNN4_2	740	0.4361998667105141	True
guide	ifn_jak_stat_response	CD274	KCNN4_3	740	0.4364840063721909	True
guide	ifn_jak_stat_response	CD274	KDR_1	740	0.43812316203171553	True
guide	ifn_jak_stat_response	CD274	KDR_2	740	0.4386986966147995	True
guide	ifn_jak_stat_response	CD274	KDR_3	740	0.43734113387272	True
guide	ifn_jak_stat_response	CD274	KLF4_1	740	0.43530578180531887	True
guide	ifn_jak_stat_response	CD274	KLF4_2	740	0.43712836227614377	True
guide	ifn_jak_stat_response	CD274	KLF4_3	740	0.43678546981730515	True
guide	ifn_jak_stat_response	CD274	LAMP2_1	740	0.43607975514534875	True
guide	ifn_jak_stat_response	CD274	LAMP2_2	740	0.4397675888595339	True
guide	ifn_jak_stat_response	CD274	LAMP2_3	740	0.4362550362977683	True
guide	ifn_jak_stat_response	CD274	LCP1_1	740	0.4383900371365651	True
guide	ifn_jak_stat_response	CD274	LCP1_2	740	0.4373380244756927	True
guide	ifn_jak_stat_response	CD274	LCP1_3	740	0.43755189176455467	True
guide	ifn_jak_stat_response	CD274	LEF1-AS1_1	740	0.4368543207514791	True
guide	ifn_jak_stat_response	CD274	LEF1-AS1_2	740	0.4366935797318248	True
guide	ifn_jak_stat_response	CD274	LEF1-AS1_3	740	0.43763679311005005	True
guide	ifn_jak_stat_response	CD274	LGALS3BP_1	740	0.4371198040309927	True
guide	ifn_jak_stat_response	CD274	LGALS3BP_2	740	0.436693816638265	True
guide	ifn_jak_stat_response	CD274	LGALS3BP_3	740	0.4357824671762425	True
guide	ifn_jak_stat_response	CD274	LGALS3_1	740	0.43634044106944897	True
guide	ifn_jak_stat_response	CD274	LGALS3_2	740	0.43667083671356877	True
guide	ifn_jak_stat_response	CD274	LGALS3_3	740	0.43727752449353474	True
guide	ifn_jak_stat_response	CD274	LINC00518_1	740	0.4365790946946135	True
guide	ifn_jak_stat_response	CD274	LINC00518_2	740	0.4359172373273933	True
guide	ifn_jak_stat_response	CD274	LINC00518_3	740	0.4379509014364082	True
guide	ifn_jak_stat_response	CD274	LRPAP1_1	740	0.4364308801029832	True
guide	ifn_jak_stat_response	CD274	LRPAP1_2	740	0.4359265655184749	True
guide	ifn_jak_stat_response	CD274	LRPAP1_3	740	0.4382679710932684	True
guide	ifn_jak_stat_response	CD274	LRRC75A-AS1_1	740	0.4364370100571226	True
guide	ifn_jak_stat_response	CD274	LRRC75A-AS1_2	740	0.4366972813949525	True
guide	ifn_jak_stat_response	CD274	LRRC75A-AS1_3	740	0.435867486974958	True
guide	ifn_jak_stat_response	CD274	LY96_1	740	0.43682384866061247	True
guide	ifn_jak_stat_response	CD274	LY96_2	740	0.4362908683968438	True
guide	ifn_jak_stat_response	CD274	LY96_3	740	0.43625077198184525	True
guide	ifn_jak_stat_response	CD274	MC1R_1	740	0.438665618553091	True
guide	ifn_jak_stat_response	CD274	MC1R_2	740	0.4367263616604831	True
guide	ifn_jak_stat_response	CD274	MC1R_3	740	0.43808416130900285	True
guide	ifn_jak_stat_response	CD274	MDH2_1	740	0.43588543263780066	True
guide	ifn_jak_stat_response	CD274	MDH2_2	740	0.435086376828418	True
guide	ifn_jak_stat_response	CD274	MDH2_3	740	0.4368447260406523	True
guide	ifn_jak_stat_response	CD274	MFGE8_1	740	0.4371169019271006	True
guide	ifn_jak_stat_response	CD274	MFGE8_2	740	0.43721989700196384	True
guide	ifn_jak_stat_response	CD274	MFGE8_3	740	0.43713638748180444	True
guide	ifn_jak_stat_response	CD274	MIA_1	740	0.4380704799620831	True
guide	ifn_jak_stat_response	CD274	MIA_2	740	0.43712128469624373	True
guide	ifn_jak_stat_response	CD274	MIA_3	740	0.4376998398364398	True
guide	ifn_jak_stat_response	CD274	MRPL47_1	740	0.4361418246326729	True
guide	ifn_jak_stat_response	CD274	MRPL47_2	740	0.4354271667426001	True
guide	ifn_jak_stat_response	CD274	MRPL47_3	740	0.4376569005441593	True
guide	ifn_jak_stat_response	CD274	MT2A_1	740	0.4377981856224147	True
guide	ifn_jak_stat_response	CD274	MT2A_2	740	0.43693279600978485	True
guide	ifn_jak_stat_response	CD274	MT2A_3	740	0.43854242720420344	True
guide	ifn_jak_stat_response	CD274	MYC_1	740	0.4359066061508908	True
guide	ifn_jak_stat_response	CD274	MYC_2	740	0.43493751074407716	True
guide	ifn_jak_stat_response	CD274	MYC_3	740	0.43660778998717886	True
guide	ifn_jak_stat_response	CD274	NCL_3	740	0.4382956891467681	True
guide	ifn_jak_stat_response	CD274	NDUFA13_1	740	0.43676832371369795	True
guide	ifn_jak_stat_response	CD274	NDUFA13_2	740	0.43754161594771235	True
guide	ifn_jak_stat_response	CD274	NDUFA13_3	740	0.43577148064007976	True
guide	ifn_jak_stat_response	CD274	NEAT1_1	740	0.4376375630559805	True
guide	ifn_jak_stat_response	CD274	NEAT1_2	740	0.4374349784363316	True
guide	ifn_jak_stat_response	CD274	NEAT1_3	740	0.43909980883130945	True
guide	ifn_jak_stat_response	CD274	NGFR_1	740	0.43644524255591843	True
guide	ifn_jak_stat_response	CD274	NGFR_2	740	0.43610104711165887	True
guide	ifn_jak_stat_response	CD274	NGFR_3	740	0.4399236213636898	True
guide	ifn_jak_stat_response	CD274	NME1_1	740	0.4372935749048562	True
guide	ifn_jak_stat_response	CD274	NME1_2	740	0.43737658099883014	True
guide	ifn_jak_stat_response	CD274	NME1_3	740	0.43664545811116573	True
guide	ifn_jak_stat_response	CD274	NMRK1_1	740	0.43674303395121	True
guide	ifn_jak_stat_response	CD274	NMRK1_2	740	0.4362132223110786	True
guide	ifn_jak_stat_response	CD274	NMRK1_3	740	0.43703359970007644	True
guide	ifn_jak_stat_response	CD274	NOLC1_1	740	0.4362875813199864	True
guide	ifn_jak_stat_response	CD274	NOLC1_2	740	0.4372547814752786	True
guide	ifn_jak_stat_response	CD274	NOLC1_3	740	0.4363131079889146	True
guide	ifn_jak_stat_response	CD274	NONO_1	740	0.4372443872052162	True
guide	ifn_jak_stat_response	CD274	NONO_2	740	0.4359186291527293	True
guide	ifn_jak_stat_response	CD274	NONO_3	740	0.43744161181665625	True
guide	ifn_jak_stat_response	CD274	NO_SITE_107	740	0.43675609341872423	True
guide	ifn_jak_stat_response	CD274	NO_SITE_136	740	0.4378947249967832	True
guide	ifn_jak_stat_response	CD274	NO_SITE_146	740	0.43725866081823633	True
guide	ifn_jak_stat_response	CD274	NO_SITE_172	740	0.4369703456805515	True
guide	ifn_jak_stat_response	CD274	NO_SITE_187	740	0.4373683485000343	True
guide	ifn_jak_stat_response	CD274	NO_SITE_205	740	0.4371122822515174	True
guide	ifn_jak_stat_response	CD274	NO_SITE_229	740	0.4382718208229212	True
guide	ifn_jak_stat_response	CD274	NO_SITE_23	740	0.43747865806123765	True
guide	ifn_jak_stat_response	CD274	NO_SITE_304	740	0.4368727106138971	True
guide	ifn_jak_stat_response	CD274	NO_SITE_355	740	0.4372960328091729	True
guide	ifn_jak_stat_response	CD274	NO_SITE_36	740	0.436999218652947	True
guide	ifn_jak_stat_response	CD274	NO_SITE_38	740	0.43684132051057484	True
guide	ifn_jak_stat_response	CD274	NO_SITE_386	740	0.43733005849664214	True
guide	ifn_jak_stat_response	CD274	NO_SITE_40	740	0.4369587668782882	True
guide	ifn_jak_stat_response	CD274	NO_SITE_411	740	0.4366940535447052	True
guide	ifn_jak_stat_response	CD274	NO_SITE_47	740	0.43634811091544945	True
guide	ifn_jak_stat_response	CD274	NO_SITE_505	740	0.4392768075554202	True
guide	ifn_jak_stat_response	CD274	NO_SITE_544	740	0.4375668464835903	True
guide	ifn_jak_stat_response	CD274	NO_SITE_547	740	0.4373907065453252	True
guide	ifn_jak_stat_response	CD274	NO_SITE_599	740	0.43644026752067494	True
guide	ifn_jak_stat_response	CD274	NO_SITE_605	740	0.4373407488997547	True
guide	ifn_jak_stat_response	CD274	NO_SITE_628	740	0.4382667865610676	True
guide	ifn_jak_stat_response	CD274	NO_SITE_664	740	0.43755357972294084	True
guide	ifn_jak_stat_response	CD274	NO_SITE_678	740	0.43633650249988115	True
guide	ifn_jak_stat_response	CD274	NO_SITE_694	740	0.43778352703642925	True
guide	ifn_jak_stat_response	CD274	NO_SITE_706	740	0.4378402365155445	True
guide	ifn_jak_stat_response	CD274	NO_SITE_707	740	0.43584388517085615	True
guide	ifn_jak_stat_response	CD274	NO_SITE_716	740	0.4372028989648818	True
guide	ifn_jak_stat_response	CD274	NO_SITE_736	740	0.43762497740134665	True
guide	ifn_jak_stat_response	CD274	NO_SITE_81	740	0.4372530046769773	True
guide	ifn_jak_stat_response	CD274	NO_SITE_812	740	0.43635954165118757	True
guide	ifn_jak_stat_response	CD274	NO_SITE_820	740	0.43691858162337477	True
guide	ifn_jak_stat_response	CD274	NO_SITE_836	740	0.43735706583082123	True
guide	ifn_jak_stat_response	CD274	NO_SITE_913	740	0.4374318690393044	True
guide	ifn_jak_stat_response	CD274	NO_SITE_915	740	0.43643215347509917	True
guide	ifn_jak_stat_response	CD274	NO_SITE_960	740	0.43735662163124595	True
guide	ifn_jak_stat_response	CD274	NO_SITE_963	740	0.4384667355965697	True
guide	ifn_jak_stat_response	CD274	NPC1_1	740	0.4358287231586855	True
guide	ifn_jak_stat_response	CD274	NPC1_2	740	0.4377398474115232	True
guide	ifn_jak_stat_response	CD274	NPC1_3	740	0.4369554501881259	True
guide	ifn_jak_stat_response	CD274	NPC2_1	740	0.4369577007993075	True
guide	ifn_jak_stat_response	CD274	NPC2_2	740	0.4378677176626041	True
guide	ifn_jak_stat_response	CD274	NPC2_3	740	0.43696821352258997	True
guide	ifn_jak_stat_response	CD274	NSG1_1	740	0.43630197338622656	True
guide	ifn_jak_stat_response	CD274	NSG1_2	740	0.43884451252872303	True
guide	ifn_jak_stat_response	CD274	NSG1_3	740	0.4379538035403003	True
guide	ifn_jak_stat_response	CD274	NT5E_1	740	0.4364217888183418	True
guide	ifn_jak_stat_response	CD274	NT5E_2	740	0.4364317981154388	True
guide	ifn_jak_stat_response	CD274	NT5E_3	740	0.436872532934067	True
guide	ifn_jak_stat_response	CD274	NUP50-AS1_1	740	0.43646120412732475	True
guide	ifn_jak_stat_response	CD274	NUP50-AS1_2	740	0.43738043072848287	True
guide	ifn_jak_stat_response	CD274	NUP50-AS1_3	740	0.437300474804926	True
guide	ifn_jak_stat_response	CD274	ONE_NON-GENE_SITE_157	740	0.43773812983983196	True
guide	ifn_jak_stat_response	CD274	ONE_NON-GENE_SITE_177	740	0.4372045276966579	True
guide	ifn_jak_stat_response	CD274	ONE_NON-GENE_SITE_2	740	0.437151194134315	True
guide	ifn_jak_stat_response	CD274	ONE_NON-GENE_SITE_202	740	0.4361016097644543	True
guide	ifn_jak_stat_response	CD274	ONE_NON-GENE_SITE_217	740	0.43672091281235925	True
guide	ifn_jak_stat_response	CD274	ONE_NON-GENE_SITE_231	740	0.4367958048607575	True
guide	ifn_jak_stat_response	CD274	ONE_NON-GENE_SITE_241	740	0.43751289104184193	True
guide	ifn_jak_stat_response	CD274	ONE_NON-GENE_SITE_249	740	0.4370421283319225	True
guide	ifn_jak_stat_response	CD274	ONE_NON-GENE_SITE_250	740	0.4373020443100922	True
guide	ifn_jak_stat_response	CD274	ONE_NON-GENE_SITE_263	740	0.43871403630680034	True
guide	ifn_jak_stat_response	CD274	ONE_NON-GENE_SITE_290	740	0.43540528251018956	True
guide	ifn_jak_stat_response	CD274	ONE_NON-GENE_SITE_293	740	0.43628624872126054	True
guide	ifn_jak_stat_response	CD274	ONE_NON-GENE_SITE_328	740	0.4363851571600308	True
guide	ifn_jak_stat_response	CD274	ONE_NON-GENE_SITE_409	740	0.4359383220005683	True
guide	ifn_jak_stat_response	CD274	ONE_NON-GENE_SITE_422	740	0.4375161781186993	True
guide	ifn_jak_stat_response	CD274	ONE_NON-GENE_SITE_531	740	0.4371288064757191	True
guide	ifn_jak_stat_response	CD274	ONE_NON-GENE_SITE_570	740	0.43642803722570117	True
guide	ifn_jak_stat_response	CD274	ONE_NON-GENE_SITE_594	740	0.43700496363412106	True
guide	ifn_jak_stat_response	CD274	ONE_NON-GENE_SITE_598	740	0.4381015147057452	True
guide	ifn_jak_stat_response	CD274	ONE_NON-GENE_SITE_640	740	0.437092145204103	True
guide	ifn_jak_stat_response	CD274	ONE_NON-GENE_SITE_658	740	0.43645637715860636	True
guide	ifn_jak_stat_response	CD274	ONE_NON-GENE_SITE_670	740	0.43734145961907517	True
guide	ifn_jak_stat_response	CD274	ONE_NON-GENE_SITE_672	740	0.4375873092773599	True
guide	ifn_jak_stat_response	CD274	ONE_NON-GENE_SITE_675	740	0.4383990099679866	True
guide	ifn_jak_stat_response	CD274	ONE_NON-GENE_SITE_714	740	0.43893145719226484	True
guide	ifn_jak_stat_response	CD274	ONE_NON-GENE_SITE_724	740	0.4368047480788738	True
guide	ifn_jak_stat_response	CD274	ONE_NON-GENE_SITE_736	740	0.43583357974070885	True
guide	ifn_jak_stat_response	CD274	ONE_NON-GENE_SITE_813	740	0.43548971004280457	True
guide	ifn_jak_stat_response	CD274	ONE_NON-GENE_SITE_84	740	0.43752840841367296	True
guide	ifn_jak_stat_response	CD274	ONE_NON-GENE_SITE_848	740	0.4375119434160813	True
guide	ifn_jak_stat_response	CD274	ONE_NON-GENE_SITE_859	740	0.43782314963854735	True
guide	ifn_jak_stat_response	CD274	ONE_NON-GENE_SITE_869	740	0.43733728414306716	True
guide	ifn_jak_stat_response	CD274	ONE_NON-GENE_SITE_892	740	0.4372083774263106	True
guide	ifn_jak_stat_response	CD274	ONE_NON-GENE_SITE_915	740	0.4408660351826793	True
guide	ifn_jak_stat_response	CD274	ONE_NON-GENE_SITE_931	740	0.4373573323505664	True
guide	ifn_jak_stat_response	CD274	ONE_NON-GENE_SITE_993	740	0.4358077865520355	True
guide	ifn_jak_stat_response	CD274	P2RX4_1	740	0.43649976065046214	True
guide	ifn_jak_stat_response	CD274	P2RX4_2	740	0.4350389363137743	True
guide	ifn_jak_stat_response	CD274	P2RX4_3	740	0.4358518807632119	True
guide	ifn_jak_stat_response	CD274	PABPC1_1	740	0.43547522913664927	True
guide	ifn_jak_stat_response	CD274	PABPC1_3	740	0.4396092465175864	True
guide	ifn_jak_stat_response	CD274	PAICS_1	740	0.43901547013860953	True
guide	ifn_jak_stat_response	CD274	PAICS_2	740	0.4402599396688137	True
guide	ifn_jak_stat_response	CD274	PAICS_3	740	0.4359241964540733	True
guide	ifn_jak_stat_response	CD274	PET100_1	740	0.43896551249303906	True
guide	ifn_jak_stat_response	CD274	PET100_2	740	0.4400355892699742	True
guide	ifn_jak_stat_response	CD274	PET100_3	740	0.4362496170629494	True
guide	ifn_jak_stat_response	CD274	PFDN4_1	740	0.4372767841609092	True
guide	ifn_jak_stat_response	CD274	PFDN4_2	740	0.43700534860708634	True
guide	ifn_jak_stat_response	CD274	PFDN4_3	740	0.43601274023608616	True
guide	ifn_jak_stat_response	CD274	PFN1_1	740	0.4372955589962925	True
guide	ifn_jak_stat_response	CD274	PFN1_2	740	0.4374999204142428	True
guide	ifn_jak_stat_response	CD274	PFN1_3	740	0.44165979021046325	True
guide	ifn_jak_stat_response	CD274	PIK3IP1_1	740	0.4364548964933553	True
guide	ifn_jak_stat_response	CD274	PIK3IP1_2	740	0.43688648080073195	True
guide	ifn_jak_stat_response	CD274	PIK3IP1_3	740	0.43839504178511374	True
guide	ifn_jak_stat_response	CD274	POLD2_1	740	0.4351842488015125	True
guide	ifn_jak_stat_response	CD274	POLD2_2	740	0.43568225575205133	True
guide	ifn_jak_stat_response	CD274	PPA1_1	740	0.43771831853877297	True
guide	ifn_jak_stat_response	CD274	PPA1_2	740	0.43597847764217684	True
guide	ifn_jak_stat_response	CD274	PPIA_1	740	0.4409721100412647	True
guide	ifn_jak_stat_response	CD274	PPIA_2	740	0.437128658409194	True
guide	ifn_jak_stat_response	CD274	PPIA_3	740	0.436426349267315	True
guide	ifn_jak_stat_response	CD274	PRELID3B_2	740	0.4374708401487121	True
guide	ifn_jak_stat_response	CD274	PROS1_1	740	0.4373360699975613	True
guide	ifn_jak_stat_response	CD274	PROS1_2	740	0.43669035188157757	True
guide	ifn_jak_stat_response	CD274	PROS1_3	740	0.4370892431002109	True
guide	ifn_jak_stat_response	CD274	PSAP_1	740	0.43741889841170517	True
guide	ifn_jak_stat_response	CD274	PSAP_2	740	0.43625408867200766	True
guide	ifn_jak_stat_response	CD274	PSAP_3	740	0.4360753723762056	True
guide	ifn_jak_stat_response	CD274	PSMB8-AS1_1	740	0.43702752897254715	True
guide	ifn_jak_stat_response	CD274	PSMB8-AS1_2	740	0.43825470433261904	True
guide	ifn_jak_stat_response	CD274	PSMB8-AS1_3	740	0.43572925206711977	True
guide	ifn_jak_stat_response	CD274	PTMA_1	740	0.43719046137677287	True
guide	ifn_jak_stat_response	CD274	PTMA_2	740	0.43722457590415714	True
guide	ifn_jak_stat_response	CD274	PTMA_3	740	0.4366366925728794	True
guide	ifn_jak_stat_response	CD274	PUF60_2	740	0.43533415135152903	True
guide	ifn_jak_stat_response	CD274	PUF60_3	740	0.43564381768213406	True
guide	ifn_jak_stat_response	CD274	PYGB_1	740	0.438841640038136	True
guide	ifn_jak_stat_response	CD274	PYGB_2	740	0.43639883850695044	True
guide	ifn_jak_stat_response	CD274	PYGB_3	740	0.4352944695228008	True
guide	ifn_jak_stat_response	CD274	RAB27A_1	740	0.43675911397583644	True
guide	ifn_jak_stat_response	CD274	RAB27A_2	740	0.43765311004111657	True
guide	ifn_jak_stat_response	CD274	RAB27A_3	740	0.4389182792715305	True
guide	ifn_jak_stat_response	CD274	RB1_1	740	0.437360974787084	True
guide	ifn_jak_stat_response	CD274	RB1_2	740	0.4371466040720367	True
guide	ifn_jak_stat_response	CD274	RB1_3	740	0.4369786966325675	True
guide	ifn_jak_stat_response	CD274	RBP7_1	740	0.4372003226073449	True
guide	ifn_jak_stat_response	CD274	RBP7_2	740	0.43707671667218706	True
guide	ifn_jak_stat_response	CD274	RBP7_3	740	0.43816355457976425	True
guide	ifn_jak_stat_response	CD274	RNASEH2A_1	740	0.4369426572403568	True
guide	ifn_jak_stat_response	CD274	RNASEH2A_2	740	0.43715098684117987	True
guide	ifn_jak_stat_response	CD274	RNASEH2A_3	740	0.4393818755616348	True
guide	ifn_jak_stat_response	CD274	RNF213_1	740	0.4370412991593819	True
guide	ifn_jak_stat_response	CD274	RNF213_2	740	0.43517986603236936	True
guide	ifn_jak_stat_response	CD274	RNF213_3	740	0.436336206366831	True
guide	ifn_jak_stat_response	CD274	ROMO1_2	740	0.4379995264832527	True
guide	ifn_jak_stat_response	CD274	ROMO1_3	740	0.4359126472651151	True
guide	ifn_jak_stat_response	CD274	RPSA_3	740	0.4369453224378087	True
guide	ifn_jak_stat_response	CD274	RRS1_1	740	0.43865614229548416	True
guide	ifn_jak_stat_response	CD274	RRS1_2	740	0.4380169687199101	True
guide	ifn_jak_stat_response	CD274	RTP4_1	740	0.43642534241494424	True
guide	ifn_jak_stat_response	CD274	RTP4_2	740	0.43695592400100625	True
guide	ifn_jak_stat_response	CD274	RTP4_3	740	0.4357401497633675	True
guide	ifn_jak_stat_response	CD274	S100A6_1	740	0.43769785574500336	True
guide	ifn_jak_stat_response	CD274	S100A6_2	740	0.43782163935999135	True
guide	ifn_jak_stat_response	CD274	S100A6_3	740	0.4371407110243375	True
guide	ifn_jak_stat_response	CD274	S100B_1	740	0.4361758207068371	True
guide	ifn_jak_stat_response	CD274	S100B_2	740	0.43734978095778604	True
guide	ifn_jak_stat_response	CD274	S100B_3	740	0.43723618431972533	True
guide	ifn_jak_stat_response	CD274	SAE1_1	740	0.4350182366135646	True
guide	ifn_jak_stat_response	CD274	SAE1_3	740	0.4402306817234529	True
guide	ifn_jak_stat_response	CD274	SAT1_1	740	0.43672899724463005	True
guide	ifn_jak_stat_response	CD274	SAT1_2	740	0.437800169713851	True
guide	ifn_jak_stat_response	CD274	SAT1_3	740	0.4385879132407157	True
guide	ifn_jak_stat_response	CD274	SCARB2_1	740	0.43679275469034035	True
guide	ifn_jak_stat_response	CD274	SCARB2_2	740	0.43640449464820946	True
guide	ifn_jak_stat_response	CD274	SCARB2_3	740	0.43724512753784167	True
guide	ifn_jak_stat_response	CD274	SDC3_1	740	0.4366713993663641	True
guide	ifn_jak_stat_response	CD274	SDC3_2	740	0.43599520915951373	True
guide	ifn_jak_stat_response	CD274	SDC3_3	740	0.4379170238154641	True
guide	ifn_jak_stat_response	CD274	SDCBP_1	740	0.4397658120612326	True
guide	ifn_jak_stat_response	CD274	SDCBP_2	740	0.4372946113705319	True
guide	ifn_jak_stat_response	CD274	SDCBP_3	740	0.435282002321387	True
guide	ifn_jak_stat_response	CD274	SEC11C_1	740	0.43694979404686696	True
guide	ifn_jak_stat_response	CD274	SEC11C_2	740	0.4364129640534455	True
guide	ifn_jak_stat_response	CD274	SEC11C_3	740	0.43718637474068006	True
guide	ifn_jak_stat_response	CD274	SERPINA3_1	740	0.43742875964227723	True
guide	ifn_jak_stat_response	CD274	SERPINA3_2	740	0.4381334970751679	True
guide	ifn_jak_stat_response	CD274	SERPINA3_3	740	0.4379235979691788	True
guide	ifn_jak_stat_response	CD274	SERPINE2_1	740	0.43829314240253636	True
guide	ifn_jak_stat_response	CD274	SERPINE2_2	740	0.4381474153285278	True
guide	ifn_jak_stat_response	CD274	SERPINE2_3	740	0.43693910364375427	True
guide	ifn_jak_stat_response	CD274	SERPINF1_1	740	0.43695536134821084	True
guide	ifn_jak_stat_response	CD274	SERPINF1_2	740	0.4352678471615869	True
guide	ifn_jak_stat_response	CD274	SERPINF1_3	740	0.4370742291545653	True
guide	ifn_jak_stat_response	CD274	SET_1	740	0.4358228893375963	True
guide	ifn_jak_stat_response	CD274	SET_2	740	0.435353844199368	True
guide	ifn_jak_stat_response	CD274	SET_3	740	0.43577838054014967	True
guide	ifn_jak_stat_response	CD274	SGK1_1	740	0.4357119875102925	True
guide	ifn_jak_stat_response	CD274	SGK1_2	740	0.43695396952287485	True
guide	ifn_jak_stat_response	CD274	SGK1_3	740	0.43561026580754514	True
guide	ifn_jak_stat_response	CD274	SHMT2_1	740	0.43732244787725166	True
guide	ifn_jak_stat_response	CD274	SHMT2_2	740	0.4400953785328118	True
guide	ifn_jak_stat_response	CD274	SHMT2_3	740	0.436607849213789	True
guide	ifn_jak_stat_response	CD274	SINHCAF_1	740	0.43729058396104903	True
guide	ifn_jak_stat_response	CD274	SINHCAF_2	740	0.4366679346096766	True
guide	ifn_jak_stat_response	CD274	SINHCAF_3	740	0.43762337828287545	True
guide	ifn_jak_stat_response	CD274	SLC19A1_1	740	0.43841352048744686	True
guide	ifn_jak_stat_response	CD274	SLC19A1_2	740	0.4364913504718362	True
guide	ifn_jak_stat_response	CD274	SLC19A1_3	740	0.43809387447304976	True
guide	ifn_jak_stat_response	CD274	SLC22A18_1	740	0.436810552286658	True
guide	ifn_jak_stat_response	CD274	SLC22A18_2	740	0.43569851345650795	True
guide	ifn_jak_stat_response	CD274	SLC22A18_3	740	0.43673338001377315	True
guide	ifn_jak_stat_response	CD274	SLC25A13_1	740	0.43758653933142927	True
guide	ifn_jak_stat_response	CD274	SLC25A13_2	740	0.43598801312639357	True
guide	ifn_jak_stat_response	CD274	SLC25A13_3	740	0.4373480633860949	True
guide	ifn_jak_stat_response	CD274	SLC26A2_1	740	0.4380358323952085	True
guide	ifn_jak_stat_response	CD274	SLC26A2_2	740	0.43603261076375527	True
guide	ifn_jak_stat_response	CD274	SLC26A2_3	740	0.4375287045467232	True
guide	ifn_jak_stat_response	CD274	SLC5A3_1	740	0.4379315639482294	True
guide	ifn_jak_stat_response	CD274	SLC5A3_2	740	0.4360441303394085	True
guide	ifn_jak_stat_response	CD274	SLC5A3_3	740	0.43751440132039804	True
guide	ifn_jak_stat_response	CD274	SLC7A5P1_1	740	0.436920358421676	True
guide	ifn_jak_stat_response	CD274	SLC7A5P1_2	740	0.43680457039904363	True
guide	ifn_jak_stat_response	CD274	SLC7A5P1_3	740	0.4372355624403199	True
guide	ifn_jak_stat_response	CD274	SLIRP_1	740	0.4355471598545454	True
guide	ifn_jak_stat_response	CD274	SLIRP_2	740	0.43608179846339523	True
guide	ifn_jak_stat_response	CD274	SLIRP_3	740	0.43684363034836643	True
guide	ifn_jak_stat_response	CD274	SMAD3_1	740	0.43826711230742277	True
guide	ifn_jak_stat_response	CD274	SMAD3_2	740	0.436484065598801	True
guide	ifn_jak_stat_response	CD274	SMAD3_3	740	0.4371195078979425	True
guide	ifn_jak_stat_response	CD274	SMAD4_1	740	0.4380115790983963	True
guide	ifn_jak_stat_response	CD274	SMAD4_2	740	0.4383036551258188	True
guide	ifn_jak_stat_response	CD274	SMAD4_3	740	0.4361318745621858	True
guide	ifn_jak_stat_response	CD274	SNHG6_1	740	0.4370837350254771	True
guide	ifn_jak_stat_response	CD274	SNHG6_2	740	0.43692571842988476	True
guide	ifn_jak_stat_response	CD274	SNHG6_3	740	0.43752461791063024	True
guide	ifn_jak_stat_response	CD274	SNRPG_2	740	0.43714367235483964	True
guide	ifn_jak_stat_response	CD274	SOX4_1	740	0.4373381133156078	True
guide	ifn_jak_stat_response	CD274	SOX4_2	740	0.4354283512748009	True
guide	ifn_jak_stat_response	CD274	SOX4_3	740	0.4380915942485631	True
guide	ifn_jak_stat_response	CD274	SP100_1	740	0.4366260910096819	True
guide	ifn_jak_stat_response	CD274	SP100_2	740	0.4384430449525528	True
guide	ifn_jak_stat_response	CD274	SP100_3	740	0.4395269807562379	True
guide	ifn_jak_stat_response	CD274	SPESP1_1	740	0.4379221765305377	True
guide	ifn_jak_stat_response	CD274	SPESP1_2	740	0.4375609238225861	True
guide	ifn_jak_stat_response	CD274	SPESP1_3	740	0.4371123118648224	True
guide	ifn_jak_stat_response	CD274	SPINT1_1	740	0.44043451010191265	True
guide	ifn_jak_stat_response	CD274	SPINT1_2	740	0.43695941837099866	True
guide	ifn_jak_stat_response	CD274	SPINT1_3	740	0.4374751636912452	True
guide	ifn_jak_stat_response	CD274	SSR2_1	740	0.43657035876963235	True
guide	ifn_jak_stat_response	CD274	SSR2_2	740	0.4366575995662243	True
guide	ifn_jak_stat_response	CD274	SSR2_3	740	0.4350093230087532	True
guide	ifn_jak_stat_response	CD274	ST3GAL6-AS1_1	740	0.440187179778377	True
guide	ifn_jak_stat_response	CD274	ST3GAL6-AS1_2	740	0.4371523490532108	True
guide	ifn_jak_stat_response	CD274	ST3GAL6-AS1_3	740	0.4366263871427321	True
guide	ifn_jak_stat_response	CD274	ST6GALNAC2_1	740	0.43770591056396907	True
guide	ifn_jak_stat_response	CD274	ST6GALNAC2_2	740	0.43632045208855974	True
guide	ifn_jak_stat_response	CD274	ST6GALNAC2_3	740	0.43681043383343787	True
guide	ifn_jak_stat_response	CD274	STAT1_1	740	0.4349432853385563	True
guide	ifn_jak_stat_response	CD274	STAT1_2	740	0.4349435222449965	True
guide	ifn_jak_stat_response	CD274	STAT1_3	740	0.43494310765872624	True
guide	ifn_jak_stat_response	CD274	STAT3_1	740	0.4361399886077616	True
guide	ifn_jak_stat_response	CD274	STAT3_2	740	0.4349464539621936	True
guide	ifn_jak_stat_response	CD274	STAT3_3	740	0.43919303151551564	True
guide	ifn_jak_stat_response	CD274	STOM_1	740	0.4363796490852968	True
guide	ifn_jak_stat_response	CD274	STOM_2	740	0.43739941285700135	True
guide	ifn_jak_stat_response	CD274	STOM_3	740	0.43652362897430913	True
guide	ifn_jak_stat_response	CD274	STX7_1	740	0.43570408075785183	True
guide	ifn_jak_stat_response	CD274	STX7_2	740	0.4379174976283444	True
guide	ifn_jak_stat_response	CD274	STX7_3	740	0.43653147650013974	True
guide	ifn_jak_stat_response	CD274	TAPBPL_1	740	0.43767558653962757	True
guide	ifn_jak_stat_response	CD274	TAPBPL_2	740	0.4361254484749962	True
guide	ifn_jak_stat_response	CD274	TAPBPL_3	740	0.4371074552827989	True
guide	ifn_jak_stat_response	CD274	TAPBP_1	740	0.4372488588142744	True
guide	ifn_jak_stat_response	CD274	TAPBP_2	740	0.437726936010534	True
guide	ifn_jak_stat_response	CD274	TAPBP_3	740	0.4386700605488441	True
guide	ifn_jak_stat_response	CD274	TFAP2A_1	740	0.43721024306452694	True
guide	ifn_jak_stat_response	CD274	TFAP2A_2	740	0.43735798384327695	True
guide	ifn_jak_stat_response	CD274	TFAP2A_3	740	0.43620525633202795	True
guide	ifn_jak_stat_response	CD274	TGFB1_1	740	0.43698165796306954	True
guide	ifn_jak_stat_response	CD274	TGFB1_2	740	0.43732908125757636	True
guide	ifn_jak_stat_response	CD274	TGFB1_3	740	0.4359459030066537	True
guide	ifn_jak_stat_response	CD274	TIMM50_1	740	0.4366809348505809	True
guide	ifn_jak_stat_response	CD274	TIMM50_2	740	0.43827608513884414	True
guide	ifn_jak_stat_response	CD274	TIMM50_3	740	0.43680723559649565	True
guide	ifn_jak_stat_response	CD274	TIMP1_1	740	0.44054890629920895	True
guide	ifn_jak_stat_response	CD274	TIMP1_2	740	0.4395344729224082	True
guide	ifn_jak_stat_response	CD274	TIMP1_3	740	0.43689272920809136	True
guide	ifn_jak_stat_response	CD274	TIMP2_1	740	0.43547152747352164	True
guide	ifn_jak_stat_response	CD274	TIMP2_2	740	0.4367323139347924	True
guide	ifn_jak_stat_response	CD274	TIMP2_3	740	0.43622175094292465	True
guide	ifn_jak_stat_response	CD274	TIMP3_1	740	0.43624366478864024	True
guide	ifn_jak_stat_response	CD274	TIMP3_2	740	0.4365388205997849	True
guide	ifn_jak_stat_response	CD274	TIMP3_3	740	0.43776780237146307	True
guide	ifn_jak_stat_response	CD274	TM4SF1_1	740	0.4365227405751585	True
guide	ifn_jak_stat_response	CD274	TM4SF1_2	740	0.4364989907045317	True
guide	ifn_jak_stat_response	CD274	TM4SF1_3	740	0.43677033741843935	True
guide	ifn_jak_stat_response	CD274	TMED10_1	740	0.4384734874301145	True
guide	ifn_jak_stat_response	CD274	TMED10_2	740	0.4375932911649741	True
guide	ifn_jak_stat_response	CD274	TMED10_3	740	0.43540590438959503	True
guide	ifn_jak_stat_response	CD274	TMEM173_1	740	0.4366087672262446	True
guide	ifn_jak_stat_response	CD274	TMEM173_2	740	0.436464343137657	True
guide	ifn_jak_stat_response	CD274	TMEM173_3	740	0.43749059222316117	True
guide	ifn_jak_stat_response	CD274	TOP1MT_1	740	0.4377791442672861	True
guide	ifn_jak_stat_response	CD274	TOP1MT_2	740	0.4387182413961133	True
guide	ifn_jak_stat_response	CD274	TOP1MT_3	740	0.436802112494727	True
guide	ifn_jak_stat_response	CD274	TP53_1	740	0.43756566195138946	True
guide	ifn_jak_stat_response	CD274	TP53_2	740	0.4383881714983488	True
guide	ifn_jak_stat_response	CD274	TP53_3	740	0.4377120997447185	True
guide	ifn_jak_stat_response	CD274	TPP1_1	740	0.43742798969634666	True
guide	ifn_jak_stat_response	CD274	TPP1_2	740	0.4375985623332679	True
guide	ifn_jak_stat_response	CD274	TPP1_3	740	0.4396187820018031	True
guide	ifn_jak_stat_response	CD274	TPRKB_1	740	0.4364853981975269	True
guide	ifn_jak_stat_response	CD274	TPRKB_2	740	0.43498145688872847	True
guide	ifn_jak_stat_response	CD274	TPRKB_3	740	0.43497606726721466	True
guide	ifn_jak_stat_response	CD274	TRIM22_1	740	0.4358943758559171	True
guide	ifn_jak_stat_response	CD274	TRIM22_2	740	0.4364202489264807	True
guide	ifn_jak_stat_response	CD274	TRIM22_3	740	0.43596254568407544	True
guide	ifn_jak_stat_response	CD274	TSC22D3_1	740	0.43777787089517023	True
guide	ifn_jak_stat_response	CD274	TSC22D3_2	740	0.437545347224145	True
guide	ifn_jak_stat_response	CD274	TSC22D3_3	740	0.43861779306548204	True
guide	ifn_jak_stat_response	CD274	TTLL1_1	740	0.4360696866216416	True
guide	ifn_jak_stat_response	CD274	TTLL1_2	740	0.4350611166792351	True
guide	ifn_jak_stat_response	CD274	TTLL1_3	740	0.437632528794127	True
guide	ifn_jak_stat_response	CD274	TXNDC17_1	740	0.4372592826976418	True
guide	ifn_jak_stat_response	CD274	TXNDC17_2	740	0.4380568282284685	True
guide	ifn_jak_stat_response	CD274	TXNDC17_3	740	0.43546231773566013	True
guide	ifn_jak_stat_response	CD274	TYR_1	740	0.43641462239852663	True
guide	ifn_jak_stat_response	CD274	TYR_2	740	0.4385253107139012	True
guide	ifn_jak_stat_response	CD274	TYR_3	740	0.4376847074375741	True
guide	ifn_jak_stat_response	CD274	UBA52_3	740	0.4403934956744585	True
guide	ifn_jak_stat_response	CD274	UBC_1	740	0.4369026792785784	True
guide	ifn_jak_stat_response	CD274	UBC_3	740	0.43645078024395734	True
guide	ifn_jak_stat_response	CD274	UCN2_1	740	0.43694890564771627	True
guide	ifn_jak_stat_response	CD274	UCN2_2	740	0.43837087732821656	True
guide	ifn_jak_stat_response	CD274	UCN2_3	740	0.43745908366661873	True
guide	ifn_jak_stat_response	CD274	UQCRFS1_1	740	0.43589917321133054	True
guide	ifn_jak_stat_response	CD274	UQCRFS1_2	740	0.43654788227112135	True
guide	ifn_jak_stat_response	CD274	UQCRFS1_3	740	0.4385808060475107	True
guide	ifn_jak_stat_response	CD274	UQCRH_1	740	0.43988136317742477	True
guide	ifn_jak_stat_response	CD274	UQCRH_2	740	0.43782403803769804	True
guide	ifn_jak_stat_response	CD274	UQCRH_3	740	0.43504965633019194	True
guide	ifn_jak_stat_response	CD274	VAT1_1	740	0.43826210765887424	True
guide	ifn_jak_stat_response	CD274	VAT1_2	740	0.436958381905323	True
guide	ifn_jak_stat_response	CD274	VAT1_3	740	0.43734489476245764	True
guide	ifn_jak_stat_response	CD274	VDAC2_1	740	0.4374225704615278	True
guide	ifn_jak_stat_response	CD274	VDAC2_2	740	0.4372686405020284	True
guide	ifn_jak_stat_response	CD274	VDAC2_3	740	0.43805961187914044	True
guide	ifn_jak_stat_response	CD274	WBP2_1	740	0.4398667045914393	True
guide	ifn_jak_stat_response	CD274	WBP2_2	740	0.43775346953183286	True
guide	ifn_jak_stat_response	CD274	WBP2_3	740	0.4378434347524868	True
guide	ifn_jak_stat_response	CD274	WNT7A_1	740	0.43613045312354476	True
guide	ifn_jak_stat_response	CD274	WNT7A_2	740	0.436389776835614	True
guide	ifn_jak_stat_response	CD274	WNT7A_3	740	0.4370912271916474	True
guide	ifn_jak_stat_response	CD274	XAGE1A_1	740	0.438261693072604	True
guide	ifn_jak_stat_response	CD274	XAGE1A_2	740	0.4375499965130334	True
guide	ifn_jak_stat_response	CD274	XAGE1A_3	740	0.43857209973583455	True
guide	t_cell_interaction_or_cytokine_response	CD274	A2M_1	740	0.4405853898909949	True
guide	t_cell_interaction_or_cytokine_response	CD274	A2M_2	740	0.4408958261675304	True
guide	t_cell_interaction_or_cytokine_response	CD274	A2M_3	740	0.4392001387087207	True
guide	t_cell_interaction_or_cytokine_response	CD274	ACSL3_1	740	0.44354787531199463	True
guide	t_cell_interaction_or_cytokine_response	CD274	ACSL3_2	740	0.4405184934349524	True
guide	t_cell_interaction_or_cytokine_response	CD274	ACSL3_3	740	0.4391811565802023	True
guide	t_cell_interaction_or_cytokine_response	CD274	ACTA2_1	740	0.44168694561116756	True
guide	t_cell_interaction_or_cytokine_response	CD274	ACTA2_2	740	0.44081305697999673	True
guide	t_cell_interaction_or_cytokine_response	CD274	ACTA2_3	740	0.44281476833289385	True
guide	t_cell_interaction_or_cytokine_response	CD274	AEBP1_1	740	0.440862866559042	True
guide	t_cell_interaction_or_cytokine_response	CD274	AEBP1_2	740	0.4413828465819065	True
guide	t_cell_interaction_or_cytokine_response	CD274	AEBP1_3	740	0.4409350045700733	True
guide	t_cell_interaction_or_cytokine_response	CD274	AGA_1	740	0.4403056033851561	True
guide	t_cell_interaction_or_cytokine_response	CD274	AGA_2	740	0.44160633819490025	True
guide	t_cell_interaction_or_cytokine_response	CD274	AGA_3	740	0.44113696731031676	True
guide	t_cell_interaction_or_cytokine_response	CD274	AHNAK_1	740	0.4389913945216274	True
guide	t_cell_interaction_or_cytokine_response	CD274	AHNAK_2	740	0.4397040090936537	True
guide	t_cell_interaction_or_cytokine_response	CD274	AHNAK_3	740	0.44123685298815274	True
guide	t_cell_interaction_or_cytokine_response	CD274	APOC2_1	740	0.44109725586828363	True
guide	t_cell_interaction_or_cytokine_response	CD274	APOC2_2	740	0.44047377734437065	True
guide	t_cell_interaction_or_cytokine_response	CD274	APOC2_3	740	0.4406147366762707	True
guide	t_cell_interaction_or_cytokine_response	CD274	APOD_1	740	0.4407949928639338	True
guide	t_cell_interaction_or_cytokine_response	CD274	APOD_2	740	0.44098570254826935	True
guide	t_cell_interaction_or_cytokine_response	CD274	APOD_3	740	0.4404479841556973	True
guide	t_cell_interaction_or_cytokine_response	CD274	APOE_1	740	0.43978088523348835	True
guide	t_cell_interaction_or_cytokine_response	CD274	APOE_2	740	0.44070899582615275	True
guide	t_cell_interaction_or_cytokine_response	CD274	APOE_3	740	0.44190110903307966	True
guide	t_cell_interaction_or_cytokine_response	CD274	ARMC6_1	740	0.4397704909634259	True
guide	t_cell_interaction_or_cytokine_response	CD274	ARMC6_2	740	0.4408506658773733	True
guide	t_cell_interaction_or_cytokine_response	CD274	ARMC6_3	740	0.44050339064939165	True
guide	t_cell_interaction_or_cytokine_response	CD274	ATP1B1_1	740	0.44108742425101655	True
guide	t_cell_interaction_or_cytokine_response	CD274	ATP1B1_2	740	0.4405804444690564	True
guide	t_cell_interaction_or_cytokine_response	CD274	ATP1B1_3	740	0.4413285653938029	True
guide	t_cell_interaction_or_cytokine_response	CD274	ATP5MD_1	740	0.4397454973339882	True
guide	t_cell_interaction_or_cytokine_response	CD274	ATP5MD_2	740	0.4409216193562038	True
guide	t_cell_interaction_or_cytokine_response	CD274	ATP5MD_3	740	0.4412239415871636	True
guide	t_cell_interaction_or_cytokine_response	CD274	B2M_1	740	0.4393501597119573	True
guide	t_cell_interaction_or_cytokine_response	CD274	B2M_2	740	0.44102944139978534	True
guide	t_cell_interaction_or_cytokine_response	CD274	B2M_3	740	0.4401588694587768	True
guide	t_cell_interaction_or_cytokine_response	CD274	BOLA2B_1	740	0.44347304249020647	True
guide	t_cell_interaction_or_cytokine_response	CD274	BOLA2B_2	740	0.438557352309934	True
guide	t_cell_interaction_or_cytokine_response	CD274	BOLA2B_3	740	0.44044549663807553	True
guide	t_cell_interaction_or_cytokine_response	CD274	BOLA2_1	740	0.4398661715519489	True
guide	t_cell_interaction_or_cytokine_response	CD274	BOLA2_2	740	0.44152211795542046	True
guide	t_cell_interaction_or_cytokine_response	CD274	BOLA2_3	740	0.44374258279250806	True
guide	t_cell_interaction_or_cytokine_response	CD274	BZW2_1	740	0.4413014099930986	True
guide	t_cell_interaction_or_cytokine_response	CD274	BZW2_2	740	0.440658742047532	True
guide	t_cell_interaction_or_cytokine_response	CD274	BZW2_3	740	0.44141601348353005	True
guide	t_cell_interaction_or_cytokine_response	CD274	C19orf48_1	740	0.4405781938578748	True
guide	t_cell_interaction_or_cytokine_response	CD274	C19orf48_2	740	0.4411118256143539	True
guide	t_cell_interaction_or_cytokine_response	CD274	C19orf48_3	740	0.43987914217954815	True
guide	t_cell_interaction_or_cytokine_response	CD274	C1QBP_1	740	0.4404697499348878	True
guide	t_cell_interaction_or_cytokine_response	CD274	C1QBP_2	740	0.4408627481058219	True
guide	t_cell_interaction_or_cytokine_response	CD274	C1QBP_3	740	0.44015102193294625	True
guide	t_cell_interaction_or_cytokine_response	CD274	C6orf226_1	740	0.4412377710006084	True
guide	t_cell_interaction_or_cytokine_response	CD274	C6orf226_2	740	0.4405213659255395	True
guide	t_cell_interaction_or_cytokine_response	CD274	C6orf226_3	740	0.4395863554328051	True
guide	t_cell_interaction_or_cytokine_response	CD274	CCND1_1	740	0.4414614995200423	True
guide	t_cell_interaction_or_cytokine_response	CD274	CCND1_2	740	0.4392733724120378	True
guide	t_cell_interaction_or_cytokine_response	CD274	CCND1_3	740	0.44065779442177133	True
guide	t_cell_interaction_or_cytokine_response	CD274	CCND2_1	740	0.44013408312247426	True
guide	t_cell_interaction_or_cytokine_response	CD274	CCND2_2	740	0.4399740232088355	True
guide	t_cell_interaction_or_cytokine_response	CD274	CCND2_3	740	0.44076686022416384	True
guide	t_cell_interaction_or_cytokine_response	CD274	CCR10_1	740	0.440769910394581	True
guide	t_cell_interaction_or_cytokine_response	CD274	CCR10_2	740	0.4409023114813301	True
guide	t_cell_interaction_or_cytokine_response	CD274	CCR10_3	740	0.4399864904102494	True
guide	t_cell_interaction_or_cytokine_response	CD274	CCT3_2	740	0.4407293105533972	True
guide	t_cell_interaction_or_cytokine_response	CD274	CCT3_3	740	0.440391333903192	True
guide	t_cell_interaction_or_cytokine_response	CD274	CD151_1	740	0.4409718731348245	True
guide	t_cell_interaction_or_cytokine_response	CD274	CD151_2	740	0.4437995291780635	True
guide	t_cell_interaction_or_cytokine_response	CD274	CD151_3	740	0.4409497223826688	True
guide	t_cell_interaction_or_cytokine_response	CD274	CD274_1	740	0.4389510612001888	True
guide	t_cell_interaction_or_cytokine_response	CD274	CD274_2	740	0.43903652519847947	True
guide	t_cell_interaction_or_cytokine_response	CD274	CD274_3	740	0.44369431310532365	True
guide	t_cell_interaction_or_cytokine_response	CD274	CD44_1	740	0.43903086905722044	True
guide	t_cell_interaction_or_cytokine_response	CD274	CD44_2	740	0.4424917167884193	True
guide	t_cell_interaction_or_cytokine_response	CD274	CD44_3	740	0.4410635263138646	True
guide	t_cell_interaction_or_cytokine_response	CD274	CD47_1	740	0.44122832435630666	True
guide	t_cell_interaction_or_cytokine_response	CD274	CD47_2	740	0.4429598143008869	True
guide	t_cell_interaction_or_cytokine_response	CD274	CD47_3	740	0.4403361050893278	True
guide	t_cell_interaction_or_cytokine_response	CD274	CD58_1	740	0.44228078121675446	True
guide	t_cell_interaction_or_cytokine_response	CD274	CD58_2	740	0.4426720025893874	True
guide	t_cell_interaction_or_cytokine_response	CD274	CD58_3	740	0.4451414857083969	True
guide	t_cell_interaction_or_cytokine_response	CD274	CD59_1	740	0.44153941212555264	True
guide	t_cell_interaction_or_cytokine_response	CD274	CD59_2	740	0.4409831261907325	True
guide	t_cell_interaction_or_cytokine_response	CD274	CD59_3	740	0.4408411600064616	True
guide	t_cell_interaction_or_cytokine_response	CD274	CD63_1	740	0.4393791511375728	True
guide	t_cell_interaction_or_cytokine_response	CD274	CD63_2	740	0.4405155617177553	True
guide	t_cell_interaction_or_cytokine_response	CD274	CD63_3	740	0.440624864426588	True
guide	t_cell_interaction_or_cytokine_response	CD274	CDC123_2	740	0.43920031638855084	True
guide	t_cell_interaction_or_cytokine_response	CD274	CDH19_1	740	0.44034670665252534	True
guide	t_cell_interaction_or_cytokine_response	CD274	CDH19_2	740	0.44033317337213074	True
guide	t_cell_interaction_or_cytokine_response	CD274	CDH19_3	740	0.44106841250919304	True
guide	t_cell_interaction_or_cytokine_response	CD274	CDK4_1	740	0.4402480351201952	True
guide	t_cell_interaction_or_cytokine_response	CD274	CDK4_2	740	0.4419229340388802	True
guide	t_cell_interaction_or_cytokine_response	CD274	CDK4_3	740	0.4406270558111595	True
guide	t_cell_interaction_or_cytokine_response	CD274	CDK6_1	740	0.441597483816699	True
guide	t_cell_interaction_or_cytokine_response	CD274	CDK6_2	740	0.44045692737381364	True
guide	t_cell_interaction_or_cytokine_response	CD274	CDK6_3	740	0.44211029741974833	True
guide	t_cell_interaction_or_cytokine_response	CD274	CDKN1A_1	740	0.4410499338068599	True
guide	t_cell_interaction_or_cytokine_response	CD274	CDKN1A_2	740	0.4409610938917968	True
guide	t_cell_interaction_or_cytokine_response	CD274	CDKN1A_3	740	0.44017343920484725	True
guide	t_cell_interaction_or_cytokine_response	CD274	CDKN2A_1	740	0.44184774585743175	True
guide	t_cell_interaction_or_cytokine_response	CD274	CDKN2A_2	740	0.4398382462053141	True
guide	t_cell_interaction_or_cytokine_response	CD274	CDKN2A_3	740	0.44087192823037846	True
guide	t_cell_interaction_or_cytokine_response	CD274	CDKN2B_1	740	0.4386834161494086	True
guide	t_cell_interaction_or_cytokine_response	CD274	CDKN2B_2	740	0.44045414372314173	True
guide	t_cell_interaction_or_cytokine_response	CD274	CDKN2B_3	740	0.44163989006948906	True
guide	t_cell_interaction_or_cytokine_response	CD274	CGAS_1	740	0.44044164690842275	True
guide	t_cell_interaction_or_cytokine_response	CD274	CGAS_2	740	0.4403559460036919	True
guide	t_cell_interaction_or_cytokine_response	CD274	CGAS_3	740	0.4412538510252348	True
guide	t_cell_interaction_or_cytokine_response	CD274	CHCHD2_1	740	0.4409432962954792	True
guide	t_cell_interaction_or_cytokine_response	CD274	CHCHD2_2	740	0.44085700312464793	True
guide	t_cell_interaction_or_cytokine_response	CD274	CHCHD2_3	740	0.4407927126394472	True
guide	t_cell_interaction_or_cytokine_response	CD274	CITED1_1	740	0.4401032852852524	True
guide	t_cell_interaction_or_cytokine_response	CD274	CITED1_2	740	0.4417237253360036	True
guide	t_cell_interaction_or_cytokine_response	CD274	CITED1_3	740	0.44096263378365796	True
guide	t_cell_interaction_or_cytokine_response	CD274	CKS1B_1	740	0.44314249877956163	True
guide	t_cell_interaction_or_cytokine_response	CD274	CKS1B_2	740	0.4387998260514463	True
guide	t_cell_interaction_or_cytokine_response	CD274	CKS1B_3	740	0.4402906486661205	True
guide	t_cell_interaction_or_cytokine_response	CD274	CMSS1_1	740	0.44078542776641205	True
guide	t_cell_interaction_or_cytokine_response	CD274	CMSS1_2	740	0.44108757231754175	True
guide	t_cell_interaction_or_cytokine_response	CD274	CMSS1_3	740	0.4407455386445487	True
guide	t_cell_interaction_or_cytokine_response	CD274	CORO1A_1	740	0.44204807986589917	True
guide	t_cell_interaction_or_cytokine_response	CD274	CORO1A_2	740	0.44047362927784556	True
guide	t_cell_interaction_or_cytokine_response	CD274	CORO1A_3	740	0.4409459318796261	True
guide	t_cell_interaction_or_cytokine_response	CD274	CSPG4_1	740	0.44026438166456683	True
guide	t_cell_interaction_or_cytokine_response	CD274	CSPG4_2	740	0.4419667025037013	True
guide	t_cell_interaction_or_cytokine_response	CD274	CSPG4_3	740	0.4400274159977885	True
guide	t_cell_interaction_or_cytokine_response	CD274	CST3_1	740	0.4406146182230507	True
guide	t_cell_interaction_or_cytokine_response	CD274	CST3_2	740	0.438972471619719	True
guide	t_cell_interaction_or_cytokine_response	CD274	CST3_3	740	0.4433504730207244	True
guide	t_cell_interaction_or_cytokine_response	CD274	CTPS1_1	740	0.44106841250919304	True
guide	t_cell_interaction_or_cytokine_response	CD274	CTPS1_2	740	0.4394219423633283	True
guide	t_cell_interaction_or_cytokine_response	CD274	CTPS1_3	740	0.4410634670872546	True
guide	t_cell_interaction_or_cytokine_response	CD274	CTSA_1	740	0.44137097164659306	True
guide	t_cell_interaction_or_cytokine_response	CD274	CTSA_2	740	0.43936209387388075	True
guide	t_cell_interaction_or_cytokine_response	CD274	CTSA_3	740	0.4410390657239172	True
guide	t_cell_interaction_or_cytokine_response	CD274	CTSB_1	740	0.44035037870234794	True
guide	t_cell_interaction_or_cytokine_response	CD274	CTSB_2	740	0.44223662777896805	True
guide	t_cell_interaction_or_cytokine_response	CD274	CTSB_3	740	0.4415758957173386	True
guide	t_cell_interaction_or_cytokine_response	CD274	CTSD_1	740	0.44086529485005377	True
guide	t_cell_interaction_or_cytokine_response	CD274	CTSD_2	740	0.4407604341369743	True
guide	t_cell_interaction_or_cytokine_response	CD274	CTSD_3	740	0.43995572218633255	True
guide	t_cell_interaction_or_cytokine_response	CD274	CTSL_1	740	0.4413497092935879	True
guide	t_cell_interaction_or_cytokine_response	CD274	CTSL_2	740	0.4393822605346001	True
guide	t_cell_interaction_or_cytokine_response	CD274	CTSL_3	740	0.44072859983407664	True
guide	t_cell_interaction_or_cytokine_response	CD274	CTSO_1	740	0.4405302203037407	True
guide	t_cell_interaction_or_cytokine_response	CD274	CTSO_2	740	0.4422690247346611	True
guide	t_cell_interaction_or_cytokine_response	CD274	CTSO_3	740	0.4408834181927267	True
guide	t_cell_interaction_or_cytokine_response	CD274	CXCR4_1	740	0.4401445958457567	True
guide	t_cell_interaction_or_cytokine_response	CD274	CXCR4_2	740	0.43977919727510206	True
guide	t_cell_interaction_or_cytokine_response	CD274	CXCR4_3	740	0.44067876064172623	True
guide	t_cell_interaction_or_cytokine_response	CD274	CYP27A1_1	740	0.4417447803958736	True
guide	t_cell_interaction_or_cytokine_response	CD274	CYP27A1_2	740	0.4401978109548796	True
guide	t_cell_interaction_or_cytokine_response	CD274	CYP27A1_3	740	0.44104584717076706	True
guide	t_cell_interaction_or_cytokine_response	CD274	DAG1_1	740	0.4391417412712193	True
guide	t_cell_interaction_or_cytokine_response	CD274	DAG1_2	740	0.44018436651439996	True
guide	t_cell_interaction_or_cytokine_response	CD274	DAG1_3	740	0.4393844815324767	True
guide	t_cell_interaction_or_cytokine_response	CD274	DDR1_1	740	0.43875833781111184	True
guide	t_cell_interaction_or_cytokine_response	CD274	DDR1_2	740	0.4413973571013668	True
guide	t_cell_interaction_or_cytokine_response	CD274	DDR1_3	740	0.44099029261054756	True
guide	t_cell_interaction_or_cytokine_response	CD274	DDX17_1	740	0.4425290295527458	True
guide	t_cell_interaction_or_cytokine_response	CD274	DDX17_2	740	0.4404836978015527	True
guide	t_cell_interaction_or_cytokine_response	CD274	DDX17_3	740	0.440706597148446	True
guide	t_cell_interaction_or_cytokine_response	CD274	DDX39A_1	740	0.43875854510424694	True
guide	t_cell_interaction_or_cytokine_response	CD274	DDX39A_2	740	0.439279324686347	True
guide	t_cell_interaction_or_cytokine_response	CD274	DDX39A_3	740	0.442772717439764	True
guide	t_cell_interaction_or_cytokine_response	CD274	DLL3_1	740	0.439458100208759	True
guide	t_cell_interaction_or_cytokine_response	CD274	DLL3_2	740	0.4408424037652725	True
guide	t_cell_interaction_or_cytokine_response	CD274	DLL3_3	740	0.4402999472438971	True
guide	t_cell_interaction_or_cytokine_response	CD274	DNMT1_1	740	0.4385112147807112	True
guide	t_cell_interaction_or_cytokine_response	CD274	DNMT1_3	740	0.438774062476078	True
guide	t_cell_interaction_or_cytokine_response	CD274	E2F1_1	740	0.4433972324293527	True
guide	t_cell_interaction_or_cytokine_response	CD274	E2F1_2	740	0.4408098291297494	True
guide	t_cell_interaction_or_cytokine_response	CD274	E2F1_3	740	0.4385471357197018	True
guide	t_cell_interaction_or_cytokine_response	CD274	EEA1_1	740	0.4405259559878177	True
guide	t_cell_interaction_or_cytokine_response	CD274	EEA1_2	740	0.4412017908350079	True
guide	t_cell_interaction_or_cytokine_response	CD274	EEA1_3	740	0.4409069903835234	True
guide	t_cell_interaction_or_cytokine_response	CD274	EEF1G_2	740	0.4435862837686069	True
guide	t_cell_interaction_or_cytokine_response	CD274	EIF3K_1	740	0.4416236619783376	True
guide	t_cell_interaction_or_cytokine_response	CD274	EIF3K_2	740	0.43848672457745885	True
guide	t_cell_interaction_or_cytokine_response	CD274	EIF3K_3	740	0.44176642772184405	True
guide	t_cell_interaction_or_cytokine_response	CD274	EIF4A1_1	740	0.43841814016303016	True
guide	t_cell_interaction_or_cytokine_response	CD274	EIF4A1_3	740	0.44211906295803455	True
guide	t_cell_interaction_or_cytokine_response	CD274	EMP1_1	740	0.43871489509264594	True
guide	t_cell_interaction_or_cytokine_response	CD274	EMP1_2	740	0.4406935080676267	True
guide	t_cell_interaction_or_cytokine_response	CD274	EMP1_3	740	0.44111671180968237	True
guide	t_cell_interaction_or_cytokine_response	CD274	ENPP1_1	740	0.44063442952410975	True
guide	t_cell_interaction_or_cytokine_response	CD274	ENPP1_2	740	0.4403421165902471	True
guide	t_cell_interaction_or_cytokine_response	CD274	ENPP1_3	740	0.44094465850751013	True
guide	t_cell_interaction_or_cytokine_response	CD274	EVA1A_1	740	0.44000920381520053	True
guide	t_cell_interaction_or_cytokine_response	CD274	EVA1A_2	740	0.4402050958279147	True
guide	t_cell_interaction_or_cytokine_response	CD274	EVA1A_3	740	0.4416015408394869	True
guide	t_cell_interaction_or_cytokine_response	CD274	FBL_2	740	0.44249580342451217	True
guide	t_cell_interaction_or_cytokine_response	CD274	FBL_3	740	0.44081196128771094	True
guide	t_cell_interaction_or_cytokine_response	CD274	FBXO32_1	740	0.4422951732829947	True
guide	t_cell_interaction_or_cytokine_response	CD274	FBXO32_2	740	0.4398467452238552	True
guide	t_cell_interaction_or_cytokine_response	CD274	FBXO32_3	740	0.44187182147441395	True
guide	t_cell_interaction_or_cytokine_response	CD274	FGFR1_1	740	0.44101019275152176	True
guide	t_cell_interaction_or_cytokine_response	CD274	FGFR1_2	740	0.4403392737129651	True
guide	t_cell_interaction_or_cytokine_response	CD274	FGFR1_3	740	0.4402438596441873	True
guide	t_cell_interaction_or_cytokine_response	CD274	FKBP4_1	740	0.44327256041521407	True
guide	t_cell_interaction_or_cytokine_response	CD274	FKBP4_2	740	0.4404069105016331	True
guide	t_cell_interaction_or_cytokine_response	CD274	FKBP4_3	740	0.4411173633023928	True
guide	t_cell_interaction_or_cytokine_response	CD274	FMN1_1	740	0.4402065468798607	True
guide	t_cell_interaction_or_cytokine_response	CD274	FMN1_2	740	0.4400893670318925	True
guide	t_cell_interaction_or_cytokine_response	CD274	FMN1_3	740	0.44215690876185143	True
guide	t_cell_interaction_or_cytokine_response	CD274	FOS_1	740	0.44109770006785887	True
guide	t_cell_interaction_or_cytokine_response	CD274	FOS_2	740	0.4412631496030114	True
guide	t_cell_interaction_or_cytokine_response	CD274	FOS_3	740	0.4408086445975485	True
guide	t_cell_interaction_or_cytokine_response	CD274	FOXM1_1	740	0.44312852129959174	True
guide	t_cell_interaction_or_cytokine_response	CD274	FOXM1_2	740	0.44042692909582726	True
guide	t_cell_interaction_or_cytokine_response	CD274	FOXM1_3	740	0.439905675700847	True
guide	t_cell_interaction_or_cytokine_response	CD274	FRZB_1	740	0.4427214568087725	True
guide	t_cell_interaction_or_cytokine_response	CD274	FRZB_2	740	0.44053667600423535	True
guide	t_cell_interaction_or_cytokine_response	CD274	FRZB_3	740	0.4394268581719618	True
guide	t_cell_interaction_or_cytokine_response	CD274	FSTL3_1	740	0.44086271849251696	True
guide	t_cell_interaction_or_cytokine_response	CD274	FSTL3_2	740	0.4392952862577533	True
guide	t_cell_interaction_or_cytokine_response	CD274	FSTL3_3	740	0.43878925410155384	True
guide	t_cell_interaction_or_cytokine_response	CD274	FTH1_1	740	0.44011003711879715	True
guide	t_cell_interaction_or_cytokine_response	CD274	GAA_1	740	0.44537474971204766	True
guide	t_cell_interaction_or_cytokine_response	CD274	GAA_2	740	0.4418795505470244	True
guide	t_cell_interaction_or_cytokine_response	CD274	GAA_3	740	0.4415325122254828	True
guide	t_cell_interaction_or_cytokine_response	CD274	GAS5_1	740	0.43971991143844996	True
guide	t_cell_interaction_or_cytokine_response	CD274	GAS5_2	740	0.4406057046182393	True
guide	t_cell_interaction_or_cytokine_response	CD274	GAS5_3	740	0.44088676449619396	True
guide	t_cell_interaction_or_cytokine_response	CD274	GPATCH4_1	740	0.4409344419172779	True
guide	t_cell_interaction_or_cytokine_response	CD274	GPATCH4_2	740	0.44160864803269195	True
guide	t_cell_interaction_or_cytokine_response	CD274	GPATCH4_3	740	0.4407823183693848	True
guide	t_cell_interaction_or_cytokine_response	CD274	GPI_2	740	0.4396319895358425	True
guide	t_cell_interaction_or_cytokine_response	CD274	GPNMB_1	740	0.43959550594405655	True
guide	t_cell_interaction_or_cytokine_response	CD274	GPNMB_2	740	0.4404220132871938	True
guide	t_cell_interaction_or_cytokine_response	CD274	GPNMB_3	740	0.43992237760487884	True
guide	t_cell_interaction_or_cytokine_response	CD274	GRN_1	740	0.4404077396741737	True
guide	t_cell_interaction_or_cytokine_response	CD274	GRN_2	740	0.440931687879911	True
guide	t_cell_interaction_or_cytokine_response	CD274	GRN_3	740	0.44038295333787114	True
guide	t_cell_interaction_or_cytokine_response	CD274	GSEC_1	740	0.43891703551271954	True
guide	t_cell_interaction_or_cytokine_response	CD274	GSEC_2	740	0.44049000543552214	True
guide	t_cell_interaction_or_cytokine_response	CD274	GSEC_3	740	0.44186456621468373	True
guide	t_cell_interaction_or_cytokine_response	CD274	GSN_1	740	0.44138752548409976	True
guide	t_cell_interaction_or_cytokine_response	CD274	GSN_2	740	0.4393987255321918	True
guide	t_cell_interaction_or_cytokine_response	CD274	GSN_3	740	0.4401161374596315	True
guide	t_cell_interaction_or_cytokine_response	CD274	HASPIN_1	740	0.44283718560479474	True
guide	t_cell_interaction_or_cytokine_response	CD274	HASPIN_2	740	0.4407976876746907	True
guide	t_cell_interaction_or_cytokine_response	CD274	HASPIN_3	740	0.4394485351112372	True
guide	t_cell_interaction_or_cytokine_response	CD274	HLA-A_1	740	0.4405200037135084	True
guide	t_cell_interaction_or_cytokine_response	CD274	HLA-A_2	740	0.43947882952227374	True
guide	t_cell_interaction_or_cytokine_response	CD274	HLA-A_3	740	0.44042698832243743	True
guide	t_cell_interaction_or_cytokine_response	CD274	HLA-B_1	740	0.4415879187191772	True
guide	t_cell_interaction_or_cytokine_response	CD274	HLA-B_2	740	0.43977132013596654	True
guide	t_cell_interaction_or_cytokine_response	CD274	HLA-B_3	740	0.44103035941224106	True
guide	t_cell_interaction_or_cytokine_response	CD274	HLA-C_1	740	0.44185645216910796	True
guide	t_cell_interaction_or_cytokine_response	CD274	HLA-C_2	740	0.4426932353290875	True
guide	t_cell_interaction_or_cytokine_response	CD274	HLA-C_3	740	0.4406633617231153	True
guide	t_cell_interaction_or_cytokine_response	CD274	HLA-DRB5_1	740	0.44101386480134436	True
guide	t_cell_interaction_or_cytokine_response	CD274	HLA-DRB5_2	740	0.4396511197308861	True
guide	t_cell_interaction_or_cytokine_response	CD274	HLA-DRB5_3	740	0.440463146167868	True
guide	t_cell_interaction_or_cytokine_response	CD274	HLA-E_1	740	0.4412443451543231	True
guide	t_cell_interaction_or_cytokine_response	CD274	HLA-E_2	740	0.44025662297865137	True
guide	t_cell_interaction_or_cytokine_response	CD274	HLA-E_3	740	0.4399066825532177	True
guide	t_cell_interaction_or_cytokine_response	CD274	HLA-F_1	740	0.4423268002927571	True
guide	t_cell_interaction_or_cytokine_response	CD274	HLA-F_2	740	0.4428468099289266	True
guide	t_cell_interaction_or_cytokine_response	CD274	HLA-F_3	740	0.44033299569230067	True
guide	t_cell_interaction_or_cytokine_response	CD274	HLA-H_1	740	0.4398482851157162	True
guide	t_cell_interaction_or_cytokine_response	CD274	HLA-H_2	740	0.44109663398887816	True
guide	t_cell_interaction_or_cytokine_response	CD274	HLA-H_3	740	0.4402275723264257	True
guide	t_cell_interaction_or_cytokine_response	CD274	HNRNPA1_1	740	0.4385152125768891	True
guide	t_cell_interaction_or_cytokine_response	CD274	HNRNPA1_2	740	0.4389709909544679	True
guide	t_cell_interaction_or_cytokine_response	CD274	HNRNPA1_3	740	0.4413395223166607	True
guide	t_cell_interaction_or_cytokine_response	CD274	HNRNPC_2	740	0.44083520773215246	True
guide	t_cell_interaction_or_cytokine_response	CD274	HSPA1A_1	740	0.4400949047199314	True
guide	t_cell_interaction_or_cytokine_response	CD274	HSPA1A_2	740	0.44154509788011675	True
guide	t_cell_interaction_or_cytokine_response	CD274	HSPA1A_3	740	0.44116586989601736	True
guide	t_cell_interaction_or_cytokine_response	CD274	IDH2_1	740	0.44142276531707486	True
guide	t_cell_interaction_or_cytokine_response	CD274	IDH2_2	740	0.44088279631332117	True
guide	t_cell_interaction_or_cytokine_response	CD274	IDH2_3	740	0.4396427391655652	True
guide	t_cell_interaction_or_cytokine_response	CD274	IDI2-AS1_1	740	0.44051757542249675	True
guide	t_cell_interaction_or_cytokine_response	CD274	IDI2-AS1_2	740	0.44090642773072797	True
guide	t_cell_interaction_or_cytokine_response	CD274	IDI2-AS1_3	740	0.4390529901960712	True
guide	t_cell_interaction_or_cytokine_response	CD274	IFNGR1_1	740	0.4384186435892155	True
guide	t_cell_interaction_or_cytokine_response	CD274	IFNGR1_2	740	0.43841737021709953	True
guide	t_cell_interaction_or_cytokine_response	CD274	IFNGR1_3	740	0.438417873643285	True
guide	t_cell_interaction_or_cytokine_response	CD274	IFNGR2_1	740	0.4384177848033699	True
guide	t_cell_interaction_or_cytokine_response	CD274	IFNGR2_2	740	0.4384177255767598	True
guide	t_cell_interaction_or_cytokine_response	CD274	IFNGR2_3	740	0.4384182586162503	True
guide	t_cell_interaction_or_cytokine_response	CD274	ILF2_2	740	0.44378943104105123	True
guide	t_cell_interaction_or_cytokine_response	CD274	ILF2_3	740	0.4433200305431628	True
guide	t_cell_interaction_or_cytokine_response	CD274	IRF3_1	740	0.44008551730223977	True
guide	t_cell_interaction_or_cytokine_response	CD274	IRF3_2	740	0.4426741939739589	True
guide	t_cell_interaction_or_cytokine_response	CD274	IRF3_3	740	0.4420927663431759	True
guide	t_cell_interaction_or_cytokine_response	CD274	IRF4_1	740	0.4423739742876556	True
guide	t_cell_interaction_or_cytokine_response	CD274	IRF4_2	740	0.44118882020740857	True
guide	t_cell_interaction_or_cytokine_response	CD274	IRF4_3	740	0.4399052907278817	True
guide	t_cell_interaction_or_cytokine_response	CD274	ISYNA1_1	740	0.4417723207695432	True
guide	t_cell_interaction_or_cytokine_response	CD274	ISYNA1_2	740	0.44154791114409375	True
guide	t_cell_interaction_or_cytokine_response	CD274	ISYNA1_3	740	0.44153523664954475	True
guide	t_cell_interaction_or_cytokine_response	CD274	ITGA3_1	740	0.44163734332525734	True
guide	t_cell_interaction_or_cytokine_response	CD274	ITGA3_2	740	0.44061669115440216	True
guide	t_cell_interaction_or_cytokine_response	CD274	ITGA3_3	740	0.44175920207541886	True
guide	t_cell_interaction_or_cytokine_response	CD274	JAK1_1	740	0.43841944314845105	True
guide	t_cell_interaction_or_cytokine_response	CD274	JAK1_2	740	0.4384177848033699	True
guide	t_cell_interaction_or_cytokine_response	CD274	JAK1_3	740	0.43841802170981004	True
guide	t_cell_interaction_or_cytokine_response	CD274	JAK2_1	740	0.43841802170981004	True
guide	t_cell_interaction_or_cytokine_response	CD274	JAK2_2	740	0.4384182882295552	True
guide	t_cell_interaction_or_cytokine_response	CD274	JAK2_3	740	0.4384172813771845	True
guide	t_cell_interaction_or_cytokine_response	CD274	JMJD7_1	740	0.44091762156002595	True
guide	t_cell_interaction_or_cytokine_response	CD274	JMJD7_2	740	0.4415227398348259	True
guide	t_cell_interaction_or_cytokine_response	CD274	JMJD7_3	740	0.439344088984428	True
guide	t_cell_interaction_or_cytokine_response	CD274	JPT1_1	740	0.4417398645872402	True
guide	t_cell_interaction_or_cytokine_response	CD274	JPT1_3	740	0.44026017657525385	True
guide	t_cell_interaction_or_cytokine_response	CD274	KCNN4_1	740	0.4412462404058444	True
guide	t_cell_interaction_or_cytokine_response	CD274	KCNN4_2	740	0.43982995447990814	True
guide	t_cell_interaction_or_cytokine_response	CD274	KCNN4_3	740	0.43977685782400544	True
guide	t_cell_interaction_or_cytokine_response	CD274	KDR_1	740	0.4414269704063878	True
guide	t_cell_interaction_or_cytokine_response	CD274	KDR_2	740	0.44150103328224544	True
guide	t_cell_interaction_or_cytokine_response	CD274	KDR_3	740	0.4408370437570637	True
guide	t_cell_interaction_or_cytokine_response	CD274	KLF4_1	740	0.4389727381394642	True
guide	t_cell_interaction_or_cytokine_response	CD274	KLF4_2	740	0.44098472530920363	True
guide	t_cell_interaction_or_cytokine_response	CD274	KLF4_3	740	0.4402220642516918	True
guide	t_cell_interaction_or_cytokine_response	CD274	LAMP2_1	740	0.44187679650965744	True
guide	t_cell_interaction_or_cytokine_response	CD274	LAMP2_2	740	0.44100906744593094	True
guide	t_cell_interaction_or_cytokine_response	CD274	LAMP2_3	740	0.4392953750976684	True
guide	t_cell_interaction_or_cytokine_response	CD274	LCP1_1	740	0.440215460484672	True
guide	t_cell_interaction_or_cytokine_response	CD274	LCP1_2	740	0.4410250290173372	True
guide	t_cell_interaction_or_cytokine_response	CD274	LCP1_3	740	0.44079241650639694	True
guide	t_cell_interaction_or_cytokine_response	CD274	LEF1-AS1_1	740	0.4408511693035587	True
guide	t_cell_interaction_or_cytokine_response	CD274	LEF1-AS1_2	740	0.4399259312014814	True
guide	t_cell_interaction_or_cytokine_response	CD274	LEF1-AS1_3	740	0.4393993177982922	True
guide	t_cell_interaction_or_cytokine_response	CD274	LGALS3BP_1	740	0.4412184038991247	True
guide	t_cell_interaction_or_cytokine_response	CD274	LGALS3BP_2	740	0.44012285967987125	True
guide	t_cell_interaction_or_cytokine_response	CD274	LGALS3BP_3	740	0.43970611163831025	True
guide	t_cell_interaction_or_cytokine_response	CD274	LGALS3_1	740	0.4397909241438905	True
guide	t_cell_interaction_or_cytokine_response	CD274	LGALS3_2	740	0.4410662211246215	True
guide	t_cell_interaction_or_cytokine_response	CD274	LGALS3_3	740	0.4408024258034941	True
guide	t_cell_interaction_or_cytokine_response	CD274	LINC00518_1	740	0.43989397844536365	True
guide	t_cell_interaction_or_cytokine_response	CD274	LINC00518_2	740	0.4396034126964972	True
guide	t_cell_interaction_or_cytokine_response	CD274	LINC00518_3	740	0.44049853406736816	True
guide	t_cell_interaction_or_cytokine_response	CD274	LRPAP1_1	740	0.44033956984601524	True
guide	t_cell_interaction_or_cytokine_response	CD274	LRPAP1_2	740	0.43976868455181967	True
guide	t_cell_interaction_or_cytokine_response	CD274	LRPAP1_3	740	0.4409088560217397	True
guide	t_cell_interaction_or_cytokine_response	CD274	LRRC75A-AS1_1	740	0.4397299503488521	True
guide	t_cell_interaction_or_cytokine_response	CD274	LRRC75A-AS1_2	740	0.4413051412695313	True
guide	t_cell_interaction_or_cytokine_response	CD274	LRRC75A-AS1_3	740	0.440997903229938	True
guide	t_cell_interaction_or_cytokine_response	CD274	LY96_1	740	0.44158326943028886	True
guide	t_cell_interaction_or_cytokine_response	CD274	LY96_2	740	0.4402906486661205	True
guide	t_cell_interaction_or_cytokine_response	CD274	LY96_3	740	0.43953198540478644	True
guide	t_cell_interaction_or_cytokine_response	CD274	MC1R_1	740	0.440301250229318	True
guide	t_cell_interaction_or_cytokine_response	CD274	MC1R_2	740	0.4408832405128965	True
guide	t_cell_interaction_or_cytokine_response	CD274	MC1R_3	740	0.44323859395435494	True
guide	t_cell_interaction_or_cytokine_response	CD274	MDH2_1	740	0.4387152504523062	True
guide	t_cell_interaction_or_cytokine_response	CD274	MDH2_2	740	0.4389266598368514	True
guide	t_cell_interaction_or_cytokine_response	CD274	MDH2_3	740	0.44059033531293346	True
guide	t_cell_interaction_or_cytokine_response	CD274	MFGE8_1	740	0.44027865527758697	True
guide	t_cell_interaction_or_cytokine_response	CD274	MFGE8_2	740	0.44065859398100693	True
guide	t_cell_interaction_or_cytokine_response	CD274	MFGE8_3	740	0.4406254863059934	True
guide	t_cell_interaction_or_cytokine_response	CD274	MIA_1	740	0.439452414454195	True
guide	t_cell_interaction_or_cytokine_response	CD274	MIA_2	740	0.44064698556543863	True
guide	t_cell_interaction_or_cytokine_response	CD274	MIA_3	740	0.44089008118635636	True
guide	t_cell_interaction_or_cytokine_response	CD274	MRPL47_1	740	0.4395667810381862	True
guide	t_cell_interaction_or_cytokine_response	CD274	MRPL47_2	740	0.43894433897994894	True
guide	t_cell_interaction_or_cytokine_response	CD274	MRPL47_3	740	0.4393036668230743	True
guide	t_cell_interaction_or_cytokine_response	CD274	MT2A_1	740	0.4408834478060316	True
guide	t_cell_interaction_or_cytokine_response	CD274	MT2A_2	740	0.44039325876801844	True
guide	t_cell_interaction_or_cytokine_response	CD274	MT2A_3	740	0.4404653079391346	True
guide	t_cell_interaction_or_cytokine_response	CD274	MYC_1	740	0.438674147184937	True
guide	t_cell_interaction_or_cytokine_response	CD274	MYC_2	740	0.4442152111406438	True
guide	t_cell_interaction_or_cytokine_response	CD274	MYC_3	740	0.4389364026142033	True
guide	t_cell_interaction_or_cytokine_response	CD274	NCL_3	740	0.4410836041346689	True
guide	t_cell_interaction_or_cytokine_response	CD274	NDUFA13_1	740	0.4437899640805417	True
guide	t_cell_interaction_or_cytokine_response	CD274	NDUFA13_2	740	0.44172029019262127	True
guide	t_cell_interaction_or_cytokine_response	CD274	NDUFA13_3	740	0.4412001621032316	True
guide	t_cell_interaction_or_cytokine_response	CD274	NEAT1_1	740	0.44021919176110474	True
guide	t_cell_interaction_or_cytokine_response	CD274	NEAT1_2	740	0.4419293008994597	True
guide	t_cell_interaction_or_cytokine_response	CD274	NEAT1_3	740	0.44194336721934474	True
guide	t_cell_interaction_or_cytokine_response	CD274	NGFR_1	740	0.4419912223202587	True
guide	t_cell_interaction_or_cytokine_response	CD274	NGFR_2	740	0.43975763878904683	True
guide	t_cell_interaction_or_cytokine_response	CD274	NGFR_3	740	0.44142226189088946	True
guide	t_cell_interaction_or_cytokine_response	CD274	NME1_1	740	0.44091448254969373	True
guide	t_cell_interaction_or_cytokine_response	CD274	NME1_2	740	0.44151951198457856	True
guide	t_cell_interaction_or_cytokine_response	CD274	NME1_3	740	0.4402840745124058	True
guide	t_cell_interaction_or_cytokine_response	CD274	NMRK1_1	740	0.4404509158728944	True
guide	t_cell_interaction_or_cytokine_response	CD274	NMRK1_2	740	0.43949775242418215	True
guide	t_cell_interaction_or_cytokine_response	CD274	NMRK1_3	740	0.44043252601047633	True
guide	t_cell_interaction_or_cytokine_response	CD274	NOLC1_1	740	0.44129886324886675	True
guide	t_cell_interaction_or_cytokine_response	CD274	NOLC1_2	740	0.4415807226860571	True
guide	t_cell_interaction_or_cytokine_response	CD274	NOLC1_3	740	0.44243331935091784	True
guide	t_cell_interaction_or_cytokine_response	CD274	NONO_1	740	0.44062818111675034	True
guide	t_cell_interaction_or_cytokine_response	CD274	NONO_2	740	0.4387308270507473	True
guide	t_cell_interaction_or_cytokine_response	CD274	NONO_3	740	0.44093953540574155	True
guide	t_cell_interaction_or_cytokine_response	CD274	NO_SITE_107	740	0.44024625832189396	True
guide	t_cell_interaction_or_cytokine_response	CD274	NO_SITE_136	740	0.4410984404004844	True
guide	t_cell_interaction_or_cytokine_response	CD274	NO_SITE_146	740	0.44117140758405626	True
guide	t_cell_interaction_or_cytokine_response	CD274	NO_SITE_172	740	0.43956370125446403	True
guide	t_cell_interaction_or_cytokine_response	CD274	NO_SITE_187	740	0.4408605567212504	True
guide	t_cell_interaction_or_cytokine_response	CD274	NO_SITE_205	740	0.4401169074055621	True
guide	t_cell_interaction_or_cytokine_response	CD274	NO_SITE_229	740	0.4399936272167595	True
guide	t_cell_interaction_or_cytokine_response	CD274	NO_SITE_23	740	0.4417139233320417	True
guide	t_cell_interaction_or_cytokine_response	CD274	NO_SITE_304	740	0.44039882606936237	True
guide	t_cell_interaction_or_cytokine_response	CD274	NO_SITE_355	740	0.440895263514735	True
guide	t_cell_interaction_or_cytokine_response	CD274	NO_SITE_36	740	0.44051772348902185	True
guide	t_cell_interaction_or_cytokine_response	CD274	NO_SITE_38	740	0.4404049560235017	True
guide	t_cell_interaction_or_cytokine_response	CD274	NO_SITE_386	740	0.44070360620463894	True
guide	t_cell_interaction_or_cytokine_response	CD274	NO_SITE_40	740	0.44105002264677495	True
guide	t_cell_interaction_or_cytokine_response	CD274	NO_SITE_411	740	0.44035123748819355	True
guide	t_cell_interaction_or_cytokine_response	CD274	NO_SITE_47	740	0.4398136967754516	True
guide	t_cell_interaction_or_cytokine_response	CD274	NO_SITE_505	740	0.44116586989601736	True
guide	t_cell_interaction_or_cytokine_response	CD274	NO_SITE_544	740	0.4410904448081288	True
guide	t_cell_interaction_or_cytokine_response	CD274	NO_SITE_547	740	0.441309020612489	True
guide	t_cell_interaction_or_cytokine_response	CD274	NO_SITE_599	740	0.4393822901479051	True
guide	t_cell_interaction_or_cytokine_response	CD274	NO_SITE_605	740	0.44086997375224707	True
guide	t_cell_interaction_or_cytokine_response	CD274	NO_SITE_628	740	0.44101063695109705	True
guide	t_cell_interaction_or_cytokine_response	CD274	NO_SITE_664	740	0.44064523838044245	True
guide	t_cell_interaction_or_cytokine_response	CD274	NO_SITE_678	740	0.44249008805664314	True
guide	t_cell_interaction_or_cytokine_response	CD274	NO_SITE_694	740	0.44132190240017316	True
guide	t_cell_interaction_or_cytokine_response	CD274	NO_SITE_706	740	0.44002483964025163	True
guide	t_cell_interaction_or_cytokine_response	CD274	NO_SITE_707	740	0.43921595221360193	True
guide	t_cell_interaction_or_cytokine_response	CD274	NO_SITE_716	740	0.4430535996378885	True
guide	t_cell_interaction_or_cytokine_response	CD274	NO_SITE_736	740	0.4405769797123689	True
guide	t_cell_interaction_or_cytokine_response	CD274	NO_SITE_81	740	0.4408140046057573	True
guide	t_cell_interaction_or_cytokine_response	CD274	NO_SITE_812	740	0.43954833194915804	True
guide	t_cell_interaction_or_cytokine_response	CD274	NO_SITE_820	740	0.44082792285911726	True
guide	t_cell_interaction_or_cytokine_response	CD274	NO_SITE_836	740	0.4408921541177078	True
guide	t_cell_interaction_or_cytokine_response	CD274	NO_SITE_913	740	0.4408773770785024	True
guide	t_cell_interaction_or_cytokine_response	CD274	NO_SITE_915	740	0.4398404375898856	True
guide	t_cell_interaction_or_cytokine_response	CD274	NO_SITE_960	740	0.44105609337430435	True
guide	t_cell_interaction_or_cytokine_response	CD274	NO_SITE_963	740	0.4421489131694958	True
guide	t_cell_interaction_or_cytokine_response	CD274	NPC1_1	740	0.43911668841517143	True
guide	t_cell_interaction_or_cytokine_response	CD274	NPC1_2	740	0.44165727307953645	True
guide	t_cell_interaction_or_cytokine_response	CD274	NPC1_3	740	0.43989507413764944	True
guide	t_cell_interaction_or_cytokine_response	CD274	NPC2_1	740	0.44058305043989826	True
guide	t_cell_interaction_or_cytokine_response	CD274	NPC2_2	740	0.4401247845446976	True
guide	t_cell_interaction_or_cytokine_response	CD274	NPC2_3	740	0.4407837990346358	True
guide	t_cell_interaction_or_cytokine_response	CD274	NSG1_1	740	0.4405894765270878	True
guide	t_cell_interaction_or_cytokine_response	CD274	NSG1_2	740	0.4422926561520679	True
guide	t_cell_interaction_or_cytokine_response	CD274	NSG1_3	740	0.44087308314927437	True
guide	t_cell_interaction_or_cytokine_response	CD274	NT5E_1	740	0.43977170510893177	True
guide	t_cell_interaction_or_cytokine_response	CD274	NT5E_2	740	0.44060884362857156	True
guide	t_cell_interaction_or_cytokine_response	CD274	NT5E_3	740	0.4405061150734536	True
guide	t_cell_interaction_or_cytokine_response	CD274	NUP50-AS1_1	740	0.44038588505506815	True
guide	t_cell_interaction_or_cytokine_response	CD274	NUP50-AS1_2	740	0.44127431381900434	True
guide	t_cell_interaction_or_cytokine_response	CD274	NUP50-AS1_3	740	0.44059696869325815	True
guide	t_cell_interaction_or_cytokine_response	CD274	ONE_NON-GENE_SITE_157	740	0.44158768181273705	True
guide	t_cell_interaction_or_cytokine_response	CD274	ONE_NON-GENE_SITE_177	740	0.4408762221596066	True
guide	t_cell_interaction_or_cytokine_response	CD274	ONE_NON-GENE_SITE_2	740	0.4404007805474937	True
guide	t_cell_interaction_or_cytokine_response	CD274	ONE_NON-GENE_SITE_202	740	0.44273152533247967	True
guide	t_cell_interaction_or_cytokine_response	CD274	ONE_NON-GENE_SITE_217	740	0.44021957673407003	True
guide	t_cell_interaction_or_cytokine_response	CD274	ONE_NON-GENE_SITE_231	740	0.4396663113563619	True
guide	t_cell_interaction_or_cytokine_response	CD274	ONE_NON-GENE_SITE_241	740	0.44137576900200653	True
guide	t_cell_interaction_or_cytokine_response	CD274	ONE_NON-GENE_SITE_249	740	0.44123149297994396	True
guide	t_cell_interaction_or_cytokine_response	CD274	ONE_NON-GENE_SITE_250	740	0.4400495667499442	True
guide	t_cell_interaction_or_cytokine_response	CD274	ONE_NON-GENE_SITE_263	740	0.44141397016548356	True
guide	t_cell_interaction_or_cytokine_response	CD274	ONE_NON-GENE_SITE_290	740	0.4389357807347979	True
guide	t_cell_interaction_or_cytokine_response	CD274	ONE_NON-GENE_SITE_293	740	0.4426529612342589	True
guide	t_cell_interaction_or_cytokine_response	CD274	ONE_NON-GENE_SITE_328	740	0.4409928689680844	True
guide	t_cell_interaction_or_cytokine_response	CD274	ONE_NON-GENE_SITE_409	740	0.44096606892704043	True
guide	t_cell_interaction_or_cytokine_response	CD274	ONE_NON-GENE_SITE_422	740	0.44087497840079565	True
guide	t_cell_interaction_or_cytokine_response	CD274	ONE_NON-GENE_SITE_531	740	0.44179159903111187	True
guide	t_cell_interaction_or_cytokine_response	CD274	ONE_NON-GENE_SITE_570	740	0.44034718046540566	True
guide	t_cell_interaction_or_cytokine_response	CD274	ONE_NON-GENE_SITE_594	740	0.4414758323596725	True
guide	t_cell_interaction_or_cytokine_response	CD274	ONE_NON-GENE_SITE_598	740	0.4417296183837029	True
guide	t_cell_interaction_or_cytokine_response	CD274	ONE_NON-GENE_SITE_640	740	0.4404607178768563	True
guide	t_cell_interaction_or_cytokine_response	CD274	ONE_NON-GENE_SITE_658	740	0.44012223780046583	True
guide	t_cell_interaction_or_cytokine_response	CD274	ONE_NON-GENE_SITE_670	740	0.44090853027538446	True
guide	t_cell_interaction_or_cytokine_response	CD274	ONE_NON-GENE_SITE_672	740	0.4415343482503941	True
guide	t_cell_interaction_or_cytokine_response	CD274	ONE_NON-GENE_SITE_675	740	0.4400473457520676	True
guide	t_cell_interaction_or_cytokine_response	CD274	ONE_NON-GENE_SITE_714	740	0.4414378977159406	True
guide	t_cell_interaction_or_cytokine_response	CD274	ONE_NON-GENE_SITE_724	740	0.44049560235017116	True
guide	t_cell_interaction_or_cytokine_response	CD274	ONE_NON-GENE_SITE_736	740	0.4385764825049776	True
guide	t_cell_interaction_or_cytokine_response	CD274	ONE_NON-GENE_SITE_813	740	0.44069270850839115	True
guide	t_cell_interaction_or_cytokine_response	CD274	ONE_NON-GENE_SITE_84	740	0.44294953848404456	True
guide	t_cell_interaction_or_cytokine_response	CD274	ONE_NON-GENE_SITE_848	740	0.4389530452916252	True
guide	t_cell_interaction_or_cytokine_response	CD274	ONE_NON-GENE_SITE_859	740	0.44034872035726674	True
guide	t_cell_interaction_or_cytokine_response	CD274	ONE_NON-GENE_SITE_869	740	0.4415522642999318	True
guide	t_cell_interaction_or_cytokine_response	CD274	ONE_NON-GENE_SITE_892	740	0.4407917650136865	True
guide	t_cell_interaction_or_cytokine_response	CD274	ONE_NON-GENE_SITE_915	740	0.4393166966772835	True
guide	t_cell_interaction_or_cytokine_response	CD274	ONE_NON-GENE_SITE_931	740	0.4398545039097706	True
guide	t_cell_interaction_or_cytokine_response	CD274	ONE_NON-GENE_SITE_993	740	0.439598881860829	True
guide	t_cell_interaction_or_cytokine_response	CD274	P2RX4_1	740	0.4399147669854884	True
guide	t_cell_interaction_or_cytokine_response	CD274	P2RX4_2	740	0.43901404869996846	True
guide	t_cell_interaction_or_cytokine_response	CD274	P2RX4_3	740	0.44041561681330926	True
guide	t_cell_interaction_or_cytokine_response	CD274	PABPC1_1	740	0.4441216034834723	True
guide	t_cell_interaction_or_cytokine_response	CD274	PABPC1_3	740	0.4438681432057972	True
guide	t_cell_interaction_or_cytokine_response	CD274	PAICS_1	740	0.4415533007656076	True
guide	t_cell_interaction_or_cytokine_response	CD274	PAICS_2	740	0.4386607915843725	True
guide	t_cell_interaction_or_cytokine_response	CD274	PAICS_3	740	0.438937291013354	True
guide	t_cell_interaction_or_cytokine_response	CD274	PET100_1	740	0.44041058255145565	True
guide	t_cell_interaction_or_cytokine_response	CD274	PET100_2	740	0.4424189568979826	True
guide	t_cell_interaction_or_cytokine_response	CD274	PET100_3	740	0.44003493777726377	True
guide	t_cell_interaction_or_cytokine_response	CD274	PFDN4_1	740	0.44043572424741856	True
guide	t_cell_interaction_or_cytokine_response	CD274	PFDN4_2	740	0.44055915250274624	True
guide	t_cell_interaction_or_cytokine_response	CD274	PFDN4_3	740	0.43936683200268417	True
guide	t_cell_interaction_or_cytokine_response	CD274	PFN1_1	740	0.4394912374970776	True
guide	t_cell_interaction_or_cytokine_response	CD274	PFN1_2	740	0.439231469585433	True
guide	t_cell_interaction_or_cytokine_response	CD274	PFN1_3	740	0.4399966477738716	True
guide	t_cell_interaction_or_cytokine_response	CD274	PIK3IP1_1	740	0.4431971945539355	True
guide	t_cell_interaction_or_cytokine_response	CD274	PIK3IP1_2	740	0.4422370719785434	True
guide	t_cell_interaction_or_cytokine_response	CD274	PIK3IP1_3	740	0.44129705683726056	True
guide	t_cell_interaction_or_cytokine_response	CD274	POLD2_1	740	0.4386863182533007	True
guide	t_cell_interaction_or_cytokine_response	CD274	POLD2_2	740	0.441859265433085	True
guide	t_cell_interaction_or_cytokine_response	CD274	PPA1_1	740	0.44147861601034455	True
guide	t_cell_interaction_or_cytokine_response	CD274	PPA1_2	740	0.44011942453648883	True
guide	t_cell_interaction_or_cytokine_response	CD274	PPIA_1	740	0.4424869490463109	True
guide	t_cell_interaction_or_cytokine_response	CD274	PPIA_2	740	0.4406809224129928	True
guide	t_cell_interaction_or_cytokine_response	CD274	PPIA_3	740	0.4399839436660176	True
guide	t_cell_interaction_or_cytokine_response	CD274	PRELID3B_2	740	0.4410820346295028	True
guide	t_cell_interaction_or_cytokine_response	CD274	PROS1_1	740	0.44161232008251455	True
guide	t_cell_interaction_or_cytokine_response	CD274	PROS1_2	740	0.44032206838274784	True
guide	t_cell_interaction_or_cytokine_response	CD274	PROS1_3	740	0.4395287871678442	True
guide	t_cell_interaction_or_cytokine_response	CD274	PSAP_1	740	0.4406407667713842	True
guide	t_cell_interaction_or_cytokine_response	CD274	PSAP_2	740	0.43946097269934603	True
guide	t_cell_interaction_or_cytokine_response	CD274	PSAP_3	740	0.4396321079890626	True
guide	t_cell_interaction_or_cytokine_response	CD274	PSMB8-AS1_1	740	0.4408237177698042	True
guide	t_cell_interaction_or_cytokine_response	CD274	PSMB8-AS1_2	740	0.44092135283645856	True
guide	t_cell_interaction_or_cytokine_response	CD274	PSMB8-AS1_3	740	0.441717121568984	True
guide	t_cell_interaction_or_cytokine_response	CD274	PTMA_1	740	0.4406535004925433	True
guide	t_cell_interaction_or_cytokine_response	CD274	PTMA_2	740	0.44220236518505873	True
guide	t_cell_interaction_or_cytokine_response	CD274	PTMA_3	740	0.4432956587931305	True
guide	t_cell_interaction_or_cytokine_response	CD274	PUF60_2	740	0.4386996738538651	True
guide	t_cell_interaction_or_cytokine_response	CD274	PUF60_3	740	0.4384836744070417	True
guide	t_cell_interaction_or_cytokine_response	CD274	PYGB_1	740	0.44051153430827245	True
guide	t_cell_interaction_or_cytokine_response	CD274	PYGB_2	740	0.4398995753600126	True
guide	t_cell_interaction_or_cytokine_response	CD274	PYGB_3	740	0.44024528108282823	True
guide	t_cell_interaction_or_cytokine_response	CD274	RAB27A_1	740	0.4402169115366181	True
guide	t_cell_interaction_or_cytokine_response	CD274	RAB27A_2	740	0.441470768484514	True
guide	t_cell_interaction_or_cytokine_response	CD274	RAB27A_3	740	0.4409731168936354	True
guide	t_cell_interaction_or_cytokine_response	CD274	RB1_1	740	0.4409423486697185	True
guide	t_cell_interaction_or_cytokine_response	CD274	RB1_2	740	0.4405706424650945	True
guide	t_cell_interaction_or_cytokine_response	CD274	RB1_3	740	0.4395283725815739	True
guide	t_cell_interaction_or_cytokine_response	CD274	RBP7_1	740	0.4413355837470929	True
guide	t_cell_interaction_or_cytokine_response	CD274	RBP7_2	740	0.44086322191870225	True
guide	t_cell_interaction_or_cytokine_response	CD274	RBP7_3	740	0.4431350954533064	True
guide	t_cell_interaction_or_cytokine_response	CD274	RNASEH2A_1	740	0.440216793083398	True
guide	t_cell_interaction_or_cytokine_response	CD274	RNASEH2A_2	740	0.441248402177111	True
guide	t_cell_interaction_or_cytokine_response	CD274	RNASEH2A_3	740	0.4425523944504074	True
guide	t_cell_interaction_or_cytokine_response	CD274	RNF213_1	740	0.4405723600367856	True
guide	t_cell_interaction_or_cytokine_response	CD274	RNF213_2	740	0.4387173826102677	True
guide	t_cell_interaction_or_cytokine_response	CD274	RNF213_3	740	0.4401570038205606	True
guide	t_cell_interaction_or_cytokine_response	CD274	ROMO1_2	740	0.43964727000123344	True
guide	t_cell_interaction_or_cytokine_response	CD274	ROMO1_3	740	0.4397096652349127	True
guide	t_cell_interaction_or_cytokine_response	CD274	RPSA_3	740	0.4404365238066541	True
guide	t_cell_interaction_or_cytokine_response	CD274	RRS1_1	740	0.4451224147399634	True
guide	t_cell_interaction_or_cytokine_response	CD274	RRS1_2	740	0.44171051780196424	True
guide	t_cell_interaction_or_cytokine_response	CD274	RTP4_1	740	0.4412925852282023	True
guide	t_cell_interaction_or_cytokine_response	CD274	RTP4_2	740	0.44039699004445104	True
guide	t_cell_interaction_or_cytokine_response	CD274	RTP4_3	740	0.43947113006296823	True
guide	t_cell_interaction_or_cytokine_response	CD274	S100A6_1	740	0.440053386866292	True
guide	t_cell_interaction_or_cytokine_response	CD274	S100A6_2	740	0.4395018094469701	True
guide	t_cell_interaction_or_cytokine_response	CD274	S100A6_3	740	0.4407422515676913	True
guide	t_cell_interaction_or_cytokine_response	CD274	S100B_1	740	0.43872055123390497	True
guide	t_cell_interaction_or_cytokine_response	CD274	S100B_2	740	0.4405608996877425	True
guide	t_cell_interaction_or_cytokine_response	CD274	S100B_3	740	0.44077441161694414	True
guide	t_cell_interaction_or_cytokine_response	CD274	SAE1_1	740	0.43899592535729565	True
guide	t_cell_interaction_or_cytokine_response	CD274	SAE1_3	740	0.4398923793268925	True
guide	t_cell_interaction_or_cytokine_response	CD274	SAT1_1	740	0.4413003439141178	True
guide	t_cell_interaction_or_cytokine_response	CD274	SAT1_2	740	0.4404169494120352	True
guide	t_cell_interaction_or_cytokine_response	CD274	SAT1_3	740	0.44065474425135415	True
guide	t_cell_interaction_or_cytokine_response	CD274	SCARB2_1	740	0.44045926682491027	True
guide	t_cell_interaction_or_cytokine_response	CD274	SCARB2_2	740	0.44117786328455083	True
guide	t_cell_interaction_or_cytokine_response	CD274	SCARB2_3	740	0.4408174101358347	True
guide	t_cell_interaction_or_cytokine_response	CD274	SDC3_1	740	0.4416361291797514	True
guide	t_cell_interaction_or_cytokine_response	CD274	SDC3_2	740	0.4401043217509281	True
guide	t_cell_interaction_or_cytokine_response	CD274	SDC3_3	740	0.44142134387843385	True
guide	t_cell_interaction_or_cytokine_response	CD274	SDCBP_1	740	0.4413593928443298	True
guide	t_cell_interaction_or_cytokine_response	CD274	SDCBP_2	740	0.4408158702439737	True
guide	t_cell_interaction_or_cytokine_response	CD274	SDCBP_3	740	0.4387509937114666	True
guide	t_cell_interaction_or_cytokine_response	CD274	SEC11C_1	740	0.4404383006049554	True
guide	t_cell_interaction_or_cytokine_response	CD274	SEC11C_2	740	0.44158608269426586	True
guide	t_cell_interaction_or_cytokine_response	CD274	SEC11C_3	740	0.43972296160886715	True
guide	t_cell_interaction_or_cytokine_response	CD274	SERPINA3_1	740	0.4409136533771531	True
guide	t_cell_interaction_or_cytokine_response	CD274	SERPINA3_2	740	0.4412432494620373	True
guide	t_cell_interaction_or_cytokine_response	CD274	SERPINA3_3	740	0.44122497805283933	True
guide	t_cell_interaction_or_cytokine_response	CD274	SERPINE2_1	740	0.440530664503316	True
guide	t_cell_interaction_or_cytokine_response	CD274	SERPINE2_2	740	0.44054938011208933	True
guide	t_cell_interaction_or_cytokine_response	CD274	SERPINE2_3	740	0.44054555999574163	True
guide	t_cell_interaction_or_cytokine_response	CD274	SERPINF1_1	740	0.4424950630918867	True
guide	t_cell_interaction_or_cytokine_response	CD274	SERPINF1_2	740	0.43861619394701085	True
guide	t_cell_interaction_or_cytokine_response	CD274	SERPINF1_3	740	0.4405182861418172	True
guide	t_cell_interaction_or_cytokine_response	CD274	SET_1	740	0.4419837005407834	True
guide	t_cell_interaction_or_cytokine_response	CD274	SET_2	740	0.43883856025441387	True
guide	t_cell_interaction_or_cytokine_response	CD274	SET_3	740	0.43890986909290447	True
guide	t_cell_interaction_or_cytokine_response	CD274	SGK1_1	740	0.4396035015364123	True
guide	t_cell_interaction_or_cytokine_response	CD274	SGK1_2	740	0.44076049336358436	True
guide	t_cell_interaction_or_cytokine_response	CD274	SGK1_3	740	0.43912572047320286	True
guide	t_cell_interaction_or_cytokine_response	CD274	SHMT2_1	740	0.440995178805876	True
guide	t_cell_interaction_or_cytokine_response	CD274	SHMT2_2	740	0.43850736505105853	True
guide	t_cell_interaction_or_cytokine_response	CD274	SHMT2_3	740	0.4399013521583139	True
guide	t_cell_interaction_or_cytokine_response	CD274	SINHCAF_1	740	0.440838879781975	True
guide	t_cell_interaction_or_cytokine_response	CD274	SINHCAF_2	740	0.4396062851870843	True
guide	t_cell_interaction_or_cytokine_response	CD274	SINHCAF_3	740	0.44412231420279275	True
guide	t_cell_interaction_or_cytokine_response	CD274	SLC19A1_1	740	0.44390424182461785	True
guide	t_cell_interaction_or_cytokine_response	CD274	SLC19A1_2	740	0.44003079191456085	True
guide	t_cell_interaction_or_cytokine_response	CD274	SLC19A1_3	740	0.4416411338283	True
guide	t_cell_interaction_or_cytokine_response	CD274	SLC22A18_1	740	0.4401954418904778	True
guide	t_cell_interaction_or_cytokine_response	CD274	SLC22A18_2	740	0.4392781105408411	True
guide	t_cell_interaction_or_cytokine_response	CD274	SLC22A18_3	740	0.4401848995538903	True
guide	t_cell_interaction_or_cytokine_response	CD274	SLC25A13_1	740	0.4408779989579078	True
guide	t_cell_interaction_or_cytokine_response	CD274	SLC25A13_2	740	0.43914286657680995	True
guide	t_cell_interaction_or_cytokine_response	CD274	SLC25A13_3	740	0.4408132346598268	True
guide	t_cell_interaction_or_cytokine_response	CD274	SLC26A2_1	740	0.44105499768201856	True
guide	t_cell_interaction_or_cytokine_response	CD274	SLC26A2_2	740	0.4391744639732675	True
guide	t_cell_interaction_or_cytokine_response	CD274	SLC26A2_3	740	0.4408143303521126	True
guide	t_cell_interaction_or_cytokine_response	CD274	SLC5A3_1	740	0.4418332945645815	True
guide	t_cell_interaction_or_cytokine_response	CD274	SLC5A3_2	740	0.4402030228965632	True
guide	t_cell_interaction_or_cytokine_response	CD274	SLC5A3_3	740	0.4407691108353454	True
guide	t_cell_interaction_or_cytokine_response	CD274	SLC7A5P1_1	740	0.44184185280973254	True
guide	t_cell_interaction_or_cytokine_response	CD274	SLC7A5P1_2	740	0.44029787431254563	True
guide	t_cell_interaction_or_cytokine_response	CD274	SLC7A5P1_3	740	0.44081610715041386	True
guide	t_cell_interaction_or_cytokine_response	CD274	SLIRP_1	740	0.4393981924927014	True
guide	t_cell_interaction_or_cytokine_response	CD274	SLIRP_2	740	0.4392847143078608	True
guide	t_cell_interaction_or_cytokine_response	CD274	SLIRP_3	740	0.44026207182677524	True
guide	t_cell_interaction_or_cytokine_response	CD274	SMAD3_1	740	0.44034084321813116	True
guide	t_cell_interaction_or_cytokine_response	CD274	SMAD3_2	740	0.4408278932458122	True
guide	t_cell_interaction_or_cytokine_response	CD274	SMAD3_3	740	0.44082217787794314	True
guide	t_cell_interaction_or_cytokine_response	CD274	SMAD4_1	740	0.44022321917058754	True
guide	t_cell_interaction_or_cytokine_response	CD274	SMAD4_2	740	0.44158312136376376	True
guide	t_cell_interaction_or_cytokine_response	CD274	SMAD4_3	740	0.43948712124767964	True
guide	t_cell_interaction_or_cytokine_response	CD274	SNHG6_1	740	0.4388738593139989	True
guide	t_cell_interaction_or_cytokine_response	CD274	SNHG6_2	740	0.44038141344600995	True
guide	t_cell_interaction_or_cytokine_response	CD274	SNHG6_3	740	0.4412521630668486	True
guide	t_cell_interaction_or_cytokine_response	CD274	SNRPG_2	740	0.44091445293638876	True
guide	t_cell_interaction_or_cytokine_response	CD274	SOX4_1	740	0.44061488474279586	True
guide	t_cell_interaction_or_cytokine_response	CD274	SOX4_2	740	0.43883441439171095	True
guide	t_cell_interaction_or_cytokine_response	CD274	SOX4_3	740	0.4408460758150951	True
guide	t_cell_interaction_or_cytokine_response	CD274	SP100_1	740	0.44045405488322664	True
guide	t_cell_interaction_or_cytokine_response	CD274	SP100_2	740	0.4414654380896102	True
guide	t_cell_interaction_or_cytokine_response	CD274	SP100_3	740	0.4399070082995729	True
guide	t_cell_interaction_or_cytokine_response	CD274	SPESP1_1	740	0.4415071928496898	True
guide	t_cell_interaction_or_cytokine_response	CD274	SPESP1_2	740	0.4413083691197786	True
guide	t_cell_interaction_or_cytokine_response	CD274	SPESP1_3	740	0.4410727952783362	True
guide	t_cell_interaction_or_cytokine_response	CD274	SPINT1_1	740	0.4441010518497877	True
guide	t_cell_interaction_or_cytokine_response	CD274	SPINT1_2	740	0.4404216875408386	True
guide	t_cell_interaction_or_cytokine_response	CD274	SPINT1_3	740	0.4417834849855361	True
guide	t_cell_interaction_or_cytokine_response	CD274	SSR2_1	740	0.4399911100858327	True
guide	t_cell_interaction_or_cytokine_response	CD274	SSR2_2	740	0.44015857332572667	True
guide	t_cell_interaction_or_cytokine_response	CD274	SSR2_3	740	0.44023693013081233	True
guide	t_cell_interaction_or_cytokine_response	CD274	ST3GAL6-AS1_1	740	0.44367349495189395	True
guide	t_cell_interaction_or_cytokine_response	CD274	ST3GAL6-AS1_2	740	0.43974543810737815	True
guide	t_cell_interaction_or_cytokine_response	CD274	ST3GAL6-AS1_3	740	0.4417573364372025	True
guide	t_cell_interaction_or_cytokine_response	CD274	ST6GALNAC2_1	740	0.44112070960586025	True
guide	t_cell_interaction_or_cytokine_response	CD274	ST6GALNAC2_2	740	0.43981340064240143	True
guide	t_cell_interaction_or_cytokine_response	CD274	ST6GALNAC2_3	740	0.43889669117217006	True
guide	t_cell_interaction_or_cytokine_response	CD274	STAT1_1	740	0.4384181697763352	True
guide	t_cell_interaction_or_cytokine_response	CD274	STAT1_2	740	0.4384188508823506	True
guide	t_cell_interaction_or_cytokine_response	CD274	STAT1_3	740	0.4384182882295552	True
guide	t_cell_interaction_or_cytokine_response	CD274	STAT3_1	740	0.4394897864451315	True
guide	t_cell_interaction_or_cytokine_response	CD274	STAT3_2	740	0.43848180876882537	True
guide	t_cell_interaction_or_cytokine_response	CD274	STAT3_3	740	0.4388369907492477	True
guide	t_cell_interaction_or_cytokine_response	CD274	STOM_1	740	0.4416221220864765	True
guide	t_cell_interaction_or_cytokine_response	CD274	STOM_2	740	0.4415130266707789	True
guide	t_cell_interaction_or_cytokine_response	CD274	STOM_3	740	0.44157089106879016	True
guide	t_cell_interaction_or_cytokine_response	CD274	STX7_1	740	0.4392007605881262	True
guide	t_cell_interaction_or_cytokine_response	CD274	STX7_2	740	0.43915515609839373	True
guide	t_cell_interaction_or_cytokine_response	CD274	STX7_3	740	0.44159008049044374	True
guide	t_cell_interaction_or_cytokine_response	CD274	TAPBPL_1	740	0.4408869717893292	True
guide	t_cell_interaction_or_cytokine_response	CD274	TAPBPL_2	740	0.44070944002572804	True
guide	t_cell_interaction_or_cytokine_response	CD274	TAPBPL_3	740	0.4410313366513068	True
guide	t_cell_interaction_or_cytokine_response	CD274	TAPBP_1	740	0.4406720976480965	True
guide	t_cell_interaction_or_cytokine_response	CD274	TAPBP_2	740	0.4399527016292204	True
guide	t_cell_interaction_or_cytokine_response	CD274	TAPBP_3	740	0.4434360258589302	True
guide	t_cell_interaction_or_cytokine_response	CD274	TFAP2A_1	740	0.4411887017541886	True
guide	t_cell_interaction_or_cytokine_response	CD274	TFAP2A_2	740	0.44122166136267704	True
guide	t_cell_interaction_or_cytokine_response	CD274	TFAP2A_3	740	0.439601665511501	True
guide	t_cell_interaction_or_cytokine_response	CD274	TGFB1_1	740	0.44057238965009066	True
guide	t_cell_interaction_or_cytokine_response	CD274	TGFB1_2	740	0.44157284554692144	True
guide	t_cell_interaction_or_cytokine_response	CD274	TGFB1_3	740	0.43935794801117783	True
guide	t_cell_interaction_or_cytokine_response	CD274	TIMM50_1	740	0.44038917213192547	True
guide	t_cell_interaction_or_cytokine_response	CD274	TIMM50_2	740	0.43895449634357114	True
guide	t_cell_interaction_or_cytokine_response	CD274	TIMM50_3	740	0.4402918924249314	True
guide	t_cell_interaction_or_cytokine_response	CD274	TIMP1_1	740	0.4411744577544734	True
guide	t_cell_interaction_or_cytokine_response	CD274	TIMP1_2	740	0.4411306004497373	True
guide	t_cell_interaction_or_cytokine_response	CD274	TIMP1_3	740	0.44172825617167183	True
guide	t_cell_interaction_or_cytokine_response	CD274	TIMP2_1	740	0.4393773447259666	True
guide	t_cell_interaction_or_cytokine_response	CD274	TIMP2_2	740	0.4388687362122302	True
guide	t_cell_interaction_or_cytokine_response	CD274	TIMP2_3	740	0.43966000372239245	True
guide	t_cell_interaction_or_cytokine_response	CD274	TIMP3_1	740	0.43893347089700624	True
guide	t_cell_interaction_or_cytokine_response	CD274	TIMP3_2	740	0.440097125717808	True
guide	t_cell_interaction_or_cytokine_response	CD274	TIMP3_3	740	0.4411643300041562	True
guide	t_cell_interaction_or_cytokine_response	CD274	TM4SF1_1	740	0.4396019024179411	True
guide	t_cell_interaction_or_cytokine_response	CD274	TM4SF1_2	740	0.43936016900905445	True
guide	t_cell_interaction_or_cytokine_response	CD274	TM4SF1_3	740	0.43935169960381837	True
guide	t_cell_interaction_or_cytokine_response	CD274	TMED10_1	740	0.4419776298132541	True
guide	t_cell_interaction_or_cytokine_response	CD274	TMED10_2	740	0.4408804272489195	True
guide	t_cell_interaction_or_cytokine_response	CD274	TMED10_3	740	0.43894167378249704	True
guide	t_cell_interaction_or_cytokine_response	CD274	TMEM173_1	740	0.4408667162886948	True
guide	t_cell_interaction_or_cytokine_response	CD274	TMEM173_2	740	0.4399162476507395	True
guide	t_cell_interaction_or_cytokine_response	CD274	TMEM173_3	740	0.4422959432289252	True
guide	t_cell_interaction_or_cytokine_response	CD274	TOP1MT_1	740	0.44091131392605654	True
guide	t_cell_interaction_or_cytokine_response	CD274	TOP1MT_2	740	0.4428216978462688	True
guide	t_cell_interaction_or_cytokine_response	CD274	TOP1MT_3	740	0.4418153785150438	True
guide	t_cell_interaction_or_cytokine_response	CD274	TP53_1	740	0.44116868315999425	True
guide	t_cell_interaction_or_cytokine_response	CD274	TP53_2	740	0.44101365750820914	True
guide	t_cell_interaction_or_cytokine_response	CD274	TP53_3	740	0.4412337732044306	True
guide	t_cell_interaction_or_cytokine_response	CD274	TPP1_1	740	0.4404922264333987	True
guide	t_cell_interaction_or_cytokine_response	CD274	TPP1_2	740	0.4413487024412172	True
guide	t_cell_interaction_or_cytokine_response	CD274	TPP1_3	740	0.4412975306501409	True
guide	t_cell_interaction_or_cytokine_response	CD274	TPRKB_1	740	0.4406875261800125	True
guide	t_cell_interaction_or_cytokine_response	CD274	TPRKB_2	740	0.4384473388817809	True
guide	t_cell_interaction_or_cytokine_response	CD274	TPRKB_3	740	0.43843694461171845	True
guide	t_cell_interaction_or_cytokine_response	CD274	TRIM22_1	740	0.43923309831720914	True
guide	t_cell_interaction_or_cytokine_response	CD274	TRIM22_2	740	0.43955662367456394	True
guide	t_cell_interaction_or_cytokine_response	CD274	TRIM22_3	740	0.44326367642370773	True
guide	t_cell_interaction_or_cytokine_response	CD274	TSC22D3_1	740	0.44084480244297924	True
guide	t_cell_interaction_or_cytokine_response	CD274	TSC22D3_2	740	0.44168934428887424	True
guide	t_cell_interaction_or_cytokine_response	CD274	TSC22D3_3	740	0.44007213208837026	True
guide	t_cell_interaction_or_cytokine_response	CD274	TTLL1_1	740	0.44031546461572807	True
guide	t_cell_interaction_or_cytokine_response	CD274	TTLL1_2	740	0.440220998172711	True
guide	t_cell_interaction_or_cytokine_response	CD274	TTLL1_3	740	0.44066869211801907	True
guide	t_cell_interaction_or_cytokine_response	CD274	TXNDC17_1	740	0.440844447083319	True
guide	t_cell_interaction_or_cytokine_response	CD274	TXNDC17_2	740	0.4415938413801814	True
guide	t_cell_interaction_or_cytokine_response	CD274	TXNDC17_3	740	0.4386384631523867	True
guide	t_cell_interaction_or_cytokine_response	CD274	TYR_1	740	0.440090077751213	True
guide	t_cell_interaction_or_cytokine_response	CD274	TYR_2	740	0.4424986759150992	True
guide	t_cell_interaction_or_cytokine_response	CD274	TYR_3	740	0.4401566188475953	True
guide	t_cell_interaction_or_cytokine_response	CD274	UBA52_3	740	0.4407721313924576	True
guide	t_cell_interaction_or_cytokine_response	CD274	UBC_1	740	0.4388644422830022	True
guide	t_cell_interaction_or_cytokine_response	CD274	UBC_3	740	0.44075768009960725	True
guide	t_cell_interaction_or_cytokine_response	CD274	UCN2_1	740	0.4409479455843675	True
guide	t_cell_interaction_or_cytokine_response	CD274	UCN2_2	740	0.44144909154523854	True
guide	t_cell_interaction_or_cytokine_response	CD274	UCN2_3	740	0.4408615635736211	True
guide	t_cell_interaction_or_cytokine_response	CD274	UQCRFS1_1	740	0.43865095996710557	True
guide	t_cell_interaction_or_cytokine_response	CD274	UQCRFS1_2	740	0.43856893111219725	True
guide	t_cell_interaction_or_cytokine_response	CD274	UQCRFS1_3	740	0.44060377975341297	True
guide	t_cell_interaction_or_cytokine_response	CD274	UQCRH_1	740	0.44292587745333273	True
guide	t_cell_interaction_or_cytokine_response	CD274	UQCRH_2	740	0.43991675107692485	True
guide	t_cell_interaction_or_cytokine_response	CD274	UQCRH_3	740	0.4418240256001099	True
guide	t_cell_interaction_or_cytokine_response	CD274	VAT1_1	740	0.4427594210658095	True
guide	t_cell_interaction_or_cytokine_response	CD274	VAT1_2	740	0.44082792285911726	True
guide	t_cell_interaction_or_cytokine_response	CD274	VAT1_3	740	0.4409387062332009	True
guide	t_cell_interaction_or_cytokine_response	CD274	VDAC2_1	740	0.4400347600974337	True
guide	t_cell_interaction_or_cytokine_response	CD274	VDAC2_2	740	0.4416191903692793	True
guide	t_cell_interaction_or_cytokine_response	CD274	VDAC2_3	740	0.44015910636521705	True
guide	t_cell_interaction_or_cytokine_response	CD274	WBP2_1	740	0.44276196781004123	True
guide	t_cell_interaction_or_cytokine_response	CD274	WBP2_2	740	0.442349099111438	True
guide	t_cell_interaction_or_cytokine_response	CD274	WBP2_3	740	0.441349738906893	True
guide	t_cell_interaction_or_cytokine_response	CD274	WNT7A_1	740	0.43910448773350275	True
guide	t_cell_interaction_or_cytokine_response	CD274	WNT7A_2	740	0.44116077640755375	True
guide	t_cell_interaction_or_cytokine_response	CD274	WNT7A_3	740	0.4404235235657499	True
guide	t_cell_interaction_or_cytokine_response	CD274	XAGE1A_1	740	0.4419537911027121	True
guide	t_cell_interaction_or_cytokine_response	CD274	XAGE1A_2	740	0.4423569466372686	True
guide	t_cell_interaction_or_cytokine_response	CD274	XAGE1A_3	740	0.43982915492067265	True
target	immune_evasion_antigen_presentation	HLA_A	A2M	245	0.550464712074354	True
target	immune_evasion_antigen_presentation	HLA_A	ACSL3	245	0.5538731446197032	True
target	immune_evasion_antigen_presentation	HLA_A	ACTA2	245	0.5495083599213376	True
target	immune_evasion_antigen_presentation	HLA_A	AEBP1	245	0.5486939917910387	True
target	immune_evasion_antigen_presentation	HLA_A	AGA	245	0.5503023280483725	True
target	immune_evasion_antigen_presentation	HLA_A	AHCY	245	0.5477131596341056	True
target	immune_evasion_antigen_presentation	HLA_A	AHNAK	245	0.549290487886478	True
target	immune_evasion_antigen_presentation	HLA_A	APOC2	245	0.5479644876743182	True
target	immune_evasion_antigen_presentation	HLA_A	APOD	245	0.548139111702258	True
target	immune_evasion_antigen_presentation	HLA_A	APOE	245	0.5497164399546305	True
target	immune_evasion_antigen_presentation	HLA_A	ARMC6	245	0.5495581359293018	True
target	immune_evasion_antigen_presentation	HLA_A	ATP1A1	245	0.5463422794147648	True
target	immune_evasion_antigen_presentation	HLA_A	ATP1B1	245	0.5460460713673716	True
target	immune_evasion_antigen_presentation	HLA_A	ATP5MD	245	0.5520045043207208	True
target	immune_evasion_antigen_presentation	HLA_A	B2M	245	0.5448702151792345	True
target	immune_evasion_antigen_presentation	HLA_A	BOLA2	245	0.5496291279406605	True
target	immune_evasion_antigen_presentation	HLA_A	BOLA2B	245	0.5461423593827776	True
target	immune_evasion_antigen_presentation	HLA_A	BZW2	245	0.5480925996948159	True
target	immune_evasion_antigen_presentation	HLA_A	C19orf48	245	0.5497882479661197	True
target	immune_evasion_antigen_presentation	HLA_A	C1QBP	245	0.547004055520649	True
target	immune_evasion_antigen_presentation	HLA_A	C6orf226	245	0.549071799851488	True
target	immune_evasion_antigen_presentation	HLA_A	CCND1	245	0.550097512015602	True
target	immune_evasion_antigen_presentation	HLA_A	CCND2	245	0.55064831210373	True
target	immune_evasion_antigen_presentation	HLA_A	CCR10	245	0.549533655925385	True
target	immune_evasion_antigen_presentation	HLA_A	CCT3	245	0.5471705195472832	True
target	immune_evasion_antigen_presentation	HLA_A	CCT6A	245	0.5481374797019969	True
target	immune_evasion_antigen_presentation	HLA_A	CD151	245	0.552087736334038	True
target	immune_evasion_antigen_presentation	HLA_A	CD274	245	0.5483259757321562	True
target	immune_evasion_antigen_presentation	HLA_A	CD44	245	0.5465976874556301	True
target	immune_evasion_antigen_presentation	HLA_A	CD47	245	0.5490685358509658	True
target	immune_evasion_antigen_presentation	HLA_A	CD58	245	0.5453067752490841	True
target	immune_evasion_antigen_presentation	HLA_A	CD59	245	0.5486752237880359	True
target	immune_evasion_antigen_presentation	HLA_A	CD63	245	0.5506670801067329	True
target	immune_evasion_antigen_presentation	HLA_A	CDC123	245	0.5498469999755201	True
target	immune_evasion_antigen_presentation	HLA_A	CDH19	245	0.5484777517564403	True
target	immune_evasion_antigen_presentation	HLA_A	CDK4	245	0.549750711960114	True
target	immune_evasion_antigen_presentation	HLA_A	CDK6	245	0.5509428881508622	True
target	immune_evasion_antigen_presentation	HLA_A	CDKN1A	245	0.5484810157569626	True
target	immune_evasion_antigen_presentation	HLA_A	CDKN2A	245	0.5531722005075522	True
target	immune_evasion_antigen_presentation	HLA_A	CDKN2B	245	0.5477156076344973	True
target	immune_evasion_antigen_presentation	HLA_A	CGAS	245	0.548702967792475	True
target	immune_evasion_antigen_presentation	HLA_A	CHCHD2	245	0.5473410635745702	True
target	immune_evasion_antigen_presentation	HLA_A	CITED1	245	0.5479987596798016	True
target	immune_evasion_antigen_presentation	HLA_A	CKS1B	245	0.5477817036450727	True
target	immune_evasion_antigen_presentation	HLA_A	CMSS1	245	0.5470628075300493	True
target	immune_evasion_antigen_presentation	HLA_A	CORO1A	245	0.5464189834270374	True
target	immune_evasion_antigen_presentation	HLA_A	CSPG4	245	0.5488898318223733	True
target	immune_evasion_antigen_presentation	HLA_A	CST3	245	0.5486458477833357	True
target	immune_evasion_antigen_presentation	HLA_A	CTPS1	245	0.5612628418020548	True
target	immune_evasion_antigen_presentation	HLA_A	CTSA	245	0.5468979755036761	True
target	immune_evasion_antigen_presentation	HLA_A	CTSB	245	0.5516691282670607	True
target	immune_evasion_antigen_presentation	HLA_A	CTSD	245	0.549995511999282	True
target	immune_evasion_antigen_presentation	HLA_A	CTSL	245	0.5485242637638823	True
target	immune_evasion_antigen_presentation	HLA_A	CTSO	245	0.5496854319496692	True
target	immune_evasion_antigen_presentation	HLA_A	CXCR4	245	0.5520346963255515	True
target	immune_evasion_antigen_presentation	HLA_A	CYP27A1	245	0.5491411598625856	True
target	immune_evasion_antigen_presentation	HLA_A	DAG1	245	0.5501040400166465	True
target	immune_evasion_antigen_presentation	HLA_A	DDR1	245	0.5467535434805672	True
target	immune_evasion_antigen_presentation	HLA_A	DDX17	245	0.5495450799272129	True
target	immune_evasion_antigen_presentation	HLA_A	DDX39A	245	0.5493451598952257	True
target	immune_evasion_antigen_presentation	HLA_A	DLL3	245	0.5491966478714638	True
target	immune_evasion_antigen_presentation	HLA_A	DNAJC9	245	0.5445756391321024	True
target	immune_evasion_antigen_presentation	HLA_A	DNMT1	245	0.5541489526638326	True
target	immune_evasion_antigen_presentation	HLA_A	E2F1	245	0.5494153359064539	True
target	immune_evasion_antigen_presentation	HLA_A	EEA1	245	0.548281911725106	True
target	immune_evasion_antigen_presentation	HLA_A	EEF1G	245	0.558077993292479	True
target	immune_evasion_antigen_presentation	HLA_A	EIF2S3	245	0.5556528409044547	True
target	immune_evasion_antigen_presentation	HLA_A	EIF3K	245	0.5568490970958556	True
target	immune_evasion_antigen_presentation	HLA_A	EIF4A1	245	0.5462704714032756	True
target	immune_evasion_antigen_presentation	HLA_A	EMP1	245	0.5500558960089433	True
target	immune_evasion_antigen_presentation	HLA_A	ENPP1	245	0.5496389199422272	True
target	immune_evasion_antigen_presentation	HLA_A	EVA1A	245	0.5486050477768077	True
target	immune_evasion_antigen_presentation	HLA_A	FARSA	245	0.5568490970958556	True
target	immune_evasion_antigen_presentation	HLA_A	FBL	245	0.5482288717166195	True
target	immune_evasion_antigen_presentation	HLA_A	FBXO32	245	0.5466433834629415	True
target	immune_evasion_antigen_presentation	HLA_A	FGFR1	245	0.5492472398795584	True
target	immune_evasion_antigen_presentation	HLA_A	FKBP4	245	0.5492439758790363	True
target	immune_evasion_antigen_presentation	HLA_A	FMN1	245	0.5499979599996736	True
target	immune_evasion_antigen_presentation	HLA_A	FOS	245	0.5482974157275866	True
target	immune_evasion_antigen_presentation	HLA_A	FOXM1	245	0.5473875755820122	True
target	immune_evasion_antigen_presentation	HLA_A	FRZB	245	0.5510098001615681	True
target	immune_evasion_antigen_presentation	HLA_A	FSTL3	245	0.5486597197855553	True
target	immune_evasion_antigen_presentation	HLA_A	FTH1	245	0.5461309353809498	True
target	immune_evasion_antigen_presentation	HLA_A	GAA	245	0.5500387600062017	True
target	immune_evasion_antigen_presentation	HLA_A	GAS5	245	0.5483667757386842	True
target	immune_evasion_antigen_presentation	HLA_A	GPATCH4	245	0.5498877999820481	True
target	immune_evasion_antigen_presentation	HLA_A	GPI	245	0.5647316583570654	True
target	immune_evasion_antigen_presentation	HLA_A	GPNMB	245	0.550260712041714	True
target	immune_evasion_antigen_presentation	HLA_A	GRN	245	0.5490146798423488	True
target	immune_evasion_antigen_presentation	HLA_A	GSEC	245	0.5456707113073139	True
target	immune_evasion_antigen_presentation	HLA_A	GSN	245	0.5533476405356226	True
target	immune_evasion_antigen_presentation	HLA_A	HASPIN	245	0.5517066642730664	True
target	immune_evasion_antigen_presentation	HLA_A	HLA-A	245	0.5451305192208832	True
target	immune_evasion_antigen_presentation	HLA_A	HLA-B	245	0.5436796709887475	True
target	immune_evasion_antigen_presentation	HLA_A	HLA-C	245	0.5436633509861363	True
target	immune_evasion_antigen_presentation	HLA_A	HLA-DRB5	245	0.5492235758757723	True
target	immune_evasion_antigen_presentation	HLA_A	HLA-E	245	0.550926568148251	True
target	immune_evasion_antigen_presentation	HLA_A	HLA-F	245	0.5515622322499573	True
target	immune_evasion_antigen_presentation	HLA_A	HLA-H	245	0.5505046960807515	True
target	immune_evasion_antigen_presentation	HLA_A	HNRNPA1	245	0.5529249524679924	True
target	immune_evasion_antigen_presentation	HLA_A	HNRNPC	245	0.5457825033252007	True
target	immune_evasion_antigen_presentation	HLA_A	HSPA1A	245	0.5470668875307021	True
target	immune_evasion_antigen_presentation	HLA_A	IDH2	245	0.5497058319529332	True
target	immune_evasion_antigen_presentation	HLA_A	IDI2-AS1	245	0.5487804878048781	True
target	immune_evasion_antigen_presentation	HLA_A	IFNGR1	245	0.5436657989865279	True
target	immune_evasion_antigen_presentation	HLA_A	IFNGR2	245	0.5436657989865279	True
target	immune_evasion_antigen_presentation	HLA_A	ILF2	245	0.5441088870574221	True
target	immune_evasion_antigen_presentation	HLA_A	IRF3	245	0.5499049359847898	True
target	immune_evasion_antigen_presentation	HLA_A	IRF4	245	0.5507446001191361	True
target	immune_evasion_antigen_presentation	HLA_A	ISYNA1	245	0.5548939607830339	True
target	immune_evasion_antigen_presentation	HLA_A	ITGA3	245	0.5496854319496692	True
target	immune_evasion_antigen_presentation	HLA_A	JAK1	245	0.5436657989865279	True
target	immune_evasion_antigen_presentation	HLA_A	JAK2	245	0.5436657989865279	True
target	immune_evasion_antigen_presentation	HLA_A	JMJD7	245	0.5493280238924839	True
target	immune_evasion_antigen_presentation	HLA_A	JPT1	245	0.5465707594513216	True
target	immune_evasion_antigen_presentation	HLA_A	KCNN4	245	0.5537556406009025	True
target	immune_evasion_antigen_presentation	HLA_A	KDR	245	0.5467151914744307	True
target	immune_evasion_antigen_presentation	HLA_A	KLF4	245	0.5452447592391615	True
target	immune_evasion_antigen_presentation	HLA_A	LAMP2	245	0.5494757199161152	True
target	immune_evasion_antigen_presentation	HLA_A	LCP1	245	0.5487470317995251	True
target	immune_evasion_antigen_presentation	HLA_A	LEF1-AS1	245	0.5495703759312602	True
target	immune_evasion_antigen_presentation	HLA_A	LGALS3	245	0.5495475279276045	True
target	immune_evasion_antigen_presentation	HLA_A	LGALS3BP	245	0.5494104399056705	True
target	immune_evasion_antigen_presentation	HLA_A	LINC00518	245	0.5495328399252545	True
target	immune_evasion_antigen_presentation	HLA_A	LRPAP1	245	0.5486621677859469	True
target	immune_evasion_antigen_presentation	HLA_A	LRRC75A-AS1	245	0.5537850166056026	True
target	immune_evasion_antigen_presentation	HLA_A	LY96	245	0.5501750320280052	True
target	immune_evasion_antigen_presentation	HLA_A	MC1R	245	0.5459889513582323	True
target	immune_evasion_antigen_presentation	HLA_A	MDH2	245	0.5465601514496243	True
target	immune_evasion_antigen_presentation	HLA_A	MFGE8	245	0.549778455964553	True
target	immune_evasion_antigen_presentation	HLA_A	MIA	245	0.5498780079804814	True
target	immune_evasion_antigen_presentation	HLA_A	MRPL47	245	0.547467543594807	True
target	immune_evasion_antigen_presentation	HLA_A	MT2A	245	0.5471803115488499	True
target	immune_evasion_antigen_presentation	HLA_A	MYC	245	0.5438730630196902	True
target	immune_evasion_antigen_presentation	HLA_A	NACA	245	0.5439807750369241	True
target	immune_evasion_antigen_presentation	HLA_A	NCL	245	0.5516707602673218	True
target	immune_evasion_antigen_presentation	HLA_A	NDUFA13	245	0.5493059918889588	True
target	immune_evasion_antigen_presentation	HLA_A	NEAT1	245	0.5482190797150528	True
target	immune_evasion_antigen_presentation	HLA_A	NGFR	245	0.5491215758594523	True
target	immune_evasion_antigen_presentation	HLA_A	NME1	245	0.5498200719712116	True
target	immune_evasion_antigen_presentation	HLA_A	NMRK1	245	0.5512260401961665	True
target	immune_evasion_antigen_presentation	HLA_A	NOLC1	245	0.5468041354886617	True
target	immune_evasion_antigen_presentation	HLA_A	NONO	245	0.5496625839460135	True
target	immune_evasion_antigen_presentation	HLA_A	NPC1	245	0.5457531273205005	True
target	immune_evasion_antigen_presentation	HLA_A	NPC2	245	0.5490766958522714	True
target	immune_evasion_antigen_presentation	HLA_A	NSG1	245	0.546957543513207	True
target	immune_evasion_antigen_presentation	HLA_A	NT5E	245	0.5466025834564133	True
target	immune_evasion_antigen_presentation	HLA_A	NUP50-AS1	245	0.5452202792352449	True
target	immune_evasion_antigen_presentation	HLA_A	P2RX4	245	0.546590343454455	True
target	immune_evasion_antigen_presentation	HLA_A	PABPC1	245	0.5498013039682087	True
target	immune_evasion_antigen_presentation	HLA_A	PAICS	245	0.5445878791340608	True
target	immune_evasion_antigen_presentation	HLA_A	PET100	245	0.5489600078336013	True
target	immune_evasion_antigen_presentation	HLA_A	PFDN4	245	0.5455915592946495	True
target	immune_evasion_antigen_presentation	HLA_A	PFN1	245	0.5470628075300493	True
target	immune_evasion_antigen_presentation	HLA_A	PIK3IP1	245	0.5487005197920833	True
target	immune_evasion_antigen_presentation	HLA_A	POLD2	245	0.5452863752458201	True
target	immune_evasion_antigen_presentation	HLA_A	PPA1	245	0.5439824070371853	True
target	immune_evasion_antigen_presentation	HLA_A	PPIA	245	0.5502672400427584	True
target	immune_evasion_antigen_presentation	HLA_A	PRELID3B	245	0.5469036875045901	True
target	immune_evasion_antigen_presentation	HLA_A	PROS1	245	0.5522370643579304	True
target	immune_evasion_antigen_presentation	HLA_A	PSAP	245	0.5471501195440192	True
target	immune_evasion_antigen_presentation	HLA_A	PSMB8-AS1	245	0.5450317832050855	True
target	immune_evasion_antigen_presentation	HLA_A	PTMA	245	0.555006568801051	True
target	immune_evasion_antigen_presentation	HLA_A	PUF60	245	0.5445740071318412	True
target	immune_evasion_antigen_presentation	HLA_A	PYGB	245	0.5448587911774067	True
target	immune_evasion_antigen_presentation	HLA_A	RAB27A	245	0.5498845359815258	True
target	immune_evasion_antigen_presentation	HLA_A	RACK1	245	0.5588319774131165	True
target	immune_evasion_antigen_presentation	HLA_A	RB1	245	0.5493190478910478	True
target	immune_evasion_antigen_presentation	HLA_A	RBP7	245	0.5484614317538291	True
target	immune_evasion_antigen_presentation	HLA_A	RNASEH2A	245	0.5565920570547293	True
target	immune_evasion_antigen_presentation	HLA_A	RNF213	245	0.5513810802209729	True
target	immune_evasion_antigen_presentation	HLA_A	ROMO1	245	0.5507584721213556	True
target	immune_evasion_antigen_presentation	HLA_A	RPSA	245	0.5592636414821827	True
target	immune_evasion_antigen_presentation	HLA_A	RRS1	245	0.5606353377016541	True
target	immune_evasion_antigen_presentation	HLA_A	RTP4	245	0.5528874164619867	True
target	immune_evasion_antigen_presentation	HLA_A	RUVBL2	245	0.5465560714489716	True
target	immune_evasion_antigen_presentation	HLA_A	S100A6	245	0.5501326000212161	True
target	immune_evasion_antigen_presentation	HLA_A	S100B	245	0.5471966315514611	True
target	immune_evasion_antigen_presentation	HLA_A	SAE1	245	0.546596055455369	True
target	immune_evasion_antigen_presentation	HLA_A	SAT1	245	0.5530653044904488	True
target	immune_evasion_antigen_presentation	HLA_A	SCARB2	245	0.552361912377906	True
target	immune_evasion_antigen_presentation	HLA_A	SDC3	245	0.5455434152869465	True
target	immune_evasion_antigen_presentation	HLA_A	SDCBP	245	0.5494569519131124	True
target	immune_evasion_antigen_presentation	HLA_A	SEC11C	245	0.5515059282409486	True
target	immune_evasion_antigen_presentation	HLA_A	SERPINA3	245	0.5478151596504256	True
target	immune_evasion_antigen_presentation	HLA_A	SERPINE2	245	0.5490530318484852	True
target	immune_evasion_antigen_presentation	HLA_A	SERPINF1	245	0.5479701996752321	True
target	immune_evasion_antigen_presentation	HLA_A	SET	245	0.5449363111898099	True
target	immune_evasion_antigen_presentation	HLA_A	SGK1	245	0.549084855853577	True
target	immune_evasion_antigen_presentation	HLA_A	SHMT2	245	0.5491737998678081	True
target	immune_evasion_antigen_presentation	HLA_A	SINHCAF	245	0.5442247590759616	True
target	immune_evasion_antigen_presentation	HLA_A	SLC19A1	245	0.5474234795877568	True
target	immune_evasion_antigen_presentation	HLA_A	SLC22A18	245	0.5521815763490522	True
target	immune_evasion_antigen_presentation	HLA_A	SLC25A13	245	0.5463194314111092	True
target	immune_evasion_antigen_presentation	HLA_A	SLC26A2	245	0.547391655582665	True
target	immune_evasion_antigen_presentation	HLA_A	SLC5A3	245	0.5525504084080655	True
target	immune_evasion_antigen_presentation	HLA_A	SLC7A5P1	245	0.5494161519065844	True
target	immune_evasion_antigen_presentation	HLA_A	SLIRP	245	0.5533680405388866	True
target	immune_evasion_antigen_presentation	HLA_A	SMAD3	245	0.5476927596308416	True
target	immune_evasion_antigen_presentation	HLA_A	SMAD4	245	0.5484051277448205	True
target	immune_evasion_antigen_presentation	HLA_A	SNHG6	245	0.5506344401015104	True
target	immune_evasion_antigen_presentation	HLA_A	SNRPE	245	0.550212568034011	True
target	immune_evasion_antigen_presentation	HLA_A	SNRPF	245	0.5547756407641027	True
target	immune_evasion_antigen_presentation	HLA_A	SNRPG	245	0.5542574806811971	True
target	immune_evasion_antigen_presentation	HLA_A	SOX4	245	0.5452439432390309	True
target	immune_evasion_antigen_presentation	HLA_A	SP100	245	0.5457971913275508	True
target	immune_evasion_antigen_presentation	HLA_A	SPESP1	245	0.5496478959436634	True
target	immune_evasion_antigen_presentation	HLA_A	SPINT1	245	0.5504198320671733	True
target	immune_evasion_antigen_presentation	HLA_A	SSR2	245	0.5497833519653363	True
target	immune_evasion_antigen_presentation	HLA_A	ST3GAL6-AS1	245	0.5515393842463016	True
target	immune_evasion_antigen_presentation	HLA_A	ST6GALNAC2	245	0.5489885678381708	True
target	immune_evasion_antigen_presentation	HLA_A	STAT1	245	0.5436617189858751	True
target	immune_evasion_antigen_presentation	HLA_A	STAT3	245	0.543788199006112	True
target	immune_evasion_antigen_presentation	HLA_A	STOM	245	0.5489379758300762	True
target	immune_evasion_antigen_presentation	HLA_A	STX7	245	0.5499808239969319	True
target	immune_evasion_antigen_presentation	HLA_A	TAPBP	245	0.5455760552921689	True
target	immune_evasion_antigen_presentation	HLA_A	TAPBPL	245	0.5475442476070798	True
target	immune_evasion_antigen_presentation	HLA_A	TFAP2A	245	0.5491281038604967	True
target	immune_evasion_antigen_presentation	HLA_A	TGFB1	245	0.5501244400199105	True
target	immune_evasion_antigen_presentation	HLA_A	TIMM50	245	0.5516952402712385	True
target	immune_evasion_antigen_presentation	HLA_A	TIMP1	245	0.5469444875111181	True
target	immune_evasion_antigen_presentation	HLA_A	TIMP2	245	0.5495369199259073	True
target	immune_evasion_antigen_presentation	HLA_A	TIMP3	245	0.5456356233016998	True
target	immune_evasion_antigen_presentation	HLA_A	TM4SF1	245	0.5483741197398593	True
target	immune_evasion_antigen_presentation	HLA_A	TMED10	245	0.5437367909978866	True
target	immune_evasion_antigen_presentation	HLA_A	TMEM173	245	0.5516993202718913	True
target	immune_evasion_antigen_presentation	HLA_A	TOP1MT	245	0.5572244571559132	True
target	immune_evasion_antigen_presentation	HLA_A	TP53	245	0.5497001199520193	True
target	immune_evasion_antigen_presentation	HLA_A	TPP1	245	0.5497613199618112	True
target	immune_evasion_antigen_presentation	HLA_A	TPRKB	245	0.5536079445772712	True
target	immune_evasion_antigen_presentation	HLA_A	TRIM22	245	0.5519351443096231	True
target	immune_evasion_antigen_presentation	HLA_A	TSC22D3	245	0.5494659279145485	True
target	immune_evasion_antigen_presentation	HLA_A	TTLL1	245	0.5509657361545178	True
target	immune_evasion_antigen_presentation	HLA_A	TXNDC17	245	0.5466768394682944	True
target	immune_evasion_antigen_presentation	HLA_A	TYR	245	0.5462623114019699	True
target	immune_evasion_antigen_presentation	HLA_A	UBA52	245	0.5451133832181413	True
target	immune_evasion_antigen_presentation	HLA_A	UBC	245	0.5522998963679835	True
target	immune_evasion_antigen_presentation	HLA_A	UCN2	245	0.5499196239871399	True
target	immune_evasion_antigen_presentation	HLA_A	UQCRFS1	245	0.5457808713249395	True
target	immune_evasion_antigen_presentation	HLA_A	UQCRH	245	0.5474765195962432	True
target	immune_evasion_antigen_presentation	HLA_A	VAT1	245	0.5571110331377654	True
target	immune_evasion_antigen_presentation	HLA_A	VDAC2	245	0.5464671274347405	True
target	immune_evasion_antigen_presentation	HLA_A	WBP2	245	0.5450709512113523	True
target	immune_evasion_antigen_presentation	HLA_A	WNT7A	245	0.5476185036189607	True
target	immune_evasion_antigen_presentation	HLA_A	XAGE1A	245	0.5544361847097896	True
target	immune_evasion_antigen_presentation	HLA_A	control	245	0.5497319439571112	True
target	immune_evasion_antigen_presentation	CD274	A2M	245	0.49247076679532276	True
target	immune_evasion_antigen_presentation	CD274	ACSL3	245	0.4906837265093963	True
target	immune_evasion_antigen_presentation	CD274	ACTA2	245	0.4907139185142271	True
target	immune_evasion_antigen_presentation	CD274	AEBP1	245	0.4905800944928152	True
target	immune_evasion_antigen_presentation	CD274	AGA	245	0.4956050232968037	True
target	immune_evasion_antigen_presentation	CD274	AHCY	245	0.5021721923475508	True
target	immune_evasion_antigen_presentation	CD274	AHNAK	245	0.48996238239398127	True
target	immune_evasion_antigen_presentation	CD274	APOC2	245	0.490216974434716	True
target	immune_evasion_antigen_presentation	CD274	APOD	245	0.4893185582909693	True
target	immune_evasion_antigen_presentation	CD274	APOE	245	0.49009539041526257	True
target	immune_evasion_antigen_presentation	CD274	ARMC6	245	0.4902944944471192	True
target	immune_evasion_antigen_presentation	CD274	ATP1A1	245	0.4957021273123405	True
target	immune_evasion_antigen_presentation	CD274	ATP1B1	245	0.48917575826812143	True
target	immune_evasion_antigen_presentation	CD274	ATP5MD	245	0.49310969489755135	True
target	immune_evasion_antigen_presentation	CD274	B2M	245	0.5019347363095578	True
target	immune_evasion_antigen_presentation	CD274	BOLA2	245	0.4923010387681663	True
target	immune_evasion_antigen_presentation	CD274	BOLA2B	245	0.4878938220630116	True
target	immune_evasion_antigen_presentation	CD274	BZW2	245	0.4905784624925541	True
target	immune_evasion_antigen_presentation	CD274	C19orf48	245	0.4938718390194943	True
target	immune_evasion_antigen_presentation	CD274	C1QBP	245	0.49285836685733875	True
target	immune_evasion_antigen_presentation	CD274	C6orf226	245	0.4905817264930763	True
target	immune_evasion_antigen_presentation	CD274	CCND1	245	0.48917575826812143	True
target	immune_evasion_antigen_presentation	CD274	CCND2	245	0.49091220654595313	True
target	immune_evasion_antigen_presentation	CD274	CCR10	245	0.49082244653159146	True
target	immune_evasion_antigen_presentation	CD274	CCT3	245	0.48841443014630886	True
target	immune_evasion_antigen_presentation	CD274	CCT6A	245	0.48932590229214445	True
target	immune_evasion_antigen_presentation	CD274	CD151	245	0.4912687986030078	True
target	immune_evasion_antigen_presentation	CD274	CD274	245	0.49026348644215795	True
target	immune_evasion_antigen_presentation	CD274	CD44	245	0.4881247500999601	True
target	immune_evasion_antigen_presentation	CD274	CD47	245	0.49064455850312944	True
target	immune_evasion_antigen_presentation	CD274	CD58	245	0.4854670376747261	True
target	immune_evasion_antigen_presentation	CD274	CD59	245	0.48996564639450346	True
target	immune_evasion_antigen_presentation	CD274	CD63	245	0.4945156631225062	True
target	immune_evasion_antigen_presentation	CD274	CDC123	245	0.4916147826583652	True
target	immune_evasion_antigen_presentation	CD274	CDH19	245	0.48962537434006004	True
target	immune_evasion_antigen_presentation	CD274	CDK4	245	0.4918040946886552	True
target	immune_evasion_antigen_presentation	CD274	CDK6	245	0.4912883826061414	True
target	immune_evasion_antigen_presentation	CD274	CDKN1A	245	0.49379595100735224	True
target	immune_evasion_antigen_presentation	CD274	CDKN2A	245	0.49103134256501496	True
target	immune_evasion_antigen_presentation	CD274	CDKN2B	245	0.4893152942904471	True
target	immune_evasion_antigen_presentation	CD274	CGAS	245	0.4910501105680178	True
target	immune_evasion_antigen_presentation	CD274	CHCHD2	245	0.4883010061281611	True
target	immune_evasion_antigen_presentation	CD274	CITED1	245	0.48949644631943157	True
target	immune_evasion_antigen_presentation	CD274	CKS1B	245	0.4975805596128896	True
target	immune_evasion_antigen_presentation	CD274	CMSS1	245	0.494037487045998	True
target	immune_evasion_antigen_presentation	CD274	CORO1A	245	0.4882479661196747	True
target	immune_evasion_antigen_presentation	CD274	CSPG4	245	0.49087711854033905	True
target	immune_evasion_antigen_presentation	CD274	CST3	245	0.48974695835951343	True
target	immune_evasion_antigen_presentation	CD274	CTPS1	245	0.5014508482321358	True
target	immune_evasion_antigen_presentation	CD274	CTSA	245	0.48977878236460526	True
target	immune_evasion_antigen_presentation	CD274	CTSB	245	0.4912410545985687	True
target	immune_evasion_antigen_presentation	CD274	CTSD	245	0.4911268145802904	True
target	immune_evasion_antigen_presentation	CD274	CTSL	245	0.4905547984887678	True
target	immune_evasion_antigen_presentation	CD274	CTSO	245	0.4911814865890379	True
target	immune_evasion_antigen_presentation	CD274	CXCR4	245	0.487592718014835	True
target	immune_evasion_antigen_presentation	CD274	CYP27A1	245	0.49076124652179953	True
target	immune_evasion_antigen_presentation	CD274	DAG1	245	0.4908330545332888	True
target	immune_evasion_antigen_presentation	CD274	DDR1	245	0.48689830190372835	True
target	immune_evasion_antigen_presentation	CD274	DDX17	245	0.49064129450260724	True
target	immune_evasion_antigen_presentation	CD274	DDX39A	245	0.4908795665407307	True
target	immune_evasion_antigen_presentation	CD274	DLL3	245	0.4902430864388939	True
target	immune_evasion_antigen_presentation	CD274	DNAJC9	245	0.4968265754922521	True
target	immune_evasion_antigen_presentation	CD274	DNMT1	245	0.4956433753029401	True
target	immune_evasion_antigen_presentation	CD274	E2F1	245	0.4915005426400868	True
target	immune_evasion_antigen_presentation	CD274	EEA1	245	0.4872899819663972	True
target	immune_evasion_antigen_presentation	CD274	EEF1G	245	0.4923606067776972	True
target	immune_evasion_antigen_presentation	CD274	EIF2S3	245	0.5064676170348188	True
target	immune_evasion_antigen_presentation	CD274	EIF3K	245	0.48879387020701925	True
target	immune_evasion_antigen_presentation	CD274	EIF4A1	245	0.4851936776309885	True
target	immune_evasion_antigen_presentation	CD274	EMP1	245	0.4908918065426891	True
target	immune_evasion_antigen_presentation	CD274	ENPP1	245	0.49083550253368047	True
target	immune_evasion_antigen_presentation	CD274	EVA1A	245	0.4953651192584192	True
target	immune_evasion_antigen_presentation	CD274	FARSA	245	0.48847155015544813	True
target	immune_evasion_antigen_presentation	CD274	FBL	245	0.4895274543243928	True
target	immune_evasion_antigen_presentation	CD274	FBXO32	245	0.4932084309133491	True
target	immune_evasion_antigen_presentation	CD274	FGFR1	245	0.4915584786493566	True
target	immune_evasion_antigen_presentation	CD274	FKBP4	245	0.4910705105712818	True
target	immune_evasion_antigen_presentation	CD274	FMN1	245	0.49427575908412147	True
target	immune_evasion_antigen_presentation	CD274	FOS	245	0.488592318174771	True
target	immune_evasion_antigen_presentation	CD274	FOXM1	245	0.48749887799982056	True
target	immune_evasion_antigen_presentation	CD274	FRZB	245	0.49213457474153205	True
target	immune_evasion_antigen_presentation	CD274	FSTL3	245	0.4902512464401995	True
target	immune_evasion_antigen_presentation	CD274	FTH1	245	0.48805539008886245	True
target	immune_evasion_antigen_presentation	CD274	GAA	245	0.4906078384972543	True
target	immune_evasion_antigen_presentation	CD274	GAS5	245	0.48851071816171493	True
target	immune_evasion_antigen_presentation	CD274	GPATCH4	245	0.4920170707227314	True
target	immune_evasion_antigen_presentation	CD274	GPI	245	0.4848893095822896	True
target	immune_evasion_antigen_presentation	CD274	GPNMB	245	0.49028715044594406	True
target	immune_evasion_antigen_presentation	CD274	GRN	245	0.49055969448955117	True
target	immune_evasion_antigen_presentation	CD274	GSEC	245	0.49161641465862643	True
target	immune_evasion_antigen_presentation	CD274	GSN	245	0.48752254200360673	True
target	immune_evasion_antigen_presentation	CD274	HASPIN	245	0.499855567976891	True
target	immune_evasion_antigen_presentation	CD274	HLA-A	245	0.49069025451044074	True
target	immune_evasion_antigen_presentation	CD274	HLA-B	245	0.4968265754922521	True
target	immune_evasion_antigen_presentation	CD274	HLA-C	245	0.49250830280132846	True
target	immune_evasion_antigen_presentation	CD274	HLA-DRB5	245	0.49247239879558397	True
target	immune_evasion_antigen_presentation	CD274	HLA-E	245	0.4944055031048806	True
target	immune_evasion_antigen_presentation	CD274	HLA-F	245	0.491908542705367	True
target	immune_evasion_antigen_presentation	CD274	HLA-H	245	0.4907914385266302	True
target	immune_evasion_antigen_presentation	CD274	HNRNPA1	245	0.495940399350464	True
target	immune_evasion_antigen_presentation	CD274	HNRNPC	245	0.48783588605374184	True
target	immune_evasion_antigen_presentation	CD274	HSPA1A	245	0.49261519881843185	True
target	immune_evasion_antigen_presentation	CD274	IDH2	245	0.4913202066112331	True
target	immune_evasion_antigen_presentation	CD274	IDI2-AS1	245	0.48982366237178604	True
target	immune_evasion_antigen_presentation	CD274	IFNGR1	245	0.48441766150682586	True
target	immune_evasion_antigen_presentation	CD274	IFNGR2	245	0.48441847750695644	True
target	immune_evasion_antigen_presentation	CD274	ILF2	245	0.485901149744184	True
target	immune_evasion_antigen_presentation	CD274	IRF3	245	0.4918946707031474	True
target	immune_evasion_antigen_presentation	CD274	IRF4	245	0.4898407983745278	True
target	immune_evasion_antigen_presentation	CD274	ISYNA1	245	0.48800071808011497	True
target	immune_evasion_antigen_presentation	CD274	ITGA3	245	0.490040718406515	True
target	immune_evasion_antigen_presentation	CD274	JAK1	245	0.48442010950721753	True
target	immune_evasion_antigen_presentation	CD274	JAK2	245	0.48441847750695644	True
target	immune_evasion_antigen_presentation	CD274	JMJD7	245	0.49091220654595313	True
target	immune_evasion_antigen_presentation	CD274	JPT1	245	0.48823572611771626	True
target	immune_evasion_antigen_presentation	CD274	KCNN4	245	0.4865629258500682	True
target	immune_evasion_antigen_presentation	CD274	KDR	245	0.4886845261895243	True
target	immune_evasion_antigen_presentation	CD274	KLF4	245	0.4885303021648485	True
target	immune_evasion_antigen_presentation	CD274	LAMP2	245	0.491331630613061	True
target	immune_evasion_antigen_presentation	CD274	LCP1	245	0.4897306383569022	True
target	immune_evasion_antigen_presentation	CD274	LEF1-AS1	245	0.490775118524019	True
target	immune_evasion_antigen_presentation	CD274	LGALS3	245	0.49069351851096304	True
target	immune_evasion_antigen_presentation	CD274	LGALS3BP	245	0.4909497425519589	True
target	immune_evasion_antigen_presentation	CD274	LINC00518	245	0.4910027825604453	True
target	immune_evasion_antigen_presentation	CD274	LRPAP1	245	0.490597230495557	True
target	immune_evasion_antigen_presentation	CD274	LRRC75A-AS1	245	0.492331230772997	True
target	immune_evasion_antigen_presentation	CD274	LY96	245	0.4893152942904471	True
target	immune_evasion_antigen_presentation	CD274	MC1R	245	0.4881133260981323	True
target	immune_evasion_antigen_presentation	CD274	MDH2	245	0.4876261740201879	True
target	immune_evasion_antigen_presentation	CD274	MFGE8	245	0.4909317905490866	True
target	immune_evasion_antigen_presentation	CD274	MIA	245	0.48774612603938033	True
target	immune_evasion_antigen_presentation	CD274	MRPL47	245	0.4861361577817853	True
target	immune_evasion_antigen_presentation	CD274	MT2A	245	0.4893381422941029	True
target	immune_evasion_antigen_presentation	CD274	MYC	245	0.4843483014957283	True
target	immune_evasion_antigen_presentation	CD274	NACA	245	0.49738227158116344	True
target	immune_evasion_antigen_presentation	CD274	NCL	245	0.49084774253563884	True
target	immune_evasion_antigen_presentation	CD274	NDUFA13	245	0.4876751340280216	True
target	immune_evasion_antigen_presentation	CD274	NEAT1	245	0.48638340582134504	True
target	immune_evasion_antigen_presentation	CD274	NGFR	245	0.4901786224285797	True
target	immune_evasion_antigen_presentation	CD274	NME1	245	0.49087385453981686	True
target	immune_evasion_antigen_presentation	CD274	NMRK1	245	0.48984651037544175	True
target	immune_evasion_antigen_presentation	CD274	NOLC1	245	0.4878138540502167	True
target	immune_evasion_antigen_presentation	CD274	NONO	245	0.49401953504312573	True
target	immune_evasion_antigen_presentation	CD274	NPC1	245	0.48738300598128104	True
target	immune_evasion_antigen_presentation	CD274	NPC2	245	0.49515377522460413	True
target	immune_evasion_antigen_presentation	CD274	NSG1	245	0.4887106381937022	True
target	immune_evasion_antigen_presentation	CD274	NT5E	245	0.4895690703310514	True
target	immune_evasion_antigen_presentation	CD274	NUP50-AS1	245	0.4883850541416088	True
target	immune_evasion_antigen_presentation	CD274	P2RX4	245	0.4859566377530621	True
target	immune_evasion_antigen_presentation	CD274	PABPC1	245	0.5050991848158697	True
target	immune_evasion_antigen_presentation	CD274	PAICS	245	0.49042179046748663	True
target	immune_evasion_antigen_presentation	CD274	PET100	245	0.49259071881451516	True
target	immune_evasion_antigen_presentation	CD274	PFDN4	245	0.48956988633118187	True
target	immune_evasion_antigen_presentation	CD274	PFN1	245	0.5027760324441654	True
target	immune_evasion_antigen_presentation	CD274	PIK3IP1	245	0.4900725424116069	True
target	immune_evasion_antigen_presentation	CD274	POLD2	245	0.4915421586467454	True
target	immune_evasion_antigen_presentation	CD274	PPA1	245	0.48696031791365085	True
target	immune_evasion_antigen_presentation	CD274	PPIA	245	0.4909326065492171	True
target	immune_evasion_antigen_presentation	CD274	PRELID3B	245	0.48630996580959457	True
target	immune_evasion_antigen_presentation	CD274	PROS1	245	0.4879550220728036	True
target	immune_evasion_antigen_presentation	CD274	PSAP	245	0.4885686541709847	True
target	immune_evasion_antigen_presentation	CD274	PSMB8-AS1	245	0.48810843009734894	True
target	immune_evasion_antigen_presentation	CD274	PTMA	245	0.48479383756701405	True
target	immune_evasion_antigen_presentation	CD274	PUF60	245	0.48492194958751195	True
target	immune_evasion_antigen_presentation	CD274	PYGB	245	0.4869741899158705	True
target	immune_evasion_antigen_presentation	CD274	RAB27A	245	0.4917575826812132	True
target	immune_evasion_antigen_presentation	CD274	RACK1	245	0.48468857355017186	True
target	immune_evasion_antigen_presentation	CD274	RB1	245	0.4894499343119895	True
target	immune_evasion_antigen_presentation	CD274	RBP7	245	0.4889725742356119	True
target	immune_evasion_antigen_presentation	CD274	RNASEH2A	245	0.4894017903042865	True
target	immune_evasion_antigen_presentation	CD274	RNF213	245	0.4909081265453003	True
target	immune_evasion_antigen_presentation	CD274	ROMO1	245	0.5004936800789889	True
target	immune_evasion_antigen_presentation	CD274	RPSA	245	0.4909693265550924	True
target	immune_evasion_antigen_presentation	CD274	RRS1	245	0.4864935658389707	True
target	immune_evasion_antigen_presentation	CD274	RTP4	245	0.4900864144138264	True
target	immune_evasion_antigen_presentation	CD274	RUVBL2	245	0.4912263665962187	True
target	immune_evasion_antigen_presentation	CD274	S100A6	245	0.487878318060531	True
target	immune_evasion_antigen_presentation	CD274	S100B	245	0.48875796620127476	True
target	immune_evasion_antigen_presentation	CD274	SAE1	245	0.4865180458428875	True
target	immune_evasion_antigen_presentation	CD274	SAT1	245	0.48782201405152237	True
target	immune_evasion_antigen_presentation	CD274	SCARB2	245	0.49124839859974384	True
target	immune_evasion_antigen_presentation	CD274	SDC3	245	0.48700682992109284	True
target	immune_evasion_antigen_presentation	CD274	SDCBP	245	0.49214926274388215	True
target	immune_evasion_antigen_presentation	CD274	SEC11C	245	0.48783180605308907	True
target	immune_evasion_antigen_presentation	CD274	SERPINA3	245	0.49066659050665457	True
target	immune_evasion_antigen_presentation	CD274	SERPINE2	245	0.4917257586761215	True
target	immune_evasion_antigen_presentation	CD274	SERPINF1	245	0.4888762862202059	True
target	immune_evasion_antigen_presentation	CD274	SET	245	0.48660127785620455	True
target	immune_evasion_antigen_presentation	CD274	SGK1	245	0.48836710213873646	True
target	immune_evasion_antigen_presentation	CD274	SHMT2	245	0.48840545414487274	True
target	immune_evasion_antigen_presentation	CD274	SINHCAF	245	0.4910778545724568	True
target	immune_evasion_antigen_presentation	CD274	SLC19A1	245	0.4909293425486949	True
target	immune_evasion_antigen_presentation	CD274	SLC22A18	245	0.48933895829423346	True
target	immune_evasion_antigen_presentation	CD274	SLC25A13	245	0.4868387338941975	True
target	immune_evasion_antigen_presentation	CD274	SLC26A2	245	0.4887514382002302	True
target	immune_evasion_antigen_presentation	CD274	SLC5A3	245	0.4906249744999961	True
target	immune_evasion_antigen_presentation	CD274	SLC7A5P1	245	0.4906812785090046	True
target	immune_evasion_antigen_presentation	CD274	SLIRP	245	0.4887196141951383	True
target	immune_evasion_antigen_presentation	CD274	SMAD3	245	0.4878105900496945	True
target	immune_evasion_antigen_presentation	CD274	SMAD4	245	0.4893977103036337	True
target	immune_evasion_antigen_presentation	CD274	SNHG6	245	0.49012395041983214	True
target	immune_evasion_antigen_presentation	CD274	SNRPE	245	0.5056263209002115	True
target	immune_evasion_antigen_presentation	CD274	SNRPF	245	0.49603505536560893	True
target	immune_evasion_antigen_presentation	CD274	SNRPG	245	0.490352430456389	True
target	immune_evasion_antigen_presentation	CD274	SOX4	245	0.48845441415270635	True
target	immune_evasion_antigen_presentation	CD274	SP100	245	0.4894515663122507	True
target	immune_evasion_antigen_presentation	CD274	SPESP1	245	0.49069923051187697	True
target	immune_evasion_antigen_presentation	CD274	SPINT1	245	0.4915568466490955	True
target	immune_evasion_antigen_presentation	CD274	SSR2	245	0.4905817264930763	True
target	immune_evasion_antigen_presentation	CD274	ST3GAL6-AS1	245	0.4907139185142271	True
target	immune_evasion_antigen_presentation	CD274	ST6GALNAC2	245	0.492765342842455	True
target	immune_evasion_antigen_presentation	CD274	STAT1	245	0.4844152135064343	True
target	immune_evasion_antigen_presentation	CD274	STAT3	245	0.4845849415335908	True
target	immune_evasion_antigen_presentation	CD274	STOM	245	0.49077022252323577	True
target	immune_evasion_antigen_presentation	CD274	STX7	245	0.49135855861736955	True
target	immune_evasion_antigen_presentation	CD274	TAPBP	245	0.4925466548074649	True
target	immune_evasion_antigen_presentation	CD274	TAPBPL	245	0.48856131016980975	True
target	immune_evasion_antigen_presentation	CD274	TFAP2A	245	0.488633118181299	True
target	immune_evasion_antigen_presentation	CD274	TGFB1	245	0.49090078254412534	True
target	immune_evasion_antigen_presentation	CD274	TIMM50	245	0.48845441415270635	True
target	immune_evasion_antigen_presentation	CD274	TIMP1	245	0.48848950215832043	True
target	immune_evasion_antigen_presentation	CD274	TIMP2	245	0.492025230724037	True
target	immune_evasion_antigen_presentation	CD274	TIMP3	245	0.4870158059225291	True
target	immune_evasion_antigen_presentation	CD274	TM4SF1	245	0.48995095839215347	True
target	immune_evasion_antigen_presentation	CD274	TMED10	245	0.4862830378052861	True
target	immune_evasion_antigen_presentation	CD274	TMEM173	245	0.4914801426368229	True
target	immune_evasion_antigen_presentation	CD274	TOP1MT	245	0.49619825539172085	True
target	immune_evasion_antigen_presentation	CD274	TP53	245	0.49173391867742705	True
target	immune_evasion_antigen_presentation	CD274	TPP1	245	0.4912712466033995	True
target	immune_evasion_antigen_presentation	CD274	TPRKB	245	0.4968943035030887	True
target	immune_evasion_antigen_presentation	CD274	TRIM22	245	0.49130062260809976	True
target	immune_evasion_antigen_presentation	CD274	TSC22D3	245	0.49091710254673654	True
target	immune_evasion_antigen_presentation	CD274	TTLL1	245	0.49142057462729205	True
target	immune_evasion_antigen_presentation	CD274	TXNDC17	245	0.48851153416184556	True
target	immune_evasion_antigen_presentation	CD274	TYR	245	0.48611983777917417	True
target	immune_evasion_antigen_presentation	CD274	UBA52	245	0.4952582232413158	True
target	immune_evasion_antigen_presentation	CD274	UBC	245	0.48935772629723634	True
target	immune_evasion_antigen_presentation	CD274	UCN2	245	0.49462663914026234	True
target	immune_evasion_antigen_presentation	CD274	UQCRFS1	245	0.48861435017829613	True
target	immune_evasion_antigen_presentation	CD274	UQCRH	245	0.48636790181886436	True
target	immune_evasion_antigen_presentation	CD274	VAT1	245	0.4984202237472359	True
target	immune_evasion_antigen_presentation	CD274	VDAC2	245	0.49615092738414845	True
target	immune_evasion_antigen_presentation	CD274	WBP2	245	0.4861532937845271	True
target	immune_evasion_antigen_presentation	CD274	WNT7A	245	0.4919583187133311	True
target	immune_evasion_antigen_presentation	CD274	XAGE1A	245	0.49716358354617346	True
target	immune_evasion_antigen_presentation	CD274	control	245	0.49071636651461864	True
target	ifn_jak_stat_response	CD274	A2M	245	0.3940611510497842	True
target	ifn_jak_stat_response	CD274	ACSL3	245	0.3936033749765401	True
target	ifn_jak_stat_response	CD274	ACTA2	245	0.39275718284114935	True
target	ifn_jak_stat_response	CD274	AEBP1	245	0.39393303902928634	True
target	ifn_jak_stat_response	CD274	AGA	245	0.39191996670719476	True
target	ifn_jak_stat_response	CD274	AHCY	245	0.4085190413630467	True
target	ifn_jak_stat_response	CD274	AHNAK	245	0.39462092713934843	True
target	ifn_jak_stat_response	CD274	APOC2	245	0.39309255889480943	True
target	ifn_jak_stat_response	CD274	APOD	245	0.39167598266815723	True
target	ifn_jak_stat_response	CD274	APOE	245	0.39582615933218557	True
target	ifn_jak_stat_response	CD274	ARMC6	245	0.39552587128413946	True
target	ifn_jak_stat_response	CD274	ATP1A1	245	0.3977870076459213	True
target	ifn_jak_stat_response	CD274	ATP1B1	245	0.39102481456397037	True
target	ifn_jak_stat_response	CD274	ATP5MD	245	0.4007866241258599	True
target	ifn_jak_stat_response	CD274	B2M	245	0.388640462182474	True
target	ifn_jak_stat_response	CD274	BOLA2	245	0.39466254314600696	True
target	ifn_jak_stat_response	CD274	BOLA2B	245	0.39270740683318517	True
target	ifn_jak_stat_response	CD274	BZW2	245	0.3934418069506892	True
target	ifn_jak_stat_response	CD274	C19orf48	245	0.39457931113268985	True
target	ifn_jak_stat_response	CD274	C1QBP	245	0.39535777525724414	True
target	ifn_jak_stat_response	CD274	C6orf226	245	0.3957567993210879	True
target	ifn_jak_stat_response	CD274	CCND1	245	0.39359276697484274	True
target	ifn_jak_stat_response	CD274	CCND2	245	0.3939542550326809	True
target	ifn_jak_stat_response	CD274	CCR10	245	0.3934189589470335	True
target	ifn_jak_stat_response	CD274	CCT3	245	0.39646753543480573	True
target	ifn_jak_stat_response	CD274	CCT6A	245	0.3893438542950167	True
target	ifn_jak_stat_response	CD274	CD151	245	0.3951260312201651	True
target	ifn_jak_stat_response	CD274	CD274	245	0.3989489918318388	True
target	ifn_jak_stat_response	CD274	CD44	245	0.395335743253719	True
target	ifn_jak_stat_response	CD274	CD47	245	0.3966078874572621	True
target	ifn_jak_stat_response	CD274	CD58	245	0.4016034402565505	True
target	ifn_jak_stat_response	CD274	CD59	245	0.3944781271165004	True
target	ifn_jak_stat_response	CD274	CD63	245	0.39447159911545593	True
target	ifn_jak_stat_response	CD274	CDC123	245	0.3943239030918246	True
target	ifn_jak_stat_response	CD274	CDH19	245	0.39130878260940527	True
target	ifn_jak_stat_response	CD274	CDK4	245	0.3902553264408523	True
target	ifn_jak_stat_response	CD274	CDK6	245	0.3954467192714751	True
target	ifn_jak_stat_response	CD274	CDKN1A	245	0.39499139119862264	True
target	ifn_jak_stat_response	CD274	CDKN2A	245	0.39369721499155447	True
target	ifn_jak_stat_response	CD274	CDKN2B	245	0.39290487886478065	True
target	ifn_jak_stat_response	CD274	CGAS	245	0.39411745505879286	True
target	ifn_jak_stat_response	CD274	CHCHD2	245	0.39111131057780973	True
target	ifn_jak_stat_response	CD274	CITED1	245	0.38928918228626924	True
target	ifn_jak_stat_response	CD274	CKS1B	245	0.3908918065426891	True
target	ifn_jak_stat_response	CD274	CMSS1	245	0.394567887130862	True
target	ifn_jak_stat_response	CD274	CORO1A	245	0.38973961435833837	True
target	ifn_jak_stat_response	CD274	CSPG4	245	0.3938595990175359	True
target	ifn_jak_stat_response	CD274	CST3	245	0.3918856947017112	True
target	ifn_jak_stat_response	CD274	CTPS1	245	0.3943459350953497	True
target	ifn_jak_stat_response	CD274	CTSA	245	0.3920407347265176	True
target	ifn_jak_stat_response	CD274	CTSB	245	0.39263478282156533	True
target	ifn_jak_stat_response	CD274	CTSD	245	0.39359031897445107	True
target	ifn_jak_stat_response	CD274	CTSL	245	0.39363519898163185	True
target	ifn_jak_stat_response	CD274	CTSO	245	0.3956637753062041	True
target	ifn_jak_stat_response	CD274	CXCR4	245	0.39275718284114935	True
target	ifn_jak_stat_response	CD274	CYP27A1	245	0.3878089580494334	True
target	ifn_jak_stat_response	CD274	DAG1	245	0.3890590702494513	True
target	ifn_jak_stat_response	CD274	DDR1	245	0.38892035022725613	True
target	ifn_jak_stat_response	CD274	DDX17	245	0.3946429591428735	True
target	ifn_jak_stat_response	CD274	DDX39A	245	0.3975079356012698	True
target	ifn_jak_stat_response	CD274	DLL3	245	0.39150951864152306	True
target	ifn_jak_stat_response	CD274	DNAJC9	245	0.397919199667072	True
target	ifn_jak_stat_response	CD274	DNMT1	245	0.3992664158826266	True
target	ifn_jak_stat_response	CD274	E2F1	245	0.3881957421113188	True
target	ifn_jak_stat_response	CD274	EEA1	245	0.39086406253825007	True
target	ifn_jak_stat_response	CD274	EEF1G	245	0.39383511901361906	True
target	ifn_jak_stat_response	CD274	EIF2S3	245	0.402181168348987	True
target	ifn_jak_stat_response	CD274	EIF3K	245	0.38934630229540845	True
target	ifn_jak_stat_response	CD274	EIF4A1	245	0.3922610547617688	True
target	ifn_jak_stat_response	CD274	EMP1	245	0.39657606345217017	True
target	ifn_jak_stat_response	CD274	ENPP1	245	0.3950289272046284	True
target	ifn_jak_stat_response	CD274	EVA1A	245	0.39709422353507584	True
target	ifn_jak_stat_response	CD274	FARSA	245	0.3890925262548043	True
target	ifn_jak_stat_response	CD274	FBL	245	0.3907375825180132	True
target	ifn_jak_stat_response	CD274	FBXO32	245	0.39341732694677234	True
target	ifn_jak_stat_response	CD274	FGFR1	245	0.39311948689911796	True
target	ifn_jak_stat_response	CD274	FKBP4	245	0.39473108715697397	True
target	ifn_jak_stat_response	CD274	FMN1	245	0.39133081461293034	True
target	ifn_jak_stat_response	CD274	FOS	245	0.3901998384319742	True
target	ifn_jak_stat_response	CD274	FOXM1	245	0.38876531020244964	True
target	ifn_jak_stat_response	CD274	FRZB	245	0.38883630221380844	True
target	ifn_jak_stat_response	CD274	FSTL3	245	0.39288529486164725	True
target	ifn_jak_stat_response	CD274	FTH1	245	0.4036981125916981	True
target	ifn_jak_stat_response	CD274	GAA	245	0.3969302075088333	True
target	ifn_jak_stat_response	CD274	GAS5	245	0.3990828158532506	True
target	ifn_jak_stat_response	CD274	GPATCH4	245	0.39835004773600774	True
target	ifn_jak_stat_response	CD274	GPI	245	0.3860594537695127	True
target	ifn_jak_stat_response	CD274	GPNMB	245	0.3946600951456153	True
target	ifn_jak_stat_response	CD274	GRN	245	0.39375923100147703	True
target	ifn_jak_stat_response	CD274	GSEC	245	0.39377391900382713	True
target	ifn_jak_stat_response	CD274	GSN	245	0.3957967833274854	True
target	ifn_jak_stat_response	CD274	HASPIN	245	0.39711788753886207	True
target	ifn_jak_stat_response	CD274	HLA-A	245	0.39262825482052083	True
target	ifn_jak_stat_response	CD274	HLA-B	245	0.3932516789202687	True
target	ifn_jak_stat_response	CD274	HLA-C	245	0.3941835510693682	True
target	ifn_jak_stat_response	CD274	HLA-DRB5	245	0.39189711870353905	True
target	ifn_jak_stat_response	CD274	HLA-E	245	0.39682004749120764	True
target	ifn_jak_stat_response	CD274	HLA-F	245	0.397021599523456	True
target	ifn_jak_stat_response	CD274	HLA-H	245	0.3940048470407756	True
target	ifn_jak_stat_response	CD274	HNRNPA1	245	0.3995087679214029	True
target	ifn_jak_stat_response	CD274	HNRNPC	245	0.3884633901541425	True
target	ifn_jak_stat_response	CD274	HSPA1A	245	0.39592571134811383	True
target	ifn_jak_stat_response	CD274	IDH2	245	0.39271393483422967	True
target	ifn_jak_stat_response	CD274	IDI2-AS1	245	0.39069759851161584	True
target	ifn_jak_stat_response	CD274	IFNGR1	245	0.38606271777003487	True
target	ifn_jak_stat_response	CD274	IFNGR2	245	0.38606353377016545	True
target	ifn_jak_stat_response	CD274	ILF2	245	0.40609144097463057	True
target	ifn_jak_stat_response	CD274	IRF3	245	0.3938310390129663	True
target	ifn_jak_stat_response	CD274	IRF4	245	0.3971905115504819	True
target	ifn_jak_stat_response	CD274	ISYNA1	245	0.3931105108976818	True
target	ifn_jak_stat_response	CD274	ITGA3	245	0.3921370227419237	True
target	ifn_jak_stat_response	CD274	JAK1	245	0.3860676137708183	True
target	ifn_jak_stat_response	CD274	JAK2	245	0.38606353377016545	True
target	ifn_jak_stat_response	CD274	JMJD7	245	0.3935119829619173	True
target	ifn_jak_stat_response	CD274	JPT1	245	0.3905042064806731	True
target	ifn_jak_stat_response	CD274	KCNN4	245	0.38829447812711654	True
target	ifn_jak_stat_response	CD274	KDR	245	0.39433695909391353	True
target	ifn_jak_stat_response	CD274	KLF4	245	0.39084039853446384	True
target	ifn_jak_stat_response	CD274	LAMP2	245	0.39420884707341564	True
target	ifn_jak_stat_response	CD274	LCP1	245	0.39658340745334525	True
target	ifn_jak_stat_response	CD274	LEF1-AS1	245	0.3908330545332888	True
target	ifn_jak_stat_response	CD274	LGALS3	245	0.3939754710360754	True
target	ifn_jak_stat_response	CD274	LGALS3BP	245	0.3930240148838425	True
target	ifn_jak_stat_response	CD274	LINC00518	245	0.3930501268880203	True
target	ifn_jak_stat_response	CD274	LRPAP1	245	0.3933096149295384	True
target	ifn_jak_stat_response	CD274	LRRC75A-AS1	245	0.39338550294168056	True
target	ifn_jak_stat_response	CD274	LY96	245	0.3955389272862284	True
target	ifn_jak_stat_response	CD274	MC1R	245	0.3906755665080907	True
target	ifn_jak_stat_response	CD274	MDH2	245	0.3887449101991857	True
target	ifn_jak_stat_response	CD274	MFGE8	245	0.3920586867293899	True
target	ifn_jak_stat_response	CD274	MIA	245	0.3902161584345854	True
target	ifn_jak_stat_response	CD274	MRPL47	245	0.3873511819761892	True
target	ifn_jak_stat_response	CD274	MT2A	245	0.39551118328178936	True
target	ifn_jak_stat_response	CD274	MYC	245	0.38613778978204644	True
target	ifn_jak_stat_response	CD274	NACA	245	0.39908526385364235	True
target	ifn_jak_stat_response	CD274	NCL	245	0.3957657753225241	True
target	ifn_jak_stat_response	CD274	NDUFA13	245	0.3892336942773912	True
target	ifn_jak_stat_response	CD274	NEAT1	245	0.39451239912198394	True
target	ifn_jak_stat_response	CD274	NGFR	245	0.39612155137944827	True
target	ifn_jak_stat_response	CD274	NME1	245	0.3931464149034265	True
target	ifn_jak_stat_response	CD274	NMRK1	245	0.39155031864805107	True
target	ifn_jak_stat_response	CD274	NOLC1	245	0.3894801263168203	True
target	ifn_jak_stat_response	CD274	NONO	245	0.39326147092183544	True
target	ifn_jak_stat_response	CD274	NPC1	245	0.39676292748206843	True
target	ifn_jak_stat_response	CD274	NPC2	245	0.3902079984332798	True
target	ifn_jak_stat_response	CD274	NSG1	245	0.3999224799875969	True
target	ifn_jak_stat_response	CD274	NT5E	245	0.3932174069147852	True
target	ifn_jak_stat_response	CD274	NUP50-AS1	245	0.3915674546507928	True
target	ifn_jak_stat_response	CD274	P2RX4	245	0.38731038196966117	True
target	ifn_jak_stat_response	CD274	PABPC1	245	0.39364335898293745	True
target	ifn_jak_stat_response	CD274	PAICS	245	0.39349892695982835	True
target	ifn_jak_stat_response	CD274	PET100	245	0.3960685113709619	True
target	ifn_jak_stat_response	CD274	PFDN4	245	0.3914483186317311	True
target	ifn_jak_stat_response	CD274	PFN1	245	0.39786452765832453	True
target	ifn_jak_stat_response	CD274	PIK3IP1	245	0.39406686305069816	True
target	ifn_jak_stat_response	CD274	POLD2	245	0.39452219112355064	True
target	ifn_jak_stat_response	CD274	PPA1	245	0.40417465666794516	True
target	ifn_jak_stat_response	CD274	PPIA	245	0.3999053439848551	True
target	ifn_jak_stat_response	CD274	PRELID3B	245	0.3880162220825956	True
target	ifn_jak_stat_response	CD274	PROS1	245	0.38879468620714985	True
target	ifn_jak_stat_response	CD274	PSAP	245	0.3893797583007614	True
target	ifn_jak_stat_response	CD274	PSMB8-AS1	245	0.3907098385135742	True
target	ifn_jak_stat_response	CD274	PTMA	245	0.38856783817085416	True
target	ifn_jak_stat_response	CD274	PUF60	245	0.3871814539490327	True
target	ifn_jak_stat_response	CD274	PYGB	245	0.3890607022497124	True
target	ifn_jak_stat_response	CD274	RAB27A	245	0.3946560151449625	True
target	ifn_jak_stat_response	CD274	RACK1	245	0.38618838179014114	True
target	ifn_jak_stat_response	CD274	RB1	245	0.39645529543284735	True
target	ifn_jak_stat_response	CD274	RBP7	245	0.39442835110853625	True
target	ifn_jak_stat_response	CD274	RNASEH2A	245	0.3976768476282957	True
target	ifn_jak_stat_response	CD274	RNF213	245	0.3941500950640153	True
target	ifn_jak_stat_response	CD274	ROMO1	245	0.3958914393426304	True
target	ifn_jak_stat_response	CD274	RPSA	245	0.39414275106284025	True
target	ifn_jak_stat_response	CD274	RRS1	245	0.391114574578332	True
target	ifn_jak_stat_response	CD274	RTP4	245	0.39269271883083506	True
target	ifn_jak_stat_response	CD274	RUVBL2	245	0.3945988951358233	True
target	ifn_jak_stat_response	CD274	S100A6	245	0.39756995161119235	True
target	ifn_jak_stat_response	CD274	S100B	245	0.39058009449281517	True
target	ifn_jak_stat_response	CD274	SAE1	245	0.38725162996026086	True
target	ifn_jak_stat_response	CD274	SAT1	245	0.3894703343152535	True
target	ifn_jak_stat_response	CD274	SCARB2	245	0.39298729487796724	True
target	ifn_jak_stat_response	CD274	SDC3	245	0.3904772784763646	True
target	ifn_jak_stat_response	CD274	SDCBP	245	0.39661849545895933	True
target	ifn_jak_stat_response	CD274	SEC11C	245	0.3921557907449266	True
target	ifn_jak_stat_response	CD274	SERPINA3	245	0.3931586549053848	True
target	ifn_jak_stat_response	CD274	SERPINE2	245	0.3944985271197644	True
target	ifn_jak_stat_response	CD274	SERPINF1	245	0.39267721482835444	True
target	ifn_jak_stat_response	CD274	SET	245	0.3879460460713674	True
target	ifn_jak_stat_response	CD274	SGK1	245	0.3902186064349771	True
target	ifn_jak_stat_response	CD274	SHMT2	245	0.39276371084219386	True
target	ifn_jak_stat_response	CD274	SINHCAF	245	0.3940293270446924	True
target	ifn_jak_stat_response	CD274	SLC19A1	245	0.39539367926298874	True
target	ifn_jak_stat_response	CD274	SLC22A18	245	0.3908281585325054	True
target	ifn_jak_stat_response	CD274	SLC25A13	245	0.38981550237048046	True
target	ifn_jak_stat_response	CD274	SLC26A2	245	0.3927881908461106	True
target	ifn_jak_stat_response	CD274	SLC5A3	245	0.39293180686908913	True
target	ifn_jak_stat_response	CD274	SLC7A5P1	245	0.39421782307485176	True
target	ifn_jak_stat_response	CD274	SLIRP	245	0.3892108462737355	True
target	ifn_jak_stat_response	CD274	SMAD3	245	0.3941713110674098	True
target	ifn_jak_stat_response	CD274	SMAD4	245	0.3896571983451518	True
target	ifn_jak_stat_response	CD274	SNHG6	245	0.3970583195293312	True
target	ifn_jak_stat_response	CD274	SNRPE	245	0.38614921378387423	True
target	ifn_jak_stat_response	CD274	SNRPF	245	0.4081355213016835	True
target	ifn_jak_stat_response	CD274	SNRPG	245	0.39395833503333366	True
target	ifn_jak_stat_response	CD274	SOX4	245	0.39212886274061814	True
target	ifn_jak_stat_response	CD274	SP100	245	0.3927963508474162	True
target	ifn_jak_stat_response	CD274	SPESP1	245	0.39428555108568825	True
target	ifn_jak_stat_response	CD274	SPINT1	245	0.3963214714114355	True
target	ifn_jak_stat_response	CD274	SSR2	245	0.3912051505928241	True
target	ifn_jak_stat_response	CD274	ST3GAL6-AS1	245	0.39646508743441405	True
target	ifn_jak_stat_response	CD274	ST6GALNAC2	245	0.3918865107018417	True
target	ifn_jak_stat_response	CD274	STAT1	245	0.38606271777003487	True
target	ifn_jak_stat_response	CD274	STAT3	245	0.3868183338909335	True
target	ifn_jak_stat_response	CD274	STOM	245	0.3943859191017471	True
target	ifn_jak_stat_response	CD274	STX7	245	0.3973251515720243	True
target	ifn_jak_stat_response	CD274	TAPBP	245	0.3937119029939045	True
target	ifn_jak_stat_response	CD274	TAPBPL	245	0.39560339129654265	True
target	ifn_jak_stat_response	CD274	TFAP2A	245	0.3958408473345357	True
target	ifn_jak_stat_response	CD274	TGFB1	245	0.39184489469518324	True
target	ifn_jak_stat_response	CD274	TIMM50	245	0.3899901263984203	True
target	ifn_jak_stat_response	CD274	TIMP1	245	0.4030273604843777	True
target	ifn_jak_stat_response	CD274	TIMP2	245	0.38998278239724526	True
target	ifn_jak_stat_response	CD274	TIMP3	245	0.39157316665170677	True
target	ifn_jak_stat_response	CD274	TM4SF1	245	0.38951031832165095	True
target	ifn_jak_stat_response	CD274	TMED10	245	0.3874074859851978	True
target	ifn_jak_stat_response	CD274	TMEM173	245	0.39552831928453114	True
target	ifn_jak_stat_response	CD274	TOP1MT	245	0.3986821597891456	True
target	ifn_jak_stat_response	CD274	TP53	245	0.3962880154060825	True
target	ifn_jak_stat_response	CD274	TPP1	245	0.3955234232837478	True
target	ifn_jak_stat_response	CD274	TPRKB	245	0.3860594537695127	True
target	ifn_jak_stat_response	CD274	TRIM22	245	0.3932092469134795	True
target	ifn_jak_stat_response	CD274	TSC22D3	245	0.3947531191604991	True
target	ifn_jak_stat_response	CD274	TTLL1	245	0.3953316632530662	True
target	ifn_jak_stat_response	CD274	TXNDC17	245	0.38989465438314475	True
target	ifn_jak_stat_response	CD274	TYR	245	0.3953398232543718	True
target	ifn_jak_stat_response	CD274	UBA52	245	0.39943614390978305	True
target	ifn_jak_stat_response	CD274	UBC	245	0.39473027115684345	True
target	ifn_jak_stat_response	CD274	UCN2	245	0.3925613428098149	True
target	ifn_jak_stat_response	CD274	UQCRFS1	245	0.3939248790279807	True
target	ifn_jak_stat_response	CD274	UQCRH	245	0.38772327803572454	True
target	ifn_jak_stat_response	CD274	VAT1	245	0.3967547674807629	True
target	ifn_jak_stat_response	CD274	VDAC2	245	0.3946723351475737	True
target	ifn_jak_stat_response	CD274	WBP2	245	0.392351630776261	True
target	ifn_jak_stat_response	CD274	WNT7A	245	0.39524435123909624	True
target	ifn_jak_stat_response	CD274	XAGE1A	245	0.3999763359962138	True
target	ifn_jak_stat_response	CD274	control	245	0.394044831047173	True
target	t_cell_interaction_or_cytokine_response	CD274	A2M	245	0.45021664803466377	True
target	t_cell_interaction_or_cytokine_response	CD274	ACSL3	245	0.450587112093938	True
target	t_cell_interaction_or_cytokine_response	CD274	ACTA2	245	0.45320320851251344	True
target	t_cell_interaction_or_cytokine_response	CD274	AEBP1	245	0.4512464401994305	True
target	t_cell_interaction_or_cytokine_response	CD274	AGA	245	0.44826803972288637	True
target	t_cell_interaction_or_cytokine_response	CD274	AHCY	245	0.4481619597059136	True
target	t_cell_interaction_or_cytokine_response	CD274	AHNAK	245	0.4500085680013709	True
target	t_cell_interaction_or_cytokine_response	CD274	APOC2	245	0.4503439440550311	True
target	t_cell_interaction_or_cytokine_response	CD274	APOD	245	0.4498372079739534	True
target	t_cell_interaction_or_cytokine_response	CD274	APOE	245	0.450702168112347	True
target	t_cell_interaction_or_cytokine_response	CD274	ARMC6	245	0.4520934483349518	True
target	t_cell_interaction_or_cytokine_response	CD274	ATP1A1	245	0.4554553688728591	True
target	t_cell_interaction_or_cytokine_response	CD274	ATP1B1	245	0.44986821597891463	True
target	t_cell_interaction_or_cytokine_response	CD274	ATP5MD	245	0.455583480893357	True
target	t_cell_interaction_or_cytokine_response	CD274	B2M	245	0.4483822797411648	True
target	t_cell_interaction_or_cytokine_response	CD274	BOLA2	245	0.45286538445846164	True
target	t_cell_interaction_or_cytokine_response	CD274	BOLA2B	245	0.4539465846314536	True
target	t_cell_interaction_or_cytokine_response	CD274	BZW2	245	0.4513843442214952	True
target	t_cell_interaction_or_cytokine_response	CD274	C19orf48	245	0.4496438159430106	True
target	t_cell_interaction_or_cytokine_response	CD274	C1QBP	245	0.4512415441986472	True
target	t_cell_interaction_or_cytokine_response	CD274	C6orf226	245	0.458077993292479	True
target	t_cell_interaction_or_cytokine_response	CD274	CCND1	245	0.44869072779051655	True
target	t_cell_interaction_or_cytokine_response	CD274	CCND2	245	0.4513533362165339	True
target	t_cell_interaction_or_cytokine_response	CD274	CCR10	245	0.45086210413793676	True
target	t_cell_interaction_or_cytokine_response	CD274	CCT3	245	0.4581604093056656	True
target	t_cell_interaction_or_cytokine_response	CD274	CCT6A	245	0.4585496413679427	True
target	t_cell_interaction_or_cytokine_response	CD274	CD151	245	0.4539873846379816	True
target	t_cell_interaction_or_cytokine_response	CD274	CD274	245	0.448276199724192	True
target	t_cell_interaction_or_cytokine_response	CD274	CD44	245	0.4522370643579304	True
target	t_cell_interaction_or_cytokine_response	CD274	CD47	245	0.44912402385984396	True
target	t_cell_interaction_or_cytokine_response	CD274	CD58	245	0.4650409224065476	True
target	t_cell_interaction_or_cytokine_response	CD274	CD59	245	0.4525145044023208	True
target	t_cell_interaction_or_cytokine_response	CD274	CD63	245	0.4520779443324711	True
target	t_cell_interaction_or_cytokine_response	CD274	CDC123	245	0.4518967923034869	True
target	t_cell_interaction_or_cytokine_response	CD274	CDH19	245	0.45070053611208577	True
target	t_cell_interaction_or_cytokine_response	CD274	CDK4	245	0.4482141837142694	True
target	t_cell_interaction_or_cytokine_response	CD274	CDK6	245	0.4517898962863834	True
target	t_cell_interaction_or_cytokine_response	CD274	CDKN1A	245	0.45021012003361927	True
target	t_cell_interaction_or_cytokine_response	CD274	CDKN2A	245	0.4507878481260557	True
target	t_cell_interaction_or_cytokine_response	CD274	CDKN2B	245	0.44994247199079557	True
target	t_cell_interaction_or_cytokine_response	CD274	CGAS	245	0.45082538413206147	True
target	t_cell_interaction_or_cytokine_response	CD274	CHCHD2	245	0.4482713037234087	True
target	t_cell_interaction_or_cytokine_response	CD274	CITED1	245	0.451123224179716	True
target	t_cell_interaction_or_cytokine_response	CD274	CKS1B	245	0.452884968461595	True
target	t_cell_interaction_or_cytokine_response	CD274	CMSS1	245	0.45163975226236047	True
target	t_cell_interaction_or_cytokine_response	CD274	CORO1A	245	0.4521693363470939	True
target	t_cell_interaction_or_cytokine_response	CD274	CSPG4	245	0.4513100882096142	True
target	t_cell_interaction_or_cytokine_response	CD274	CST3	245	0.4492619278819085	True
target	t_cell_interaction_or_cytokine_response	CD274	CTPS1	245	0.44865890378542467	True
target	t_cell_interaction_or_cytokine_response	CD274	CTSA	245	0.44935087189613954	True
target	t_cell_interaction_or_cytokine_response	CD274	CTSB	245	0.45128560820569735	True
target	t_cell_interaction_or_cytokine_response	CD274	CTSD	245	0.4508123281299726	True
target	t_cell_interaction_or_cytokine_response	CD274	CTSL	245	0.45015544802487173	True
target	t_cell_interaction_or_cytokine_response	CD274	CTSO	245	0.4526010004161602	True
target	t_cell_interaction_or_cytokine_response	CD274	CXCR4	245	0.44891675982668167	True
target	t_cell_interaction_or_cytokine_response	CD274	CYP27A1	245	0.4471272715403635	True
target	t_cell_interaction_or_cytokine_response	CD274	DAG1	245	0.4455270952843353	True
target	t_cell_interaction_or_cytokine_response	CD274	DDR1	245	0.4470285355245658	True
target	t_cell_interaction_or_cytokine_response	CD274	DDX17	245	0.45075357612057226	True
target	t_cell_interaction_or_cytokine_response	CD274	DDX39A	245	0.45357775257244043	True
target	t_cell_interaction_or_cytokine_response	CD274	DLL3	245	0.44886045581767303	True
target	t_cell_interaction_or_cytokine_response	CD274	DNAJC9	245	0.4508922961427675	True
target	t_cell_interaction_or_cytokine_response	CD274	DNMT1	245	0.4455874792939968	True
target	t_cell_interaction_or_cytokine_response	CD274	E2F1	245	0.445835543333687	True
target	t_cell_interaction_or_cytokine_response	CD274	EEA1	245	0.4486050477768077	True
target	t_cell_interaction_or_cytokine_response	CD274	EEF1G	245	0.45032109605137544	True
target	t_cell_interaction_or_cytokine_response	CD274	EIF2S3	245	0.44601506336241026	True
target	t_cell_interaction_or_cytokine_response	CD274	EIF3K	245	0.4473475915756147	True
target	t_cell_interaction_or_cytokine_response	CD274	EIF4A1	245	0.44460664713706366	True
target	t_cell_interaction_or_cytokine_response	CD274	EMP1	245	0.45075684012109446	True
target	t_cell_interaction_or_cytokine_response	CD274	ENPP1	245	0.45308652049384335	True
target	t_cell_interaction_or_cytokine_response	CD274	EVA1A	245	0.4488653518184563	True
target	t_cell_interaction_or_cytokine_response	CD274	FARSA	245	0.4456184872989581	True
target	t_cell_interaction_or_cytokine_response	CD274	FBL	245	0.449064455850313	True
target	t_cell_interaction_or_cytokine_response	CD274	FBXO32	245	0.45070543211286923	True
target	t_cell_interaction_or_cytokine_response	CD274	FGFR1	245	0.4521823923491829	True
target	t_cell_interaction_or_cytokine_response	CD274	FKBP4	245	0.4520754963320795	True
target	t_cell_interaction_or_cytokine_response	CD274	FMN1	245	0.4493712718994035	True
target	t_cell_interaction_or_cytokine_response	CD274	FOS	245	0.44961688793870214	True
target	t_cell_interaction_or_cytokine_response	CD274	FOXM1	245	0.4467192714750835	True
target	t_cell_interaction_or_cytokine_response	CD274	FRZB	245	0.45208365633338515	True
target	t_cell_interaction_or_cytokine_response	CD274	FSTL3	245	0.45065076010412164	True
target	t_cell_interaction_or_cytokine_response	CD274	FTH1	245	0.4615345698455313	True
target	t_cell_interaction_or_cytokine_response	CD274	GAA	245	0.455058792809407	True
target	t_cell_interaction_or_cytokine_response	CD274	GAS5	245	0.4508637361381979	True
target	t_cell_interaction_or_cytokine_response	CD274	GPATCH4	245	0.45458632873381266	True
target	t_cell_interaction_or_cytokine_response	CD274	GPI	245	0.44395711103313784	True
target	t_cell_interaction_or_cytokine_response	CD274	GPNMB	245	0.45036189605790344	True
target	t_cell_interaction_or_cytokine_response	CD274	GRN	245	0.45090698414511754	True
target	t_cell_interaction_or_cytokine_response	CD274	GSEC	245	0.45141208822593415	True
target	t_cell_interaction_or_cytokine_response	CD274	GSN	245	0.44575149532023933	True
target	t_cell_interaction_or_cytokine_response	CD274	HASPIN	245	0.4470897355343577	True
target	t_cell_interaction_or_cytokine_response	CD274	HLA-A	245	0.45013504802160775	True
target	t_cell_interaction_or_cytokine_response	CD274	HLA-B	245	0.45083517613362833	True
target	t_cell_interaction_or_cytokine_response	CD274	HLA-C	245	0.4505618160898906	True
target	t_cell_interaction_or_cytokine_response	CD274	HLA-DRB5	245	0.45186170429787276	True
target	t_cell_interaction_or_cytokine_response	CD274	HLA-E	245	0.4511256721801077	True
target	t_cell_interaction_or_cytokine_response	CD274	HLA-F	245	0.4495173359227738	True
target	t_cell_interaction_or_cytokine_response	CD274	HLA-H	245	0.45061648809863813	True
target	t_cell_interaction_or_cytokine_response	CD274	HNRNPA1	245	0.4463569674171149	True
target	t_cell_interaction_or_cytokine_response	CD274	HNRNPC	245	0.4460330153652825	True
target	t_cell_interaction_or_cytokine_response	CD274	HSPA1A	245	0.45458061673289885	True
target	t_cell_interaction_or_cytokine_response	CD274	IDH2	245	0.449600567936091	True
target	t_cell_interaction_or_cytokine_response	CD274	IDI2-AS1	245	0.448921655827465	True
target	t_cell_interaction_or_cytokine_response	CD274	IFNGR1	245	0.44396200703392125	True
target	t_cell_interaction_or_cytokine_response	CD274	IFNGR2	245	0.4439611910337906	True
target	t_cell_interaction_or_cytokine_response	CD274	ILF2	245	0.45524320883891345	True
target	t_cell_interaction_or_cytokine_response	CD274	IRF3	245	0.45164301626288267	True
target	t_cell_interaction_or_cytokine_response	CD274	IRF4	245	0.45385192861630863	True
target	t_cell_interaction_or_cytokine_response	CD274	ISYNA1	245	0.4509934801589569	True
target	t_cell_interaction_or_cytokine_response	CD274	ITGA3	245	0.449309255889481	True
target	t_cell_interaction_or_cytokine_response	CD274	JAK1	245	0.44395711103313784	True
target	t_cell_interaction_or_cytokine_response	CD274	JAK2	245	0.4439611910337906	True
target	t_cell_interaction_or_cytokine_response	CD274	JMJD7	245	0.45105631216901	True
target	t_cell_interaction_or_cytokine_response	CD274	JPT1	245	0.4528792564606811	True
target	t_cell_interaction_or_cytokine_response	CD274	KCNN4	245	0.44602322336371586	True
target	t_cell_interaction_or_cytokine_response	CD274	KDR	245	0.45125052020008327	True
target	t_cell_interaction_or_cytokine_response	CD274	KLF4	245	0.4481170796987328	True
target	t_cell_interaction_or_cytokine_response	CD274	LAMP2	245	0.4470807595329216	True
target	t_cell_interaction_or_cytokine_response	CD274	LCP1	245	0.452734824437572	True
target	t_cell_interaction_or_cytokine_response	CD274	LEF1-AS1	245	0.44779231164676997	True
target	t_cell_interaction_or_cytokine_response	CD274	LGALS3	245	0.450756024120964	True
target	t_cell_interaction_or_cytokine_response	CD274	LGALS3BP	245	0.45111996017919365	True
target	t_cell_interaction_or_cytokine_response	CD274	LINC00518	245	0.45008364001338247	True
target	t_cell_interaction_or_cytokine_response	CD274	LRPAP1	245	0.4507625521220085	True
target	t_cell_interaction_or_cytokine_response	CD274	LRRC75A-AS1	245	0.4507380721180916	True
target	t_cell_interaction_or_cytokine_response	CD274	LY96	245	0.4531926005108161	True
target	t_cell_interaction_or_cytokine_response	CD274	MC1R	245	0.4546336567413851	True
target	t_cell_interaction_or_cytokine_response	CD274	MDH2	245	0.4456960073113612	True
target	t_cell_interaction_or_cytokine_response	CD274	MFGE8	245	0.44984291997486725	True
target	t_cell_interaction_or_cytokine_response	CD274	MIA	245	0.4491403438624551	True
target	t_cell_interaction_or_cytokine_response	CD274	MRPL47	245	0.44522599123615864	True
target	t_cell_interaction_or_cytokine_response	CD274	MT2A	245	0.44915747986519683	True
target	t_cell_interaction_or_cytokine_response	CD274	MYC	245	0.44465560714489716	True
target	t_cell_interaction_or_cytokine_response	CD274	NACA	245	0.4545063607210177	True
target	t_cell_interaction_or_cytokine_response	CD274	NCL	245	0.4502827440452391	True
target	t_cell_interaction_or_cytokine_response	CD274	NDUFA13	245	0.4519098483055758	True
target	t_cell_interaction_or_cytokine_response	CD274	NEAT1	245	0.4467209034753446	True
target	t_cell_interaction_or_cytokine_response	CD274	NGFR	245	0.4545251287240207	True
target	t_cell_interaction_or_cytokine_response	CD274	NME1	245	0.4528833364613339	True
target	t_cell_interaction_or_cytokine_response	CD274	NMRK1	245	0.44928803988608645	True
target	t_cell_interaction_or_cytokine_response	CD274	NOLC1	245	0.4613623938179831	True
target	t_cell_interaction_or_cytokine_response	CD274	NONO	245	0.44878538380566146	True
target	t_cell_interaction_or_cytokine_response	CD274	NPC1	245	0.4481276877004301	True
target	t_cell_interaction_or_cytokine_response	CD274	NPC2	245	0.4487813038050087	True
target	t_cell_interaction_or_cytokine_response	CD274	NSG1	245	0.4519212723074037	True
target	t_cell_interaction_or_cytokine_response	CD274	NT5E	245	0.4518706802993089	True
target	t_cell_interaction_or_cytokine_response	CD274	NUP50-AS1	245	0.4494626639140263	True
target	t_cell_interaction_or_cytokine_response	CD274	P2RX4	245	0.4457400713184115	True
target	t_cell_interaction_or_cytokine_response	CD274	PABPC1	245	0.46386588221854125	True
target	t_cell_interaction_or_cytokine_response	CD274	PAICS	245	0.45179397628703627	True
target	t_cell_interaction_or_cytokine_response	CD274	PET100	245	0.4489640878342542	True
target	t_cell_interaction_or_cytokine_response	CD274	PFDN4	245	0.448771511803442	True
target	t_cell_interaction_or_cytokine_response	CD274	PFN1	245	0.4454153032664486	True
target	t_cell_interaction_or_cytokine_response	CD274	PIK3IP1	245	0.45108813617410193	True
target	t_cell_interaction_or_cytokine_response	CD274	POLD2	245	0.4531216084994575	True
target	t_cell_interaction_or_cytokine_response	CD274	PPA1	245	0.4615345698455313	True
target	t_cell_interaction_or_cytokine_response	CD274	PPIA	245	0.4547895127663221	True
target	t_cell_interaction_or_cytokine_response	CD274	PRELID3B	245	0.4447780071644812	True
target	t_cell_interaction_or_cytokine_response	CD274	PROS1	245	0.4466841834694694	True
target	t_cell_interaction_or_cytokine_response	CD274	PSAP	245	0.4465446474471436	True
target	t_cell_interaction_or_cytokine_response	CD274	PSMB8-AS1	245	0.4526385364221659	True
target	t_cell_interaction_or_cytokine_response	CD274	PTMA	245	0.45593517694962843	True
target	t_cell_interaction_or_cytokine_response	CD274	PUF60	245	0.4444189671070348	True
target	t_cell_interaction_or_cytokine_response	CD274	PYGB	245	0.44732066357130623	True
target	t_cell_interaction_or_cytokine_response	CD274	RAB27A	245	0.4523986323837813	True
target	t_cell_interaction_or_cytokine_response	CD274	RACK1	245	0.46486385037821615	True
target	t_cell_interaction_or_cytokine_response	CD274	RB1	245	0.4490970958555354	True
target	t_cell_interaction_or_cytokine_response	CD274	RBP7	245	0.45157447225191566	True
target	t_cell_interaction_or_cytokine_response	CD274	RNASEH2A	245	0.4548898807823811	True
target	t_cell_interaction_or_cytokine_response	CD274	RNF213	245	0.4507951921272308	True
target	t_cell_interaction_or_cytokine_response	CD274	ROMO1	245	0.44779720764755326	True
target	t_cell_interaction_or_cytokine_response	CD274	RPSA	245	0.45154999224799885	True
target	t_cell_interaction_or_cytokine_response	CD274	RRS1	245	0.46402337024373935	True
target	t_cell_interaction_or_cytokine_response	CD274	RTP4	245	0.451388424222148	True
target	t_cell_interaction_or_cytokine_response	CD274	RUVBL2	245	0.4522460403593665	True
target	t_cell_interaction_or_cytokine_response	CD274	S100A6	245	0.4476658316265332	True
target	t_cell_interaction_or_cytokine_response	CD274	S100B	245	0.45009343201494917	True
target	t_cell_interaction_or_cytokine_response	CD274	SAE1	245	0.4456886633101862	True
target	t_cell_interaction_or_cytokine_response	CD274	SAT1	245	0.4511485201837632	True
target	t_cell_interaction_or_cytokine_response	CD274	SCARB2	245	0.4504655280744846	True
target	t_cell_interaction_or_cytokine_response	CD274	SDC3	245	0.4545512407281986	True
target	t_cell_interaction_or_cytokine_response	CD274	SDCBP	245	0.44867359178777483	True
target	t_cell_interaction_or_cytokine_response	CD274	SEC11C	245	0.44795224767235975	True
target	t_cell_interaction_or_cytokine_response	CD274	SERPINA3	245	0.4513451762152283	True
target	t_cell_interaction_or_cytokine_response	CD274	SERPINE2	245	0.4514928722388596	True
target	t_cell_interaction_or_cytokine_response	CD274	SERPINF1	245	0.45499759279961494	True
target	t_cell_interaction_or_cytokine_response	CD274	SET	245	0.44596528735444607	True
target	t_cell_interaction_or_cytokine_response	CD274	SGK1	245	0.4487649838023975	True
target	t_cell_interaction_or_cytokine_response	CD274	SHMT2	245	0.4478469836555174	True
target	t_cell_interaction_or_cytokine_response	CD274	SINHCAF	245	0.4515622322499573	True
target	t_cell_interaction_or_cytokine_response	CD274	SLC19A1	245	0.4528686484589838	True
target	t_cell_interaction_or_cytokine_response	CD274	SLC22A18	245	0.44933781589405064	True
target	t_cell_interaction_or_cytokine_response	CD274	SLC25A13	245	0.4486050477768077	True
target	t_cell_interaction_or_cytokine_response	CD274	SLC26A2	245	0.45020848803335817	True
target	t_cell_interaction_or_cytokine_response	CD274	SLC5A3	245	0.4502142000342721	True
target	t_cell_interaction_or_cytokine_response	CD274	SLC7A5P1	245	0.451920456307273	True
target	t_cell_interaction_or_cytokine_response	CD274	SLIRP	245	0.44577923932467833	True
target	t_cell_interaction_or_cytokine_response	CD274	SMAD3	245	0.44830883972941443	True
target	t_cell_interaction_or_cytokine_response	CD274	SMAD4	245	0.44758994361439103	True
target	t_cell_interaction_or_cytokine_response	CD274	SNHG6	245	0.4528286644525863	True
target	t_cell_interaction_or_cytokine_response	CD274	SNRPE	245	0.4441317350610777	True
target	t_cell_interaction_or_cytokine_response	CD274	SNRPF	245	0.4670180907228946	True
target	t_cell_interaction_or_cytokine_response	CD274	SNRPG	245	0.4520395923263349	True
target	t_cell_interaction_or_cytokine_response	CD274	SOX4	245	0.448051799688288	True
target	t_cell_interaction_or_cytokine_response	CD274	SP100	245	0.45478380076540825	True
target	t_cell_interaction_or_cytokine_response	CD274	SPESP1	245	0.45090535214485644	True
target	t_cell_interaction_or_cytokine_response	CD274	SPINT1	245	0.45902210544353694	True
target	t_cell_interaction_or_cytokine_response	CD274	SSR2	245	0.4564410970305756	True
target	t_cell_interaction_or_cytokine_response	CD274	ST3GAL6-AS1	245	0.451102824176452	True
target	t_cell_interaction_or_cytokine_response	CD274	ST6GALNAC2	245	0.45173032827685256	True
target	t_cell_interaction_or_cytokine_response	CD274	STAT1	245	0.44396200703392125	True
target	t_cell_interaction_or_cytokine_response	CD274	STAT3	245	0.44484165517466484	True
target	t_cell_interaction_or_cytokine_response	CD274	STOM	245	0.4514382002301121	True
target	t_cell_interaction_or_cytokine_response	CD274	STX7	245	0.45176215228194444	True
target	t_cell_interaction_or_cytokine_response	CD274	TAPBP	245	0.4518682322989172	True
target	t_cell_interaction_or_cytokine_response	CD274	TAPBPL	245	0.4511322001811521	True
target	t_cell_interaction_or_cytokine_response	CD274	TFAP2A	245	0.45666957706713235	True
target	t_cell_interaction_or_cytokine_response	CD274	TGFB1	245	0.44856261577001855	True
target	t_cell_interaction_or_cytokine_response	CD274	TIMM50	245	0.4480118156818906	True
target	t_cell_interaction_or_cytokine_response	CD274	TIMP1	245	0.44975479196076673	True
target	t_cell_interaction_or_cytokine_response	CD274	TIMP2	245	0.4482810957249754	True
target	t_cell_interaction_or_cytokine_response	CD274	TIMP3	245	0.4484500077520014	True
target	t_cell_interaction_or_cytokine_response	CD274	TM4SF1	245	0.44551322328211584	True
target	t_cell_interaction_or_cytokine_response	CD274	TMED10	245	0.4450562632090022	True
target	t_cell_interaction_or_cytokine_response	CD274	TMEM173	245	0.45202082432333196	True
target	t_cell_interaction_or_cytokine_response	CD274	TOP1MT	245	0.4572318011570882	True
target	t_cell_interaction_or_cytokine_response	CD274	TP53	245	0.4528082644493224	True
target	t_cell_interaction_or_cytokine_response	CD274	TPP1	245	0.4535720405715266	True
target	t_cell_interaction_or_cytokine_response	CD274	TPRKB	245	0.4442492390798783	True
target	t_cell_interaction_or_cytokine_response	CD274	TRIM22	245	0.45187557630009223	True
target	t_cell_interaction_or_cytokine_response	CD274	TSC22D3	245	0.4508441521350644	True
target	t_cell_interaction_or_cytokine_response	CD274	TTLL1	245	0.45226399236223885	True
target	t_cell_interaction_or_cytokine_response	CD274	TXNDC17	245	0.44782413565186174	True
target	t_cell_interaction_or_cytokine_response	CD274	TYR	245	0.4515230642436904	True
target	t_cell_interaction_or_cytokine_response	CD274	UBA52	245	0.4505724240915879	True
target	t_cell_interaction_or_cytokine_response	CD274	UBC	245	0.4486915437906471	True
target	t_cell_interaction_or_cytokine_response	CD274	UCN2	245	0.4499563439930151	True
target	t_cell_interaction_or_cytokine_response	CD274	UQCRFS1	245	0.4481170796987328	True
target	t_cell_interaction_or_cytokine_response	CD274	UQCRH	245	0.4464907914385267	True
target	t_cell_interaction_or_cytokine_response	CD274	VAT1	245	0.4555345208855235	True
target	t_cell_interaction_or_cytokine_response	CD274	VDAC2	245	0.4483969677435149	True
target	t_cell_interaction_or_cytokine_response	CD274	WBP2	245	0.4530930484948879	True
target	t_cell_interaction_or_cytokine_response	CD274	WNT7A	245	0.4508123281299726	True
target	t_cell_interaction_or_cytokine_response	CD274	XAGE1A	245	0.4540738806518209	True
target	t_cell_interaction_or_cytokine_response	CD274	control	245	0.4507968241274919	True
biological_block	immune_evasion_antigen_presentation	HLA_A	Co-culture	129775	0.19550828917270996	True
biological_block	immune_evasion_antigen_presentation	CD274	Co-culture	129775	0.573473549971009	True
biological_block	ifn_jak_stat_response	CD274	Co-culture	129775	0.502468239114294	True
biological_block	t_cell_interaction_or_cytokine_response	CD274	Co-culture	129775	0.5090568264413401	True
biological_block	immune_evasion_antigen_presentation	HLA_A	Control	142715	0.48516699092686666	True
biological_block	immune_evasion_antigen_presentation	CD274	Control	142715	0.2703149819356875	True
biological_block	ifn_jak_stat_response	CD274	Control	142715	0.30504633898166617	True
biological_block	t_cell_interaction_or_cytokine_response	CD274	Control	142715	0.2882668283077143	True
biological_block	immune_evasion_antigen_presentation	HLA_A	IFNγ	118116	0.5493393245273646	True
biological_block	immune_evasion_antigen_presentation	CD274	IFNγ	118116	0.4799436543664377	True
biological_block	ifn_jak_stat_response	CD274	IFNγ	118116	0.33134338153251636	True
biological_block	t_cell_interaction_or_cytokine_response	CD274	IFNγ	118116	0.21232826028876348	True
