event_id	gene_target	timepoint	cell_type_broad	mut_n	ctrl_n	event_effect	event_p	event_q	called
cdx4|KA neuron|18	cdx4	18	KA neuron	1	17.0	-0.000653517758322047			False
cdx4|anterior migratory muscle|18	cdx4	18	anterior migratory muscle	8	23.0	0.001641812607608836	0.38598421584984943	0.5617312996763578	False
cdx4|basal cell|18	cdx4	18	basal cell	1	14.0	4.0843591367600005e-05			False
cdx4|cardiomyocyte|18	cdx4	18	cardiomyocyte	8	23.0	0.0009924711313453686	0.3195199128481966	0.4987325034466896	False
cdx4|connective tissue-meninges-dermal FB|18	cdx4	18	connective tissue-meninges-dermal FB	8	23.0	-0.03664242379611964	4.56618834603002e-06	0.00012748874604777093	True
cdx4|contains head vasculature?|18	cdx4	18	contains head vasculature?	8	23.0	0.0038237770452018097	0.07002216396369469	0.17909826002261403	False
cdx4|cranial muscle (early)|18	cdx4	18	cranial muscle (early)	2	5.0	0.00025788602370364997	0.44831145373485803	0.6181220721146874	False
cdx4|cranial muscle (mid)|18	cdx4	18	cranial muscle (mid)	3	7.0	0.00020816702146780961	0.4599474571069702	0.6286200848366551	False
cdx4|cranial muscle (non-somitic, fast-twitch)|18	cdx4	18	cranial muscle (non-somitic, fast-twitch)	8	22.0	-0.001085763155401672	0.14268066241782484	0.2890588420019653	False
cdx4|cranial muscle (progenitor)|18	cdx4	18	cranial muscle (progenitor)	8	23.0	0.012224481795223254	0.0006587998511300167	0.006173131936903555	True
cdx4|cranial neural crest|18	cdx4	18	cranial neural crest	8	23.0	0.000228910706945128	0.8343248178088507	0.9035346177216123	False
cdx4|differentiating neuron (hindbrain)|18	cdx4	18	differentiating neuron (hindbrain)	8	23.0	-0.0016947532178346195	0.017232231815203124	0.06745580535255574	False
cdx4|differentiating neuron 1|18	cdx4	18	differentiating neuron 1	8	23.0	0.001485968569593878	0.1973504352244811	0.3572521288424807	False
cdx4|differentiating neuron 2|18	cdx4	18	differentiating neuron 2	8	23.0	0.0006599403652202424	0.1963255020452158	0.3561539505999072	False
cdx4|dorsal spinal cord neuron|18	cdx4	18	dorsal spinal cord neuron	3	8.0	0.0001538564766291042	0.12503184667223238	0.2647662909933028	False
cdx4|endothelium (dorsal aorta)|18	cdx4	18	endothelium (dorsal aorta)	8	23.0	-0.0023278601977550803	7.314862518465055e-05	0.0011383433591381801	True
cdx4|endothelium (f8+, clic2+)|18	cdx4	18	endothelium (f8+, clic2+)	7	18.0	-0.00035463023199089425	0.48845431472156375	0.6539953498538769	False
cdx4|endothelium (vein + early artery)|18	cdx4	18	endothelium (vein + early artery)	8	23.0	0.0034082759022281174	0.044807453928838	0.1309923147193702	False
cdx4|enveloping layer (EVL)|18	cdx4	18	enveloping layer (EVL)	2	8.0	-0.0009670959177135749	0.09120834167100461	0.21478032698320929	False
cdx4|eye, optic cup|18	cdx4	18	eye, optic cup	8	23.0	-0.00561959838341148	0.09510687071877257	0.22097383074344185	False
cdx4|fast-committed myocyte|18	cdx4	18	fast-committed myocyte	8	23.0	-0.02409453409608653	2.052664581893408e-08	1.2629589024705275e-06	True
cdx4|fin bud mesoderm (pectoral)|18	cdx4	18	fin bud mesoderm (pectoral)	1	5.0	7.949035482933994e-05			False
cdx4|fin fold|18	cdx4	18	fin fold	1	11.0	-0.00011982642906800906			False
cdx4|fin mesenchyme|18	cdx4	18	fin mesenchyme	8	23.0	0.03873934955968446	4.996840705141571e-06	0.0001380350793515117	True
cdx4|floor plate|18	cdx4	18	floor plate	8	23.0	0.00012232902443843827	0.8940103697216983	0.9408772421287116	False
cdx4|glia|18	cdx4	18	glia	1	13.0	0.0005250604417979463			False
cdx4|hair cell|18	cdx4	18	hair cell	2	11.0	0.0006525319886162273	0.03238032848299705	0.10562949571404782	False
cdx4|hatching gland|18	cdx4	18	hatching gland	8	23.0	-0.0004040071628490867	0.6197826098489263	0.7577654907904535	False
cdx4|head mesenchyme|18	cdx4	18	head mesenchyme	7	23.0	-0.0032879615274809615	0.0010918772499323606	0.009035522199004404	True
cdx4|head mesenchyme (maybe ventral, hand2+)|18	cdx4	18	head mesenchyme (maybe ventral, hand2+)	8	23.0	0.021225655729313998	9.438340473698612e-05	0.0013844982880293	True
cdx4|head mesenchyme/PA cartilage|18	cdx4	18	head mesenchyme/PA cartilage	8	23.0	0.00028508519184630016	0.7931840392286603	0.8776686301396623	False
cdx4|head/eye connective tissue|18	cdx4	18	head/eye connective tissue	8	23.0	0.020328642965117535	2.1665553934529597e-07	9.228692685573665e-06	True
cdx4|hypochord|18	cdx4	18	hypochord	6	22.0	-0.0007980008697611638	0.04176189283932047	0.1250074672547295	False
cdx4|hypophysis/locus coeruleus|18	cdx4	18	hypophysis/locus coeruleus	6	9.0	-0.00017573178938558342	0.3684152037698951	0.5441473725385537	False
cdx4|intestine|18	cdx4	18	intestine	8	23.0	0.0024742348521790015	0.039370200490956304	0.12061548283190623	False
cdx4|ionocyte/goblet cell|18	cdx4	18	ionocyte/goblet cell	8	23.0	0.0054865473507084254	0.000359039032826374	0.0039335310265219995	True
cdx4|lens|18	cdx4	18	lens	8	23.0	0.002197332955588145	0.23220203777163037	0.4007746859720737	False
cdx4|liver|18	cdx4	18	liver	2	1.0	0.0003888089452015501			False
cdx4|mature fast muscle|18	cdx4	18	mature fast muscle	8	23.0	-0.01474651660242771	0.0002641993523285158	0.003101775081666056	True
cdx4|mature slow muscle|18	cdx4	18	mature slow muscle	8	23.0	-0.018420001067076662	6.525392939347255e-06	0.00016741789993035718	True
cdx4|melanophore|18	cdx4	18	melanophore	2	10.0	-0.0009063984096280298	0.01876226097755929	0.07148808726828067	False
cdx4|mesodermal progenitor cells (contains PSM)|18	cdx4	18	mesodermal progenitor cells (contains PSM)	8	23.0	0.003097316636498825	0.3701838222378836	0.5455470168043328	False
cdx4|motor neuron|18	cdx4	18	motor neuron	8	22.0	-0.001128830642520466	0.11283371103555294	0.24794312494419618	False
cdx4|myeloid cell|18	cdx4	18	myeloid cell	8	23.0	0.0041745802630759055	0.004329477923717485	0.025114847903424834	True
cdx4|myoblast|18	cdx4	18	myoblast	8	23.0	0.001438611353972316	0.49888816715695605	0.6628897961923561	False
cdx4|neural crest + pigment cell progenitor|18	cdx4	18	neural crest + pigment cell progenitor	8	23.0	-0.0006415187053432844	0.4979924698168554	0.6619992761680714	False
cdx4|neural progenitor (MHB)|18	cdx4	18	neural progenitor (MHB)	8	23.0	0.011655121259024605	0.005116830231167251	0.028500701497155397	True
cdx4|neural progenitor (hindbrain R7/8)|18	cdx4	18	neural progenitor (hindbrain R7/8)	8	23.0	-0.007329471063306003	0.02820642589875244	0.09557466253778114	False
cdx4|neural progenitor (hindbrain)|18	cdx4	18	neural progenitor (hindbrain)	8	23.0	0.024300821512767634	0.002660680131157457	0.017487853087577946	True
cdx4|neural progenitor (telencephalon/diencephalon)|18	cdx4	18	neural progenitor (telencephalon/diencephalon)	8	23.0	0.003763533636173738	0.2358047381717347	0.40541332086705745	False
cdx4|neural tube-like connective tissue (+ taste bud)|18	cdx4	18	neural tube-like connective tissue (+ taste bud)	8	23.0	0.0046873302181893745	0.036450617220372065	0.11419818549239621	False
cdx4|neuromast support cell|18	cdx4	18	neuromast support cell	8	23.0	-0.0007221240293852852	0.2827031461128079	0.45829773259809914	False
cdx4|neuron (+ spinal cord)|18	cdx4	18	neuron (+ spinal cord)	1	22.0	-0.0006128046157204911			False
cdx4|neuron (cranial ganglia sensory, Rohon-Beard)|18	cdx4	18	neuron (cranial ganglia sensory, Rohon-Beard)	8	23.0	-0.002859303647122731	0.023070465236055448	0.08304617632372072	False
cdx4|neuron (telencephalon, glutamatergic)|18	cdx4	18	neuron (telencephalon, glutamatergic)	2	15.0	-0.0005868492891103266	0.005286941648652022	0.029203430802404555	True
cdx4|neurons (differentiating, contains peripheral)|18	cdx4	18	neurons (differentiating, contains peripheral)	8	23.0	-0.0025551626364596555	0.0372328800927488	0.11588406942216195	False
cdx4|neurons (gabaergic, glutamatergic)|18	cdx4	18	neurons (gabaergic, glutamatergic)	8	23.0	-0.0021097465931006814	0.000640648786667949	0.006099013162476392	True
cdx4|neurons (gabaergic, glutamatergic; contains Purkinje)|18	cdx4	18	neurons (gabaergic, glutamatergic; contains Purkinje)	4	21.0	-0.001164197613977356	0.033172683795138054	0.10737091272220768	False
cdx4|notochord|18	cdx4	18	notochord	8	23.0	0.00905153611216929	1.049301163378258e-05	0.00024465285019819384	True
cdx4|olfactory vesicle/bulb|18	cdx4	18	olfactory vesicle/bulb	8	23.0	0.000989237969514225	0.16242332594939884	0.3153129446584224	False
cdx4|osteoblast|18	cdx4	18	osteoblast	1					False
cdx4|pancreas|18	cdx4	18	pancreas	6	15.0	0.0008548728984841067	0.05358239474712053	0.1492893136665056	False
cdx4|pectoral fin bud (osteoblast+)|18	cdx4	18	pectoral fin bud (osteoblast+)	7	23.0	-0.008178288161836331	7.776690527825161e-10	7.95017054729203e-08	True
cdx4|periderm|18	cdx4	18	periderm	8	23.0	-0.011942776784259944	0.5170812264126352	0.6785159457962009	False
cdx4|pharyngeal arch (NC-derived)|18	cdx4	18	pharyngeal arch (NC-derived)	8	23.0	0.00312910636750445	0.1653007138271157	0.31921628694599935	False
cdx4|pharyngeal arch (contains muscle, early cartilage)|18	cdx4	18	pharyngeal arch (contains muscle, early cartilage)	2	20.0	-0.0004951714280435251	0.26831814894234574	0.4422838213042495	False
cdx4|pharyngeal arch (early)|18	cdx4	18	pharyngeal arch (early)	8	23.0	0.00034152849637616393	0.7528644884515301	0.8499887958598044	False
cdx4|pharynx|18	cdx4	18	pharynx	7	23.0	0.0006336006833021746	0.12627841655064653	0.2664287513191561	False
cdx4|posterior lateral line primordium|18	cdx4	18	posterior lateral line primordium	8	23.0	0.0031912589664787982	0.007976901077916489	0.03888958742681957	True
cdx4|posterior spinal cord progenitors|18	cdx4	18	posterior spinal cord progenitors	8	23.0	-0.005731400118012297	2.995919295680358e-07	1.2138953487680476e-05	True
cdx4|primordial germ cell|18	cdx4	18	primordial germ cell	7	21.0	-0.0004424966772466523	0.41497152612096166	0.5893158798021677	False
cdx4|pronephric duct|18	cdx4	18	pronephric duct	2	16.0	-0.0005165890994465125	0.0048954865212396306	0.027521580316106044	True
cdx4|pronephric podocyte|18	cdx4	18	pronephric podocyte	3	7.0	-0.00022630923801596192	0.26095100832716006	0.43350486258349463	False
cdx4|pronephros distal tubule|18	cdx4	18	pronephros distal tubule	3	22.0	-0.0028716788631372725	0.017945563163873756	0.06929010297730454	False
cdx4|pronephros proximal tubule|18	cdx4	18	pronephros proximal tubule	8	23.0	0.0007364763652075133	0.5548012951096557	0.7093812980572758	False
cdx4|red blood cell|18	cdx4	18	red blood cell	6	21.0	-0.007320235849162483	6.165115074935695e-08	3.1757511374378057e-06	True
cdx4|retinal neuron|18	cdx4	18	retinal neuron	8	23.0	-0.004907212866675654	0.0007454604242120637	0.006785732217656388	True
cdx4|retinal pigmented epithelium (early)|18	cdx4	18	retinal pigmented epithelium (early)	7	23.0	-0.0013105275552474974	0.01926847016138598	0.07274942285364196	False
cdx4|roof plate, flexural + subcommissural organ|18	cdx4	18	roof plate, flexural + subcommissural organ	8	19.0	0.0004224172577664072	0.36299484942946025	0.5401031738600007	False
cdx4|satellite cells|18	cdx4	18	satellite cells	7	22.0	-0.002116409869527411	7.537350409096028e-05	0.001163936196844164	True
cdx4|slow-committed myocyte|18	cdx4	18	slow-committed myocyte	8	23.0	-0.003302353665762205	0.020002284826109294	0.07479751416403842	False
cdx4|support cells/otic vesicle|18	cdx4	18	support cells/otic vesicle	8	23.0	0.000268658918928754	0.8647041111579433	0.9234906490910533	False
cdx4|thyroid follicle cell|18	cdx4	18	thyroid follicle cell	3	12.0	-0.0024403144698555168	0.004602066140746439	0.026182131425736378	True
cdx4|unknown|18	cdx4	18	unknown	1					False
cdx4|xanthophore|18	cdx4	18	xanthophore	3	19.0	-0.002713522014439182	0.001070701388360516	0.008904644212334955	True
cdx4|KA neuron|24	cdx4	24	KA neuron	2	31.0	0.0002557432802022953	0.5857906290670398	0.7330656742279623	False
cdx4|adrenal gland|24	cdx4	24	adrenal gland	1					False
cdx4|anterior migratory muscle|24	cdx4	24	anterior migratory muscle	8	32.0	0.0021056307035009457	0.35251082149242596	0.5299625359314866	False
cdx4|basal cell|24	cdx4	24	basal cell	6	23.0	-0.00033260874047049706	0.44418308652851024	0.6152562307165128	False
cdx4|cardiomyocyte|24	cdx4	24	cardiomyocyte	8	32.0	8.713482206143715e-05	0.9182023558161427	0.9546709110237946	False
cdx4|connective tissue-meninges-dermal FB|24	cdx4	24	connective tissue-meninges-dermal FB	8	32.0	-0.03556000309415039	2.987531615593916e-14	7.635441379085219e-12	True
cdx4|contains head vasculature?|24	cdx4	24	contains head vasculature?	8	32.0	0.00760364288781612	0.0014360599188397967	0.010981148631404428	True
cdx4|cranial muscle (early)|24	cdx4	24	cranial muscle (early)	6	22.0	0.00036180338238456504	0.17976763326140743	0.33743437542331256	False
cdx4|cranial muscle (mid)|24	cdx4	24	cranial muscle (mid)	1	5.0	0.0007631521424839799			False
cdx4|cranial muscle (non-somitic, fast-twitch)|24	cdx4	24	cranial muscle (non-somitic, fast-twitch)	8	32.0	-0.0007862305037682218	0.20020142247232434	0.3603300250077452	False
cdx4|cranial muscle (progenitor)|24	cdx4	24	cranial muscle (progenitor)	8	32.0	0.0023303363577388495	0.1368400383365372	0.28076814431021235	False
cdx4|cranial neural crest|24	cdx4	24	cranial neural crest	8	32.0	0.0027133307749726493	0.07251694773394342	0.18315283834741694	False
cdx4|differentiating neuron (hindbrain)|24	cdx4	24	differentiating neuron (hindbrain)	7	32.0	-0.0014487125354323664	0.1286392560212019	0.2698257122035627	False
cdx4|differentiating neuron 1|24	cdx4	24	differentiating neuron 1	8	32.0	3.9220893049512345e-05	0.9841249742097704	0.9917407134936433	False
cdx4|differentiating neuron 2|24	cdx4	24	differentiating neuron 2	8	32.0	0.0002079000380972155	0.7778129348469842	0.8672616961892345	False
cdx4|endothelium (dorsal aorta)|24	cdx4	24	endothelium (dorsal aorta)	8	32.0	-0.00045387801029190926	0.6035308897484772	0.7451821389376635	False
cdx4|endothelium (f8+, clic2+)|24	cdx4	24	endothelium (f8+, clic2+)	8	31.0	0.0004427861800211431	0.11672199927604654	0.25388467600305376	False
cdx4|endothelium (vein + early artery)|24	cdx4	24	endothelium (vein + early artery)	8	32.0	-0.0019160404954972673	0.2581239842231887	0.4310106213289509	False
cdx4|eye, optic cup|24	cdx4	24	eye, optic cup	8	32.0	-0.006130184407426194	0.20073964613541703	0.36095019200679074	False
cdx4|fast-committed myocyte|24	cdx4	24	fast-committed myocyte	8	32.0	-0.014629356046720016	2.8455901055643267e-06	8.59497556885225e-05	True
cdx4|fin fold|24	cdx4	24	fin fold	1	11.0	-9.590770064804555e-05			False
cdx4|fin mesenchyme|24	cdx4	24	fin mesenchyme	8	32.0	0.049362053583605535	1.840973762725903e-05	0.0003859075915871806	True
cdx4|floor plate|24	cdx4	24	floor plate	8	32.0	0.001957428194714419	0.17420524027181888	0.3307410918874962	False
cdx4|glia|24	cdx4	24	glia	6	28.0	-0.00017330644616414992	0.5805231902166614	0.7285319355976799	False
cdx4|hair cell|24	cdx4	24	hair cell	3	23.0	0.00016681841055517254	0.5997272943701601	0.7428330030991643	False
cdx4|hatching gland|24	cdx4	24	hatching gland	8	32.0	0.005578610405364534	0.07365641512580032	0.18525619928498982	False
cdx4|head mesenchyme|24	cdx4	24	head mesenchyme	8	32.0	0.0011357857873845745	0.5741821041636856	0.7234244621762752	False
cdx4|head mesenchyme (maybe ventral, hand2+)|24	cdx4	24	head mesenchyme (maybe ventral, hand2+)	8	32.0	-0.0003824546862321865	0.8334731567016411	0.9029066068279109	False
cdx4|head mesenchyme/PA cartilage|24	cdx4	24	head mesenchyme/PA cartilage	8	32.0	0.002763611932474222	0.09778865398924216	0.22469073504789563	False
cdx4|head/eye connective tissue|24	cdx4	24	head/eye connective tissue	8	32.0	0.017668090611482674	0.009875415699265115	0.04538183770512911	True
cdx4|hypochord|24	cdx4	24	hypochord	7	32.0	-1.8748343673188504e-05	0.961194171669464	0.9800446296289237	False
cdx4|hypophysis/locus coeruleus|24	cdx4	24	hypophysis/locus coeruleus	5	22.0	-6.558419065986175e-05	0.6657542530292676	0.7902509424284654	False
cdx4|intestine|24	cdx4	24	intestine	8	32.0	0.002871646887929699	0.14604952629133255	0.29364571927561417	False
cdx4|ionocyte/goblet cell|24	cdx4	24	ionocyte/goblet cell	8	32.0	0.006958508243907709	7.723965055067298e-05	0.0011826209168415251	True
cdx4|iridophore|24	cdx4	24	iridophore	5	24.0	-0.0002907265909242692	0.17469965511700303	0.3313737486111906	False
cdx4|lens|24	cdx4	24	lens	8	32.0	0.0005501398919107881	0.623608081263912	0.7599255029150435	False
cdx4|mature fast muscle|24	cdx4	24	mature fast muscle	8	32.0	-0.02011089398817413	0.0006690732119368846	0.006235612192595509	True
cdx4|mature slow muscle|24	cdx4	24	mature slow muscle	8	32.0	0.014513736635552499	0.032021623880244314	0.1047163832107399	False
cdx4|melanophore|24	cdx4	24	melanophore	8	32.0	-0.0008345132383180531	0.3149729899834101	0.49386397320428516	False
cdx4|mesodermal progenitor cells (contains PSM)|24	cdx4	24	mesodermal progenitor cells (contains PSM)	8	32.0	0.0018409750438223372	0.1637196224312405	0.3170702499446945	False
cdx4|motor neuron|24	cdx4	24	motor neuron	8	32.0	-0.0013426714946737652	0.037436737711973846	0.11619202339844288	False
cdx4|myeloid cell|24	cdx4	24	myeloid cell	8	32.0	0.0006326109206863566	0.42714679337481276	0.6017363667533667	False
cdx4|myoblast|24	cdx4	24	myoblast	7	32.0	-0.0013189554154008822	0.04959270363719886	0.1409792253993485	False
cdx4|neural crest + pigment cell progenitor|24	cdx4	24	neural crest + pigment cell progenitor	8	32.0	-0.001951366893879456	0.006894881375137404	0.03577095312737386	True
cdx4|neural progenitor (MHB)|24	cdx4	24	neural progenitor (MHB)	8	32.0	-0.0019758312771980015	0.5740588685635684	0.7234244621762752	False
cdx4|neural progenitor (hindbrain R7/8)|24	cdx4	24	neural progenitor (hindbrain R7/8)	8	32.0	-0.010131398282075352	0.002691070982781427	0.017652681816962074	True
cdx4|neural progenitor (hindbrain)|24	cdx4	24	neural progenitor (hindbrain)	8	32.0	-0.005891765656436149	0.4852531176414816	0.6510209906577116	False
cdx4|neural progenitor (telencephalon/diencephalon)|24	cdx4	24	neural progenitor (telencephalon/diencephalon)	8	32.0	-0.00923422499330952	0.027071413333444806	0.09282226088789511	False
cdx4|neural tube-like connective tissue (+ taste bud)|24	cdx4	24	neural tube-like connective tissue (+ taste bud)	8	32.0	0.0016649536099568405	0.19296273897340216	0.35235982425893303	False
cdx4|neuromast support cell|24	cdx4	24	neuromast support cell	8	32.0	0.0026738618474816513	0.014131457679906222	0.05920777823642928	False
cdx4|neuron (+ spinal cord)|24	cdx4	24	neuron (+ spinal cord)	6	30.0	-0.00026202824782514005	0.5578811082319514	0.7123287294582636	False
cdx4|neuron (cranial ganglia sensory, Rohon-Beard)|24	cdx4	24	neuron (cranial ganglia sensory, Rohon-Beard)	7	32.0	-0.0018265653609031863	0.15215050738674316	0.30137901982833687	False
cdx4|neuron (dopaminergic)|24	cdx4	24	neuron (dopaminergic)	2	10.0	4.776282477533995e-05	0.7357407830520512	0.8388808344853946	False
cdx4|neuron (telencephalon, glutamatergic)|24	cdx4	24	neuron (telencephalon, glutamatergic)	7	29.0	-0.0007043949312674337	0.021385399238161976	0.07837552482299408	False
cdx4|neurons (differentiating, contains peripheral)|24	cdx4	24	neurons (differentiating, contains peripheral)	8	32.0	-0.0015524156219733354	0.22628365484287755	0.3932151899662451	False
cdx4|neurons (gabaergic, glutamatergic)|24	cdx4	24	neurons (gabaergic, glutamatergic)	7	31.0	-0.0014626717923181681	0.01578246427598429	0.06375348031241071	False
cdx4|neurons (gabaergic, glutamatergic; contains Purkinje)|24	cdx4	24	neurons (gabaergic, glutamatergic; contains Purkinje)	8	31.0	-0.001115574459249191	0.23490319484110164	0.40449124895546007	False
cdx4|notochord|24	cdx4	24	notochord	8	32.0	0.007729027138841667	0.1391197910842588	0.2837480085189993	False
cdx4|olfactory vesicle/bulb|24	cdx4	24	olfactory vesicle/bulb	7	32.0	-0.0005576371945885412	0.25346372134838524	0.4253198051414192	False
cdx4|pancreas|24	cdx4	24	pancreas	6	27.0	0.0009763879332452777	0.04503093165365278	0.13147211811885887	False
cdx4|pectoral fin bud (osteoblast+)|24	cdx4	24	pectoral fin bud (osteoblast+)	8	32.0	-0.011982654525646572	2.2127116189393113e-11	3.12839759741526e-09	True
cdx4|periderm|24	cdx4	24	periderm	8	32.0	0.030422697890123626	0.3763472016758993	0.5521167524446811	False
cdx4|periocular mesenchyme|24	cdx4	24	periocular mesenchyme	2	8.0	0.00019794321743747505	0.0320406923268405	0.1047272014322947	False
cdx4|pharyngeal arch (NC-derived)|24	cdx4	24	pharyngeal arch (NC-derived)	8	32.0	-0.005474507900432104	0.12336578146946456	0.262575787426385	False
cdx4|pharyngeal arch (contains muscle, early cartilage)|24	cdx4	24	pharyngeal arch (contains muscle, early cartilage)	5	30.0	7.520295088499652e-05	0.8028615702247546	0.8824040909929696	False
cdx4|pharyngeal arch (early)|24	cdx4	24	pharyngeal arch (early)	8	32.0	0.0021827396912300415	0.08331265158352343	0.20109428615056782	False
cdx4|pharynx|24	cdx4	24	pharynx	8	31.0	2.505350619124206e-05	0.9635395323878042	0.9809071054445572	False
cdx4|posterior lateral line primordium|24	cdx4	24	posterior lateral line primordium	8	31.0	0.0012088098989921476	0.13829274304074637	0.283103905577868	False
cdx4|posterior spinal cord progenitors|24	cdx4	24	posterior spinal cord progenitors	8	32.0	-0.004225227634420613	0.0001717820752678834	0.0022183985890606	True
cdx4|primordial germ cell|24	cdx4	24	primordial germ cell	5	27.0	-0.00039013298621670234	0.5395087127737581	0.6984288712997512	False
cdx4|pronephric duct|24	cdx4	24	pronephric duct	3	23.0	0.0004113584025126219	0.6460743879717841	0.7759407700592152	False
cdx4|pronephric podocyte|24	cdx4	24	pronephric podocyte	2	15.0	8.821922540628658e-05	0.5186873873970543	0.679684024699946	False
cdx4|pronephros distal tubule|24	cdx4	24	pronephros distal tubule	5	32.0	-0.002261071116217186	0.06675719799790046	0.17353380254885334	False
cdx4|pronephros proximal tubule|24	cdx4	24	pronephros proximal tubule	8	32.0	0.0025445845963284527	0.10070456477644434	0.22932893520886657	False
cdx4|red blood cell|24	cdx4	24	red blood cell	3	31.0	-0.002925056183341591	0.14827742743764188	0.2966122785084493	False
cdx4|retinal neuron|24	cdx4	24	retinal neuron	8	30.0	-0.0036083186176749504	0.0007728172528535579	0.006939690061097153	True
cdx4|retinal pigmented epithelium (early)|24	cdx4	24	retinal pigmented epithelium (early)	7	31.0	-8.023181453571584e-05	0.900413455928545	0.9455544089292098	False
cdx4|roof plate, flexural + subcommissural organ|24	cdx4	24	roof plate, flexural + subcommissural organ	7	31.0	-0.0002384452048154015	0.6125137997467138	0.751366844991123	False
cdx4|satellite cells|24	cdx4	24	satellite cells	7	32.0	-0.0006248666108497518	0.2047504927569988	0.36618596993231733	False
cdx4|slow-committed myocyte|24	cdx4	24	slow-committed myocyte	8	31.0	-0.0020811318983904805	0.0066634962247599395	0.03475583391956813	True
cdx4|support cells/otic vesicle|24	cdx4	24	support cells/otic vesicle	8	32.0	-0.002884769245888293	0.013670000597580268	0.057890647590694295	False
cdx4|thyroid follicle cell|24	cdx4	24	thyroid follicle cell	2	19.0	-0.0008394354305467421	0.18314029409415497	0.34126956092418953	False
cdx4|unknown|24	cdx4	24	unknown	1					False
cdx4|unknown (dcn+, col6+)|24	cdx4	24	unknown (dcn+, col6+)	1	1.0	-0.00014017234189439998			False
cdx4|xanthophore|24	cdx4	24	xanthophore	8	31.0	-0.0032801228831480277	0.0024922417039607114	0.01659413439160213	True
cdx4|KA neuron|36	cdx4	36	KA neuron	8	44.0	-0.0010788008833714714	4.295600948782093e-06	0.00012146497150917876	True
cdx4|adrenal gland|36	cdx4	36	adrenal gland	6	15.0	1.2132503401816636e-05	0.9254463031035729	0.9583890833772752	False
cdx4|anterior migratory muscle|36	cdx4	36	anterior migratory muscle	8	44.0	0.001822286612892559	0.16068926634788908	0.3127240835264966	False
cdx4|basal cell|36	cdx4	36	basal cell	8	44.0	0.03752589797172652	1.4780618652233451e-05	0.00032630302639232985	True
cdx4|cardiomyocyte|36	cdx4	36	cardiomyocyte	8	44.0	0.0004509964236487883	0.5798485746036974	0.7280978416934183	False
cdx4|chondrocranium|36	cdx4	36	chondrocranium	1	7.0	-5.432516454224285e-05			False
cdx4|connective tissue-meninges-dermal FB|36	cdx4	36	connective tissue-meninges-dermal FB	8	44.0	-0.02260678057371114	0.00037234340020228973	0.004036251051132488	True
cdx4|contains head vasculature?|36	cdx4	36	contains head vasculature?	7	31.0	-5.8084195886305896e-05	0.6326142536338715	0.7658447286203454	False
cdx4|cranial muscle (early)|36	cdx4	36	cranial muscle (early)	8	44.0	0.005445434312802127	6.920578559959209e-08	3.510476681750301e-06	True
cdx4|cranial muscle (late)|36	cdx4	36	cranial muscle (late)	1	6.0	-0.00017062590129820004			False
cdx4|cranial muscle (mid)|36	cdx4	36	cranial muscle (mid)	7	36.0	0.0004853357209420163	0.13562111850023212	0.2797896095728167	False
cdx4|cranial muscle (non-somitic, fast-twitch)|36	cdx4	36	cranial muscle (non-somitic, fast-twitch)	8	44.0	-0.0004670976071062937	0.33265729703216396	0.5119879911844137	False
cdx4|cranial muscle (progenitor)|36	cdx4	36	cranial muscle (progenitor)	5	37.0	-0.00037754298108675407	0.002392957134671822	0.016013293212380923	True
cdx4|cranial neural crest|36	cdx4	36	cranial neural crest	8	44.0	0.004120237391815196	0.0011236807563639614	0.009237613065433586	True
cdx4|differentiating neuron (hindbrain)|36	cdx4	36	differentiating neuron (hindbrain)	8	44.0	0.007310811232106945	0.044287568222084135	0.13015961558414377	False
cdx4|differentiating neuron 1|36	cdx4	36	differentiating neuron 1	8	43.0	0.0040146867528074465	0.007740322419580216	0.038298170125175376	True
cdx4|differentiating neuron 2|36	cdx4	36	differentiating neuron 2	8	43.0	0.004150667921647653	0.003558591872851236	0.02147760490017844	True
cdx4|dorsal spinal cord neuron|36	cdx4	36	dorsal spinal cord neuron	7	26.0	0.00014875645548873738	0.43732592597426645	0.6110940038819977	False
cdx4|endothelium (dorsal aorta)|36	cdx4	36	endothelium (dorsal aorta)	8	44.0	0.0004163714662990779	0.4945959212506136	0.6590314611410321	False
cdx4|endothelium (f8+, clic2+)|36	cdx4	36	endothelium (f8+, clic2+)	8	44.0	-5.891074152491495e-05	0.819144482312783	0.8930623601260776	False
cdx4|endothelium (vein + early artery)|36	cdx4	36	endothelium (vein + early artery)	8	44.0	0.002053706498758816	0.11697986796586889	0.25427910455780134	False
cdx4|eye, optic cup|36	cdx4	36	eye, optic cup	8	44.0	0.012195515935059749	0.0006727184161985819	0.006260803747394366	True
cdx4|fast-committed myocyte|36	cdx4	36	fast-committed myocyte	1	24.0	5.204173457138339e-05			False
cdx4|fin bud mesoderm (pectoral)|36	cdx4	36	fin bud mesoderm (pectoral)	8	40.0	0.001066252783883185	0.0775210474838366	0.19135488875560708	False
cdx4|fin fold|36	cdx4	36	fin fold	8	44.0	-0.01780814251781694	8.145651883207556e-09	5.948116127902661e-07	True
cdx4|fin mesenchyme|36	cdx4	36	fin mesenchyme	5	30.0	-0.0002941081825902101	0.06992006257393907	0.17897489052535637	False
cdx4|floor plate|36	cdx4	36	floor plate	8	44.0	0.0008306134148159247	0.4578776889900401	0.6265645064536278	False
cdx4|glia|36	cdx4	36	glia	8	44.0	0.0004123527751930707	0.2672735938203492	0.4411408422593692	False
cdx4|hair cell|36	cdx4	36	hair cell	8	39.0	0.00012885748252650315	0.5158881460914412	0.6777534066385186	False
cdx4|hatching gland|36	cdx4	36	hatching gland	8	44.0	-0.0033924508243730455	0.0970961168542559	0.22387359351024652	False
cdx4|head mesenchyme|36	cdx4	36	head mesenchyme	8	44.0	0.0017644679091816731	0.3097824429432836	0.48868477514533215	False
cdx4|head mesenchyme (maybe ventral, hand2+)|36	cdx4	36	head mesenchyme (maybe ventral, hand2+)	8	44.0	0.0052808455763427645	0.039723802113244694	0.12125156869201241	False
cdx4|head mesenchyme/PA cartilage|36	cdx4	36	head mesenchyme/PA cartilage	8	43.0	0.0032027470949132567	0.007818549721111042	0.038492539940496395	True
cdx4|head/eye connective tissue|36	cdx4	36	head/eye connective tissue	8	44.0	0.0005336538735447802	0.46550649977229386	0.63403694623282	False
cdx4|hypochord|36	cdx4	36	hypochord	6	38.0	-0.0003881820618805526	0.15812547602058483	0.309967805596773	False
cdx4|hypophysis/locus coeruleus|36	cdx4	36	hypophysis/locus coeruleus	7	41.0	8.308345966590827e-05	0.5587332525642341	0.7124257497095593	False
cdx4|intestine|36	cdx4	36	intestine	8	44.0	0.0014486593473399985	0.10171660247366923	0.23100028142089268	False
cdx4|ionocyte/goblet cell|36	cdx4	36	ionocyte/goblet cell	8	44.0	-0.0005205827361092052	0.5440001280335074	0.7009661905474994	False
cdx4|iridophore|36	cdx4	36	iridophore	8	44.0	-0.0006417749387045593	0.0780443724834791	0.19234875636567902	False
cdx4|jaw chondrocyte|36	cdx4	36	jaw chondrocyte	1	7.0	-7.431226415279996e-05			False
cdx4|lens|36	cdx4	36	lens	8	43.0	0.00011639665238544379	0.9040889013456602	0.9474326998015947	False
cdx4|liver|36	cdx4	36	liver	8	36.0	0.0006901992517894377	0.12040100747924085	0.25883684720140904	False
cdx4|mature fast muscle|36	cdx4	36	mature fast muscle	8	44.0	-0.030424554077675553	0.0014004768119467903	0.010808557973735682	True
cdx4|mature slow muscle|36	cdx4	36	mature slow muscle	8	44.0	-0.00634528802042315	0.0022304082788014573	0.015154461158114196	True
cdx4|melanophore|36	cdx4	36	melanophore	8	44.0	0.001407807860039567	0.10980910507022101	0.24290329666831512	False
cdx4|mesodermal progenitor cells (contains PSM)|36	cdx4	36	mesodermal progenitor cells (contains PSM)	1	12.0	-0.00013542342532618334			False
cdx4|motor neuron|36	cdx4	36	motor neuron	8	43.0	0.001716011711226843	0.0015117190664259547	0.011363544339819535	True
cdx4|myeloid cell|36	cdx4	36	myeloid cell	8	43.0	0.001442631630327674	0.03168276272639229	0.10401437855218067	False
cdx4|neural crest + pigment cell progenitor|36	cdx4	36	neural crest + pigment cell progenitor	5	19.0	-9.041304694217689e-05	0.44071677339461723	0.6130548375983319	False
cdx4|neural progenitor (MHB)|36	cdx4	36	neural progenitor (MHB)	8	43.0	0.004800699114004978	0.08323643732376268	0.20098333067456503	False
cdx4|neural progenitor (hindbrain R7/8)|36	cdx4	36	neural progenitor (hindbrain R7/8)	8	44.0	-0.001689578125577412	0.1773963547884048	0.33453455650069686	False
cdx4|neural progenitor (hindbrain)|36	cdx4	36	neural progenitor (hindbrain)	8	43.0	0.002246280840508677	0.017456382357766642	0.06795410706933763	False
cdx4|neural progenitor (telencephalon/diencephalon)|36	cdx4	36	neural progenitor (telencephalon/diencephalon)	8	44.0	0.008658124725181186	0.008285289022293169	0.03989546779212906	True
cdx4|neural tube-like connective tissue (+ taste bud)|36	cdx4	36	neural tube-like connective tissue (+ taste bud)	8	44.0	0.004305419190205108	0.02550400412140524	0.08914997758376529	False
cdx4|neuromast support cell|36	cdx4	36	neuromast support cell	8	44.0	0.0038928390394024	0.0021449719026308016	0.01466268216408674	True
cdx4|neuron (+ spinal cord)|36	cdx4	36	neuron (+ spinal cord)	8	42.0	0.0016396312363544806	0.010120729472727718	0.0463488954833051	True
cdx4|neuron (cranial ganglia sensory, Rohon-Beard)|36	cdx4	36	neuron (cranial ganglia sensory, Rohon-Beard)	8	44.0	0.00212807246227497	0.013982176587049602	0.058656290038475126	False
cdx4|neuron (dopaminergic)|36	cdx4	36	neuron (dopaminergic)	6	22.0	0.00015131588974954852	0.4781872793521581	0.6453197545278413	False
cdx4|neuron (telencephalon, glutamatergic)|36	cdx4	36	neuron (telencephalon, glutamatergic)	8	43.0	0.0034237572116480593	0.000418407319874766	0.0044132010167743175	True
cdx4|neurons (differentiating, contains peripheral)|36	cdx4	36	neurons (differentiating, contains peripheral)	8	44.0	0.023375121188758105	0.00012826618112897522	0.0017683169576805816	True
cdx4|neurons (gabaergic, glutamatergic)|36	cdx4	36	neurons (gabaergic, glutamatergic)	8	44.0	0.012927338959233836	0.001934349635942726	0.013665668586652975	True
cdx4|neurons (gabaergic, glutamatergic; contains Purkinje)|36	cdx4	36	neurons (gabaergic, glutamatergic; contains Purkinje)	8	44.0	0.015601997418518913	1.5535334303927236e-06	5.2137523459392164e-05	True
cdx4|notochord|36	cdx4	36	notochord	8	44.0	0.0024437195118292704	0.11833124858459279	0.2562593680722251	False
cdx4|olfactory vesicle/bulb|36	cdx4	36	olfactory vesicle/bulb	8	43.0	0.0020682477937055002	0.08367672979424876	0.20168003971083895	False
cdx4|osteoblast|36	cdx4	36	osteoblast	1	1.0	8.22429916207e-05			False
cdx4|pancreas|36	cdx4	36	pancreas	8	37.0	-4.838386172369494e-05	0.8511838208492881	0.9146372072353686	False
cdx4|pectoral fin bud (osteoblast+)|36	cdx4	36	pectoral fin bud (osteoblast+)	8	44.0	-0.002540585089242108	6.410580279224922e-06	0.00016705218021744944	True
cdx4|periderm|36	cdx4	36	periderm	8	44.0	-0.1354422597744001	4.3455843646012305e-11	5.66204080446572e-09	True
cdx4|periocular mesenchyme|36	cdx4	36	periocular mesenchyme	8	44.0	0.0005843529910422585	0.315817303850363	0.49495424152963724	False
cdx4|pharyngeal arch (NC-derived)|36	cdx4	36	pharyngeal arch (NC-derived)	8	42.0	-0.001636681226209049	3.826560177047591e-09	3.2186699210735746e-07	True
cdx4|pharyngeal arch (contains muscle, early cartilage)|36	cdx4	36	pharyngeal arch (contains muscle, early cartilage)	8	44.0	0.004374209869819025	0.0004481107689833441	0.0046165830385958475	True
cdx4|pharyngeal arch (early)|36	cdx4	36	pharyngeal arch (early)	8	44.0	0.017228314346558467	0.00030367789347107385	0.003455376031019325	True
cdx4|pharynx|36	cdx4	36	pharynx	6	29.0	-0.00013229283293694365	0.21708061614850846	0.3809085540815524	False
cdx4|posterior lateral line primordium|36	cdx4	36	posterior lateral line primordium	8	40.0	0.0009231365692849473	0.06045735211510175	0.16277921588527194	False
cdx4|posterior spinal cord progenitors|36	cdx4	36	posterior spinal cord progenitors	8	43.0	-0.00021809043236840908	0.7864602059515452	0.8739177372153876	False
cdx4|primordial germ cell|36	cdx4	36	primordial germ cell	4	34.0	-0.0001353910234816809	0.43567491218839444	0.6093579860012379	False
cdx4|pronephric duct|36	cdx4	36	pronephric duct	3	31.0	-0.0007333621191244481	0.0028526846192915827	0.018350522066982154	True
cdx4|pronephric podocyte|36	cdx4	36	pronephric podocyte	6	27.0	0.0007557896249227945	0.0902623960297129	0.21329787397490832	False
cdx4|pronephros distal tubule|36	cdx4	36	pronephros distal tubule	8	44.0	-0.0011587532337742597	0.0719646899130561	0.18217347217990773	False
cdx4|pronephros proximal tubule|36	cdx4	36	pronephros proximal tubule	8	44.0	0.002444736111962942	0.043932434285668204	0.12951687037633772	False
cdx4|red blood cell|36	cdx4	36	red blood cell	4	39.0	-0.0008845816099597231	4.1427052642576645e-08	2.23807125861725e-06	True
cdx4|retinal neuron|36	cdx4	36	retinal neuron	8	44.0	0.0070752911784392955	0.032564136227339606	0.10607288491699593	False
cdx4|retinal pigmented epithelium (early)|36	cdx4	36	retinal pigmented epithelium (early)	8	43.0	0.002217641895053215	0.03699331571489642	0.11546293232761234	False
cdx4|roof plate, flexural + subcommissural organ|36	cdx4	36	roof plate, flexural + subcommissural organ	8	43.0	0.0010818978185422406	0.016956912960228592	0.0669510912779079	False
cdx4|satellite cells|36	cdx4	36	satellite cells	3	22.0	-0.0001612525646358666	0.0010063240297029602	0.00847531454673786	True
cdx4|support cells/otic vesicle|36	cdx4	36	support cells/otic vesicle	8	44.0	0.003171318186388567	0.0008844896997698109	0.007700916417608788	True
cdx4|thyroid follicle cell|36	cdx4	36	thyroid follicle cell	7	29.0	-0.0007026519698953611	0.007851303014898569	0.038588689744083575	True
cdx4|unknown|36	cdx4	36	unknown	6					False
cdx4|unknown (dcn+, col6+)|36	cdx4	36	unknown (dcn+, col6+)	1	33.0	-0.0007794430343109423			False
cdx4|xanthophore|36	cdx4	36	xanthophore	8	44.0	-0.0002798866847333343	0.6069435675458532	0.7482634520115389	False
cdx4-cdx1a|KA neuron|18	cdx4-cdx1a	18	KA neuron	4	17.0	-0.000713329959128422	0.0020832632867234585	0.014435917092363245	True
cdx4-cdx1a|anterior migratory muscle|18	cdx4-cdx1a	18	anterior migratory muscle	8	23.0	0.00775998164621596	0.01004028211681308	0.046075742172805884	True
cdx4-cdx1a|basal cell|18	cdx4-cdx1a	18	basal cell	1	14.0	4.810959096400013e-06			False
cdx4-cdx1a|cardiomyocyte|18	cdx4-cdx1a	18	cardiomyocyte	8	23.0	0.0004219459929979191	0.5998191750761441	0.7428330030991643	False
cdx4-cdx1a|connective tissue-meninges-dermal FB|18	cdx4-cdx1a	18	connective tissue-meninges-dermal FB	8	23.0	-0.03722594956925613	0.00014382198188733785	0.0019229317296606842	True
cdx4-cdx1a|contains head vasculature?|18	cdx4-cdx1a	18	contains head vasculature?	8	23.0	0.00464005388632426	0.016597761618853384	0.06618165578599892	False
cdx4-cdx1a|cranial muscle (early)|18	cdx4-cdx1a	18	cranial muscle (early)	1	5.0	-0.00015837474544969999			False
cdx4-cdx1a|cranial muscle (mid)|18	cdx4-cdx1a	18	cranial muscle (mid)	1	7.0	1.9032358946642907e-05			False
cdx4-cdx1a|cranial muscle (non-somitic, fast-twitch)|18	cdx4-cdx1a	18	cranial muscle (non-somitic, fast-twitch)	8	22.0	-0.0016701982925791466	0.007488003900590214	0.03766542599734369	True
cdx4-cdx1a|cranial muscle (progenitor)|18	cdx4-cdx1a	18	cranial muscle (progenitor)	8	23.0	0.011018451091994383	6.37098236096794e-06	0.0001669695682129947	True
cdx4-cdx1a|cranial neural crest|18	cdx4-cdx1a	18	cranial neural crest	8	23.0	-0.0007835943243885589	0.434047155098354	0.6087193600325136	False
cdx4-cdx1a|differentiating neuron (hindbrain)|18	cdx4-cdx1a	18	differentiating neuron (hindbrain)	8	23.0	-0.0020127036650434693	0.012750864797479758	0.05498345008387605	False
cdx4-cdx1a|differentiating neuron 1|18	cdx4-cdx1a	18	differentiating neuron 1	8	23.0	-0.0005074342162823091	0.6973817523515815	0.8142082569327861	False
cdx4-cdx1a|differentiating neuron 2|18	cdx4-cdx1a	18	differentiating neuron 2	8	23.0	0.0009902341188924423	0.18796804506769257	0.3471948247363391	False
cdx4-cdx1a|dorsal spinal cord neuron|18	cdx4-cdx1a	18	dorsal spinal cord neuron	1	8.0	8.254689396937505e-06			False
cdx4-cdx1a|endothelium (dorsal aorta)|18	cdx4-cdx1a	18	endothelium (dorsal aorta)	8	23.0	-0.0017364663964108177	0.0015051968966127074	0.011337902807508345	True
cdx4-cdx1a|endothelium (f8+, clic2+)|18	cdx4-cdx1a	18	endothelium (f8+, clic2+)	6	18.0	-0.000329284676698011	0.3208484769662007	0.5001262325687084	False
cdx4-cdx1a|endothelium (vein + early artery)|18	cdx4-cdx1a	18	endothelium (vein + early artery)	8	23.0	0.0016375696716530927	0.44314194665680984	0.6144987970647957	False
cdx4-cdx1a|enveloping layer (EVL)|18	cdx4-cdx1a	18	enveloping layer (EVL)	1	8.0	-0.0008505230034705749			False
cdx4-cdx1a|eye, optic cup|18	cdx4-cdx1a	18	eye, optic cup	8	23.0	-0.007921600951769567	0.053645964657766054	0.14940378673548008	False
cdx4-cdx1a|fast-committed myocyte|18	cdx4-cdx1a	18	fast-committed myocyte	8	23.0	-0.016378047730201004	0.00702322476558187	0.03617777408317173	True
cdx4-cdx1a|fin fold|18	cdx4-cdx1a	18	fin fold	3	11.0	0.00040331208512102434	0.13909261859738145	0.2837480085189993	False
cdx4-cdx1a|fin mesenchyme|18	cdx4-cdx1a	18	fin mesenchyme	8	23.0	0.031981595742838154	0.0027968531095976545	0.018096483849344123	True
cdx4-cdx1a|floor plate|18	cdx4-cdx1a	18	floor plate	8	23.0	0.0019900788396834132	0.04791343078878606	0.13693967638343368	False
cdx4-cdx1a|glia|18	cdx4-cdx1a	18	glia	3	13.0	0.0005672185095848129	0.007659255910792468	0.038038681260998464	True
cdx4-cdx1a|hair cell|18	cdx4-cdx1a	18	hair cell	7	11.0	0.00010751547063974156	0.39785958156304235	0.5737363106524341	False
cdx4-cdx1a|hatching gland|18	cdx4-cdx1a	18	hatching gland	8	23.0	0.002860260617869051	0.021273468664065903	0.07814230366527729	False
cdx4-cdx1a|head mesenchyme|18	cdx4-cdx1a	18	head mesenchyme	8	23.0	-0.0021674652778208778	0.04693423614461279	0.1353637149222882	False
cdx4-cdx1a|head mesenchyme (maybe ventral, hand2+)|18	cdx4-cdx1a	18	head mesenchyme (maybe ventral, hand2+)	8	23.0	0.020958345382640433	0.001120496091385859	0.009226389748772037	True
cdx4-cdx1a|head mesenchyme/PA cartilage|18	cdx4-cdx1a	18	head mesenchyme/PA cartilage	8	23.0	-0.0017470855570187235	0.0770448952232523	0.19045841528296703	False
cdx4-cdx1a|head/eye connective tissue|18	cdx4-cdx1a	18	head/eye connective tissue	8	23.0	0.0222513669550862	0.004447255638284224	0.025630540950909515	True
cdx4-cdx1a|hypochord|18	cdx4-cdx1a	18	hypochord	6	22.0	-0.0010265969727206302	0.023862132437496828	0.08495432913812503	False
cdx4-cdx1a|hypophysis/locus coeruleus|18	cdx4-cdx1a	18	hypophysis/locus coeruleus	2	9.0	-8.169688310190001e-05	0.8130438816174395	0.8888911542245708	False
cdx4-cdx1a|intestine|18	cdx4-cdx1a	18	intestine	8	23.0	0.000989245829315602	0.4387792935972584	0.6121059832501942	False
cdx4-cdx1a|ionocyte/goblet cell|18	cdx4-cdx1a	18	ionocyte/goblet cell	8	23.0	0.0030311240000176244	0.03920000291168531	0.12020490048368661	False
cdx4-cdx1a|lens|18	cdx4-cdx1a	18	lens	8	23.0	-0.0005043471390743428	0.7878015419185401	0.8748230691926302	False
cdx4-cdx1a|liver|18	cdx4-cdx1a	18	liver	3	1.0	0.00016604147396470008			False
cdx4-cdx1a|mature fast muscle|18	cdx4-cdx1a	18	mature fast muscle	8	23.0	-0.013827692551005598	0.0005255701284299291	0.005243864119244563	True
cdx4-cdx1a|mature slow muscle|18	cdx4-cdx1a	18	mature slow muscle	8	23.0	-0.00915425642189745	0.09303999305331567	0.21836806372584078	False
cdx4-cdx1a|mesodermal progenitor cells (contains PSM)|18	cdx4-cdx1a	18	mesodermal progenitor cells (contains PSM)	7	23.0	-0.009376750182630086	0.19959819061230286	0.3598402758014907	False
cdx4-cdx1a|motor neuron|18	cdx4-cdx1a	18	motor neuron	8	22.0	-0.0009061139779874411	0.18881031823926422	0.3480219589007382	False
cdx4-cdx1a|myeloid cell|18	cdx4-cdx1a	18	myeloid cell	8	23.0	0.0034731589363694044	0.00520620624132086	0.028877496221683733	True
cdx4-cdx1a|myoblast|18	cdx4-cdx1a	18	myoblast	8	23.0	0.0010015650775747273	0.6407931113170022	0.7720888893384369	False
cdx4-cdx1a|neural crest + pigment cell progenitor|18	cdx4-cdx1a	18	neural crest + pigment cell progenitor	8	23.0	-0.0013713231804278348	0.22926112128218035	0.3972464539556945	False
cdx4-cdx1a|neural progenitor (MHB)|18	cdx4-cdx1a	18	neural progenitor (MHB)	8	23.0	0.0025376948040481337	0.43361654607983846	0.608271469010033	False
cdx4-cdx1a|neural progenitor (hindbrain R7/8)|18	cdx4-cdx1a	18	neural progenitor (hindbrain R7/8)	8	23.0	-0.008644758484227615	0.0019351985161836646	0.013665668586652975	True
cdx4-cdx1a|neural progenitor (hindbrain)|18	cdx4-cdx1a	18	neural progenitor (hindbrain)	8	23.0	0.013496433367823094	0.17799894376867298	0.33497677183314417	False
cdx4-cdx1a|neural progenitor (telencephalon/diencephalon)|18	cdx4-cdx1a	18	neural progenitor (telencephalon/diencephalon)	8	23.0	-0.0028834539587808405	0.5690504975762083	0.7196181907730274	False
cdx4-cdx1a|neural tube-like connective tissue (+ taste bud)|18	cdx4-cdx1a	18	neural tube-like connective tissue (+ taste bud)	8	23.0	0.0051154961903824	0.03122768265894314	0.10313516464645982	False
cdx4-cdx1a|neuromast support cell|18	cdx4-cdx1a	18	neuromast support cell	8	23.0	-0.000560659572100961	0.5375382775652838	0.6966923843224714	False
cdx4-cdx1a|neuron (+ spinal cord)|18	cdx4-cdx1a	18	neuron (+ spinal cord)	2	22.0	-0.00012196092897619106	0.8735502020421153	0.9281645494994972	False
cdx4-cdx1a|neuron (cranial ganglia sensory, Rohon-Beard)|18	cdx4-cdx1a	18	neuron (cranial ganglia sensory, Rohon-Beard)	8	23.0	-0.0019650454763730186	0.13085170219133307	0.27275940417224853	False
cdx4-cdx1a|neuron (telencephalon, glutamatergic)|18	cdx4-cdx1a	18	neuron (telencephalon, glutamatergic)	1	15.0	-0.0007228144674420266			False
cdx4-cdx1a|neurons (differentiating, contains peripheral)|18	cdx4-cdx1a	18	neurons (differentiating, contains peripheral)	8	23.0	-0.003850225308854656	0.0006938528753603044	0.006385945092478148	True
cdx4-cdx1a|neurons (gabaergic, glutamatergic)|18	cdx4-cdx1a	18	neurons (gabaergic, glutamatergic)	7	23.0	-0.0027805940654830994	1.7298836363323453e-07	7.714816619750628e-06	True
cdx4-cdx1a|neurons (gabaergic, glutamatergic; contains Purkinje)|18	cdx4-cdx1a	18	neurons (gabaergic, glutamatergic; contains Purkinje)	7	21.0	-0.0011349714636209097	0.013104096278396274	0.05614230803993761	False
cdx4-cdx1a|notochord|18	cdx4-cdx1a	18	notochord	8	23.0	0.018521264834587554	0.00036180607454582063	0.003954278561442398	True
cdx4-cdx1a|olfactory vesicle/bulb|18	cdx4-cdx1a	18	olfactory vesicle/bulb	8	23.0	0.0004886422259729375	0.538503715381081	0.6973575038910466	False
cdx4-cdx1a|osteoblast|18	cdx4-cdx1a	18	osteoblast	1					False
cdx4-cdx1a|pancreas|18	cdx4-cdx1a	18	pancreas	7	15.0	0.0005133993021076065	0.047275243283893334	0.13601161700060482	False
cdx4-cdx1a|pectoral fin bud (osteoblast+)|18	cdx4-cdx1a	18	pectoral fin bud (osteoblast+)	6	23.0	-0.009569511770189052	4.8595905026443026e-11	6.0103883183051466e-09	True
cdx4-cdx1a|periderm|18	cdx4-cdx1a	18	periderm	8	23.0	0.02004610325858916	0.39234323388752956	0.567876451575394	False
cdx4-cdx1a|pharyngeal arch (NC-derived)|18	cdx4-cdx1a	18	pharyngeal arch (NC-derived)	8	23.0	0.0011934373114857247	0.5543641438210313	0.7090695550880828	False
cdx4-cdx1a|pharyngeal arch (contains muscle, early cartilage)|18	cdx4-cdx1a	18	pharyngeal arch (contains muscle, early cartilage)	6	20.0	-0.0002970242672173417	0.1587935041716274	0.3107134379329988	False
cdx4-cdx1a|pharyngeal arch (early)|18	cdx4-cdx1a	18	pharyngeal arch (early)	8	23.0	0.0014202277422328893	0.3026991733899753	0.48187717774759525	False
cdx4-cdx1a|pharynx|18	cdx4-cdx1a	18	pharynx	7	23.0	0.00016330194225818925	0.750826586326232	0.8488665862786977	False
cdx4-cdx1a|posterior lateral line primordium|18	cdx4-cdx1a	18	posterior lateral line primordium	8	23.0	0.0012460436039782234	0.17721809315069453	0.33453455650069686	False
cdx4-cdx1a|posterior spinal cord progenitors|18	cdx4-cdx1a	18	posterior spinal cord progenitors	8	23.0	-0.005247515188002935	8.115412911526757e-05	0.0012312795755487905	True
cdx4-cdx1a|primordial germ cell|18	cdx4-cdx1a	18	primordial germ cell	7	21.0	-0.0009348431963893667	0.08212315187660368	0.19916362927738374	False
cdx4-cdx1a|pronephric duct|18	cdx4-cdx1a	18	pronephric duct	2	16.0	-2.181863891741252e-05	0.971404187607037	0.9854932559769101	False
cdx4-cdx1a|pronephric podocyte|18	cdx4-cdx1a	18	pronephric podocyte	5	7.0	0.0001962008893896716	0.5032258411497945	0.6670528055935336	False
cdx4-cdx1a|pronephros distal tubule|18	cdx4-cdx1a	18	pronephros distal tubule	4	22.0	-0.003147703309768972	0.00039895854589759496	0.004269049174701318	True
cdx4-cdx1a|pronephros proximal tubule|18	cdx4-cdx1a	18	pronephros proximal tubule	8	23.0	-0.002055009714840887	0.08899755499786102	0.2112857281031749	False
cdx4-cdx1a|red blood cell|18	cdx4-cdx1a	18	red blood cell	7	21.0	-0.006456543631222538	2.9638704610606735e-05	0.0005547864567253007	True
cdx4-cdx1a|retinal neuron|18	cdx4-cdx1a	18	retinal neuron	7	23.0	-0.00440076866212616	0.0006420767767167924	0.006103862920290538	True
cdx4-cdx1a|retinal pigmented epithelium (early)|18	cdx4-cdx1a	18	retinal pigmented epithelium (early)	8	23.0	-0.0012156310007894885	0.011408832948496267	0.05077809440238292	False
cdx4-cdx1a|roof plate, flexural + subcommissural organ|18	cdx4-cdx1a	18	roof plate, flexural + subcommissural organ	7	19.0	0.0003276540478216374	0.40842949198977807	0.5829067814158237	False
cdx4-cdx1a|satellite cells|18	cdx4-cdx1a	18	satellite cells	6	22.0	-0.0013486315839126017	0.1244727809197966	0.26400307347974733	False
cdx4-cdx1a|slow-committed myocyte|18	cdx4-cdx1a	18	slow-committed myocyte	8	23.0	-0.004110850890316542	0.03248667569012481	0.10587246687635085	False
cdx4-cdx1a|support cells/otic vesicle|18	cdx4-cdx1a	18	support cells/otic vesicle	8	23.0	0.0011671804172866153	0.5456489642465634	0.702001426412084	False
cdx4-cdx1a|thyroid follicle cell|18	cdx4-cdx1a	18	thyroid follicle cell	3	12.0	-0.0027030455898474836	0.002389660748131774	0.016007354507394798	True
cdx4-cdx1a|unknown|18	cdx4-cdx1a	18	unknown	1					False
cdx4-cdx1a|xanthophore|18	cdx4-cdx1a	18	xanthophore	3	19.0	-0.0027337254898063155	0.001090036558951661	0.009035522199004404	True
cdx4-cdx1a|KA neuron|24	cdx4-cdx1a	24	KA neuron	3	31.0	-2.166579013825466e-05	0.9513169069989835	0.9743373685277814	False
cdx4-cdx1a|anterior migratory muscle|24	cdx4-cdx1a	24	anterior migratory muscle	8	32.0	-0.0016283948549458676	0.41582870846973075	0.589942520916254	False
cdx4-cdx1a|basal cell|24	cdx4-cdx1a	24	basal cell	2	23.0	-0.00038058986815038055	0.18145377555343678	0.33917309101338605	False
cdx4-cdx1a|cardiomyocyte|24	cdx4-cdx1a	24	cardiomyocyte	6	32.0	1.6116643431741528e-05	0.9701515393262041	0.9849743283151453	False
cdx4-cdx1a|connective tissue-meninges-dermal FB|24	cdx4-cdx1a	24	connective tissue-meninges-dermal FB	8	32.0	-0.043796622099851024	6.100545397517718e-13	1.2668163802032887e-10	True
cdx4-cdx1a|contains head vasculature?|24	cdx4-cdx1a	24	contains head vasculature?	8	32.0	0.004582180898383931	0.06842990335498933	0.1763151251624289	False
cdx4-cdx1a|cranial muscle (early)|24	cdx4-cdx1a	24	cranial muscle (early)	5	22.0	0.00016186623511006183	0.3112747750740431	0.4900310069573599	False
cdx4-cdx1a|cranial muscle (non-somitic, fast-twitch)|24	cdx4-cdx1a	24	cranial muscle (non-somitic, fast-twitch)	7	32.0	-0.0008513189299873044	0.2580541912890097	0.4310106213289509	False
cdx4-cdx1a|cranial muscle (progenitor)|24	cdx4-cdx1a	24	cranial muscle (progenitor)	8	32.0	0.004399379972648651	0.01663491134044522	0.0662306685783454	False
cdx4-cdx1a|cranial neural crest|24	cdx4-cdx1a	24	cranial neural crest	8	32.0	0.0019521697814225752	0.08726919046570374	0.20824116601012746	False
cdx4-cdx1a|differentiating neuron (hindbrain)|24	cdx4-cdx1a	24	differentiating neuron (hindbrain)	8	32.0	-0.0024978629756494753	0.0003045992750821538	0.0034591101921709988	True
cdx4-cdx1a|differentiating neuron 1|24	cdx4-cdx1a	24	differentiating neuron 1	7	32.0	-0.0014192769875453776	0.3700608613675761	0.5454867843361897	False
cdx4-cdx1a|differentiating neuron 2|24	cdx4-cdx1a	24	differentiating neuron 2	8	32.0	0.00021836165485576578	0.7822003093359803	0.8706400428036162	False
cdx4-cdx1a|endothelium (dorsal aorta)|24	cdx4-cdx1a	24	endothelium (dorsal aorta)	7	32.0	-0.0019447396344421108	0.0045947988916443935	0.026182131425736378	True
cdx4-cdx1a|endothelium (f8+, clic2+)|24	cdx4-cdx1a	24	endothelium (f8+, clic2+)	3	31.0	0.0004659530862961808	0.33324462795202026	0.5122285771187773	False
cdx4-cdx1a|endothelium (vein + early artery)|24	cdx4-cdx1a	24	endothelium (vein + early artery)	8	32.0	-0.0015900629610521178	0.38274753717756904	0.5586113297924328	False
cdx4-cdx1a|eye, optic cup|24	cdx4-cdx1a	24	eye, optic cup	8	32.0	-0.004852435295664884	0.3282963566889864	0.5087521665574427	False
cdx4-cdx1a|fast-committed myocyte|24	cdx4-cdx1a	24	fast-committed myocyte	8	32.0	-0.018327936934315704	1.7747490902213463e-05	0.0003734893179638136	True
cdx4-cdx1a|fin mesenchyme|24	cdx4-cdx1a	24	fin mesenchyme	8	32.0	0.04214879927904829	0.0015706671887126247	0.01171389839393422	True
cdx4-cdx1a|floor plate|24	cdx4-cdx1a	24	floor plate	8	32.0	0.001872843806368131	0.06755925040602619	0.17474940402804362	False
cdx4-cdx1a|glia|24	cdx4-cdx1a	24	glia	2	28.0	-0.0005019226959411499	0.013802531827774637	0.058138997684225806	False
cdx4-cdx1a|hair cell|24	cdx4-cdx1a	24	hair cell	3	23.0	0.00015731296585047246	0.15436522088308044	0.30465010180221846	False
cdx4-cdx1a|hatching gland|24	cdx4-cdx1a	24	hatching gland	8	32.0	0.006922520912705171	0.026344238776124445	0.09103352400798073	False
cdx4-cdx1a|head mesenchyme|24	cdx4-cdx1a	24	head mesenchyme	8	32.0	-0.0033394023384106	0.09166767931913529	0.21569820434690298	False
cdx4-cdx1a|head mesenchyme (maybe ventral, hand2+)|24	cdx4-cdx1a	24	head mesenchyme (maybe ventral, hand2+)	8	32.0	-0.002185788235348613	0.4822628599266505	0.6487634825355881	False
cdx4-cdx1a|head mesenchyme/PA cartilage|24	cdx4-cdx1a	24	head mesenchyme/PA cartilage	8	32.0	0.0012107988433341967	0.4609318848004028	0.6298359807729133	False
cdx4-cdx1a|head/eye connective tissue|24	cdx4-cdx1a	24	head/eye connective tissue	8	32.0	0.01330745419887805	0.018012727502285667	0.0695090442814682	False
cdx4-cdx1a|hypochord|24	cdx4-cdx1a	24	hypochord	6	32.0	0.0009687185566895852	0.2655437042920924	0.4391409753864244	False
cdx4-cdx1a|hypophysis/locus coeruleus|24	cdx4-cdx1a	24	hypophysis/locus coeruleus	3	22.0	0.00019988002521985153	0.3429837168659062	0.5208242227088543	False
cdx4-cdx1a|intestine|24	cdx4-cdx1a	24	intestine	8	32.0	0.0001730823503431119	0.8939887898531044	0.9408772421287116	False
cdx4-cdx1a|ionocyte/goblet cell|24	cdx4-cdx1a	24	ionocyte/goblet cell	8	32.0	0.0049362661282317324	0.1489801028908778	0.2974677835666716	False
cdx4-cdx1a|iridophore|24	cdx4-cdx1a	24	iridophore	6	24.0	0.0003731130022995542	0.4013123004513079	0.5764635184822613	False
cdx4-cdx1a|lens|24	cdx4-cdx1a	24	lens	8	32.0	-0.0004825128127028868	0.76223315692367	0.8555809675266531	False
cdx4-cdx1a|mature fast muscle|24	cdx4-cdx1a	24	mature fast muscle	8	32.0	-0.01844247852454134	0.1467789397393737	0.29452313181496115	False
cdx4-cdx1a|mature slow muscle|24	cdx4-cdx1a	24	mature slow muscle	8	32.0	-0.0016219301282850637	0.8134766912612454	0.8890130958235095	False
cdx4-cdx1a|melanophore|24	cdx4-cdx1a	24	melanophore	8	32.0	-0.0010497986189175398	0.38747618380547455	0.5632857670941541	False
cdx4-cdx1a|mesodermal progenitor cells (contains PSM)|24	cdx4-cdx1a	24	mesodermal progenitor cells (contains PSM)	6	32.0	-0.0033837139820302293	0.023004086910961802	0.0828521178988299	False
cdx4-cdx1a|motor neuron|24	cdx4-cdx1a	24	motor neuron	6	32.0	-0.0012536678174080947	0.016891543339407466	0.06685187938675557	False
cdx4-cdx1a|myeloid cell|24	cdx4-cdx1a	24	myeloid cell	8	32.0	0.00042965802354923144	0.7067358684807787	0.8200693596055367	False
cdx4-cdx1a|myoblast|24	cdx4-cdx1a	24	myoblast	5	32.0	-0.002966011789871945	8.905936459226873e-06	0.00021757333739545065	True
cdx4-cdx1a|neural crest + pigment cell progenitor|24	cdx4-cdx1a	24	neural crest + pigment cell progenitor	7	32.0	-0.0027681605707348027	0.0007602283222741683	0.006863746197706316	True
cdx4-cdx1a|neural progenitor (MHB)|24	cdx4-cdx1a	24	neural progenitor (MHB)	8	32.0	-0.003010096338722325	0.43753550892590576	0.6111884500341904	False
cdx4-cdx1a|neural progenitor (hindbrain R7/8)|24	cdx4-cdx1a	24	neural progenitor (hindbrain R7/8)	8	32.0	-0.01290757058689529	0.00030504718925691577	0.0034591101921709988	True
cdx4-cdx1a|neural progenitor (hindbrain)|24	cdx4-cdx1a	24	neural progenitor (hindbrain)	8	32.0	-0.008451013242552374	0.3104293422678848	0.48927964406311547	False
cdx4-cdx1a|neural progenitor (telencephalon/diencephalon)|24	cdx4-cdx1a	24	neural progenitor (telencephalon/diencephalon)	8	32.0	-0.0015787739287116062	0.7469032125782766	0.8460913480365919	False
cdx4-cdx1a|neural tube-like connective tissue (+ taste bud)|24	cdx4-cdx1a	24	neural tube-like connective tissue (+ taste bud)	8	32.0	0.006984683128050189	0.03611631662489403	0.11339823013375354	False
cdx4-cdx1a|neuromast support cell|24	cdx4-cdx1a	24	neuromast support cell	8	32.0	0.0004972429842994381	0.703290049517947	0.8178793102986976	False
cdx4-cdx1a|neuron (+ spinal cord)|24	cdx4-cdx1a	24	neuron (+ spinal cord)	3	30.0	0.0009652287866197932	0.0028250827811421787	0.018243610379679084	True
cdx4-cdx1a|neuron (cranial ganglia sensory, Rohon-Beard)|24	cdx4-cdx1a	24	neuron (cranial ganglia sensory, Rohon-Beard)	8	32.0	-0.0011632108786502771	0.40572126736236325	0.5809131268310501	False
cdx4-cdx1a|neuron (dopaminergic)|24	cdx4-cdx1a	24	neuron (dopaminergic)	2	10.0	0.00036990771760879004	0.000715448814554849	0.006539418669486893	True
cdx4-cdx1a|neuron (telencephalon, glutamatergic)|24	cdx4-cdx1a	24	neuron (telencephalon, glutamatergic)	3	29.0	-7.838542211834813e-05	0.8845686955373532	0.9353849430053647	False
cdx4-cdx1a|neurons (differentiating, contains peripheral)|24	cdx4-cdx1a	24	neurons (differentiating, contains peripheral)	8	32.0	-0.0027537159062323473	0.023155639790934626	0.08330764830035765	False
cdx4-cdx1a|neurons (gabaergic, glutamatergic)|24	cdx4-cdx1a	24	neurons (gabaergic, glutamatergic)	8	31.0	-0.001956057639319109	0.05465840296846421	0.15169083557862664	False
cdx4-cdx1a|neurons (gabaergic, glutamatergic; contains Purkinje)|24	cdx4-cdx1a	24	neurons (gabaergic, glutamatergic; contains Purkinje)	8	31.0	-0.0016704741359536536	0.0074745330148481386	0.03762747869974688	True
cdx4-cdx1a|notochord|24	cdx4-cdx1a	24	notochord	8	32.0	0.0060510978358719915	0.13473731267580147	0.2784818689183914	False
cdx4-cdx1a|olfactory vesicle/bulb|24	cdx4-cdx1a	24	olfactory vesicle/bulb	5	32.0	-0.0004630129643267327	0.2684546121857634	0.4423210756197366	False
cdx4-cdx1a|pancreas|24	cdx4-cdx1a	24	pancreas	6	27.0	0.0009330842974676278	0.012022727062397362	0.052629131310692016	False
cdx4-cdx1a|pectoral fin bud (osteoblast+)|24	cdx4-cdx1a	24	pectoral fin bud (osteoblast+)	7	32.0	-0.012404908538393242	7.630311070466723e-09	5.707058196252762e-07	True
cdx4-cdx1a|periderm|24	cdx4-cdx1a	24	periderm	8	32.0	0.10878744702357392	0.012412869434218888	0.053946054539165796	False
cdx4-cdx1a|pharyngeal arch (NC-derived)|24	cdx4-cdx1a	24	pharyngeal arch (NC-derived)	8	32.0	-0.007497463307193055	0.05545526572334966	0.15334814153898574	False
cdx4-cdx1a|pharyngeal arch (contains muscle, early cartilage)|24	cdx4-cdx1a	24	pharyngeal arch (contains muscle, early cartilage)	4	30.0	0.0005944839593086816	0.2620826837342183	0.435034807115127	False
cdx4-cdx1a|pharyngeal arch (early)|24	cdx4-cdx1a	24	pharyngeal arch (early)	8	32.0	-0.00015283789650323391	0.9249877329187353	0.9581517514021818	False
cdx4-cdx1a|pharynx|24	cdx4-cdx1a	24	pharynx	8	31.0	3.331789200551713e-05	0.9232908780549892	0.9574979168118484	False
cdx4-cdx1a|posterior lateral line primordium|24	cdx4-cdx1a	24	posterior lateral line primordium	7	31.0	-0.0010537017289438048	0.13152393842136187	0.2738021838377035	False
cdx4-cdx1a|posterior spinal cord progenitors|24	cdx4-cdx1a	24	posterior spinal cord progenitors	7	32.0	-0.004654646440959117	2.06515299660397e-09	1.905964119782414e-07	True
cdx4-cdx1a|primordial germ cell|24	cdx4-cdx1a	24	primordial germ cell	6	27.0	-0.00036605094201728897	0.3238683793877247	0.5032987327014571	False
cdx4-cdx1a|pronephric duct|24	cdx4-cdx1a	24	pronephric duct	4	23.0	-0.00029979082631530327	0.16824875449821966	0.3224555672316476	False
cdx4-cdx1a|pronephric podocyte|24	cdx4-cdx1a	24	pronephric podocyte	1	15.0	0.00035060566502808656			False
cdx4-cdx1a|pronephros distal tubule|24	cdx4-cdx1a	24	pronephros distal tubule	4	32.0	-0.0017036361933435158	0.1890778049446689	0.3482322654815202	False
cdx4-cdx1a|pronephros proximal tubule|24	cdx4-cdx1a	24	pronephros proximal tubule	8	32.0	0.0007702580064453783	0.5505734933908301	0.7064222559532856	False
cdx4-cdx1a|red blood cell|24	cdx4-cdx1a	24	red blood cell	5	31.0	-0.004240298628881959	0.00013078934374212583	0.0017956512172860044	True
cdx4-cdx1a|retinal neuron|24	cdx4-cdx1a	24	retinal neuron	8	30.0	-0.0038464617992466253	0.00025606003405440904	0.0030276137478497294	True
cdx4-cdx1a|retinal pigmented epithelium (early)|24	cdx4-cdx1a	24	retinal pigmented epithelium (early)	8	31.0	-0.00019853177260072824	0.5893873542828914	0.7360676441165692	False
cdx4-cdx1a|roof plate, flexural + subcommissural organ|24	cdx4-cdx1a	24	roof plate, flexural + subcommissural organ	7	31.0	-0.00025881054418840175	0.33930387510447857	0.5170221188127458	False
cdx4-cdx1a|satellite cells|24	cdx4-cdx1a	24	satellite cells	5	32.0	0.00019314171028056264	0.7067776106035981	0.8200693596055367	False
cdx4-cdx1a|slow-committed myocyte|24	cdx4-cdx1a	24	slow-committed myocyte	5	31.0	-0.002299003405240913	0.0025555759863300793	0.016964837591571805	True
cdx4-cdx1a|support cells/otic vesicle|24	cdx4-cdx1a	24	support cells/otic vesicle	8	32.0	-0.001131851270798281	0.5059766908733883	0.6694972343396386	False
cdx4-cdx1a|thyroid follicle cell|24	cdx4-cdx1a	24	thyroid follicle cell	1	19.0	-0.000877343744528242			False
cdx4-cdx1a|unknown|24	cdx4-cdx1a	24	unknown	2					False
cdx4-cdx1a|xanthophore|24	cdx4-cdx1a	24	xanthophore	8	31.0	-0.0017332602606761902	0.12547623941531652	0.2654413529789133	False
cdx4-cdx1a|KA neuron|36	cdx4-cdx1a	36	KA neuron	7	44.0	-0.0008217933697210984	0.00034366218398905566	0.0037997258113265805	True
cdx4-cdx1a|adrenal gland|36	cdx4-cdx1a	36	adrenal gland	7	15.0	0.0001990303119083571	0.22109209630929144	0.38601076720316385	False
cdx4-cdx1a|anterior migratory muscle|36	cdx4-cdx1a	36	anterior migratory muscle	8	44.0	0.0015017826375434834	0.3172426003919005	0.49642705416388233	False
cdx4-cdx1a|basal cell|36	cdx4-cdx1a	36	basal cell	8	44.0	0.05171582882895398	1.967860318895281e-05	0.0004073654772292568	True
cdx4-cdx1a|cardiomyocyte|36	cdx4-cdx1a	36	cardiomyocyte	8	44.0	0.0012197958498607131	0.25388481373621	0.42551627647085616	False
cdx4-cdx1a|connective tissue-meninges-dermal FB|36	cdx4-cdx1a	36	connective tissue-meninges-dermal FB	8	44.0	-0.023036505539726027	0.00010379950854646907	0.001486525289420877	True
cdx4-cdx1a|contains head vasculature?|36	cdx4-cdx1a	36	contains head vasculature?	7	31.0	0.00011619165590715116	0.43506126655449595	0.6090124533925901	False
cdx4-cdx1a|cranial muscle (early)|36	cdx4-cdx1a	36	cranial muscle (early)	8	44.0	0.012582949585831216	9.766515911332272e-05	0.00141699777796513	True
cdx4-cdx1a|cranial muscle (late)|36	cdx4-cdx1a	36	cranial muscle (late)	1	6.0	-5.3004401011400026e-05			False
cdx4-cdx1a|cranial muscle (mid)|36	cdx4-cdx1a	36	cranial muscle (mid)	8	36.0	0.0008163179061370055	0.03574122551969838	0.11268232278145073	False
cdx4-cdx1a|cranial muscle (non-somitic, fast-twitch)|36	cdx4-cdx1a	36	cranial muscle (non-somitic, fast-twitch)	8	44.0	-8.061861800614384e-05	0.9149480756898943	0.9532502293758777	False
cdx4-cdx1a|cranial muscle (progenitor)|36	cdx4-cdx1a	36	cranial muscle (progenitor)	5	37.0	-0.0004380546851726541	0.08135683267472302	0.1981150576348914	False
cdx4-cdx1a|cranial neural crest|36	cdx4-cdx1a	36	cranial neural crest	8	44.0	0.00480610428524026	0.0018291275904359838	0.013088299636516436	True
cdx4-cdx1a|differentiating neuron (hindbrain)|36	cdx4-cdx1a	36	differentiating neuron (hindbrain)	8	44.0	0.0042018214052689795	0.15435661855439764	0.30465010180221846	False
cdx4-cdx1a|differentiating neuron 1|36	cdx4-cdx1a	36	differentiating neuron 1	8	43.0	0.0012630502411086972	0.5262839119997604	0.6871991737548454	False
cdx4-cdx1a|differentiating neuron 2|36	cdx4-cdx1a	36	differentiating neuron 2	8	43.0	0.0019285910413369524	0.006171702643091946	0.032967012912657544	True
cdx4-cdx1a|dorsal spinal cord neuron|36	cdx4-cdx1a	36	dorsal spinal cord neuron	5	26.0	0.00034097606152598303	0.09764714174145012	0.22452085012869757	False
cdx4-cdx1a|endothelium (dorsal aorta)|36	cdx4-cdx1a	36	endothelium (dorsal aorta)	8	44.0	0.003860134438252916	9.030135391507501e-06	0.00021979944936471554	True
cdx4-cdx1a|endothelium (f8+, clic2+)|36	cdx4-cdx1a	36	endothelium (f8+, clic2+)	8	44.0	0.0001865801628928227	0.49778455395115506	0.6619992761680714	False
cdx4-cdx1a|endothelium (vein + early artery)|36	cdx4-cdx1a	36	endothelium (vein + early artery)	8	44.0	0.00453978286131199	0.0013579597051939256	0.010578713060977298	True
cdx4-cdx1a|eye, optic cup|36	cdx4-cdx1a	36	eye, optic cup	8	44.0	0.00962945245855016	0.017451662624338272	0.06795410706933763	False
cdx4-cdx1a|fast-committed myocyte|36	cdx4-cdx1a	36	fast-committed myocyte	5	24.0	-0.0002259963892699366	0.21005865347907718	0.3724225593299007	False
cdx4-cdx1a|fin bud mesoderm (pectoral)|36	cdx4-cdx1a	36	fin bud mesoderm (pectoral)	7	40.0	-0.0015095612446514668	5.029536673648837e-05	0.0008461081315543423	True
cdx4-cdx1a|fin fold|36	cdx4-cdx1a	36	fin fold	8	44.0	-0.01927381645883157	4.364438085802476e-09	3.536791595141153e-07	True
cdx4-cdx1a|fin mesenchyme|36	cdx4-cdx1a	36	fin mesenchyme	3	30.0	2.9624684214169927e-05	0.9241465570237123	0.9576606757632983	False
cdx4-cdx1a|floor plate|36	cdx4-cdx1a	36	floor plate	8	44.0	0.006119413096200826	0.0017226353044988315	0.012510285899884956	True
cdx4-cdx1a|glia|36	cdx4-cdx1a	36	glia	7	44.0	-0.0009331459532483436	0.022533176394968938	0.08164283377566445	False
cdx4-cdx1a|hair cell|36	cdx4-cdx1a	36	hair cell	8	39.0	0.0004766880625023406	0.3319566370654975	0.5118450625690966	False
cdx4-cdx1a|hatching gland|36	cdx4-cdx1a	36	hatching gland	8	44.0	-0.005038260147297658	0.018451228146929365	0.07054569104507803	False
cdx4-cdx1a|head mesenchyme|36	cdx4-cdx1a	36	head mesenchyme	8	44.0	-0.0037467842769874395	0.037897723251970175	0.11718490972980075	False
cdx4-cdx1a|head mesenchyme (maybe ventral, hand2+)|36	cdx4-cdx1a	36	head mesenchyme (maybe ventral, hand2+)	8	44.0	0.00910424423185549	0.005609479658745581	0.03062858860506523	True
cdx4-cdx1a|head mesenchyme/PA cartilage|36	cdx4-cdx1a	36	head mesenchyme/PA cartilage	8	43.0	0.005223702758730417	0.008206984805270219	0.03960451273131489	True
cdx4-cdx1a|head/eye connective tissue|36	cdx4-cdx1a	36	head/eye connective tissue	8	44.0	0.0026694750477412295	0.0009069529845000775	0.007826886470133786	True
cdx4-cdx1a|hypochord|36	cdx4-cdx1a	36	hypochord	5	38.0	7.345108029984749e-05	0.7529020394929734	0.8499887958598044	False
cdx4-cdx1a|hypophysis/locus coeruleus|36	cdx4-cdx1a	36	hypophysis/locus coeruleus	8	41.0	0.0005884770249899887	0.004479563079973055	0.02572438534250676	True
cdx4-cdx1a|intestine|36	cdx4-cdx1a	36	intestine	8	44.0	0.0008368169105932594	0.5777436260343289	0.7265530649125882	False
cdx4-cdx1a|ionocyte/goblet cell|36	cdx4-cdx1a	36	ionocyte/goblet cell	8	44.0	-0.0011287263963258298	0.08440748513766322	0.203146591358121	False
cdx4-cdx1a|iridophore|36	cdx4-cdx1a	36	iridophore	8	44.0	0.0003927518159888032	0.30849365910438575	0.4872689243519476	False
cdx4-cdx1a|jaw chondrocyte|36	cdx4-cdx1a	36	jaw chondrocyte	1	7.0	4.330923613400005e-05			False
cdx4-cdx1a|lens|36	cdx4-cdx1a	36	lens	8	43.0	-0.00029922000220998154	0.6222986917071823	0.7590262126274279	False
cdx4-cdx1a|liver|36	cdx4-cdx1a	36	liver	8	36.0	0.0007419031176623251	0.04416887069868151	0.1299256953487112	False
cdx4-cdx1a|mature fast muscle|36	cdx4-cdx1a	36	mature fast muscle	8	44.0	-0.02302581284257897	0.05179049103953774	0.1453940908144184	False
cdx4-cdx1a|mature slow muscle|36	cdx4-cdx1a	36	mature slow muscle	8	44.0	-0.008596130820306712	0.013186310054969905	0.05636916149407655	False
cdx4-cdx1a|melanophore|36	cdx4-cdx1a	36	melanophore	8	44.0	0.003698206588163353	0.0009954863296099902	0.00839467850286597	True
cdx4-cdx1a|mesodermal progenitor cells (contains PSM)|36	cdx4-cdx1a	36	mesodermal progenitor cells (contains PSM)	1	12.0	-4.677481225838335e-05			False
cdx4-cdx1a|motor neuron|36	cdx4-cdx1a	36	motor neuron	8	43.0	0.0007807107134576181	0.32137446932667313	0.5005938463843749	False
cdx4-cdx1a|myeloid cell|36	cdx4-cdx1a	36	myeloid cell	8	43.0	0.0016717072763628611	0.007384009536885952	0.037313112830879964	True
cdx4-cdx1a|neural crest + pigment cell progenitor|36	cdx4-cdx1a	36	neural crest + pigment cell progenitor	6	19.0	3.7607106083996453e-05	0.7559349246192023	0.8514018018155086	False
cdx4-cdx1a|neural progenitor (MHB)|36	cdx4-cdx1a	36	neural progenitor (MHB)	8	43.0	0.004253065725247817	0.025646209361242123	0.08945882477976583	False
cdx4-cdx1a|neural progenitor (hindbrain R7/8)|36	cdx4-cdx1a	36	neural progenitor (hindbrain R7/8)	8	44.0	-0.003973130967214812	0.03649259865806034	0.1142220056913853	False
cdx4-cdx1a|neural progenitor (hindbrain)|36	cdx4-cdx1a	36	neural progenitor (hindbrain)	8	43.0	0.00599768309613369	0.003129087486299999	0.01959734811165268	True
cdx4-cdx1a|neural progenitor (telencephalon/diencephalon)|36	cdx4-cdx1a	36	neural progenitor (telencephalon/diencephalon)	8	44.0	0.008072571021587736	0.0074384791859853335	0.037474370121965535	True
cdx4-cdx1a|neural tube-like connective tissue (+ taste bud)|36	cdx4-cdx1a	36	neural tube-like connective tissue (+ taste bud)	8	44.0	0.007684284805493508	0.0003010930730024072	0.0034377379211357312	True
cdx4-cdx1a|neuromast support cell|36	cdx4-cdx1a	36	neuromast support cell	8	44.0	0.004958750612485276	0.0017970961934354291	0.012896008861099813	True
cdx4-cdx1a|neuron (+ spinal cord)|36	cdx4-cdx1a	36	neuron (+ spinal cord)	8	42.0	0.0012271220334107561	0.0873077334092122	0.20824116601012746	False
cdx4-cdx1a|neuron (cranial ganglia sensory, Rohon-Beard)|36	cdx4-cdx1a	36	neuron (cranial ganglia sensory, Rohon-Beard)	8	44.0	0.0026752098105419335	0.011591064950212721	0.051348417729442354	False
cdx4-cdx1a|neuron (dopaminergic)|36	cdx4-cdx1a	36	neuron (dopaminergic)	5	22.0	0.000592725802238462	0.018153396597419238	0.06983955677598715	False
cdx4-cdx1a|neuron (telencephalon, glutamatergic)|36	cdx4-cdx1a	36	neuron (telencephalon, glutamatergic)	8	43.0	0.0033251638342889716	0.0012396211605439854	0.00984143681220404	True
cdx4-cdx1a|neurons (differentiating, contains peripheral)|36	cdx4-cdx1a	36	neurons (differentiating, contains peripheral)	8	44.0	0.017910151693498362	0.0008756086817497919	0.007645755177696935	True
cdx4-cdx1a|neurons (gabaergic, glutamatergic)|36	cdx4-cdx1a	36	neurons (gabaergic, glutamatergic)	8	44.0	0.009460465370814559	1.582127603571586e-06	5.256618962866595e-05	True
cdx4-cdx1a|neurons (gabaergic, glutamatergic; contains Purkinje)|36	cdx4-cdx1a	36	neurons (gabaergic, glutamatergic; contains Purkinje)	8	44.0	0.013556409570148462	7.140051443848835e-05	0.001123662511248511	True
cdx4-cdx1a|notochord|36	cdx4-cdx1a	36	notochord	8	44.0	0.0006249635466463455	0.7124703184782751	0.8237009765854976	False
cdx4-cdx1a|olfactory vesicle/bulb|36	cdx4-cdx1a	36	olfactory vesicle/bulb	8	43.0	0.0014775949889162254	0.1199867670219393	0.25821860847404027	False
cdx4-cdx1a|osteoblast|36	cdx4-cdx1a	36	osteoblast	2	1.0	0.00022233202032510003			False
cdx4-cdx1a|pancreas|36	cdx4-cdx1a	36	pancreas	8	37.0	0.0011052033428216302	0.007493407549810136	0.03766542599734369	True
cdx4-cdx1a|pectoral fin bud (osteoblast+)|36	cdx4-cdx1a	36	pectoral fin bud (osteoblast+)	8	44.0	-0.0025457326761290705	3.351165585963959e-05	0.0006151518043848208	True
cdx4-cdx1a|periderm|36	cdx4-cdx1a	36	periderm	8	44.0	-0.16303003078445272	3.4699477184931466e-16	1.152890129469348e-13	True
cdx4-cdx1a|periocular mesenchyme|36	cdx4-cdx1a	36	periocular mesenchyme	8	44.0	0.0007172263912898708	0.24609026015030955	0.4173736035474239	False
cdx4-cdx1a|pharyngeal arch (NC-derived)|36	cdx4-cdx1a	36	pharyngeal arch (NC-derived)	7	42.0	-0.0014537625451571169	1.9001051975313503e-07	8.306709893155147e-06	True
cdx4-cdx1a|pharyngeal arch (contains muscle, early cartilage)|36	cdx4-cdx1a	36	pharyngeal arch (contains muscle, early cartilage)	8	44.0	0.0050580049107679876	0.002946003633043812	0.018769121899881235	True
cdx4-cdx1a|pharyngeal arch (early)|36	cdx4-cdx1a	36	pharyngeal arch (early)	8	44.0	0.02765468630436819	4.922972698788867e-05	0.0008323957654822398	True
cdx4-cdx1a|pharynx|36	cdx4-cdx1a	36	pharynx	3	29.0	2.985337394988965e-05	0.8660773511430708	0.9239178035552585	False
cdx4-cdx1a|posterior lateral line primordium|36	cdx4-cdx1a	36	posterior lateral line primordium	8	40.0	0.000537843417130135	0.3851648769737058	0.5611765332856771	False
cdx4-cdx1a|posterior spinal cord progenitors|36	cdx4-cdx1a	36	posterior spinal cord progenitors	8	43.0	-0.002695211267865959	3.078202543651775e-05	0.0005729595490914859	True
cdx4-cdx1a|primordial germ cell|36	cdx4-cdx1a	36	primordial germ cell	5	34.0	-0.00027521780541430585	0.07104229528932968	0.1806146970420583	False
cdx4-cdx1a|pronephric duct|36	cdx4-cdx1a	36	pronephric duct	1	31.0	-0.0006911015462743482			False
cdx4-cdx1a|pronephric podocyte|36	cdx4-cdx1a	36	pronephric podocyte	8	27.0	7.53579906319111e-05	0.5755881425355315	0.7248025785765789	False
cdx4-cdx1a|pronephros distal tubule|36	cdx4-cdx1a	36	pronephros distal tubule	8	44.0	-0.0022533461950334597	0.0001417002167335977	0.0018983829439410418	True
cdx4-cdx1a|pronephros proximal tubule|36	cdx4-cdx1a	36	pronephros proximal tubule	8	44.0	0.003622978720461842	0.04946859981012441	0.14083926552625395	False
cdx4-cdx1a|red blood cell|36	cdx4-cdx1a	36	red blood cell	3	39.0	-0.0008044156578418565	0.0004984951497272345	0.005026555796566727	True
cdx4-cdx1a|retinal neuron|36	cdx4-cdx1a	36	retinal neuron	8	44.0	0.0032112307967168442	0.16440642693841245	0.3179513117013244	False
cdx4-cdx1a|retinal pigmented epithelium (early)|36	cdx4-cdx1a	36	retinal pigmented epithelium (early)	8	43.0	0.003804364914848391	0.033069662452873724	0.10715557470282415	False
cdx4-cdx1a|retinal pigmented epithelium (late)|36	cdx4-cdx1a	36	retinal pigmented epithelium (late)	1	1.0	-0.0001285177506688			False
cdx4-cdx1a|roof plate, flexural + subcommissural organ|36	cdx4-cdx1a	36	roof plate, flexural + subcommissural organ	8	43.0	0.00188897404111384	0.0004350876227469123	0.004510385730348256	True
cdx4-cdx1a|satellite cells|36	cdx4-cdx1a	36	satellite cells	4	22.0	2.7882772546875066e-05	0.765686349581398	0.8582866469377329	False
cdx4-cdx1a|support cells/otic vesicle|36	cdx4-cdx1a	36	support cells/otic vesicle	8	44.0	0.003371539208006093	0.0015350192115074395	0.011486714707733036	True
cdx4-cdx1a|thyroid follicle cell|36	cdx4-cdx1a	36	thyroid follicle cell	5	29.0	-0.00035396166254096965	0.35959938561735205	0.5364925723905039	False
cdx4-cdx1a|unknown|36	cdx4-cdx1a	36	unknown	7					False
cdx4-cdx1a|xanthophore|36	cdx4-cdx1a	36	xanthophore	8	44.0	0.00028514411512592895	0.7096653949939644	0.8218415039621634	False
egr2b|KA neuron|18	egr2b	18	KA neuron	8	17.0	0.0002117461689184405	0.5008261707867518	0.6649330479276656	False
egr2b|anterior migratory muscle|18	egr2b	18	anterior migratory muscle	8	23.0	-7.344485123020328e-05	0.9742240423941662	0.9872100554822759	False
egr2b|basal cell|18	egr2b	18	basal cell	5	14.0	0.00015551729038138006	0.32471994884461014	0.504386175800008	False
egr2b|cardiomyocyte|18	egr2b	18	cardiomyocyte	8	23.0	-0.0017603085115171935	0.040174546909454247	0.1220446309328685	False
egr2b|connective tissue-meninges-dermal FB|18	egr2b	18	connective tissue-meninges-dermal FB	8	23.0	-0.019996258301026165	6.078094593084373e-10	6.403978200463663e-08	True
egr2b|contains head vasculature?|18	egr2b	18	contains head vasculature?	8	23.0	-0.004575690186147603	0.005512408560606907	0.030222735053822523	True
egr2b|cranial muscle (early)|18	egr2b	18	cranial muscle (early)	4	5.0	-0.00013598628510245005	0.5141683724710324	0.6768321781042018	False
egr2b|cranial muscle (mid)|18	egr2b	18	cranial muscle (mid)	5	7.0	0.0003074882362692629	0.3005868194545608	0.47968285669441796	False
egr2b|cranial muscle (non-somitic, fast-twitch)|18	egr2b	18	cranial muscle (non-somitic, fast-twitch)	8	22.0	-0.0009200253766917217	0.1632112235872108	0.31637648212865105	False
egr2b|cranial muscle (progenitor)|18	egr2b	18	cranial muscle (progenitor)	8	23.0	-0.00419236358225708	0.016687417112215344	0.06636019551805564	False
egr2b|cranial neural crest|18	egr2b	18	cranial neural crest	8	23.0	0.0006875582329392161	0.3599051177119307	0.5368281722100515	False
egr2b|differentiating neuron (hindbrain)|18	egr2b	18	differentiating neuron (hindbrain)	8	23.0	-0.0002660881694592568	0.7247422461343056	0.8311974312717989	False
egr2b|differentiating neuron 1|18	egr2b	18	differentiating neuron 1	8	23.0	0.003563743056345603	0.02548794385787241	0.08914072996608535	False
egr2b|differentiating neuron 2|18	egr2b	18	differentiating neuron 2	8	23.0	0.0014484642310491173	0.02348621058156527	0.08408721407031315	False
egr2b|dorsal spinal cord neuron|18	egr2b	18	dorsal spinal cord neuron	1	8.0	5.041755666375294e-07			False
egr2b|endothelium (dorsal aorta)|18	egr2b	18	endothelium (dorsal aorta)	8	23.0	-0.0005539151331845427	0.4096906925730668	0.584079522022748	False
egr2b|endothelium (f8+, clic2+)|18	egr2b	18	endothelium (f8+, clic2+)	8	18.0	-0.0006071290582479068	0.12555036454668542	0.2654413529789133	False
egr2b|endothelium (vein + early artery)|18	egr2b	18	endothelium (vein + early artery)	8	23.0	0.0032013036197252563	0.0645439786592393	0.16945663302672664	False
egr2b|eye, optic cup|18	egr2b	18	eye, optic cup	8	23.0	-0.00088609942884528	0.8649823972335425	0.9236394069768423	False
egr2b|fast-committed myocyte|18	egr2b	18	fast-committed myocyte	8	23.0	-0.0003329872017794333	0.9571350132591798	0.9780683839327359	False
egr2b|fin bud mesoderm (pectoral)|18	egr2b	18	fin bud mesoderm (pectoral)	1	5.0	-7.250003263696011e-05			False
egr2b|fin fold|18	egr2b	18	fin fold	1	11.0	-0.00015909839292310908			False
egr2b|fin mesenchyme|18	egr2b	18	fin mesenchyme	8	23.0	-0.016341938553089946	1.1651202530815005e-07	5.490939065054306e-06	True
egr2b|floor plate|18	egr2b	18	floor plate	8	23.0	0.00185830746428495	0.1293104933799045	0.2706356625226663	False
egr2b|glia|18	egr2b	18	glia	5	13.0	0.0003174419854960664	0.40115977219551713	0.5764635184822613	False
egr2b|hair cell|18	egr2b	18	hair cell	4	11.0	-9.397415578692267e-05	0.6142753823857869	0.75297176092115	False
egr2b|hatching gland|18	egr2b	18	hatching gland	7	23.0	-0.0008383089593260581	0.17341949310031612	0.33000358867457064	False
egr2b|head mesenchyme|18	egr2b	18	head mesenchyme	8	23.0	0.0027429812707120606	0.13615369979215414	0.2798457578468494	False
egr2b|head mesenchyme (maybe ventral, hand2+)|18	egr2b	18	head mesenchyme (maybe ventral, hand2+)	8	23.0	0.0008795321319471118	0.7280209598854164	0.8336548816885391	False
egr2b|head mesenchyme/PA cartilage|18	egr2b	18	head mesenchyme/PA cartilage	8	23.0	0.00047066546131998774	0.6296955077157924	0.7643323645080902	False
egr2b|head/eye connective tissue|18	egr2b	18	head/eye connective tissue	8	23.0	-0.007009877956695276	0.005033227186438911	0.02810570979318198	True
egr2b|hypochord|18	egr2b	18	hypochord	7	22.0	-0.00017924755626663519	0.6809245069365744	0.8007828179303478	False
egr2b|hypophysis/locus coeruleus|18	egr2b	18	hypophysis/locus coeruleus	2	9.0	-0.0003698575087869501	0.0666884379156239	0.1734421408803604	False
egr2b|intestine|18	egr2b	18	intestine	8	23.0	-0.0001377248076451093	0.9243695371475991	0.9576606757632983	False
egr2b|ionocyte/goblet cell|18	egr2b	18	ionocyte/goblet cell	8	23.0	-0.0064257862746425875	0.0011324660840194042	0.009284475101997931	True
egr2b|iridophore|18	egr2b	18	iridophore	5	8.0	-0.00018773321197947741	0.1714999435194664	0.32728808865216946	False
egr2b|lens|18	egr2b	18	lens	8	23.0	-0.003281775060378392	0.0345218529534317	0.1102873619594008	False
egr2b|liver|18	egr2b	18	liver	1	1.0	-6.081486414349999e-05			False
egr2b|mature fast muscle|18	egr2b	18	mature fast muscle	8	23.0	0.02336894103717483	0.009365431379519507	0.04361127646594753	True
egr2b|mature slow muscle|18	egr2b	18	mature slow muscle	8	23.0	0.00837243421256706	0.2602251900814363	0.432902838977049	False
egr2b|melanophore|18	egr2b	18	melanophore	8	10.0	-0.0005163125422945798	0.17747890356353893	0.33453455650069686	False
egr2b|mesodermal progenitor cells (contains PSM)|18	egr2b	18	mesodermal progenitor cells (contains PSM)	8	23.0	0.0007316625163849878	0.8382237244946456	0.9059894816854208	False
egr2b|motor neuron|18	egr2b	18	motor neuron	7	22.0	0.0015954872520414663	0.015870134396003887	0.06402977720792097	False
egr2b|myeloid cell|18	egr2b	18	myeloid cell	8	23.0	0.0011852380550468168	0.07979234444928897	0.19541549274806683	False
egr2b|myoblast|18	egr2b	18	myoblast	8	23.0	-0.000625610056083397	0.7579522215001194	0.852420576100409	False
egr2b|neural crest + pigment cell progenitor|18	egr2b	18	neural crest + pigment cell progenitor	8	23.0	-0.0010324572461015962	0.250895344524568	0.4226107894463256	False
egr2b|neural progenitor (MHB)|18	egr2b	18	neural progenitor (MHB)	8	23.0	0.006592276660657342	0.07385203598530696	0.18551388059406637	False
egr2b|neural progenitor (hindbrain R7/8)|18	egr2b	18	neural progenitor (hindbrain R7/8)	8	23.0	0.010426336672409525	0.005748042446913227	0.031154765138448934	True
egr2b|neural progenitor (hindbrain)|18	egr2b	18	neural progenitor (hindbrain)	8	23.0	0.004786719393367278	0.5638963224634852	0.716341424432857	False
egr2b|neural progenitor (telencephalon/diencephalon)|18	egr2b	18	neural progenitor (telencephalon/diencephalon)	8	23.0	0.003564465607299512	0.5531903884936089	0.7085109507947062	False
egr2b|neural tube-like connective tissue (+ taste bud)|18	egr2b	18	neural tube-like connective tissue (+ taste bud)	8	23.0	-0.001450734626303225	0.3608966143353881	0.5378241763307141	False
egr2b|neuromast support cell|18	egr2b	18	neuromast support cell	8	23.0	0.0005988424880321273	0.4142663296567287	0.5891757965860774	False
egr2b|neuron (+ spinal cord)|18	egr2b	18	neuron (+ spinal cord)	8	22.0	0.0005664331550995214	0.03632072603315195	0.11389864298739723	False
egr2b|neuron (cranial ganglia sensory, Rohon-Beard)|18	egr2b	18	neuron (cranial ganglia sensory, Rohon-Beard)	8	23.0	0.0011558877676639944	0.28500871858960847	0.46158492201509826	False
egr2b|neuron (dopaminergic)|18	egr2b	18	neuron (dopaminergic)	2	2.0	-0.0001112375864200999	0.13498522664200696	0.27873736203733257	False
egr2b|neuron (telencephalon, glutamatergic)|18	egr2b	18	neuron (telencephalon, glutamatergic)	7	15.0	0.0006625500732609735	0.15028299471193626	0.29934967022206727	False
egr2b|neurons (differentiating, contains peripheral)|18	egr2b	18	neurons (differentiating, contains peripheral)	8	23.0	0.0015824128636427442	0.19525950947726378	0.3550847504011474	False
egr2b|neurons (gabaergic, glutamatergic)|18	egr2b	18	neurons (gabaergic, glutamatergic)	8	23.0	-0.0007241920791225443	0.19634122488785202	0.3561539505999072	False
egr2b|neurons (gabaergic, glutamatergic; contains Purkinje)|18	egr2b	18	neurons (gabaergic, glutamatergic; contains Purkinje)	8	21.0	0.0014107086509298943	0.032703572456177304	0.10641365691709807	False
egr2b|notochord|18	egr2b	18	notochord	8	23.0	0.00042757388106162697	0.873373787695023	0.9281255108321491	False
egr2b|olfactory vesicle/bulb|18	egr2b	18	olfactory vesicle/bulb	8	23.0	-0.0004376747779018999	0.5601949255909044	0.7138054229245561	False
egr2b|osteoblast|18	egr2b	18	osteoblast	1					False
egr2b|pancreas|18	egr2b	18	pancreas	5	15.0	0.00025009541194442647	0.18987427763733855	0.3493118978128778	False
egr2b|pectoral fin bud (osteoblast+)|18	egr2b	18	pectoral fin bud (osteoblast+)	8	23.0	-5.96412991917851e-06	0.9964406196364883	0.9978281912102014	False
egr2b|periderm|18	egr2b	18	periderm	8	23.0	-0.017609593568141436	0.2055054920861793	0.3666981726403495	False
egr2b|periocular mesenchyme|18	egr2b	18	periocular mesenchyme	1	4.0	2.2363399912199997e-05			False
egr2b|pharyngeal arch (NC-derived)|18	egr2b	18	pharyngeal arch (NC-derived)	8	23.0	-0.005307026609418574	0.01684378820426908	0.06682207320439883	False
egr2b|pharyngeal arch (contains muscle, early cartilage)|18	egr2b	18	pharyngeal arch (contains muscle, early cartilage)	7	20.0	0.0002233078620914751	0.630176564528163	0.7643323645080902	False
egr2b|pharyngeal arch (early)|18	egr2b	18	pharyngeal arch (early)	8	23.0	0.007622489432339289	2.1547826737871178e-05	0.00044329816926673063	True
egr2b|pharynx|18	egr2b	18	pharynx	7	23.0	-0.0010178113587061821	0.011517173479309027	0.05110659958769484	False
egr2b|posterior lateral line primordium|18	egr2b	18	posterior lateral line primordium	8	23.0	-0.0007622164444752019	0.37152939777994065	0.5468024027126701	False
egr2b|posterior spinal cord progenitors|18	egr2b	18	posterior spinal cord progenitors	8	23.0	0.004120338396270703	0.011757402535687259	0.05184335756446041	False
egr2b|primordial germ cell|18	egr2b	18	primordial germ cell	8	21.0	-0.001189727526912813	0.0044699041332659575	0.025694215368124815	True
egr2b|pronephric duct|18	egr2b	18	pronephric duct	6	16.0	0.00035587659791648757	0.4649943209983134	0.6338619968951011	False
egr2b|pronephric podocyte|18	egr2b	18	pronephric podocyte	4	7.0	-0.00027023767108092856	0.18785801286782816	0.3471948247363391	False
egr2b|pronephros distal tubule|18	egr2b	18	pronephros distal tubule	8	22.0	0.001162987306691115	0.3531380009794418	0.5307853464167362	False
egr2b|pronephros proximal tubule|18	egr2b	18	pronephros proximal tubule	8	23.0	-5.6266581023161136e-05	0.968497723818569	0.9840469992009772	False
egr2b|red blood cell|18	egr2b	18	red blood cell	8	21.0	0.0036595054734607207	0.06808374973939965	0.17583230354384402	False
egr2b|retinal neuron|18	egr2b	18	retinal neuron	8	23.0	0.0011215079567996455	0.44835942627431047	0.6181220721146874	False
egr2b|retinal pigmented epithelium (early)|18	egr2b	18	retinal pigmented epithelium (early)	8	23.0	0.0013957536760832744	0.10028547196181176	0.2289237242137544	False
egr2b|roof plate, flexural + subcommissural organ|18	egr2b	18	roof plate, flexural + subcommissural organ	8	19.0	0.001230973093965657	0.023628453478278442	0.08449954761297768	False
egr2b|satellite cells|18	egr2b	18	satellite cells	8	22.0	-0.0018713479317505432	0.001388806479209878	0.010751256462434123	True
egr2b|slow-committed myocyte|18	egr2b	18	slow-committed myocyte	8	23.0	-0.0022215396290382423	0.1682812525713124	0.3224555672316476	False
egr2b|support cells/otic vesicle|18	egr2b	18	support cells/otic vesicle	8	23.0	-0.0017465866101478225	0.08105055818741913	0.1975718852367572	False
egr2b|thyroid follicle cell|18	egr2b	18	thyroid follicle cell	6	12.0	-0.0026987332904658003	0.002279178581593924	0.01534462175753964	True
egr2b|unknown|18	egr2b	18	unknown	2					False
egr2b|xanthophore|18	egr2b	18	xanthophore	8	19.0	0.0002700450757143094	0.7277144136593825	0.8336548816885391	False
egr2b|KA neuron|24	egr2b	24	KA neuron	8	31.0	9.156134247483277e-05	0.7990377131289067	0.880531609244044	False
egr2b|anterior migratory muscle|24	egr2b	24	anterior migratory muscle	8	32.0	-0.0019224468118616937	0.2767127089056274	0.4518938192867766	False
egr2b|basal cell|24	egr2b	24	basal cell	8	23.0	8.727666557808208e-05	0.8384027099648008	0.9059894816854208	False
egr2b|cardiomyocyte|24	egr2b	24	cardiomyocyte	8	32.0	-0.0008900677688589125	0.01827452448023631	0.07015263730281357	False
egr2b|chondrocranium|24	egr2b	24	chondrocranium	1	1.0	-7.913201590729999e-05			False
egr2b|connective tissue-meninges-dermal FB|24	egr2b	24	connective tissue-meninges-dermal FB	8	32.0	-0.011061373601124087	0.00914937306453481	0.04285594494046655	True
egr2b|contains head vasculature?|24	egr2b	24	contains head vasculature?	8	32.0	-0.0023978108268894556	0.0005211429339163334	0.005207510971239151	True
egr2b|cranial muscle (early)|24	egr2b	24	cranial muscle (early)	7	22.0	6.17143325345248e-05	0.7581347787439303	0.852420576100409	False
egr2b|cranial muscle (mid)|24	egr2b	24	cranial muscle (mid)	4	5.0	3.404593166472997e-05	0.623792178087031	0.7599255029150435	False
egr2b|cranial muscle (non-somitic, fast-twitch)|24	egr2b	24	cranial muscle (non-somitic, fast-twitch)	8	32.0	0.0011886117220834278	0.20750435916065824	0.3693722117928138	False
egr2b|cranial muscle (progenitor)|24	egr2b	24	cranial muscle (progenitor)	8	32.0	-0.0029739802008172996	0.015160466342741088	0.06210930878391771	False
egr2b|cranial neural crest|24	egr2b	24	cranial neural crest	8	32.0	0.00016554905974046265	0.8254939529988528	0.8974815637561152	False
egr2b|differentiating neuron (hindbrain)|24	egr2b	24	differentiating neuron (hindbrain)	8	32.0	-0.0012645117423166884	0.15876713480009796	0.3107134379329988	False
egr2b|differentiating neuron 1|24	egr2b	24	differentiating neuron 1	8	32.0	0.0008873801831070748	0.553836829930533	0.7090067187002467	False
egr2b|differentiating neuron 2|24	egr2b	24	differentiating neuron 2	8	32.0	-3.6133293774220053e-06	0.9939213509290603	0.9964306402895109	False
egr2b|dorsal spinal cord neuron|24	egr2b	24	dorsal spinal cord neuron	1	9.0	-0.00011393601225624444			False
egr2b|endothelium (dorsal aorta)|24	egr2b	24	endothelium (dorsal aorta)	8	32.0	-0.0010803344474078097	0.19038413271015275	0.35006366016185897	False
egr2b|endothelium (f8+, clic2+)|24	egr2b	24	endothelium (f8+, clic2+)	6	31.0	0.00016635533812949725	0.48588334778117404	0.6516033997993746	False
egr2b|endothelium (vein + early artery)|24	egr2b	24	endothelium (vein + early artery)	8	32.0	0.001165157095712608	0.40725198746488034	0.5821014103471994	False
egr2b|eye, optic cup|24	egr2b	24	eye, optic cup	8	32.0	0.010885916665245285	0.0009023268133783604	0.007797652072956925	True
egr2b|fast-committed myocyte|24	egr2b	24	fast-committed myocyte	8	32.0	0.0013689069268989495	0.7906345315475217	0.8762118849455106	False
egr2b|fin fold|24	egr2b	24	fin fold	2	11.0	0.0003092766055823544	0.7075867420555384	0.8201489448733739	False
egr2b|fin mesenchyme|24	egr2b	24	fin mesenchyme	8	32.0	-0.011985310246804281	0.00015448031154897667	0.0020407985491907557	True
egr2b|floor plate|24	egr2b	24	floor plate	8	32.0	0.005214446335559118	0.01979859728407611	0.07432863217665862	False
egr2b|glia|24	egr2b	24	glia	7	28.0	0.0005141593383707643	0.03992675832378697	0.12164755115156552	False
egr2b|hair cell|24	egr2b	24	hair cell	5	23.0	-0.00016082433111408076	0.031649382736640294	0.10401095365231194	False
egr2b|hatching gland|24	egr2b	24	hatching gland	7	32.0	-0.0018878975171372128	0.040953093427156056	0.1235285092253527	False
egr2b|head mesenchyme|24	egr2b	24	head mesenchyme	8	32.0	-0.001197604960102374	0.4527740205079597	0.6225212904166689	False
egr2b|head mesenchyme (maybe ventral, hand2+)|24	egr2b	24	head mesenchyme (maybe ventral, hand2+)	8	32.0	0.001450998055698552	0.3980366173397537	0.5738670692607211	False
egr2b|head mesenchyme/PA cartilage|24	egr2b	24	head mesenchyme/PA cartilage	8	32.0	-0.004297015695960041	0.0004598576892798494	0.004715670285902159	True
egr2b|head/eye connective tissue|24	egr2b	24	head/eye connective tissue	8	32.0	-0.005931280755455966	0.08851630230916306	0.21047277829773736	False
egr2b|hypochord|24	egr2b	24	hypochord	8	32.0	0.0006524714154768935	0.15195726093164594	0.3012398564709986	False
egr2b|hypophysis/locus coeruleus|24	egr2b	24	hypophysis/locus coeruleus	7	22.0	0.00024261797886054686	0.20353583864683364	0.3647507140798839	False
egr2b|intestine|24	egr2b	24	intestine	8	32.0	0.0006487766556197982	0.7404485006563355	0.8418101470662543	False
egr2b|ionocyte/goblet cell|24	egr2b	24	ionocyte/goblet cell	8	32.0	-0.0002655027963487412	0.8915355353107566	0.9392291363521288	False
egr2b|iridophore|24	egr2b	24	iridophore	8	24.0	1.2404255175108405e-05	0.9682687793243008	0.9839648323306284	False
egr2b|lens|24	egr2b	24	lens	8	32.0	-0.0014225287039324377	0.43783872338720486	0.6114834629903272	False
egr2b|liver|24	egr2b	24	liver	1					False
egr2b|mature fast muscle|24	egr2b	24	mature fast muscle	8	32.0	0.00449156503339726	0.5949825892227796	0.7395546774009297	False
egr2b|mature slow muscle|24	egr2b	24	mature slow muscle	8	32.0	-0.001699889433105499	0.6617201961882633	0.7872888600231842	False
egr2b|melanophore|24	egr2b	24	melanophore	8	32.0	-0.002129395315843965	0.004465641458373082	0.025691937221549027	True
egr2b|mesodermal progenitor cells (contains PSM)|24	egr2b	24	mesodermal progenitor cells (contains PSM)	8	32.0	0.0032443538043086624	0.11221401970623487	0.24707162390587498	False
egr2b|motor neuron|24	egr2b	24	motor neuron	8	32.0	0.001772712853937135	0.044474925974877844	0.13042183720347011	False
egr2b|myeloid cell|24	egr2b	24	myeloid cell	8	32.0	0.0011754360907290694	0.16806210252658954	0.3224555672316476	False
egr2b|myoblast|24	egr2b	24	myoblast	8	32.0	0.002152723413494712	0.047897987255257596	0.13693967638343368	False
egr2b|neural crest + pigment cell progenitor|24	egr2b	24	neural crest + pigment cell progenitor	8	32.0	-0.0005171963899921559	0.5420147769348254	0.6999162685581101	False
egr2b|neural progenitor (MHB)|24	egr2b	24	neural progenitor (MHB)	8	32.0	0.008852233624199436	0.004283793000998445	0.024991202796270158	True
egr2b|neural progenitor (hindbrain R7/8)|24	egr2b	24	neural progenitor (hindbrain R7/8)	8	32.0	0.013681365932140001	0.0017872114114306276	0.012880715649627462	True
egr2b|neural progenitor (hindbrain)|24	egr2b	24	neural progenitor (hindbrain)	8	32.0	0.010944385644634042	0.1123813731370357	0.24735813994554562	False
egr2b|neural progenitor (telencephalon/diencephalon)|24	egr2b	24	neural progenitor (telencephalon/diencephalon)	8	32.0	0.00979540273451867	0.007686222272679628	0.038087208800862145	True
egr2b|neural tube-like connective tissue (+ taste bud)|24	egr2b	24	neural tube-like connective tissue (+ taste bud)	8	32.0	-0.0024481558355501486	0.10221681012824876	0.23160493621102152	False
egr2b|neuromast support cell|24	egr2b	24	neuromast support cell	8	32.0	-0.0010391464468169874	0.14377011985897462	0.29073415899661786	False
egr2b|neuron (+ spinal cord)|24	egr2b	24	neuron (+ spinal cord)	8	30.0	0.00043288845924432267	0.23145432386303538	0.4002118090215639	False
egr2b|neuron (cranial ganglia sensory, Rohon-Beard)|24	egr2b	24	neuron (cranial ganglia sensory, Rohon-Beard)	8	32.0	0.0014578890818644843	0.24895261956174006	0.4202972959826633	False
egr2b|neuron (dopaminergic)|24	egr2b	24	neuron (dopaminergic)	4	10.0	4.7543563442290046e-05	0.6771656311376788	0.7983970225177209	False
egr2b|neuron (telencephalon, glutamatergic)|24	egr2b	24	neuron (telencephalon, glutamatergic)	8	29.0	0.0016232689977051643	0.03772821121924884	0.11687830468620444	False
egr2b|neurons (differentiating, contains peripheral)|24	egr2b	24	neurons (differentiating, contains peripheral)	8	32.0	0.001872147152870228	0.1624253137044063	0.3153129446584224	False
egr2b|neurons (gabaergic, glutamatergic)|24	egr2b	24	neurons (gabaergic, glutamatergic)	8	31.0	0.0005160035951672784	0.2900013573997625	0.46716582301125376	False
egr2b|neurons (gabaergic, glutamatergic; contains Purkinje)|24	egr2b	24	neurons (gabaergic, glutamatergic; contains Purkinje)	8	31.0	0.0032802081237784586	0.008872092698627161	0.04193104977409494	True
egr2b|notochord|24	egr2b	24	notochord	8	32.0	0.004468197475380065	0.06144469673115689	0.16428078255529463	False
egr2b|olfactory vesicle/bulb|24	egr2b	24	olfactory vesicle/bulb	8	32.0	0.0013768791296143125	0.005651839073085016	0.030783992328401587	True
egr2b|osteoblast|24	egr2b	24	osteoblast	1	1.0	0.00011133643484830002			False
egr2b|pancreas|24	egr2b	24	pancreas	7	27.0	0.0003935767690775396	0.144827531523892	0.29189534333523276	False
egr2b|pectoral fin bud (osteoblast+)|24	egr2b	24	pectoral fin bud (osteoblast+)	8	32.0	4.245472169772668e-05	0.9756965179442716	0.9880376960895588	False
egr2b|periderm|24	egr2b	24	periderm	8	32.0	-0.04958085906111322	0.019590599747720105	0.07358933596585647	False
egr2b|periocular mesenchyme|24	egr2b	24	periocular mesenchyme	2	8.0	-2.1326616794024986e-05	0.8017409285070453	0.8815006766570516	False
egr2b|pharyngeal arch (NC-derived)|24	egr2b	24	pharyngeal arch (NC-derived)	8	32.0	-0.013798987747748306	2.1770469314192603e-06	6.856150170275349e-05	True
egr2b|pharyngeal arch (contains muscle, early cartilage)|24	egr2b	24	pharyngeal arch (contains muscle, early cartilage)	8	30.0	0.00020124582866684398	0.4417430576634733	0.6135833231968605	False
egr2b|pharyngeal arch (early)|24	egr2b	24	pharyngeal arch (early)	8	32.0	0.008348428654130803	0.0008873017855659134	0.007700916417608788	True
egr2b|pharynx|24	egr2b	24	pharynx	7	31.0	0.0005111998925899711	0.5587905203139538	0.7124257497095593	False
egr2b|posterior lateral line primordium|24	egr2b	24	posterior lateral line primordium	8	31.0	-3.224158867569035e-05	0.9590806097439378	0.9789581538968368	False
egr2b|posterior spinal cord progenitors|24	egr2b	24	posterior spinal cord progenitors	8	32.0	0.003851388587725449	0.008079010375583466	0.03921477278725503	True
egr2b|primordial germ cell|24	egr2b	24	primordial germ cell	6	27.0	-1.8844973348155396e-05	0.9490501550812319	0.9735162520090748	False
egr2b|pronephric duct|24	egr2b	24	pronephric duct	5	23.0	-0.0001591675284550783	0.7304646305571068	0.8354948963178891	False
egr2b|pronephric podocyte|24	egr2b	24	pronephric podocyte	5	15.0	-5.788930613231339e-05	0.5132674208129964	0.676267294482949	False
egr2b|pronephros distal tubule|24	egr2b	24	pronephros distal tubule	8	32.0	0.0012848144503137468	0.30559527142919807	0.484764998483414	False
egr2b|pronephros proximal tubule|24	egr2b	24	pronephros proximal tubule	8	32.0	0.0012287498334329905	0.3076905621037075	0.48681042504265154	False
egr2b|red blood cell|24	egr2b	24	red blood cell	8	31.0	0.004101097170313142	0.047328472468216955	0.13601161700060482	False
egr2b|retinal neuron|24	egr2b	24	retinal neuron	8	30.0	0.0027108893419948875	0.0069359904170183525	0.0358625058802855	True
egr2b|retinal pigmented epithelium (early)|24	egr2b	24	retinal pigmented epithelium (early)	8	31.0	0.0011451369752117344	0.12811561412156672	0.2690670846516469	False
egr2b|roof plate, flexural + subcommissural organ|24	egr2b	24	roof plate, flexural + subcommissural organ	8	31.0	0.0010406202820733715	0.08452675883926734	0.20332543262333794	False
egr2b|satellite cells|24	egr2b	24	satellite cells	7	32.0	0.0005374214304860341	0.1361226821146793	0.2798457578468494	False
egr2b|slow-committed myocyte|24	egr2b	24	slow-committed myocyte	8	31.0	-0.0017816807297795804	0.027059474983511855	0.09282226088789511	False
egr2b|support cells/otic vesicle|24	egr2b	24	support cells/otic vesicle	8	32.0	0.0003568576403732062	0.7934253731907452	0.8776686301396623	False
egr2b|thyroid follicle cell|24	egr2b	24	thyroid follicle cell	2	19.0	-0.000666984455707492	0.45646578642541	0.6254479865374936	False
egr2b|unknown|24	egr2b	24	unknown	1					False
egr2b|xanthophore|24	egr2b	24	xanthophore	8	31.0	-0.0007410147739658653	0.47520911939506283	0.64286738566372	False
egr2b|KA neuron|36	egr2b	36	KA neuron	8	44.0	6.042795686890881e-06	0.9815051889008101	0.9907976917425363	False
egr2b|adrenal gland|36	egr2b	36	adrenal gland	4	15.0	-4.0035277956925006e-05	0.7388902978034093	0.841185295285252	False
egr2b|anterior migratory muscle|36	egr2b	36	anterior migratory muscle	8	44.0	-0.001209241917657304	0.43193699248066786	0.606427491027686	False
egr2b|basal cell|36	egr2b	36	basal cell	8	44.0	-0.004703873201683383	0.21414324867701248	0.3777493728321603	False
egr2b|cardiomyocyte|36	egr2b	36	cardiomyocyte	8	44.0	0.00022430561246016348	0.6774837152919873	0.7984102477161714	False
egr2b|chondrocranium|36	egr2b	36	chondrocranium	1	7.0	0.00014331425259375713			False
egr2b|connective tissue-meninges-dermal FB|36	egr2b	36	connective tissue-meninges-dermal FB	8	44.0	-6.0821105919865726e-05	0.9881030281397765	0.9934853415023173	False
egr2b|contains head vasculature?|36	egr2b	36	contains head vasculature?	8	31.0	2.796979095910147e-06	0.9807065032467904	0.9907976917425363	False
egr2b|cranial muscle (early)|36	egr2b	36	cranial muscle (early)	8	44.0	-0.0008376638551949233	0.23168357173843004	0.40039982684053776	False
egr2b|cranial muscle (mid)|36	egr2b	36	cranial muscle (mid)	5	36.0	-0.00017216989625106946	0.339076524641906	0.5170221188127458	False
egr2b|cranial muscle (non-somitic, fast-twitch)|36	egr2b	36	cranial muscle (non-somitic, fast-twitch)	8	44.0	-0.001151536711849881	0.11715889018481966	0.2545017408558766	False
egr2b|cranial muscle (progenitor)|36	egr2b	36	cranial muscle (progenitor)	7	37.0	0.0001264755105261032	0.686246238953717	0.8055301639016869	False
egr2b|cranial neural crest|36	egr2b	36	cranial neural crest	8	44.0	-0.001163072972505928	0.15926774994865875	0.3113663425739445	False
egr2b|differentiating neuron (hindbrain)|36	egr2b	36	differentiating neuron (hindbrain)	8	44.0	0.0009241076748325583	0.7883371886975383	0.8751253957392486	False
egr2b|differentiating neuron 1|36	egr2b	36	differentiating neuron 1	8	43.0	-0.0017077845736506655	0.48330246710296165	0.6497157381952621	False
egr2b|differentiating neuron 2|36	egr2b	36	differentiating neuron 2	8	43.0	-0.0002515097862707096	0.7933684012117728	0.8776686301396623	False
egr2b|dorsal spinal cord neuron|36	egr2b	36	dorsal spinal cord neuron	1	26.0	-0.00015854125239117689			False
egr2b|endothelium (dorsal aorta)|36	egr2b	36	endothelium (dorsal aorta)	8	44.0	-0.0018157360638940585	0.02614066934053793	0.09070744008766295	False
egr2b|endothelium (f8+, clic2+)|36	egr2b	36	endothelium (f8+, clic2+)	7	44.0	0.0002136920841178335	0.6216252736799595	0.7584832801328186	False
egr2b|endothelium (vein + early artery)|36	egr2b	36	endothelium (vein + early artery)	8	44.0	-0.0006934103597429839	0.4626197823366677	0.6314931087976904	False
egr2b|eye, optic cup|36	egr2b	36	eye, optic cup	8	44.0	0.006374028470225359	0.1632085120516848	0.31637648212865105	False
egr2b|fast-committed myocyte|36	egr2b	36	fast-committed myocyte	7	24.0	0.00033507478825821194	0.30334923808944353	0.4824839036679367	False
egr2b|fin bud mesoderm (pectoral)|36	egr2b	36	fin bud mesoderm (pectoral)	8	40.0	-0.0008882354546312524	0.02272943660633646	0.08217470416164623	False
egr2b|fin fold|36	egr2b	36	fin fold	8	44.0	-0.0047226204968202415	0.0011945686886270421	0.009610059244463311	True
egr2b|fin mesenchyme|36	egr2b	36	fin mesenchyme	5	30.0	-1.975208133607009e-05	0.9114974183698701	0.9508477778756337	False
egr2b|floor plate|36	egr2b	36	floor plate	8	44.0	0.0008139230746088619	0.5511428681641004	0.7067434116075738	False
egr2b|glia|36	egr2b	36	glia	8	44.0	-0.00011298682623425444	0.7641359448918441	0.8569929711065492	False
egr2b|hair cell|36	egr2b	36	hair cell	8	39.0	7.022762416728141e-06	0.9779772013734751	0.9894425248365929	False
egr2b|hatching gland|36	egr2b	36	hatching gland	8	44.0	-0.008632349404900434	4.3691362679015264e-05	0.0007529651350310394	True
egr2b|head mesenchyme|36	egr2b	36	head mesenchyme	8	44.0	-0.0033386915504916015	0.31158470588195447	0.490286613920338	False
egr2b|head mesenchyme (maybe ventral, hand2+)|36	egr2b	36	head mesenchyme (maybe ventral, hand2+)	8	44.0	-0.0006304493524033616	0.6500757133852071	0.778393865006418	False
egr2b|head mesenchyme/PA cartilage|36	egr2b	36	head mesenchyme/PA cartilage	8	43.0	-0.0019373556805736686	0.14090285175489298	0.2865053396301297	False
egr2b|head/eye connective tissue|36	egr2b	36	head/eye connective tissue	8	44.0	0.0011860456377756302	0.2586839446202782	0.4314645612454188	False
egr2b|hypochord|36	egr2b	36	hypochord	5	38.0	-0.0005118655438352325	0.017759612977983008	0.06869186742648259	False
egr2b|hypophysis/locus coeruleus|36	egr2b	36	hypophysis/locus coeruleus	7	41.0	5.6213565419779734e-05	0.773395124528736	0.8641685896239198	False
egr2b|intestine|36	egr2b	36	intestine	8	44.0	-0.0010330374319288023	0.21029197170091576	0.3727367703261097	False
egr2b|ionocyte/goblet cell|36	egr2b	36	ionocyte/goblet cell	8	44.0	1.1036427544644511e-05	0.991611360527147	0.9960091450224384	False
egr2b|iridophore|36	egr2b	36	iridophore	8	44.0	-0.0004965673392160342	0.03501838776580421	0.11128512037482974	False
egr2b|lens|36	egr2b	36	lens	8	43.0	-0.0005881341711521815	0.4931010825072758	0.6578310968200858	False
egr2b|liver|36	egr2b	36	liver	7	36.0	-0.00013854413662983548	0.5660207456496584	0.7179586077565305	False
egr2b|mature fast muscle|36	egr2b	36	mature fast muscle	8	44.0	0.01804158872714874	0.2608650484147778	0.43347042928637125	False
egr2b|mature slow muscle|36	egr2b	36	mature slow muscle	8	44.0	0.0009542261896443374	0.7067099159155381	0.8200693596055367	False
egr2b|melanophore|36	egr2b	36	melanophore	8	44.0	-0.0010542984582062086	0.15942620493710535	0.31149283499178626	False
egr2b|mesodermal progenitor cells (contains PSM)|36	egr2b	36	mesodermal progenitor cells (contains PSM)	2	12.0	0.0003051327518212166	0.17550920340974535	0.33236211361007634	False
egr2b|motor neuron|36	egr2b	36	motor neuron	8	43.0	-0.0014036987087337693	0.17369268392040477	0.3300508677869859	False
egr2b|myeloid cell|36	egr2b	36	myeloid cell	8	43.0	-0.00030155948010788885	0.4577450794380321	0.6265120603224971	False
egr2b|neural crest + pigment cell progenitor|36	egr2b	36	neural crest + pigment cell progenitor	3	19.0	-3.280312020493691e-05	0.8131415294642866	0.8888911542245708	False
egr2b|neural progenitor (MHB)|36	egr2b	36	neural progenitor (MHB)	8	43.0	0.004083082113286552	0.14410349573510814	0.2910474805049106	False
egr2b|neural progenitor (hindbrain R7/8)|36	egr2b	36	neural progenitor (hindbrain R7/8)	8	44.0	0.0026626995944179256	0.3326355460105391	0.5119879911844137	False
egr2b|neural progenitor (hindbrain)|36	egr2b	36	neural progenitor (hindbrain)	8	43.0	0.006065235074841115	0.04889885201579292	0.1393963413320223	False
egr2b|neural progenitor (telencephalon/diencephalon)|36	egr2b	36	neural progenitor (telencephalon/diencephalon)	8	44.0	0.0003542731140382116	0.9292268687866958	0.9605962263670805	False
egr2b|neural tube-like connective tissue (+ taste bud)|36	egr2b	36	neural tube-like connective tissue (+ taste bud)	8	44.0	-0.002031987440332242	0.09855595059485361	0.22582906610441458	False
egr2b|neuromast support cell|36	egr2b	36	neuromast support cell	8	44.0	-0.0009038983804474125	0.2398971024740446	0.40927246365597597	False
egr2b|neuron (+ spinal cord)|36	egr2b	36	neuron (+ spinal cord)	8	42.0	-0.0002605005821911567	0.668605430094976	0.7919577688023378	False
egr2b|neuron (cranial ganglia sensory, Rohon-Beard)|36	egr2b	36	neuron (cranial ganglia sensory, Rohon-Beard)	8	44.0	-0.002070871714987505	0.04630131472586718	0.13423745041596308	False
egr2b|neuron (dopaminergic)|36	egr2b	36	neuron (dopaminergic)	3	22.0	1.4542001301415177e-05	0.8432825516295567	0.9093821089870827	False
egr2b|neuron (telencephalon, glutamatergic)|36	egr2b	36	neuron (telencephalon, glutamatergic)	7	43.0	-0.0002363967020239102	0.7146878862257624	0.8242105178705643	False
egr2b|neurons (differentiating, contains peripheral)|36	egr2b	36	neurons (differentiating, contains peripheral)	8	44.0	-0.008793582696569512	0.014907362108558947	0.061337102917259564	False
egr2b|neurons (gabaergic, glutamatergic)|36	egr2b	36	neurons (gabaergic, glutamatergic)	8	44.0	-0.00610784240002789	0.0030909497382690756	0.019473497657412145	True
egr2b|neurons (gabaergic, glutamatergic; contains Purkinje)|36	egr2b	36	neurons (gabaergic, glutamatergic; contains Purkinje)	8	44.0	-0.005231353267149663	0.008578609425386624	0.04086369866071263	True
egr2b|notochord|36	egr2b	36	notochord	8	44.0	0.004178548802976946	0.2713791699963149	0.4458132471262083	False
egr2b|olfactory vesicle/bulb|36	egr2b	36	olfactory vesicle/bulb	7	43.0	-0.000874171906586437	0.21205502971294451	0.37506139804165994	False
egr2b|osteoblast|36	egr2b	36	osteoblast	1	1.0	9.31196155166e-05			False
egr2b|pancreas|36	egr2b	36	pancreas	8	37.0	-2.624240390084495e-05	0.9008367790490753	0.9458145673536271	False
egr2b|pectoral fin bud (osteoblast+)|36	egr2b	36	pectoral fin bud (osteoblast+)	8	44.0	-0.0003328648530253834	0.4563101797276534	0.6254479865374936	False
egr2b|periderm|36	egr2b	36	periderm	8	44.0	0.029269437699886297	0.45622045134526956	0.6254479865374936	False
egr2b|periocular mesenchyme|36	egr2b	36	periocular mesenchyme	6	44.0	-0.0010462303794456546	0.07326278393768958	0.18447563443196183	False
egr2b|pharyngeal arch (NC-derived)|36	egr2b	36	pharyngeal arch (NC-derived)	8	42.0	-0.00035396591797356145	0.36329289249382657	0.540425625838701	False
egr2b|pharyngeal arch (contains muscle, early cartilage)|36	egr2b	36	pharyngeal arch (contains muscle, early cartilage)	7	44.0	-0.0020751516551603105	0.015015681600346806	0.06160679586745497	False
egr2b|pharyngeal arch (early)|36	egr2b	36	pharyngeal arch (early)	8	44.0	-0.0005212672800417074	0.8362890859096017	0.9048068485416962	False
egr2b|pharynx|36	egr2b	36	pharynx	7	29.0	0.00028047805411817546	0.07462385856648567	0.18662986081080063	False
egr2b|posterior lateral line primordium|36	egr2b	36	posterior lateral line primordium	7	40.0	0.00017850077570014567	0.5853231911728523	0.7326186862579777	False
egr2b|posterior spinal cord progenitors|36	egr2b	36	posterior spinal cord progenitors	8	43.0	0.001004793460246279	0.18799914612911722	0.3471948247363391	False
egr2b|primordial germ cell|36	egr2b	36	primordial germ cell	7	34.0	-3.205825718486299e-05	0.8701380769542397	0.9260197824088602	False
egr2b|pronephric duct|36	egr2b	36	pronephric duct	6	31.0	0.0001690027446441351	0.766309192390197	0.8585735968860223	False
egr2b|pronephric podocyte|36	egr2b	36	pronephric podocyte	7	27.0	0.00028612058512082544	0.23569288816882838	0.40532931271624556	False
egr2b|pronephros distal tubule|36	egr2b	36	pronephros distal tubule	8	44.0	0.00014070069523562743	0.8601148500605615	0.9200689262698789	False
egr2b|pronephros proximal tubule|36	egr2b	36	pronephros proximal tubule	8	44.0	0.00015328090871375571	0.9004466967199458	0.9455544089292098	False
egr2b|red blood cell|36	egr2b	36	red blood cell	5	39.0	4.548231461617069e-06	0.9922619322872148	0.9960091450224384	False
egr2b|retinal neuron|36	egr2b	36	retinal neuron	8	44.0	-0.009545463718083968	0.0003518996028635097	0.0038804741063059697	True
egr2b|retinal pigmented epithelium (early)|36	egr2b	36	retinal pigmented epithelium (early)	8	43.0	0.0008178053123088528	0.40630597539307434	0.5812493447765293	False
egr2b|roof plate, flexural + subcommissural organ|36	egr2b	36	roof plate, flexural + subcommissural organ	8	43.0	0.0006180538531041528	0.1417685602816411	0.2878252621666682	False
egr2b|satellite cells|36	egr2b	36	satellite cells	4	22.0	-2.2019415706374943e-05	0.8046534473716002	0.8829795324658724	False
egr2b|slow-committed myocyte|36	egr2b	36	slow-committed myocyte	2	3.0	-0.00011033523255244993	0.41793775120677534	0.5922790268221416	False
egr2b|support cells/otic vesicle|36	egr2b	36	support cells/otic vesicle	8	44.0	0.0008478512936625684	0.41851553638337335	0.5927186145071432	False
egr2b|thyroid follicle cell|36	egr2b	36	thyroid follicle cell	5	29.0	-0.0005201128137097297	0.08515861515576167	0.204214723099977	False
egr2b|unknown|36	egr2b	36	unknown	4					False
egr2b|unknown (dcn+, col6+)|36	egr2b	36	unknown (dcn+, col6+)	2	33.0	-0.0006357780908945922	0.030018036555992243	0.10018576238803037	False
egr2b|xanthophore|36	egr2b	36	xanthophore	8	44.0	0.00029734650536804123	0.7227579924860261	0.8303469675085828	False
egr2b|KA neuron|48	egr2b	48	KA neuron	7	39.0	3.5948638709183255e-05	0.9058541071913968	0.9483556486955311	False
egr2b|adrenal gland|48	egr2b	48	adrenal gland	8	23.0	0.0001445665250682861	0.28624393600205067	0.46313390667972404	False
egr2b|anterior migratory muscle|48	egr2b	48	anterior migratory muscle	8	44.0	0.0033940222244472525	0.019417535350475613	0.07314598775731884	False
egr2b|basal cell|48	egr2b	48	basal cell	8	44.0	-0.012833664389309343	0.002015078107640831	0.01406532985848038	True
egr2b|cardiomyocyte|48	egr2b	48	cardiomyocyte	8	44.0	-0.0016705099801441298	0.019157946832267722	0.0725795648235	False
egr2b|chondrocranium|48	egr2b	48	chondrocranium	8	44.0	6.37216078887943e-05	0.8424474131911109	0.9090009298578658	False
egr2b|connective tissue-meninges-dermal FB|48	egr2b	48	connective tissue-meninges-dermal FB	8	44.0	-0.004701833399578546	0.11685508486076067	0.25409098131536473	False
egr2b|cranial muscle (early)|48	egr2b	48	cranial muscle (early)	8	44.0	0.0038265501158525218	0.0004130426080421554	0.004370490653567074	True
egr2b|cranial muscle (late)|48	egr2b	48	cranial muscle (late)	8	33.0	6.256117347143019e-05	0.8115193173071225	0.8876618705359388	False
egr2b|cranial muscle (mid)|48	egr2b	48	cranial muscle (mid)	8	44.0	0.001542095926293197	0.12098541263937992	0.2593380861253805	False
egr2b|cranial muscle (non-somitic, fast-twitch)|48	egr2b	48	cranial muscle (non-somitic, fast-twitch)	8	44.0	-0.002398938351347508	2.743111144637705e-05	0.0005283470595976102	True
egr2b|cranial muscle (progenitor)|48	egr2b	48	cranial muscle (progenitor)	4	11.0	-0.00013023365519648485	0.04414052722928768	0.12989982437494094	False
egr2b|cranial neural crest|48	egr2b	48	cranial neural crest	8	44.0	0.00293462417867117	1.4230798647945541e-05	0.00031732770810603394	True
egr2b|differentiating neuron (hindbrain)|48	egr2b	48	differentiating neuron (hindbrain)	8	44.0	-0.0006941783162206444	0.13603896224888637	0.2798457578468494	False
egr2b|differentiating neuron 1|48	egr2b	48	differentiating neuron 1	8	44.0	0.0012692654296723666	0.09484444668776335	0.22060840281138938	False
egr2b|differentiating neuron 2|48	egr2b	48	differentiating neuron 2	8	41.0	0.000677581738485801	0.031743840414271564	0.1041154094535215	False
egr2b|dorsal spinal cord neuron|48	egr2b	48	dorsal spinal cord neuron	8	41.0	0.0018511140342958206	0.001848714127589885	0.013138722329235065	True
egr2b|endothelium (dorsal aorta)|48	egr2b	48	endothelium (dorsal aorta)	8	44.0	0.0010872902379670743	0.31616687199590954	0.4952684734589389	False
egr2b|endothelium (f8+, clic2+)|48	egr2b	48	endothelium (f8+, clic2+)	8	44.0	-0.0006051783675335386	0.012574393694864417	0.054422104486621416	False
egr2b|endothelium (vein + early artery)|48	egr2b	48	endothelium (vein + early artery)	8	44.0	-0.0008261102331370666	0.32490509218891384	0.5045558162176519	False
egr2b|eye, optic cup|48	egr2b	48	eye, optic cup	8	44.0	0.001603343411703307	0.3098312953630225	0.48868477514533215	False
egr2b|fast-committed myocyte|48	egr2b	48	fast-committed myocyte	3	13.0	-0.00023278523725125955	0.034888010218434753	0.11103008999113934	False
egr2b|fin bud mesoderm (pectoral)|48	egr2b	48	fin bud mesoderm (pectoral)	8	44.0	0.0001272346326274508	0.7953494234252443	0.8783846759916376	False
egr2b|fin fold|48	egr2b	48	fin fold	8	44.0	-0.0010980603465172711	0.514850106561801	0.6771375781937535	False
egr2b|fin mesenchyme|48	egr2b	48	fin mesenchyme	1	3.0	-8.622038685223332e-05			False
egr2b|floor plate|48	egr2b	48	floor plate	8	44.0	-0.0005404298780324912	0.27040190809541703	0.4449778799638549	False
egr2b|glia|48	egr2b	48	glia	8	43.0	0.0014301739929288692	0.09508048775657561	0.22097383074344185	False
egr2b|hair cell|48	egr2b	48	hair cell	8	42.0	-4.6676946020819026e-05	0.7953710452131955	0.8783846759916376	False
egr2b|hatching gland|48	egr2b	48	hatching gland	8	44.0	-0.0005226781007764518	0.8390457893592295	0.9059894816854208	False
egr2b|head mesenchyme|48	egr2b	48	head mesenchyme	8	44.0	0.006703842896411447	0.05823998755137393	0.1586735208195489	False
egr2b|head mesenchyme (maybe ventral, hand2+)|48	egr2b	48	head mesenchyme (maybe ventral, hand2+)	8	44.0	0.0034278119197441517	0.15480790991880383	0.3052517986381162	False
egr2b|head mesenchyme/PA cartilage|48	egr2b	48	head mesenchyme/PA cartilage	8	44.0	0.0008490598271102363	0.23919548272350644	0.4088334801758734	False
egr2b|head/eye connective tissue|48	egr2b	48	head/eye connective tissue	8	43.0	-0.0006133639975943626	0.000754603143765482	0.006840842960875345	True
egr2b|hypochord|48	egr2b	48	hypochord	6	28.0	-0.00016468928992121305	0.2112502461911052	0.3739456838468715	False
egr2b|hypophysis/locus coeruleus|48	egr2b	48	hypophysis/locus coeruleus	8	41.0	8.426543189905388e-05	0.7046745664052503	0.8187729487258066	False
egr2b|intestine|48	egr2b	48	intestine	8	44.0	0.00021628903080085984	0.8721887040585788	0.9272451682583668	False
egr2b|ionocyte/goblet cell|48	egr2b	48	ionocyte/goblet cell	8	44.0	-0.0001831014891814581	0.7939131001722008	0.8777957654982154	False
egr2b|iridophore|48	egr2b	48	iridophore	8	44.0	0.0004258873592572652	0.14870100854558882	0.29717840655201133	False
egr2b|jaw chondrocyte|48	egr2b	48	jaw chondrocyte	8	40.0	-2.0723306971455035e-05	0.9635725528192086	0.9809071054445572	False
egr2b|lens|48	egr2b	48	lens	8	44.0	0.0024408677981436044	0.08852842969784439	0.21047277829773736	False
egr2b|liver|48	egr2b	48	liver	8	44.0	-4.474318051220878e-05	0.9078208101741048	0.9486506185889174	False
egr2b|mature fast muscle|48	egr2b	48	mature fast muscle	8	44.0	-0.013191555115743478	0.045972926598263644	0.13351839914574384	False
egr2b|mature slow muscle|48	egr2b	48	mature slow muscle	8	44.0	0.0006703954033738697	0.7873868711676413	0.8745087345660999	False
egr2b|melanophore|48	egr2b	48	melanophore	8	44.0	-0.001757620671006193	0.007803589720248436	0.038492539940496395	True
egr2b|mesodermal progenitor cells (contains PSM)|48	egr2b	48	mesodermal progenitor cells (contains PSM)	1	2.0	-9.7547963636e-05			False
egr2b|motor neuron|48	egr2b	48	motor neuron	8	44.0	0.0022383864461321236	0.12299407304391625	0.26212174963977664	False
egr2b|myeloid cell|48	egr2b	48	myeloid cell	8	43.0	0.0004776524694066059	0.3921912499789545	0.567788084556601	False
egr2b|neural crest + pigment cell progenitor|48	egr2b	48	neural crest + pigment cell progenitor	4	8.0	-2.070829646865001e-05	0.8128610835980126	0.8888911542245708	False
egr2b|neural progenitor (MHB)|48	egr2b	48	neural progenitor (MHB)	8	44.0	0.0013344516729857534	0.05983507929001879	0.1615620080789008	False
egr2b|neural progenitor (hindbrain R7/8)|48	egr2b	48	neural progenitor (hindbrain R7/8)	8	43.0	0.00015419302278064104	0.8222844497255211	0.8953105306285577	False
egr2b|neural progenitor (hindbrain)|48	egr2b	48	neural progenitor (hindbrain)	5	21.0	-0.0004268517674176647	0.07652654205204441	0.18974584773725192	False
egr2b|neural progenitor (telencephalon/diencephalon)|48	egr2b	48	neural progenitor (telencephalon/diencephalon)	8	44.0	0.0032659073080883415	0.08681033136853154	0.20735249890147092	False
egr2b|neural tube-like connective tissue (+ taste bud)|48	egr2b	48	neural tube-like connective tissue (+ taste bud)	8	44.0	0.00011381337496450643	0.9399231896726381	0.9675863559499988	False
egr2b|neuromast support cell|48	egr2b	48	neuromast support cell	8	44.0	-8.56194621395353e-05	0.8706622292172668	0.9264292254841854	False
egr2b|neuron (+ spinal cord)|48	egr2b	48	neuron (+ spinal cord)	8	44.0	-0.00028553517944127256	0.2820366650805644	0.4575521580713746	False
egr2b|neuron (cranial ganglia sensory, Rohon-Beard)|48	egr2b	48	neuron (cranial ganglia sensory, Rohon-Beard)	8	44.0	0.00348246718542442	0.00017531637152335902	0.0022489909049666426	True
egr2b|neuron (dopaminergic)|48	egr2b	48	neuron (dopaminergic)	7	25.0	9.453241927030742e-05	0.4005868447630647	0.5761687410066157	False
egr2b|neuron (telencephalon, glutamatergic)|48	egr2b	48	neuron (telencephalon, glutamatergic)	8	44.0	0.0005952550829670341	0.12466109565178006	0.2643181176152133	False
egr2b|neurons (differentiating, contains peripheral)|48	egr2b	48	neurons (differentiating, contains peripheral)	8	44.0	0.0017688798462560315	0.6076011826874386	0.7486574928533338	False
egr2b|neurons (gabaergic, glutamatergic)|48	egr2b	48	neurons (gabaergic, glutamatergic)	8	44.0	-0.006327498611915783	0.0654103341984524	0.1711227050191796	False
egr2b|neurons (gabaergic, glutamatergic; contains Purkinje)|48	egr2b	48	neurons (gabaergic, glutamatergic; contains Purkinje)	8	44.0	0.007492841144229087	0.003193027454771536	0.0198295957354737	True
egr2b|notochord|48	egr2b	48	notochord	8	44.0	0.0009224007743182886	0.7165002757809851	0.8258367686269583	False
egr2b|odontoblast|48	egr2b	48	odontoblast	1	4.0	-0.00017855932674199393			False
egr2b|olfactory vesicle/bulb|48	egr2b	48	olfactory vesicle/bulb	8	44.0	0.0007122608651887906	0.3550836131802839	0.5323850653391214	False
egr2b|osteoblast|48	egr2b	48	osteoblast	8	33.0	-2.8062867202423075e-05	0.8063221564865121	0.8837694988620014	False
egr2b|pancreas|48	egr2b	48	pancreas	8	43.0	-0.00027141560454386625	0.4709488116309928	0.6388379628401094	False
egr2b|pectoral fin bud (osteoblast+)|48	egr2b	48	pectoral fin bud (osteoblast+)	8	44.0	0.0005176746325781883	0.06751056036131585	0.17474940402804362	False
egr2b|periderm|48	egr2b	48	periderm	8	44.0	-0.005561939011996447	0.77150186874008	0.8624882095857723	False
egr2b|periocular mesenchyme|48	egr2b	48	periocular mesenchyme	8	44.0	-0.00010047020146460679	0.7742751864121226	0.8645704274422038	False
egr2b|pharyngeal arch (NC-derived)|48	egr2b	48	pharyngeal arch (NC-derived)	1	11.0	-0.0001506571606294727			False
egr2b|pharyngeal arch (contains muscle, early cartilage)|48	egr2b	48	pharyngeal arch (contains muscle, early cartilage)	8	44.0	0.001513757133424734	0.3291139834263135	0.5093427368092204	False
egr2b|pharyngeal arch (early)|48	egr2b	48	pharyngeal arch (early)	8	44.0	0.001958275039505193	0.40617868280797975	0.5811923659041829	False
egr2b|pharynx|48	egr2b	48	pharynx	2	20.0	-0.00021221787457753697	0.00018115923671816047	0.0023061362605214107	True
egr2b|posterior lateral line primordium|48	egr2b	48	posterior lateral line primordium	8	42.0	-8.006060857427806e-05	0.7441448707763632	0.844262022589881	False
egr2b|posterior spinal cord progenitors|48	egr2b	48	posterior spinal cord progenitors	8	39.0	0.000212654831830815	0.711035173300627	0.8228541843578312	False
egr2b|primordial germ cell|48	egr2b	48	primordial germ cell	7	37.0	-0.00017055653672900432	0.10276128095106372	0.23202470673456285	False
egr2b|pronephric duct|48	egr2b	48	pronephric duct	6	32.0	-0.00017545247157403225	0.07377928898339882	0.1854711793286698	False
egr2b|pronephric podocyte|48	egr2b	48	pronephric podocyte	8	35.0	0.00021293877871243283	0.40567931505902044	0.5809131268310501	False
egr2b|pronephros distal tubule|48	egr2b	48	pronephros distal tubule	8	44.0	0.0001774563649210325	0.8066021602504607	0.8837694988620014	False
egr2b|pronephros proximal tubule|48	egr2b	48	pronephros proximal tubule	8	44.0	-0.00017663788932430506	0.7143017670565728	0.8242105178705643	False
egr2b|red blood cell|48	egr2b	48	red blood cell	8	37.0	-0.0001533853404460648	0.12044854751650327	0.2588553034434554	False
egr2b|retinal neuron|48	egr2b	48	retinal neuron	8	44.0	-0.012543148872285338	0.00841879509946389	0.040391980820171515	True
egr2b|retinal pigmented epithelium (early)|48	egr2b	48	retinal pigmented epithelium (early)	8	44.0	0.0004232441198947978	0.48239885134813254	0.6487634825355881	False
egr2b|retinal pigmented epithelium (late)|48	egr2b	48	retinal pigmented epithelium (late)	7	21.0	-5.258056120115238e-05	0.6007209339163242	0.7433502059355631	False
egr2b|roof plate, flexural + subcommissural organ|48	egr2b	48	roof plate, flexural + subcommissural organ	8	44.0	0.0009934136929856674	0.03589437283306835	0.11303074990041141	False
egr2b|satellite cells|48	egr2b	48	satellite cells	1	12.0	-0.00022326583854187726			False
egr2b|support cells/otic vesicle|48	egr2b	48	support cells/otic vesicle	8	44.0	0.0008345505656796644	0.3493813674764611	0.5265681984307289	False
egr2b|swim bladder primordium|48	egr2b	48	swim bladder primordium	3	4.0	-0.000124737327141523	0.02976045195773145	0.0995260207645322	False
egr2b|thyroid follicle cell|48	egr2b	48	thyroid follicle cell	7	23.0	-0.00015154297288862042	0.19069430753481295	0.3504128670589402	False
egr2b|unknown|48	egr2b	48	unknown	8					False
egr2b|unknown (K+ channel, ciliated)|48	egr2b	48	unknown (K+ channel, ciliated)	1	2.0	-0.0001646164809273			False
egr2b|unknown (dcn+, col6+)|48	egr2b	48	unknown (dcn+, col6+)	8	39.0	-0.0010243101303556027	0.21991723777589736	0.3846670294869276	False
egr2b|vascular smooth muscle|48	egr2b	48	vascular smooth muscle	2	8.0	-0.00018334717252475944	0.13483916124772627	0.2785222960805537	False
egr2b|xanthophore|48	egr2b	48	xanthophore	8	44.0	0.0018730971506693648	0.042599801096510063	0.126712479089664	False
epha4a|KA neuron|18	epha4a	18	KA neuron	7	17.0	-0.00023252612848771834	0.5161413343223203	0.6778180171090551	False
epha4a|anterior migratory muscle|18	epha4a	18	anterior migratory muscle	7	23.0	-0.0006445512204872276	0.797733653107018	0.8798240871196904	False
epha4a|basal cell|18	epha4a	18	basal cell	3	14.0	0.000635345340071	0.3340179650120177	0.5129534036295026	False
epha4a|cardiomyocyte|18	epha4a	18	cardiomyocyte	7	23.0	-0.001016213526262872	0.3034115058044078	0.4824839036679367	False
epha4a|connective tissue-meninges-dermal FB|18	epha4a	18	connective tissue-meninges-dermal FB	7	23.0	-0.015284557768447941	0.0021046119555848085	0.014492379735607309	True
epha4a|contains head vasculature?|18	epha4a	18	contains head vasculature?	6	23.0	-0.0031873816751408855	0.07180284469281427	0.18204116863172484	False
epha4a|cranial muscle (early)|18	epha4a	18	cranial muscle (early)	6	5.0	0.00039799170175163336	0.19736157567152393	0.3572521288424807	False
epha4a|cranial muscle (mid)|18	epha4a	18	cranial muscle (mid)	4	7.0	0.00029832996839251793	0.3310721880983008	0.5111465357605038	False
epha4a|cranial muscle (non-somitic, fast-twitch)|18	epha4a	18	cranial muscle (non-somitic, fast-twitch)	7	22.0	-6.984309406480194e-05	0.9297292668647223	0.9608166373741959	False
epha4a|cranial muscle (progenitor)|18	epha4a	18	cranial muscle (progenitor)	7	23.0	-0.0048148747839688215	0.013466558569278047	0.05736236005952091	False
epha4a|cranial neural crest|18	epha4a	18	cranial neural crest	7	23.0	0.0015200749687553196	0.1426642557816174	0.2890588420019653	False
epha4a|differentiating neuron (hindbrain)|18	epha4a	18	differentiating neuron (hindbrain)	7	23.0	-0.0008943190143945708	0.23569487800384842	0.40532931271624556	False
epha4a|differentiating neuron 1|18	epha4a	18	differentiating neuron 1	7	23.0	0.0007758389506157034	0.5875277695821466	0.7345861650808982	False
epha4a|differentiating neuron 2|18	epha4a	18	differentiating neuron 2	6	23.0	-0.0001369550490601325	0.5742553823864524	0.7234244621762752	False
epha4a|dorsal spinal cord neuron|18	epha4a	18	dorsal spinal cord neuron	3	8.0	6.93650721708375e-05	0.5028910401749699	0.6668750672445969	False
epha4a|endothelium (dorsal aorta)|18	epha4a	18	endothelium (dorsal aorta)	7	23.0	-0.00027545752104000173	0.6864256413660883	0.8055984434612604	False
epha4a|endothelium (f8+, clic2+)|18	epha4a	18	endothelium (f8+, clic2+)	7	18.0	9.387881589504872e-05	0.8682032515909163	0.9249976922914284	False
epha4a|endothelium (vein + early artery)|18	epha4a	18	endothelium (vein + early artery)	7	23.0	0.0010695260548331427	0.4724754056183297	0.6404730865634028	False
epha4a|eye, optic cup|18	epha4a	18	eye, optic cup	7	23.0	0.0005660541833461263	0.8850200751703068	0.9355644924445894	False
epha4a|fast-committed myocyte|18	epha4a	18	fast-committed myocyte	7	23.0	0.002775878355227711	0.7473367041683514	0.846256728092209	False
epha4a|fin fold|18	epha4a	18	fin fold	1	11.0	0.000288517506539191			False
epha4a|fin mesenchyme|18	epha4a	18	fin mesenchyme	7	23.0	-0.012875502128508153	0.0018009752148199312	0.01290990323891957	True
epha4a|floor plate|18	epha4a	18	floor plate	7	23.0	0.0037527079805486684	0.04015479700453794	0.1220446309328685	False
epha4a|glia|18	epha4a	18	glia	5	13.0	0.0003777559294503661	0.422360376561264	0.5963843396195494	False
epha4a|hair cell|18	epha4a	18	hair cell	2	11.0	-0.00023686456125647265	0.013621257069371374	0.05780706186909391	False
epha4a|hatching gland|18	epha4a	18	hatching gland	7	23.0	-0.0010298852143050584	0.2683654428139554	0.4422838213042495	False
epha4a|head mesenchyme|18	epha4a	18	head mesenchyme	7	23.0	0.0003405161789530667	0.8276892511685685	0.898545184449459	False
epha4a|head mesenchyme (maybe ventral, hand2+)|18	epha4a	18	head mesenchyme (maybe ventral, hand2+)	7	23.0	-0.00014884788267532229	0.9176247798324805	0.9546709110237946	False
epha4a|head mesenchyme/PA cartilage|18	epha4a	18	head mesenchyme/PA cartilage	7	23.0	-0.000229412989561327	0.8406945853936263	0.9074749057733345	False
epha4a|head/eye connective tissue|18	epha4a	18	head/eye connective tissue	7	23.0	-0.0004027570158426502	0.8748514307431129	0.9291014475448275	False
epha4a|hypochord|18	epha4a	18	hypochord	7	22.0	-0.00045675294063872093	0.3797172574066866	0.5554085792356224	False
epha4a|hypophysis/locus coeruleus|18	epha4a	18	hypophysis/locus coeruleus	5	9.0	-5.812926288442004e-05	0.7976897450392504	0.8798240871196904	False
epha4a|intestine|18	epha4a	18	intestine	7	23.0	0.00020042901942092343	0.8304175315356893	0.9006933667793335	False
epha4a|ionocyte/goblet cell|18	epha4a	18	ionocyte/goblet cell	7	23.0	-0.0006295272182819459	0.6035470687377735	0.7451821389376635	False
epha4a|iridophore|18	epha4a	18	iridophore	2	8.0	0.00027293134608591255	0.048523352993141894	0.13853783666775976	False
epha4a|lens|18	epha4a	18	lens	7	23.0	0.0007877993627794806	0.6163242651672509	0.7546480084828417	False
epha4a|liver|18	epha4a	18	liver	1	1.0	-3.880128739799991e-05			False
epha4a|mature fast muscle|18	epha4a	18	mature fast muscle	7	23.0	0.019823661540971704	0.03590788759063484	0.11303074990041141	False
epha4a|mature slow muscle|18	epha4a	18	mature slow muscle	7	23.0	0.0034860954868158947	0.5992705885344883	0.7428330030991643	False
epha4a|melanophore|18	epha4a	18	melanophore	6	10.0	5.941644847922019e-05	0.8761632454355044	0.929900138303614	False
epha4a|mesodermal progenitor cells (contains PSM)|18	epha4a	18	mesodermal progenitor cells (contains PSM)	7	23.0	-0.0008937659547435736	0.7903653769406804	0.8760597047157335	False
epha4a|motor neuron|18	epha4a	18	motor neuron	7	22.0	0.0008184900491792803	0.2881802565441676	0.46513427367889093	False
epha4a|myeloid cell|18	epha4a	18	myeloid cell	7	23.0	0.002075712247555919	0.0905564488568063	0.2138406548164456	False
epha4a|myoblast|18	epha4a	18	myoblast	7	23.0	-0.003975509730629932	0.08084675152249754	0.19721977381314104	False
epha4a|neural crest + pigment cell progenitor|18	epha4a	18	neural crest + pigment cell progenitor	7	23.0	-0.0006637158015389624	0.5645197790267991	0.7164731321192168	False
epha4a|neural progenitor (MHB)|18	epha4a	18	neural progenitor (MHB)	7	23.0	0.0009265196140822093	0.7737231581677828	0.8643897757271212	False
epha4a|neural progenitor (hindbrain R7/8)|18	epha4a	18	neural progenitor (hindbrain R7/8)	7	23.0	-0.0009643558312675757	0.7455543305833595	0.8449954846881159	False
epha4a|neural progenitor (hindbrain)|18	epha4a	18	neural progenitor (hindbrain)	7	23.0	0.0021753787107090805	0.8481711260831826	0.9126073109464726	False
epha4a|neural progenitor (telencephalon/diencephalon)|18	epha4a	18	neural progenitor (telencephalon/diencephalon)	7	23.0	-0.0028734331849506883	0.6101892773295339	0.7503160155171636	False
epha4a|neural tube-like connective tissue (+ taste bud)|18	epha4a	18	neural tube-like connective tissue (+ taste bud)	7	23.0	-0.0008560600453565992	0.5632886785004498	0.7159761361685587	False
epha4a|neuromast support cell|18	epha4a	18	neuromast support cell	7	23.0	-0.0007909331231298177	0.4190275910451604	0.5930646096901152	False
epha4a|neuron (+ spinal cord)|18	epha4a	18	neuron (+ spinal cord)	5	22.0	0.0006157953627988887	0.20253323573727233	0.3631498519897935	False
epha4a|neuron (cranial ganglia sensory, Rohon-Beard)|18	epha4a	18	neuron (cranial ganglia sensory, Rohon-Beard)	7	23.0	-0.0006708740585420186	0.5306395336007645	0.6913717973573025	False
epha4a|neuron (telencephalon, glutamatergic)|18	epha4a	18	neuron (telencephalon, glutamatergic)	7	15.0	0.0004791334698482448	0.12755977996826506	0.26840872004088706	False
epha4a|neurons (differentiating, contains peripheral)|18	epha4a	18	neurons (differentiating, contains peripheral)	7	23.0	-0.0010609544589703698	0.2281228380781397	0.39599693287075194	False
epha4a|neurons (gabaergic, glutamatergic)|18	epha4a	18	neurons (gabaergic, glutamatergic)	7	23.0	0.0008438593182121582	0.3567613924342964	0.5337488371245855	False
epha4a|neurons (gabaergic, glutamatergic; contains Purkinje)|18	epha4a	18	neurons (gabaergic, glutamatergic; contains Purkinje)	7	21.0	0.0022254613731203764	0.004318131009986075	0.025114847903424834	True
epha4a|notochord|18	epha4a	18	notochord	7	23.0	-0.0019570893210772607	0.5369567751857158	0.696444199104981	False
epha4a|olfactory vesicle/bulb|18	epha4a	18	olfactory vesicle/bulb	6	23.0	-0.0008579324070194373	0.05433461773693703	0.15109729452389098	False
epha4a|pancreas|18	epha4a	18	pancreas	6	15.0	0.0002829179012978899	0.27318650035386904	0.44811757463625274	False
epha4a|pectoral fin bud (osteoblast+)|18	epha4a	18	pectoral fin bud (osteoblast+)	7	23.0	0.0017100312100739555	0.10054385380416557	0.229240717745037	False
epha4a|periderm|18	epha4a	18	periderm	7	23.0	-0.0047731178871247	0.6990535954849073	0.8146634763236074	False
epha4a|pharyngeal arch (NC-derived)|18	epha4a	18	pharyngeal arch (NC-derived)	7	23.0	-0.006416915603535175	0.0034940071171515588	0.02116470127025716	True
epha4a|pharyngeal arch (contains muscle, early cartilage)|18	epha4a	18	pharyngeal arch (contains muscle, early cartilage)	6	20.0	0.00012320693317147526	0.7029651897958008	0.8176446151221943	False
epha4a|pharyngeal arch (early)|18	epha4a	18	pharyngeal arch (early)	7	23.0	0.008607721781284067	0.004678256399328058	0.026524755779466676	True
epha4a|pharynx|18	epha4a	18	pharynx	6	23.0	-0.0006034404109402727	0.2974159393187749	0.4759604767244186	False
epha4a|posterior lateral line primordium|18	epha4a	18	posterior lateral line primordium	7	23.0	-0.00010042206206482482	0.8984067281751065	0.944158264862183	False
epha4a|posterior spinal cord progenitors|18	epha4a	18	posterior spinal cord progenitors	7	23.0	0.0009026927676579095	0.5422455649465394	0.7000625177908985	False
epha4a|primordial germ cell|18	epha4a	18	primordial germ cell	7	21.0	-0.0002632730854188808	0.5923652933763907	0.7378195641023647	False
epha4a|pronephric duct|18	epha4a	18	pronephric duct	4	16.0	7.105032765863765e-05	0.9216513581904142	0.9571578962471355	False
epha4a|pronephric podocyte|18	epha4a	18	pronephric podocyte	2	7.0	-0.00025151639404252856	0.30619547951724946	0.4853695041488842	False
epha4a|pronephros distal tubule|18	epha4a	18	pronephros distal tubule	7	22.0	0.0013905832127509132	0.27407576887948615	0.44848619761117087	False
epha4a|pronephros proximal tubule|18	epha4a	18	pronephros proximal tubule	7	23.0	0.003449230821292228	0.062066029911536785	0.16551455734374784	False
epha4a|red blood cell|18	epha4a	18	red blood cell	7	21.0	0.005130936808151718	0.10351197661404923	0.23277058700519698	False
epha4a|retinal neuron|18	epha4a	18	retinal neuron	7	23.0	0.0017766625640891556	0.3643499839465748	0.5408065253328209	False
epha4a|retinal pigmented epithelium (early)|18	epha4a	18	retinal pigmented epithelium (early)	7	23.0	0.0013760577226573883	0.18050936576337812	0.33835958688227014	False
epha4a|roof plate, flexural + subcommissural organ|18	epha4a	18	roof plate, flexural + subcommissural organ	7	19.0	0.00018201664717118048	0.7651013429794306	0.8577861353295624	False
epha4a|satellite cells|18	epha4a	18	satellite cells	6	22.0	-0.0015464692337211683	0.026195789581942203	0.09080387155555865	False
epha4a|slow-committed myocyte|18	epha4a	18	slow-committed myocyte	7	23.0	-0.003936105348998959	0.000980195459247392	0.008297323346113274	True
epha4a|support cells/otic vesicle|18	epha4a	18	support cells/otic vesicle	7	23.0	0.0016661003620008618	0.37824178977235834	0.5538600028729223	False
epha4a|thyroid follicle cell|18	epha4a	18	thyroid follicle cell	3	12.0	-0.0015476678967540503	0.18865633640305332	0.3480219589007382	False
epha4a|unknown|18	epha4a	18	unknown	1					False
epha4a|xanthophore|18	epha4a	18	xanthophore	7	19.0	0.0019552907376896842	0.12166010143221424	0.26019677309850775	False
epha4a|KA neuron|24	epha4a	24	KA neuron	7	31.0	0.0007513995572903879	0.06039690130503409	0.16268237096552557	False
epha4a|anterior migratory muscle|24	epha4a	24	anterior migratory muscle	8	32.0	-0.0009884700922774305	0.6462086112125955	0.7759407700592152	False
epha4a|basal cell|24	epha4a	24	basal cell	8	23.0	0.000372052509354782	0.5045390062726003	0.6681270818416558	False
epha4a|cardiomyocyte|24	epha4a	24	cardiomyocyte	8	32.0	-0.0005418436547482627	0.3675692211730148	0.5433809732357472	False
epha4a|chondrocranium|24	epha4a	24	chondrocranium	2	1.0	-0.00013086923683955007			False
epha4a|connective tissue-meninges-dermal FB|24	epha4a	24	connective tissue-meninges-dermal FB	8	32.0	-0.015002359249704486	2.1928999075573286e-05	0.00044836368879133686	True
epha4a|contains head vasculature?|24	epha4a	24	contains head vasculature?	8	32.0	-0.001319278718282418	0.28680893705320737	0.46348380027202407	False
epha4a|cranial muscle (early)|24	epha4a	24	cranial muscle (early)	7	22.0	0.0004915710803101819	0.021395515730460685	0.07837552482299408	False
epha4a|cranial muscle (mid)|24	epha4a	24	cranial muscle (mid)	3	5.0	0.00025644459512687995	0.37762931947048234	0.5534509986504974	False
epha4a|cranial muscle (non-somitic, fast-twitch)|24	epha4a	24	cranial muscle (non-somitic, fast-twitch)	8	32.0	0.0010084634055056657	0.12200966074751128	0.2608604233163489	False
epha4a|cranial muscle (progenitor)|24	epha4a	24	cranial muscle (progenitor)	8	32.0	-0.0038062445471217865	0.001677245369952997	0.012283474617243212	True
epha4a|cranial neural crest|24	epha4a	24	cranial neural crest	8	32.0	0.00012777097668457537	0.8568932157360808	0.9180998740029437	False
epha4a|differentiating neuron (hindbrain)|24	epha4a	24	differentiating neuron (hindbrain)	8	32.0	-0.0007339665159005505	0.5361842827578227	0.6961595464880289	False
epha4a|differentiating neuron 1|24	epha4a	24	differentiating neuron 1	8	32.0	0.0031910852220419506	0.10884399157854771	0.24118881872010964	False
epha4a|differentiating neuron 2|24	epha4a	24	differentiating neuron 2	8	32.0	0.0015804293708716285	0.25962810466080266	0.4322778962802849	False
epha4a|dorsal spinal cord neuron|24	epha4a	24	dorsal spinal cord neuron	1	9.0	-7.857306185714448e-05			False
epha4a|endothelium (dorsal aorta)|24	epha4a	24	endothelium (dorsal aorta)	8	32.0	-0.0014111542132303843	0.17356222607602556	0.3300508677869859	False
epha4a|endothelium (f8+, clic2+)|24	epha4a	24	endothelium (f8+, clic2+)	6	31.0	9.680619674096408e-05	0.7219245240477926	0.8296763165509482	False
epha4a|endothelium (vein + early artery)|24	epha4a	24	endothelium (vein + early artery)	8	32.0	-0.0010903071059762924	0.3691511066980415	0.5446290195400724	False
epha4a|eye, optic cup|24	epha4a	24	eye, optic cup	8	32.0	0.01551796718711413	0.012164596622024276	0.05307534113811642	False
epha4a|fast-committed myocyte|24	epha4a	24	fast-committed myocyte	8	32.0	0.002960894701895145	0.5452305617290722	0.7017348600987188	False
epha4a|fin bud mesoderm (pectoral)|24	epha4a	24	fin bud mesoderm (pectoral)	1	2.0	0.00028961006843460004			False
epha4a|fin fold|24	epha4a	24	fin fold	3	11.0	0.00013755258633968773	0.7802334190789483	0.8691787208348049	False
epha4a|fin mesenchyme|24	epha4a	24	fin mesenchyme	8	32.0	-0.011364814934739842	0.0008734612112016065	0.007637039142677204	True
epha4a|floor plate|24	epha4a	24	floor plate	8	32.0	0.002823440766267069	0.0048922052518769864	0.027521580316106044	True
epha4a|glia|24	epha4a	24	glia	8	28.0	0.00024635417374921256	0.415002963234404	0.5893158798021677	False
epha4a|hair cell|24	epha4a	24	hair cell	4	23.0	0.0003401654433863641	0.010511203972457648	0.047742276416255	True
epha4a|hatching gland|24	epha4a	24	hatching gland	8	32.0	-0.0022845755450875034	0.016150808239829596	0.06481463806190522	False
epha4a|head mesenchyme|24	epha4a	24	head mesenchyme	8	32.0	-0.0015850082064800125	0.41757440022273895	0.5918903347867108	False
epha4a|head mesenchyme (maybe ventral, hand2+)|24	epha4a	24	head mesenchyme (maybe ventral, hand2+)	8	32.0	-0.002831034402520874	0.1120811703657022	0.24686091384822376	False
epha4a|head mesenchyme/PA cartilage|24	epha4a	24	head mesenchyme/PA cartilage	8	32.0	-0.002080137173462877	0.08652029563878846	0.20682871821182358	False
epha4a|head/eye connective tissue|24	epha4a	24	head/eye connective tissue	8	32.0	-0.0038237373375355765	0.21490713701113837	0.3783937269313764	False
epha4a|hypochord|24	epha4a	24	hypochord	8	32.0	-8.663373619453136e-05	0.7130883910084862	0.8237956116570568	False
epha4a|hypophysis/locus coeruleus|24	epha4a	24	hypophysis/locus coeruleus	5	22.0	0.0002894573921442184	0.16693627060487282	0.32144060219338744	False
epha4a|intestine|24	epha4a	24	intestine	8	32.0	-0.0007695056741706128	0.2681709668887464	0.44218264887734987	False
epha4a|ionocyte/goblet cell|24	epha4a	24	ionocyte/goblet cell	8	32.0	-0.002483866034768155	0.19407339538283375	0.3535136272804085	False
epha4a|iridophore|24	epha4a	24	iridophore	4	24.0	-0.0003023189397837041	0.3756211650207421	0.5513590990861125	False
epha4a|lens|24	epha4a	24	lens	8	32.0	-0.0007341969409036878	0.5794008839847844	0.727810751243647	False
epha4a|liver|24	epha4a	24	liver	2					False
epha4a|mature fast muscle|24	epha4a	24	mature fast muscle	8	32.0	0.014235300948620078	0.47892601653532574	0.6460542793092244	False
epha4a|mature slow muscle|24	epha4a	24	mature slow muscle	8	32.0	-0.0009912535206175119	0.8917376405185222	0.9392291363521288	False
epha4a|melanophore|24	epha4a	24	melanophore	8	32.0	-0.0003525907718644281	0.5886870094168679	0.7355279889755231	False
epha4a|mesodermal progenitor cells (contains PSM)|24	epha4a	24	mesodermal progenitor cells (contains PSM)	8	32.0	0.0017148737365566	0.0880340540816033	0.2095939621391543	False
epha4a|motor neuron|24	epha4a	24	motor neuron	8	32.0	0.0010846694668722218	0.0385697334555839	0.11865549945016435	False
epha4a|myeloid cell|24	epha4a	24	myeloid cell	8	32.0	0.0015789486426267567	0.03048158101152317	0.10137642934012586	False
epha4a|myoblast|24	epha4a	24	myoblast	8	32.0	-1.5147969971074891e-05	0.9877921280126056	0.9934733904410117	False
epha4a|neural crest + pigment cell progenitor|24	epha4a	24	neural crest + pigment cell progenitor	8	32.0	-0.0016241786560253439	0.08909219024497612	0.21133295894872328	False
epha4a|neural progenitor (MHB)|24	epha4a	24	neural progenitor (MHB)	8	32.0	0.009654119319739161	0.02771394181371838	0.09434382343860585	False
epha4a|neural progenitor (hindbrain R7/8)|24	epha4a	24	neural progenitor (hindbrain R7/8)	8	32.0	0.012940587545505883	0.0012187716467592959	0.00971632912441606	True
epha4a|neural progenitor (hindbrain)|24	epha4a	24	neural progenitor (hindbrain)	8	32.0	0.022288190346461664	0.05217905271527774	0.1462377921944414	False
epha4a|neural progenitor (telencephalon/diencephalon)|24	epha4a	24	neural progenitor (telencephalon/diencephalon)	8	32.0	0.018491379907747366	0.01096096012885028	0.04931318893446859	True
epha4a|neural tube-like connective tissue (+ taste bud)|24	epha4a	24	neural tube-like connective tissue (+ taste bud)	8	32.0	-0.0030138628629719725	0.05895226267807066	0.15982773786037516	False
epha4a|neuromast support cell|24	epha4a	24	neuromast support cell	8	32.0	-0.0014751367532900494	0.09816258760936165	0.2251606471053532	False
epha4a|neuron (+ spinal cord)|24	epha4a	24	neuron (+ spinal cord)	8	30.0	0.0006455705472790975	0.2633853748641769	0.43645780946944024	False
epha4a|neuron (cranial ganglia sensory, Rohon-Beard)|24	epha4a	24	neuron (cranial ganglia sensory, Rohon-Beard)	8	32.0	0.0004853889309089851	0.6246782035075651	0.7605325508075796	False
epha4a|neuron (dopaminergic)|24	epha4a	24	neuron (dopaminergic)	2	10.0	1.7428181571400164e-06	0.9852244351607066	0.9922425540531821	False
epha4a|neuron (telencephalon, glutamatergic)|24	epha4a	24	neuron (telencephalon, glutamatergic)	8	29.0	0.0011809722448064643	0.01486285191968689	0.061288434693081754	False
epha4a|neurons (differentiating, contains peripheral)|24	epha4a	24	neurons (differentiating, contains peripheral)	8	32.0	0.003966239705482091	0.1337296604667903	0.27700548435218875	False
epha4a|neurons (gabaergic, glutamatergic)|24	epha4a	24	neurons (gabaergic, glutamatergic)	8	31.0	0.00022767780818294062	0.8087710782683382	0.8853844835408744	False
epha4a|neurons (gabaergic, glutamatergic; contains Purkinje)|24	epha4a	24	neurons (gabaergic, glutamatergic; contains Purkinje)	8	31.0	0.0029181438879406834	0.001061214526065144	0.0088478927549597	True
epha4a|notochord|24	epha4a	24	notochord	8	32.0	0.0006589656436384421	0.8131782282213944	0.8888911542245708	False
epha4a|olfactory vesicle/bulb|24	epha4a	24	olfactory vesicle/bulb	8	32.0	0.0011503975285006751	0.12903552958514636	0.2702945154893346	False
epha4a|pancreas|24	epha4a	24	pancreas	6	27.0	0.0002479246710535611	0.44220347576060137	0.6138135500397517	False
epha4a|pectoral fin bud (osteoblast+)|24	epha4a	24	pectoral fin bud (osteoblast+)	8	32.0	-0.004824358824176235	0.040171892337979846	0.1220446309328685	False
epha4a|periderm|24	epha4a	24	periderm	8	32.0	-0.06450701626488653	0.0020408636359151616	0.014200564251996072	True
epha4a|periocular mesenchyme|24	epha4a	24	periocular mesenchyme	2	8.0	6.619406555242503e-05	0.4893586881491272	0.6549422925983787	False
epha4a|pharyngeal arch (NC-derived)|24	epha4a	24	pharyngeal arch (NC-derived)	8	32.0	-0.012213468957284443	1.5501048989747712e-06	5.2137523459392164e-05	True
epha4a|pharyngeal arch (contains muscle, early cartilage)|24	epha4a	24	pharyngeal arch (contains muscle, early cartilage)	8	30.0	0.0001424514300325814	0.6060030924539576	0.7475200574264986	False
epha4a|pharyngeal arch (early)|24	epha4a	24	pharyngeal arch (early)	8	32.0	0.007883084059376091	0.0005568467017525144	0.005465651895340411	True
epha4a|pharynx|24	epha4a	24	pharynx	7	31.0	-0.0007634386005430293	0.0606052598756026	0.16297934110618345	False
epha4a|posterior lateral line primordium|24	epha4a	24	posterior lateral line primordium	8	31.0	-0.0005850378663040654	0.38530635214099584	0.561236455496913	False
epha4a|posterior spinal cord progenitors|24	epha4a	24	posterior spinal cord progenitors	8	32.0	0.004417419544672412	0.0005376045661350499	0.005339883919233792	True
epha4a|primordial germ cell|24	epha4a	24	primordial germ cell	6	27.0	-0.00038681258446915563	0.1977400641036387	0.3576436379882088	False
epha4a|pronephric duct|24	epha4a	24	pronephric duct	5	23.0	-0.0004739452289391783	0.09184669829871901	0.2160429416619426	False
epha4a|pronephric podocyte|24	epha4a	24	pronephric podocyte	5	15.0	-7.51772310065334e-05	0.4496677308437995	0.6191550085903539	False
epha4a|pronephros distal tubule|24	epha4a	24	pronephros distal tubule	8	32.0	-0.0005373018838024032	0.4708056280890456	0.6388379628401094	False
epha4a|pronephros proximal tubule|24	epha4a	24	pronephros proximal tubule	8	32.0	0.001910153588679903	0.07806841172584443	0.19234875636567902	False
epha4a|red blood cell|24	epha4a	24	red blood cell	8	31.0	0.0017053787485778295	0.2822812787384749	0.4577254995649502	False
epha4a|retinal neuron|24	epha4a	24	retinal neuron	8	30.0	0.006304903851972288	0.03334722578576248	0.10783081038753853	False
epha4a|retinal pigmented epithelium (early)|24	epha4a	24	retinal pigmented epithelium (early)	8	31.0	-1.7289781915591062e-05	0.9726250275631674	0.9860269787224918	False
epha4a|roof plate, flexural + subcommissural organ|24	epha4a	24	roof plate, flexural + subcommissural organ	8	31.0	0.00024716962366864645	0.5349881575734539	0.6952858022835128	False
epha4a|satellite cells|24	epha4a	24	satellite cells	8	32.0	-0.001101421316944675	0.06431513176854617	0.16912309085951296	False
epha4a|slow-committed myocyte|24	epha4a	24	slow-committed myocyte	8	31.0	-0.000622203526181443	0.4652489252856986	0.63403694623282	False
epha4a|support cells/otic vesicle|24	epha4a	24	support cells/otic vesicle	8	32.0	0.0014604315895299317	0.40752927162519026	0.5822472607932464	False
epha4a|thyroid follicle cell|24	epha4a	24	thyroid follicle cell	3	19.0	-0.0009555974641225753	0.119996849205092	0.25821860847404027	False
epha4a|unknown|24	epha4a	24	unknown	2					False
epha4a|xanthophore|24	epha4a	24	xanthophore	8	31.0	-0.00190841513678844	0.037194816318156146	0.1158198474386821	False
epha4a|KA neuron|36	epha4a	36	KA neuron	8	44.0	0.0004782049644077909	0.12471329667447462	0.2643444518028338	False
epha4a|adrenal gland|36	epha4a	36	adrenal gland	3	15.0	-7.169627848593337e-05	0.5190093099543577	0.6799025660691246	False
epha4a|anterior migratory muscle|36	epha4a	36	anterior migratory muscle	8	44.0	0.003696443751136907	0.09800463930078167	0.22497253746677717	False
epha4a|basal cell|36	epha4a	36	basal cell	8	44.0	-0.0017877551701902458	0.6764439783280243	0.7980722565730118	False
epha4a|cardiomyocyte|36	epha4a	36	cardiomyocyte	8	44.0	0.00012625382790257614	0.8387696045623987	0.9059894816854208	False
epha4a|chondrocranium|36	epha4a	36	chondrocranium	1	7.0	9.736717077975715e-05			False
epha4a|connective tissue-meninges-dermal FB|36	epha4a	36	connective tissue-meninges-dermal FB	8	44.0	0.001670970915105048	0.646413254012562	0.7760462643023441	False
epha4a|contains head vasculature?|36	epha4a	36	contains head vasculature?	7	31.0	7.847272571007982e-05	0.4388012804843482	0.6121059832501942	False
epha4a|cranial muscle (early)|36	epha4a	36	cranial muscle (early)	8	44.0	0.00024408802070053845	0.8343158100370475	0.9035346177216123	False
epha4a|cranial muscle (late)|36	epha4a	36	cranial muscle (late)	1	6.0	-0.00010425853302700006			False
epha4a|cranial muscle (mid)|36	epha4a	36	cranial muscle (mid)	8	36.0	1.5740893485868064e-05	0.9481309178486043	0.9728736796022197	False
epha4a|cranial muscle (non-somitic, fast-twitch)|36	epha4a	36	cranial muscle (non-somitic, fast-twitch)	8	44.0	-0.0010772567175939942	0.07714353508809227	0.19056460619344728	False
epha4a|cranial muscle (progenitor)|36	epha4a	36	cranial muscle (progenitor)	7	37.0	0.00031314147872283163	0.12343068352181812	0.262575787426385	False
epha4a|cranial neural crest|36	epha4a	36	cranial neural crest	8	44.0	-0.00032399482249676533	0.6322246780973819	0.7655596387979776	False
epha4a|differentiating neuron (hindbrain)|36	epha4a	36	differentiating neuron (hindbrain)	8	44.0	0.0027301396420507072	0.3573284046720012	0.5340637087371678	False
epha4a|differentiating neuron 1|36	epha4a	36	differentiating neuron 1	8	43.0	-0.0016612703294281023	0.36562373320469177	0.5415893239289293	False
epha4a|differentiating neuron 2|36	epha4a	36	differentiating neuron 2	8	43.0	0.0007203392688521276	0.4133437065578446	0.5881518051556482	False
epha4a|dorsal spinal cord neuron|36	epha4a	36	dorsal spinal cord neuron	3	26.0	0.0003070788040058563	0.5381470427319675	0.6970735085680163	False
epha4a|endothelium (dorsal aorta)|36	epha4a	36	endothelium (dorsal aorta)	8	44.0	-0.0032488750346778596	0.0003061614357242975	0.003459936633312852	True
epha4a|endothelium (f8+, clic2+)|36	epha4a	36	endothelium (f8+, clic2+)	7	44.0	-8.332945605829512e-05	0.7889693346305188	0.8755712952726139	False
epha4a|endothelium (vein + early artery)|36	epha4a	36	endothelium (vein + early artery)	8	44.0	0.0005671673013454906	0.5997158849776222	0.7428330030991643	False
epha4a|eye, optic cup|36	epha4a	36	eye, optic cup	8	44.0	0.007914804705558897	0.022181739861851693	0.08063329397265018	False
epha4a|fast-committed myocyte|36	epha4a	36	fast-committed myocyte	5	24.0	3.405829747126334e-05	0.9025400755593118	0.9469642315711887	False
epha4a|fin bud mesoderm (pectoral)|36	epha4a	36	fin bud mesoderm (pectoral)	8	40.0	0.00010521846850017249	0.7353100167777263	0.8387883430492182	False
epha4a|fin fold|36	epha4a	36	fin fold	8	44.0	0.0003000042576139575	0.8657949100906069	0.9238411309400621	False
epha4a|fin mesenchyme|36	epha4a	36	fin mesenchyme	8	30.0	0.0003396498144710449	0.4395070886601281	0.6125261334199982	False
epha4a|floor plate|36	epha4a	36	floor plate	8	44.0	0.0005325177473673622	0.505520090311202	0.6691595617764815	False
epha4a|glia|36	epha4a	36	glia	8	44.0	0.0004541315028426208	0.04257487455262089	0.12669504764987272	False
epha4a|hair cell|36	epha4a	36	hair cell	8	39.0	-7.583090936962185e-05	0.603727832356481	0.7452668485990741	False
epha4a|hatching gland|36	epha4a	36	hatching gland	8	44.0	-0.009952101651867796	7.64376492801348e-09	5.707058196252762e-07	True
epha4a|head mesenchyme|36	epha4a	36	head mesenchyme	8	44.0	0.0037921436627204493	0.15894470519270357	0.31091774094951874	False
epha4a|head mesenchyme (maybe ventral, hand2+)|36	epha4a	36	head mesenchyme (maybe ventral, hand2+)	8	44.0	-0.0009781960162800474	0.4067306339012182	0.5816064261402184	False
epha4a|head mesenchyme/PA cartilage|36	epha4a	36	head mesenchyme/PA cartilage	8	43.0	-0.0006211704362029807	0.6358407724607059	0.7687703662666286	False
epha4a|head/eye connective tissue|36	epha4a	36	head/eye connective tissue	8	44.0	0.001152521384676205	0.29915405202050194	0.47785545088371045	False
epha4a|hypochord|36	epha4a	36	hypochord	7	38.0	-0.0002691628412086525	0.38182132925002044	0.5578721928026353	False
epha4a|hypophysis/locus coeruleus|36	epha4a	36	hypophysis/locus coeruleus	8	41.0	1.1774121174113698e-05	0.9578369981081699	0.9783903834868592	False
epha4a|intestine|36	epha4a	36	intestine	8	44.0	-0.0021242946496217146	0.0033881336431370286	0.020712187726444856	True
epha4a|ionocyte/goblet cell|36	epha4a	36	ionocyte/goblet cell	8	44.0	0.00042101173455884496	0.6665115415053506	0.790463893147074	False
epha4a|iridophore|36	epha4a	36	iridophore	8	44.0	-0.0005776817181165216	0.11844945394271128	0.2562593680722251	False
epha4a|jaw chondrocyte|36	epha4a	36	jaw chondrocyte	1	7.0	0.00011027145886130003			False
epha4a|lens|36	epha4a	36	lens	8	43.0	-0.0012447333186203571	0.216949904217549	0.38077974472414505	False
epha4a|liver|36	epha4a	36	liver	8	36.0	-0.0003016807389251248	0.13984590975711675	0.2848792367676397	False
epha4a|mature fast muscle|36	epha4a	36	mature fast muscle	8	44.0	0.03037958723359095	0.03998956194260739	0.1217830610030367	False
epha4a|mature slow muscle|36	epha4a	36	mature slow muscle	8	44.0	0.000858005899758367	0.8570402270612516	0.9181093517365817	False
epha4a|melanophore|36	epha4a	36	melanophore	8	44.0	0.00012625517778159113	0.8385484047652406	0.9059894816854208	False
epha4a|mesodermal progenitor cells (contains PSM)|36	epha4a	36	mesodermal progenitor cells (contains PSM)	3	12.0	6.836735706094998e-05	0.7297042230757196	0.8351506307850769	False
epha4a|motor neuron|36	epha4a	36	motor neuron	8	43.0	-0.0006924537903303316	0.31093877255787156	0.48971724403432587	False
epha4a|myeloid cell|36	epha4a	36	myeloid cell	8	43.0	-0.0001966126185429138	0.6688958892484484	0.7921606102398753	False
epha4a|myoblast|36	epha4a	36	myoblast	2	1.0	-7.021439334835002e-05			False
epha4a|neural crest + pigment cell progenitor|36	epha4a	36	neural crest + pigment cell progenitor	4	19.0	-3.105892167423686e-05	0.8477447356211761	0.9125650037587422	False
epha4a|neural progenitor (MHB)|36	epha4a	36	neural progenitor (MHB)	8	43.0	0.004431841507889965	0.07648591431222265	0.18974584773725192	False
epha4a|neural progenitor (hindbrain R7/8)|36	epha4a	36	neural progenitor (hindbrain R7/8)	8	44.0	0.003981114071991138	0.02588679683907558	0.09006165706578911	False
epha4a|neural progenitor (hindbrain)|36	epha4a	36	neural progenitor (hindbrain)	8	43.0	0.006692387553716551	0.03868848731256492	0.1188557550587119	False
epha4a|neural progenitor (telencephalon/diencephalon)|36	epha4a	36	neural progenitor (telencephalon/diencephalon)	8	44.0	0.0017889289439157706	0.3567967546193309	0.5337488371245855	False
epha4a|neural tube-like connective tissue (+ taste bud)|36	epha4a	36	neural tube-like connective tissue (+ taste bud)	8	44.0	-0.00032999400831824205	0.6597343085582186	0.785651340567986	False
epha4a|neuromast support cell|36	epha4a	36	neuromast support cell	8	44.0	0.0008606319236992748	0.16519346905667925	0.31912122142911403	False
epha4a|neuron (+ spinal cord)|36	epha4a	36	neuron (+ spinal cord)	8	42.0	-7.507255274028174e-05	0.8861797066800906	0.9358970360599494	False
epha4a|neuron (cranial ganglia sensory, Rohon-Beard)|36	epha4a	36	neuron (cranial ganglia sensory, Rohon-Beard)	8	44.0	-0.0025541066042464927	0.00533889983550709	0.02939270042000382	True
epha4a|neuron (dopaminergic)|36	epha4a	36	neuron (dopaminergic)	3	22.0	0.00018428966967798182	0.3921515193134636	0.567788084556601	False
epha4a|neuron (telencephalon, glutamatergic)|36	epha4a	36	neuron (telencephalon, glutamatergic)	8	43.0	0.000925835459963022	0.09957792354702795	0.22754308871045417	False
epha4a|neurons (differentiating, contains peripheral)|36	epha4a	36	neurons (differentiating, contains peripheral)	8	44.0	-0.0026432090811819714	0.44033910458513736	0.6127253816211862	False
epha4a|neurons (gabaergic, glutamatergic)|36	epha4a	36	neurons (gabaergic, glutamatergic)	8	44.0	-0.0027727865978039515	0.10739537100107342	0.2393166466472612	False
epha4a|neurons (gabaergic, glutamatergic; contains Purkinje)|36	epha4a	36	neurons (gabaergic, glutamatergic; contains Purkinje)	8	44.0	-0.0017166195669744266	0.12359248935074037	0.26263898040795325	False
epha4a|notochord|36	epha4a	36	notochord	8	44.0	0.00017237777658477005	0.9400703769820359	0.9675863559499988	False
epha4a|olfactory vesicle/bulb|36	epha4a	36	olfactory vesicle/bulb	8	43.0	0.00010846064330796278	0.836933279890746	0.9053266555223843	False
epha4a|pancreas|36	epha4a	36	pancreas	7	37.0	-0.00019400342062127532	0.6185687793975314	0.7565598268169696	False
epha4a|pectoral fin bud (osteoblast+)|36	epha4a	36	pectoral fin bud (osteoblast+)	8	44.0	-0.00017577289377647062	0.7243142745345053	0.8311974312717989	False
epha4a|periderm|36	epha4a	36	periderm	8	44.0	-0.043400083992709615	0.011971698425657418	0.05250952873827957	False
epha4a|periocular mesenchyme|36	epha4a	36	periocular mesenchyme	8	44.0	-0.0016929750943514292	0.0034735294085526955	0.021098357330742834	True
epha4a|pharyngeal arch (NC-derived)|36	epha4a	36	pharyngeal arch (NC-derived)	8	42.0	-0.0003361841076937864	0.2986126459347359	0.47733486462264135	False
epha4a|pharyngeal arch (contains muscle, early cartilage)|36	epha4a	36	pharyngeal arch (contains muscle, early cartilage)	8	44.0	-0.0015739988617318621	0.003142582999666971	0.01964461096560916	True
epha4a|pharyngeal arch (early)|36	epha4a	36	pharyngeal arch (early)	8	44.0	0.006742060354173442	0.055584843060022586	0.1535167423665212	False
epha4a|pharynx|36	epha4a	36	pharynx	8	29.0	0.00016298405766585215	0.4749298978520182	0.6427513587019676	False
epha4a|posterior lateral line primordium|36	epha4a	36	posterior lateral line primordium	8	40.0	0.0005356378942157349	0.1732785992399674	0.3298819403330114	False
epha4a|posterior spinal cord progenitors|36	epha4a	36	posterior spinal cord progenitors	8	43.0	0.0017253614554435656	0.04127463915094216	0.124272758114187	False
epha4a|primordial germ cell|36	epha4a	36	primordial germ cell	7	34.0	-0.000235796672410363	0.1932503840435477	0.3526035523086937	False
epha4a|pronephric duct|36	epha4a	36	pronephric duct	5	31.0	-0.00012984847691694832	0.7347142750714455	0.8385737474836404	False
epha4a|pronephric podocyte|36	epha4a	36	pronephric podocyte	6	27.0	0.00011209139209699445	0.6481393487707497	0.7770347300897049	False
epha4a|pronephros distal tubule|36	epha4a	36	pronephros distal tubule	8	44.0	0.0021931151858054655	0.012236120037117706	0.05331738862075224	False
epha4a|pronephros proximal tubule|36	epha4a	36	pronephros proximal tubule	8	44.0	0.0004745528680645053	0.7175294241264012	0.826358776248169	False
epha4a|red blood cell|36	epha4a	36	red blood cell	8	39.0	-6.086084721342315e-05	0.8675603957958611	0.9249976922914284	False
epha4a|retinal neuron|36	epha4a	36	retinal neuron	8	44.0	-0.009264822551464644	0.00010216091346478905	0.0014662187256447585	True
epha4a|retinal pigmented epithelium (early)|36	epha4a	36	retinal pigmented epithelium (early)	8	43.0	-0.00040135924003292193	0.5723916522140194	0.7221459139856008	False
epha4a|roof plate, flexural + subcommissural organ|36	epha4a	36	roof plate, flexural + subcommissural organ	8	43.0	0.0004659264989872653	0.3646069576359726	0.5408065253328209	False
epha4a|satellite cells|36	epha4a	36	satellite cells	1	22.0	0.0001322054406259			False
epha4a|slow-committed myocyte|36	epha4a	36	slow-committed myocyte	1	3.0	-8.287304775059993e-05			False
epha4a|support cells/otic vesicle|36	epha4a	36	support cells/otic vesicle	8	44.0	0.000885979991743906	0.2733139765560162	0.4482160350974155	False
epha4a|thyroid follicle cell|36	epha4a	36	thyroid follicle cell	3	29.0	-0.000436034674714923	0.4267583595927803	0.6014441780475133	False
epha4a|unknown|36	epha4a	36	unknown	5					False
epha4a|unknown (dcn+, col6+)|36	epha4a	36	unknown (dcn+, col6+)	6	33.0	-0.00045942587194184226	0.023410629410502152	0.08390702935964768	False
epha4a|xanthophore|36	epha4a	36	xanthophore	8	44.0	0.0005349791412846538	0.47445725143674	0.6423733569268821	False
epha4a|KA neuron|48	epha4a	48	KA neuron	8	39.0	-0.00047569762779992757	0.004001492446569732	0.023635482051071886	True
epha4a|adrenal gland|48	epha4a	48	adrenal gland	8	23.0	2.4830835909347808e-05	0.8045009601600578	0.8829795324658724	False
epha4a|anterior migratory muscle|48	epha4a	48	anterior migratory muscle	8	44.0	0.0057571743062068	0.0034520359123844137	0.02100620754376779	True
epha4a|basal cell|48	epha4a	48	basal cell	8	44.0	-0.007181354257860137	0.05691215402679308	0.15614420458630884	False
epha4a|cardiomyocyte|48	epha4a	48	cardiomyocyte	8	44.0	-0.0003390945475782673	0.6623705263732895	0.7876614437635127	False
epha4a|chondrocranium|48	epha4a	48	chondrocranium	8	44.0	2.7162335845566914e-06	0.994181361191792	0.9964306402895109	False
epha4a|connective tissue-meninges-dermal FB|48	epha4a	48	connective tissue-meninges-dermal FB	8	44.0	-0.0051625012557768996	0.06607437378708367	0.17231719537487086	False
epha4a|contains head vasculature?|48	epha4a	48	contains head vasculature?	1	2.0	-0.00034024743857135004			False
epha4a|cranial muscle (early)|48	epha4a	48	cranial muscle (early)	8	44.0	0.0051867608099513095	1.4561616263035491e-06	4.936833676932185e-05	True
epha4a|cranial muscle (late)|48	epha4a	48	cranial muscle (late)	8	33.0	-0.0004009762814670074	0.03127701802223965	0.10321340497162346	False
epha4a|cranial muscle (mid)|48	epha4a	48	cranial muscle (mid)	8	44.0	0.0011959691236154346	0.2874671132217444	0.4644344681153638	False
epha4a|cranial muscle (non-somitic, fast-twitch)|48	epha4a	48	cranial muscle (non-somitic, fast-twitch)	8	44.0	-0.001905896967907059	0.0005393498181821599	0.005343225858134551	True
epha4a|cranial muscle (progenitor)|48	epha4a	48	cranial muscle (progenitor)	4	11.0	-8.780859108893635e-05	0.26364886852156516	0.43667665287283164	False
epha4a|cranial neural crest|48	epha4a	48	cranial neural crest	8	44.0	0.002028857959863871	0.013043194130177285	0.05591743548066326	False
epha4a|differentiating neuron (hindbrain)|48	epha4a	48	differentiating neuron (hindbrain)	8	44.0	0.0016584068011823807	0.2750775027188904	0.44977608404700464	False
epha4a|differentiating neuron 1|48	epha4a	48	differentiating neuron 1	8	44.0	0.003477767832030341	0.00946292229344344	0.043972810237714446	True
epha4a|differentiating neuron 2|48	epha4a	48	differentiating neuron 2	8	41.0	0.0015117346626426257	0.002161696784502254	0.014747921081126773	True
epha4a|dorsal spinal cord neuron|48	epha4a	48	dorsal spinal cord neuron	8	41.0	0.0006995399179626077	0.007891499973026071	0.03869541094554684	True
epha4a|endothelium (dorsal aorta)|48	epha4a	48	endothelium (dorsal aorta)	8	44.0	-0.0014496945146652267	0.08299957000798207	0.2007071465989761	False
epha4a|endothelium (f8+, clic2+)|48	epha4a	48	endothelium (f8+, clic2+)	8	44.0	0.0004402288822432613	0.22021779596217378	0.384990069499775	False
epha4a|endothelium (vein + early artery)|48	epha4a	48	endothelium (vein + early artery)	8	44.0	-0.0014644944621794295	0.08519667223358347	0.20423228246470498	False
epha4a|eye, optic cup|48	epha4a	48	eye, optic cup	8	44.0	0.007229524642740744	0.01592136389949579	0.06419748975251792	False
epha4a|fast-committed myocyte|48	epha4a	48	fast-committed myocyte	5	13.0	-9.439122030344154e-05	0.43189251173457144	0.606427491027686	False
epha4a|fin bud mesoderm (pectoral)|48	epha4a	48	fin bud mesoderm (pectoral)	8	44.0	0.0001697716301709883	0.7982154643856681	0.8802093861338807	False
epha4a|fin fold|48	epha4a	48	fin fold	8	44.0	-0.0009806997822908586	0.6542587334245716	0.7815116454442349	False
epha4a|fin mesenchyme|48	epha4a	48	fin mesenchyme	1	3.0	-9.014955177963333e-05			False
epha4a|floor plate|48	epha4a	48	floor plate	8	44.0	-0.0011682994645546038	0.14613434974028813	0.2937273908119222	False
epha4a|glia|48	epha4a	48	glia	8	43.0	0.0008223193252908942	0.27078663546655024	0.44528017636110523	False
epha4a|hair cell|48	epha4a	48	hair cell	8	42.0	0.0002636591145974809	0.3931308011631438	0.5688924594357776	False
epha4a|hatching gland|48	epha4a	48	hatching gland	8	44.0	0.0001768564776910217	0.9416530722712335	0.9687392256246858	False
epha4a|head mesenchyme|48	epha4a	48	head mesenchyme	8	44.0	0.0066840282851696985	0.025822332636015372	0.08997871020782493	False
epha4a|head mesenchyme (maybe ventral, hand2+)|48	epha4a	48	head mesenchyme (maybe ventral, hand2+)	8	44.0	0.007279103374929763	0.0011846182938596258	0.009576385112770333	True
epha4a|head mesenchyme/PA cartilage|48	epha4a	48	head mesenchyme/PA cartilage	8	44.0	0.0019269771505683745	0.019879953494199406	0.07454982560324777	False
epha4a|head/eye connective tissue|48	epha4a	48	head/eye connective tissue	8	43.0	-8.930390642748753e-05	0.7123859463964496	0.8237009765854976	False
epha4a|hypochord|48	epha4a	48	hypochord	7	28.0	-0.00022310010106345356	0.05385439411446944	0.1499214281066818	False
epha4a|hypophysis/locus coeruleus|48	epha4a	48	hypophysis/locus coeruleus	8	41.0	-0.00011423905688448359	0.61670364949029	0.7548343619198705	False
epha4a|intestine|48	epha4a	48	intestine	8	44.0	-2.964476866383972e-05	0.9713150199896462	0.9854932559769101	False
epha4a|ionocyte/goblet cell|48	epha4a	48	ionocyte/goblet cell	8	44.0	0.0014770557809030424	0.05935464859668503	0.16065850364424036	False
epha4a|iridophore|48	epha4a	48	iridophore	8	44.0	0.0008901574516019029	0.10194657833125802	0.2312854260878148	False
epha4a|jaw chondrocyte|48	epha4a	48	jaw chondrocyte	8	40.0	-0.0006227195390871802	0.10363095078091371	0.23295929226629622	False
epha4a|lens|48	epha4a	48	lens	8	44.0	0.000709112600671742	0.44227829610087754	0.6138135500397517	False
epha4a|liver|48	epha4a	48	liver	8	44.0	-0.00047235590809047135	0.11651200545547068	0.2535939326077965	False
epha4a|mature fast muscle|48	epha4a	48	mature fast muscle	8	44.0	-0.015258263743144804	0.05091661505615947	0.14373020690237032	False
epha4a|mature slow muscle|48	epha4a	48	mature slow muscle	8	44.0	2.4196896283096986e-05	0.9941101707429579	0.9964306402895109	False
epha4a|melanophore|48	epha4a	48	melanophore	8	44.0	-0.0012315215842522683	0.01102175452238807	0.04948618837923563	True
epha4a|mesodermal progenitor cells (contains PSM)|48	epha4a	48	mesodermal progenitor cells (contains PSM)	1	2.0	-0.0001108378545861			False
epha4a|motor neuron|48	epha4a	48	motor neuron	8	44.0	6.816725241444964e-05	0.9113197967791175	0.9508477778756337	False
epha4a|myeloid cell|48	epha4a	48	myeloid cell	8	43.0	0.0004172944074270807	0.07611908939816082	0.1891590684557886	False
epha4a|neural progenitor (MHB)|48	epha4a	48	neural progenitor (MHB)	8	44.0	0.0018714422515018403	0.07895212367042978	0.19373591646602878	False
epha4a|neural progenitor (hindbrain R7/8)|48	epha4a	48	neural progenitor (hindbrain R7/8)	8	43.0	0.00027523504603590336	0.7535199978796137	0.8501087242631634	False
epha4a|neural progenitor (hindbrain)|48	epha4a	48	neural progenitor (hindbrain)	7	21.0	-0.00024351411770764757	0.4350334135369712	0.6090124533925901	False
epha4a|neural progenitor (telencephalon/diencephalon)|48	epha4a	48	neural progenitor (telencephalon/diencephalon)	8	44.0	0.004170377877634579	0.1604315461435169	0.3125939705172066	False
epha4a|neural tube-like connective tissue (+ taste bud)|48	epha4a	48	neural tube-like connective tissue (+ taste bud)	8	44.0	0.00466274112417687	0.017866834709523015	0.06902623060743047	False
epha4a|neuromast support cell|48	epha4a	48	neuromast support cell	8	44.0	0.0008177040640584901	0.18359719368024033	0.3417376336149011	False
epha4a|neuron (+ spinal cord)|48	epha4a	48	neuron (+ spinal cord)	8	44.0	7.26849737851397e-05	0.8597098887780487	0.919931112871197	False
epha4a|neuron (cranial ganglia sensory, Rohon-Beard)|48	epha4a	48	neuron (cranial ganglia sensory, Rohon-Beard)	8	44.0	0.0017387447680409576	0.19788336368004217	0.357805429021464	False
epha4a|neuron (dopaminergic)|48	epha4a	48	neuron (dopaminergic)	6	25.0	-4.798090373230686e-06	0.9637034938033675	0.9809071054445572	False
epha4a|neuron (telencephalon, glutamatergic)|48	epha4a	48	neuron (telencephalon, glutamatergic)	8	44.0	-0.000463340897867441	0.487985444515719	0.6536309773849935	False
epha4a|neurons (differentiating, contains peripheral)|48	epha4a	48	neurons (differentiating, contains peripheral)	8	44.0	0.0053601923430693366	0.18724977835450765	0.34649812786569295	False
epha4a|neurons (gabaergic, glutamatergic)|48	epha4a	48	neurons (gabaergic, glutamatergic)	8	44.0	-0.007968254444599573	0.13652913443582462	0.2805306426487491	False
epha4a|neurons (gabaergic, glutamatergic; contains Purkinje)|48	epha4a	48	neurons (gabaergic, glutamatergic; contains Purkinje)	8	44.0	-0.0019639775402479423	0.5044884264732128	0.6681270818416558	False
epha4a|notochord|48	epha4a	48	notochord	8	44.0	-0.0025858569171716	0.29562912742047226	0.47416257584094573	False
epha4a|olfactory vesicle/bulb|48	epha4a	48	olfactory vesicle/bulb	8	44.0	0.0019985184908716527	0.030343096333771236	0.10111829244629382	False
epha4a|osteoblast|48	epha4a	48	osteoblast	8	33.0	2.445836466875189e-05	0.899320038344187	0.9446698790384322	False
epha4a|pancreas|48	epha4a	48	pancreas	8	43.0	-0.00014280950811514114	0.6989263491487192	0.8146634763236074	False
epha4a|pectoral fin bud (osteoblast+)|48	epha4a	48	pectoral fin bud (osteoblast+)	8	44.0	0.0006026716653218132	0.1678122154135692	0.32237992813621485	False
epha4a|periderm|48	epha4a	48	periderm	8	44.0	-0.03191228848121708	0.04611470791281584	0.13387166189631336	False
epha4a|periocular mesenchyme|48	epha4a	48	periocular mesenchyme	8	44.0	0.0003884398860292057	0.36862165509416767	0.5442121031283907	False
epha4a|pharyngeal arch (NC-derived)|48	epha4a	48	pharyngeal arch (NC-derived)	4	11.0	-0.00012462002311784768	0.2015720464344311	0.3620124996099445	False
epha4a|pharyngeal arch (contains muscle, early cartilage)|48	epha4a	48	pharyngeal arch (contains muscle, early cartilage)	8	44.0	0.0021528321664006714	0.14020458726284057	0.28552236664467534	False
epha4a|pharyngeal arch (early)|48	epha4a	48	pharyngeal arch (early)	8	44.0	0.00996041769792667	0.0017394407708022214	0.012604780721898322	True
epha4a|pharynx|48	epha4a	48	pharynx	4	20.0	-0.000108047555484665	0.07676903982745714	0.19003365004968112	False
epha4a|posterior lateral line primordium|48	epha4a	48	posterior lateral line primordium	8	42.0	0.0004813001056630094	0.1574952423332995	0.3094625691821454	False
epha4a|posterior spinal cord progenitors|48	epha4a	48	posterior spinal cord progenitors	7	39.0	6.089584990350244e-05	0.926502997303351	0.9589738967415525	False
epha4a|primordial germ cell|48	epha4a	48	primordial germ cell	8	37.0	-0.00011864757021242572	0.2970963899858179	0.47582682850223185	False
epha4a|pronephric duct|48	epha4a	48	pronephric duct	6	32.0	0.00045136907237171774	0.06939743144161652	0.17797990425686674	False
epha4a|pronephric podocyte|48	epha4a	48	pronephric podocyte	7	35.0	0.00042064568766539737	0.1293523691096498	0.27063806446272765	False
epha4a|pronephros distal tubule|48	epha4a	48	pronephros distal tubule	8	44.0	0.0005144785332013325	0.513332164540556	0.676267294482949	False
epha4a|pronephros proximal tubule|48	epha4a	48	pronephros proximal tubule	8	44.0	-0.00023991874161767958	0.5612092473524204	0.7145909968818596	False
epha4a|red blood cell|48	epha4a	48	red blood cell	8	37.0	-0.00011203110498792738	0.4108767359771144	0.5852681480317096	False
epha4a|retinal neuron|48	epha4a	48	retinal neuron	8	44.0	-0.009478618602469652	0.04365360510300412	0.12909577477056625	False
epha4a|retinal pigmented epithelium (early)|48	epha4a	48	retinal pigmented epithelium (early)	8	44.0	0.0016975314803164597	0.05539173902510467	0.1532381789433058	False
epha4a|retinal pigmented epithelium (late)|48	epha4a	48	retinal pigmented epithelium (late)	4	21.0	-0.00011974276432245954	0.25012885168867993	0.4218543704241823	False
epha4a|roof plate, flexural + subcommissural organ|48	epha4a	48	roof plate, flexural + subcommissural organ	8	44.0	0.0010285035574093674	0.19717117185308	0.3572521288424807	False
epha4a|satellite cells|48	epha4a	48	satellite cells	3	12.0	-0.00019012321032118334	0.09660031957116637	0.2232537682534203	False
epha4a|support cells/otic vesicle|48	epha4a	48	support cells/otic vesicle	8	44.0	0.002905876828450166	0.02389118954999029	0.08495432913812503	False
epha4a|swim bladder primordium|48	epha4a	48	swim bladder primordium	1	4.0	-0.00010350426356322501			False
epha4a|thyroid follicle cell|48	epha4a	48	thyroid follicle cell	8	23.0	2.6011821450777455e-06	0.9834351624516222	0.9914631516712559	False
epha4a|unknown|48	epha4a	48	unknown	7					False
epha4a|unknown (K+ channel, ciliated)|48	epha4a	48	unknown (K+ channel, ciliated)	1	2.0	-0.00024726175824140004			False
epha4a|unknown (dcn+, col6+)|48	epha4a	48	unknown (dcn+, col6+)	6	39.0	-0.0007659428942753152	0.2525421027233891	0.4241498878930238	False
epha4a|vascular smooth muscle|48	epha4a	48	vascular smooth muscle	3	8.0	-0.00011689728462787913	0.3841382818601812	0.5601489758527329	False
epha4a|xanthophore|48	epha4a	48	xanthophore	8	44.0	0.0003812156921914776	0.5410961531606399	0.6998022455726842	False
foxd3|KA neuron|36	foxd3	36	KA neuron	8	44.0	-0.0002933660581935964	0.15961663411014773	0.31159005101701875	False
foxd3|adrenal gland|36	foxd3	36	adrenal gland	4	15.0	0.000104333949839625	0.38891038769926756	0.5645062311624363	False
foxd3|anterior migratory muscle|36	foxd3	36	anterior migratory muscle	8	44.0	0.0013809376562654088	0.3619179411109994	0.5391043978216972	False
foxd3|basal cell|36	foxd3	36	basal cell	8	44.0	0.0026060321996348446	0.5433314095188302	0.7007836211670471	False
foxd3|cardiomyocyte|36	foxd3	36	cardiomyocyte	8	44.0	0.00016738847059985084	0.8300536911256429	0.9005451317224142	False
foxd3|connective tissue-meninges-dermal FB|36	foxd3	36	connective tissue-meninges-dermal FB	8	44.0	-0.003406285241871615	0.28200951834089005	0.4575521580713746	False
foxd3|contains head vasculature?|36	foxd3	36	contains head vasculature?	6	31.0	-3.8310861088106584e-06	0.9812284166251601	0.9907976917425363	False
foxd3|cranial muscle (early)|36	foxd3	36	cranial muscle (early)	8	44.0	0.0024941428984415013	0.00743323815127284	0.037474370121965535	True
foxd3|cranial muscle (mid)|36	foxd3	36	cranial muscle (mid)	8	36.0	-4.036109039631938e-05	0.8311002898923363	0.9009982037042343	False
foxd3|cranial muscle (non-somitic, fast-twitch)|36	foxd3	36	cranial muscle (non-somitic, fast-twitch)	8	44.0	-0.0023123471950078564	1.574322266392349e-06	5.256618962866595e-05	True
foxd3|cranial muscle (progenitor)|36	foxd3	36	cranial muscle (progenitor)	6	37.0	-5.8106203410220676e-05	0.7786435968911525	0.8678441297117927	False
foxd3|cranial neural crest|36	foxd3	36	cranial neural crest	8	44.0	-0.0031354466626143406	1.2562758872179968e-09	1.2098483000816795e-07	True
foxd3|differentiating neuron (hindbrain)|36	foxd3	36	differentiating neuron (hindbrain)	8	44.0	-0.002550425734820557	0.19907713737138555	0.3594748852806677	False
foxd3|differentiating neuron 1|36	foxd3	36	differentiating neuron 1	8	43.0	6.99833883255601e-05	0.9614613906020999	0.9800446296289237	False
foxd3|differentiating neuron 2|36	foxd3	36	differentiating neuron 2	8	43.0	0.0009342335802917778	0.13849101656324617	0.2832480163320316	False
foxd3|dorsal spinal cord neuron|36	foxd3	36	dorsal spinal cord neuron	4	26.0	0.00013180681634327314	0.6403062607219663	0.7716422021214121	False
foxd3|endothelium (dorsal aorta)|36	foxd3	36	endothelium (dorsal aorta)	8	44.0	0.0031559789654336534	0.01816143778915061	0.06983955677598715	False
foxd3|endothelium (f8+, clic2+)|36	foxd3	36	endothelium (f8+, clic2+)	8	44.0	0.00019383976219248503	0.687161764779611	0.8061776000989609	False
foxd3|endothelium (vein + early artery)|36	foxd3	36	endothelium (vein + early artery)	8	44.0	0.0024205893292222665	0.033466377509171176	0.10805834720526844	False
foxd3|eye, optic cup|36	foxd3	36	eye, optic cup	8	44.0	-0.0030885412605472264	0.05021087824058237	0.14239732396539465	False
foxd3|fast-committed myocyte|36	foxd3	36	fast-committed myocyte	3	24.0	-0.00038459832678681657	0.009748881321021296	0.04495580595293997	True
foxd3|fin bud mesoderm (pectoral)|36	foxd3	36	fin bud mesoderm (pectoral)	8	40.0	-0.00040904764589672744	0.2777862233677857	0.45288330470519905	False
foxd3|fin fold|36	foxd3	36	fin fold	8	44.0	-0.0001882815129777178	0.8916295468502915	0.9392291363521288	False
foxd3|fin mesenchyme|36	foxd3	36	fin mesenchyme	4	30.0	-0.00054528791375423	9.349164121839424e-05	0.0013744512298589154	True
foxd3|floor plate|36	foxd3	36	floor plate	8	44.0	-0.0008814359430814999	0.32947481867551653	0.5097462561347631	False
foxd3|glia|36	foxd3	36	glia	8	44.0	0.00036570051193879566	0.2777000229471699	0.45288330470519905	False
foxd3|hair cell|36	foxd3	36	hair cell	8	39.0	-0.00011813956932272185	0.529071939542409	0.69012213856302	False
foxd3|hatching gland|36	foxd3	36	hatching gland	8	44.0	0.0014120800388127547	0.5080153836925454	0.6711256907826967	False
foxd3|head mesenchyme|36	foxd3	36	head mesenchyme	8	44.0	0.006510780907638999	0.1024777570253612	0.23177831702979074	False
foxd3|head mesenchyme (maybe ventral, hand2+)|36	foxd3	36	head mesenchyme (maybe ventral, hand2+)	8	44.0	0.003760512025395027	0.04512045123872428	0.13156006953985205	False
foxd3|head mesenchyme/PA cartilage|36	foxd3	36	head mesenchyme/PA cartilage	8	43.0	0.0016318533033373179	0.032161609340093315	0.10501911256261429	False
foxd3|head/eye connective tissue|36	foxd3	36	head/eye connective tissue	8	44.0	-0.0007436428653544071	0.2734037608121943	0.4482526500362771	False
foxd3|hypochord|36	foxd3	36	hypochord	7	38.0	0.00012235638902231903	0.5742760027057715	0.7234244621762752	False
foxd3|hypophysis/locus coeruleus|36	foxd3	36	hypophysis/locus coeruleus	7	41.0	-0.00015797860429319168	0.30803773351619235	0.4868959893470738	False
foxd3|intestine|36	foxd3	36	intestine	8	44.0	0.001858864197072211	0.03298285684266681	0.10701713072242233	False
foxd3|ionocyte/goblet cell|36	foxd3	36	ionocyte/goblet cell	8	44.0	-0.00139369794073773	0.12783436303464038	0.2688162475839194	False
foxd3|iridophore|36	foxd3	36	iridophore	8	44.0	-0.0012118005897506718	2.1667293301515035e-06	6.856150170275349e-05	True
foxd3|jaw chondrocyte|36	foxd3	36	jaw chondrocyte	1	7.0	-8.083012244689997e-05			False
foxd3|lens|36	foxd3	36	lens	8	43.0	-7.143515296549434e-05	0.890855782554786	0.9388955868479862	False
foxd3|liver|36	foxd3	36	liver	8	36.0	0.0011079261169455877	0.002652929631441978	0.017454175644487074	True
foxd3|mature fast muscle|36	foxd3	36	mature fast muscle	8	44.0	-0.014095534670329257	0.1292856706291755	0.2706356625226663	False
foxd3|mature slow muscle|36	foxd3	36	mature slow muscle	8	44.0	0.0138264623258538	0.016883851497710375	0.06685187938675557	False
foxd3|melanophore|36	foxd3	36	melanophore	8	44.0	0.002558945527146891	0.0038892824306985528	0.02305466704013549	True
foxd3|mesodermal progenitor cells (contains PSM)|36	foxd3	36	mesodermal progenitor cells (contains PSM)	1	12.0	-5.7632773786683335e-05			False
foxd3|motor neuron|36	foxd3	36	motor neuron	8	43.0	-0.00021801035435789484	0.7243870614451728	0.8311974312717989	False
foxd3|myeloid cell|36	foxd3	36	myeloid cell	8	43.0	0.0006133606271559238	0.08511426674478881	0.20418205867116304	False
foxd3|neural crest + pigment cell progenitor|36	foxd3	36	neural crest + pigment cell progenitor	7	19.0	7.25122351138346e-05	0.6664190843831745	0.790463893147074	False
foxd3|neural progenitor (MHB)|36	foxd3	36	neural progenitor (MHB)	8	43.0	-0.0009479170191252096	0.253791152944733	0.42551627647085616	False
foxd3|neural progenitor (hindbrain R7/8)|36	foxd3	36	neural progenitor (hindbrain R7/8)	8	44.0	0.00042029739148419926	0.7806956234292246	0.8695478407119004	False
foxd3|neural progenitor (hindbrain)|36	foxd3	36	neural progenitor (hindbrain)	8	43.0	-0.00010747576698014877	0.8678869465010626	0.9249976922914284	False
foxd3|neural progenitor (telencephalon/diencephalon)|36	foxd3	36	neural progenitor (telencephalon/diencephalon)	8	44.0	-0.0033599434058978646	0.097368015878147	0.22434482160550862	False
foxd3|neural tube-like connective tissue (+ taste bud)|36	foxd3	36	neural tube-like connective tissue (+ taste bud)	8	44.0	0.000243013008503358	0.7935339548350777	0.8776686301396623	False
foxd3|neuromast support cell|36	foxd3	36	neuromast support cell	8	44.0	-0.00023838448049161211	0.742095041051544	0.8430879719246896	False
foxd3|neuron (+ spinal cord)|36	foxd3	36	neuron (+ spinal cord)	8	42.0	-0.0010205883424436442	0.007954342856067394	0.038808082436540256	True
foxd3|neuron (cranial ganglia sensory, Rohon-Beard)|36	foxd3	36	neuron (cranial ganglia sensory, Rohon-Beard)	8	44.0	-0.001568935391367517	0.09522565846908358	0.22109521332182402	False
foxd3|neuron (dopaminergic)|36	foxd3	36	neuron (dopaminergic)	4	22.0	1.3188367459056858e-05	0.8829117151551424	0.9345250632695001	False
foxd3|neuron (telencephalon, glutamatergic)|36	foxd3	36	neuron (telencephalon, glutamatergic)	8	43.0	-0.000571167640382641	0.1700082906790585	0.32490799297162604	False
foxd3|neurons (differentiating, contains peripheral)|36	foxd3	36	neurons (differentiating, contains peripheral)	8	44.0	-0.0018109939246164358	0.6214391669420953	0.758395457177268	False
foxd3|neurons (gabaergic, glutamatergic)|36	foxd3	36	neurons (gabaergic, glutamatergic)	8	44.0	-0.002131943013185514	0.19279421209697295	0.35224568033664705	False
foxd3|neurons (gabaergic, glutamatergic; contains Purkinje)|36	foxd3	36	neurons (gabaergic, glutamatergic; contains Purkinje)	8	44.0	-0.0002035218163141013	0.9127979688031997	0.951756237674135	False
foxd3|notochord|36	foxd3	36	notochord	8	44.0	0.004234744832767756	0.3236319475790895	0.5030489571141636	False
foxd3|olfactory vesicle/bulb|36	foxd3	36	olfactory vesicle/bulb	8	43.0	-0.0009070964764088495	0.1541272153368457	0.3043611726339791	False
foxd3|pancreas|36	foxd3	36	pancreas	7	37.0	8.662887188471032e-05	0.732085453326761	0.8367230542408544	False
foxd3|pectoral fin bud (osteoblast+)|36	foxd3	36	pectoral fin bud (osteoblast+)	8	44.0	-0.000625217404184958	0.3011448626335577	0.48011219102686925	False
foxd3|periderm|36	foxd3	36	periderm	8	44.0	0.0014637582128320947	0.9236482140243221	0.9575105120423745	False
foxd3|periocular mesenchyme|36	foxd3	36	periocular mesenchyme	8	44.0	-0.002310198366213354	7.400948954149049e-06	0.0001869935581761233	True
foxd3|pharyngeal arch (NC-derived)|36	foxd3	36	pharyngeal arch (NC-derived)	8	42.0	-0.0011088817068566864	1.023575750539303e-05	0.0002411936476004847	True
foxd3|pharyngeal arch (contains muscle, early cartilage)|36	foxd3	36	pharyngeal arch (contains muscle, early cartilage)	8	44.0	-0.0004460534029916991	0.38547242189476116	0.5613553021018383	False
foxd3|pharyngeal arch (early)|36	foxd3	36	pharyngeal arch (early)	8	44.0	-0.0029271246985315066	0.06402992847536323	0.16870692891308037	False
foxd3|pharynx|36	foxd3	36	pharynx	5	29.0	4.8016704191189744e-05	0.6946568295885884	0.8125320599570797	False
foxd3|posterior lateral line primordium|36	foxd3	36	posterior lateral line primordium	8	40.0	8.855198525635987e-05	0.8752236648340999	0.9291997528075722	False
foxd3|posterior spinal cord progenitors|36	foxd3	36	posterior spinal cord progenitors	8	43.0	0.0016462455548900785	0.05673124457134204	0.15577649594073054	False
foxd3|primordial germ cell|36	foxd3	36	primordial germ cell	5	34.0	-4.514758073082589e-05	0.8753940409644805	0.9292321728768327	False
foxd3|pronephric duct|36	foxd3	36	pronephric duct	7	31.0	1.3015137059237559e-05	0.9800857591726453	0.9907976917425363	False
foxd3|pronephric podocyte|36	foxd3	36	pronephric podocyte	6	27.0	-6.98714924935055e-05	0.5905913032473662	0.7365246156633872	False
foxd3|pronephros distal tubule|36	foxd3	36	pronephros distal tubule	8	44.0	0.0014461617632754399	0.021958888745453185	0.08004213697944948	False
foxd3|pronephros proximal tubule|36	foxd3	36	pronephros proximal tubule	8	44.0	-0.0007748554028770196	0.2615255060063374	0.43424212579013294	False
foxd3|red blood cell|36	foxd3	36	red blood cell	7	39.0	-0.00045771544368856595	0.13169004623188868	0.2740621225214219	False
foxd3|retinal neuron|36	foxd3	36	retinal neuron	8	44.0	-0.004754227966254743	0.0070536897483841916	0.03625040091106957	True
foxd3|retinal pigmented epithelium (early)|36	foxd3	36	retinal pigmented epithelium (early)	8	43.0	0.0008766803358286283	0.23708287233715747	0.4065588868852675	False
foxd3|retinal pigmented epithelium (late)|36	foxd3	36	retinal pigmented epithelium (late)	1	1.0	-0.0001256242809887			False
foxd3|roof plate, flexural + subcommissural organ|36	foxd3	36	roof plate, flexural + subcommissural organ	8	43.0	0.0023103102533508775	0.004273655057805811	0.024954690561616533	True
foxd3|satellite cells|36	foxd3	36	satellite cells	4	22.0	-0.00016062000813369995	0.0050856024773903025	0.02835052723343839	True
foxd3|support cells/otic vesicle|36	foxd3	36	support cells/otic vesicle	8	44.0	-0.0007843015560570444	0.4344854664611305	0.6087193600325136	False
foxd3|thyroid follicle cell|36	foxd3	36	thyroid follicle cell	6	29.0	-0.0005274159137538397	0.07816320385796477	0.19236832949487995	False
foxd3|unknown|36	foxd3	36	unknown	5					False
foxd3|unknown (K+ channel, ciliated)|36	foxd3	36	unknown (K+ channel, ciliated)	1					False
foxd3|unknown (dcn+, col6+)|36	foxd3	36	unknown (dcn+, col6+)	2	33.0	-0.0006598317012918923	0.09880564066800082	0.22624516962056013	False
foxd3|xanthophore|36	foxd3	36	xanthophore	8	44.0	-0.00026224420243782173	0.6172516548137805	0.755226891224005	False
foxd3|KA neuron|48	foxd3	48	KA neuron	5	39.0	-7.753920397890251e-05	0.8691007776258681	0.9255087607890856	False
foxd3|adrenal gland|48	foxd3	48	adrenal gland	2	23.0	-9.083554614860214e-05	0.02258146797154303	0.08177321780430705	False
foxd3|anterior migratory muscle|48	foxd3	48	anterior migratory muscle	8	44.0	-0.0007079085852007873	0.6253146464414395	0.760889182494665	False
foxd3|basal cell|48	foxd3	48	basal cell	8	44.0	-0.012262824300165821	0.008091815983792902	0.03924826073890791	True
foxd3|cardiomyocyte|48	foxd3	48	cardiomyocyte	8	44.0	-0.0002018437382553676	0.7684864613903739	0.8601287766378682	False
foxd3|chondrocranium|48	foxd3	48	chondrocranium	7	44.0	-0.0006567594086074899	0.04439175898707988	0.130292949853863	False
foxd3|connective tissue-meninges-dermal FB|48	foxd3	48	connective tissue-meninges-dermal FB	8	44.0	-0.0152405658209913	0.010632553066298919	0.04825265932412304	True
foxd3|cranial muscle (early)|48	foxd3	48	cranial muscle (early)	8	44.0	0.000577084993874509	0.5320713981428045	0.6928501745363386	False
foxd3|cranial muscle (late)|48	foxd3	48	cranial muscle (late)	6	33.0	-0.0006460139297257198	0.0004959658027014348	0.00502392188864487	True
foxd3|cranial muscle (mid)|48	foxd3	48	cranial muscle (mid)	8	44.0	-0.00016742562825750387	0.835130581177259	0.9039892511510657	False
foxd3|cranial muscle (non-somitic, fast-twitch)|48	foxd3	48	cranial muscle (non-somitic, fast-twitch)	8	44.0	-0.0006966405561170085	0.45427635550625234	0.6236914013097205	False
foxd3|cranial muscle (progenitor)|48	foxd3	48	cranial muscle (progenitor)	2	11.0	7.655224954766364e-05	0.740880981377305	0.842140629704446	False
foxd3|cranial neural crest|48	foxd3	48	cranial neural crest	3	44.0	-0.0022748822312715876	0.014539851954838572	0.06049224354485741	False
foxd3|differentiating neuron (hindbrain)|48	foxd3	48	differentiating neuron (hindbrain)	7	44.0	-0.0008047180304328284	0.09243991685679619	0.21713087575588924	False
foxd3|differentiating neuron 1|48	foxd3	48	differentiating neuron 1	7	44.0	0.00019420329860097337	0.8680910349187895	0.9249976922914284	False
foxd3|differentiating neuron 2|48	foxd3	48	differentiating neuron 2	7	41.0	0.0007049562121849205	0.20242487887799665	0.3631498519897935	False
foxd3|dorsal spinal cord neuron|48	foxd3	48	dorsal spinal cord neuron	8	41.0	0.0002751952229179328	0.48822864611774386	0.6538249402362774	False
foxd3|endothelium (dorsal aorta)|48	foxd3	48	endothelium (dorsal aorta)	8	44.0	0.0012943303010068113	0.2370037957502692	0.4065281937946667	False
foxd3|endothelium (f8+, clic2+)|48	foxd3	48	endothelium (f8+, clic2+)	7	44.0	-0.0004536768566460172	0.0521108176006066	0.1461081784624603	False
foxd3|endothelium (vein + early artery)|48	foxd3	48	endothelium (vein + early artery)	8	44.0	0.001757490088025334	0.23665298790923034	0.40634602187515134	False
foxd3|eye, optic cup|48	foxd3	48	eye, optic cup	8	44.0	0.000449556384416518	0.5690417887737826	0.7196181907730274	False
foxd3|fast-committed myocyte|48	foxd3	48	fast-committed myocyte	1	13.0	0.0002041477624914385			False
foxd3|fin bud mesoderm (pectoral)|48	foxd3	48	fin bud mesoderm (pectoral)	7	44.0	0.00047239597407623115	0.32105247060810505	0.5003268450259987	False
foxd3|fin fold|48	foxd3	48	fin fold	8	44.0	-0.0005578723419425342	0.7008585452558109	0.8162940852833351	False
foxd3|fin mesenchyme|48	foxd3	48	fin mesenchyme	1	3.0	-4.564844209563334e-05			False
foxd3|floor plate|48	foxd3	48	floor plate	8	44.0	0.0007383754705594589	0.38214163226988096	0.5580947574578811	False
foxd3|glia|48	foxd3	48	glia	8	43.0	0.0002479416318983069	0.7509842977260944	0.8488665862786977	False
foxd3|hair cell|48	foxd3	48	hair cell	8	42.0	0.0004799775753162932	0.3392666978254047	0.5170221188127458	False
foxd3|hatching gland|48	foxd3	48	hatching gland	8	44.0	-0.0034546974671439655	0.6424840120031614	0.7733165243365471	False
foxd3|head mesenchyme|48	foxd3	48	head mesenchyme	8	44.0	0.0017933107491881727	0.45361858402627864	0.6232495860776546	False
foxd3|head mesenchyme (maybe ventral, hand2+)|48	foxd3	48	head mesenchyme (maybe ventral, hand2+)	7	44.0	-0.0025696053118892895	0.021157210397391237	0.07797540936808917	False
foxd3|head mesenchyme/PA cartilage|48	foxd3	48	head mesenchyme/PA cartilage	7	44.0	7.886818336741517e-05	0.9181974686307068	0.9546709110237946	False
foxd3|head/eye connective tissue|48	foxd3	48	head/eye connective tissue	8	43.0	-0.00012124717122472504	0.66765146621133	0.7913920786611288	False
foxd3|hypochord|48	foxd3	48	hypochord	6	28.0	0.00020252487314430365	0.45624571478971354	0.6254479865374936	False
foxd3|hypophysis/locus coeruleus|48	foxd3	48	hypophysis/locus coeruleus	7	41.0	-0.00040236355135787297	0.04517386483453832	0.13165804027434524	False
foxd3|intestine|48	foxd3	48	intestine	8	44.0	0.0066519894023826485	0.009209934377258224	0.043037984484445076	True
foxd3|ionocyte/goblet cell|48	foxd3	48	ionocyte/goblet cell	8	44.0	-0.0012802016602600705	0.047757138378994875	0.13684580632149151	False
foxd3|iridophore|48	foxd3	48	iridophore	8	44.0	-0.0011760986723498598	0.0019424438552978647	0.013702271144855957	True
foxd3|jaw chondrocyte|48	foxd3	48	jaw chondrocyte	6	40.0	-0.000966461981404101	0.09121295451416353	0.21478032698320929	False
foxd3|lens|48	foxd3	48	lens	8	44.0	0.0012768948664455921	0.3176163505782397	0.49681094130518133	False
foxd3|liver|48	foxd3	48	liver	7	44.0	0.000986648589548216	0.0075174388703701045	0.037700665127252335	True
foxd3|mature fast muscle|48	foxd3	48	mature fast muscle	8	44.0	0.0307560176184868	0.01563174328276947	0.06337579872727464	False
foxd3|mature slow muscle|48	foxd3	48	mature slow muscle	8	44.0	0.00852494207513721	0.030563808466693654	0.10159905315716826	False
foxd3|melanophore|48	foxd3	48	melanophore	8	44.0	0.006793217425125994	0.006936283974088336	0.0358625058802855	True
foxd3|mesodermal progenitor cells (contains PSM)|48	foxd3	48	mesodermal progenitor cells (contains PSM)	1	2.0	4.604302814900001e-05			False
foxd3|motor neuron|48	foxd3	48	motor neuron	8	44.0	-0.0024737706122548763	0.006799627115775501	0.03538255456877698	True
foxd3|myeloid cell|48	foxd3	48	myeloid cell	7	43.0	-0.00041852939524310664	0.04739910315895868	0.13611367350530698	False
foxd3|neural crest + pigment cell progenitor|48	foxd3	48	neural crest + pigment cell progenitor	1	8.0	-5.629574630622498e-05			False
foxd3|neural progenitor (MHB)|48	foxd3	48	neural progenitor (MHB)	8	44.0	0.00027533624628987754	0.6959696658162249	0.8132087971423975	False
foxd3|neural progenitor (hindbrain R7/8)|48	foxd3	48	neural progenitor (hindbrain R7/8)	8	43.0	0.00039841614330904124	0.2973042312787	0.4759604767244186	False
foxd3|neural progenitor (hindbrain)|48	foxd3	48	neural progenitor (hindbrain)	3	21.0	-0.00040709778222943805	0.08910486916279348	0.21133295894872328	False
foxd3|neural progenitor (telencephalon/diencephalon)|48	foxd3	48	neural progenitor (telencephalon/diencephalon)	8	44.0	-0.0007419123466021194	0.739154392651706	0.841185295285252	False
foxd3|neural tube-like connective tissue (+ taste bud)|48	foxd3	48	neural tube-like connective tissue (+ taste bud)	8	44.0	-0.0025311619979990173	0.06468582656295288	0.16962798638943247	False
foxd3|neuromast support cell|48	foxd3	48	neuromast support cell	8	44.0	0.00014392279611857763	0.8413819325003967	0.9080693424500789	False
foxd3|neuron (+ spinal cord)|48	foxd3	48	neuron (+ spinal cord)	7	44.0	-0.00024143028618566213	0.4904950537729029	0.6555389445536887	False
foxd3|neuron (cranial ganglia sensory, Rohon-Beard)|48	foxd3	48	neuron (cranial ganglia sensory, Rohon-Beard)	8	44.0	-0.0027403526115305672	0.015450021219458591	0.06286181021295512	False
foxd3|neuron (dopaminergic)|48	foxd3	48	neuron (dopaminergic)	5	25.0	0.00011640427396505596	0.22047673546778637	0.3851891029036296	False
foxd3|neuron (telencephalon, glutamatergic)|48	foxd3	48	neuron (telencephalon, glutamatergic)	8	44.0	0.0007791852941587216	0.19650393768756697	0.35628067283325576	False
foxd3|neurons (differentiating, contains peripheral)|48	foxd3	48	neurons (differentiating, contains peripheral)	8	44.0	0.0002741047092555751	0.9599008329418479	0.9792049485567362	False
foxd3|neurons (gabaergic, glutamatergic)|48	foxd3	48	neurons (gabaergic, glutamatergic)	8	44.0	-0.004005490134337625	0.47680721023107864	0.643970146417989	False
foxd3|neurons (gabaergic, glutamatergic; contains Purkinje)|48	foxd3	48	neurons (gabaergic, glutamatergic; contains Purkinje)	8	44.0	0.0029151858126234206	0.5213873007405445	0.6822801523081761	False
foxd3|notochord|48	foxd3	48	notochord	8	44.0	0.0061459263079614735	0.0794901529637133	0.19484030484834927	False
foxd3|olfactory vesicle/bulb|48	foxd3	48	olfactory vesicle/bulb	8	44.0	-0.000309078892748422	0.653637286547208	0.7815116454442349	False
foxd3|osteoblast|48	foxd3	48	osteoblast	6	33.0	-2.1682298074977217e-05	0.903179629812334	0.9469642315711887	False
foxd3|pancreas|48	foxd3	48	pancreas	7	43.0	0.00020832655582871747	0.7345674262921146	0.8385737474836404	False
foxd3|pectoral fin bud (osteoblast+)|48	foxd3	48	pectoral fin bud (osteoblast+)	7	44.0	0.0002588169246877563	0.4837256371777785	0.6501530863766866	False
foxd3|periderm|48	foxd3	48	periderm	8	44.0	-0.0028325971510971826	0.9456688237571444	0.9710970999638734	False
foxd3|periocular mesenchyme|48	foxd3	48	periocular mesenchyme	7	44.0	-0.0013981006757983567	0.0027784786833579722	0.018029658635454023	True
foxd3|pharyngeal arch (NC-derived)|48	foxd3	48	pharyngeal arch (NC-derived)	3	11.0	-8.278710232733938e-05	0.43810247989809625	0.6115947434711869	False
foxd3|pharyngeal arch (contains muscle, early cartilage)|48	foxd3	48	pharyngeal arch (contains muscle, early cartilage)	8	44.0	-0.002962430604083518	0.19137517928774292	0.3511980299273824	False
foxd3|pharyngeal arch (early)|48	foxd3	48	pharyngeal arch (early)	7	44.0	-0.0036559160742885774	0.01940801685751631	0.07314598775731884	False
foxd3|pharynx|48	foxd3	48	pharynx	2	20.0	8.671704803936002e-05	0.6466884197577007	0.7760611446899492	False
foxd3|posterior lateral line primordium|48	foxd3	48	posterior lateral line primordium	8	42.0	0.0005856137542826845	0.012585012203584099	0.054422104486621416	False
foxd3|posterior spinal cord progenitors|48	foxd3	48	posterior spinal cord progenitors	7	39.0	0.0008028590968718878	0.10214582044863332	0.23160493621102152	False
foxd3|primordial germ cell|48	foxd3	48	primordial germ cell	2	37.0	-0.00036564335705152574	0.0005275349103433739	0.005247708801245089	True
foxd3|pronephric duct|48	foxd3	48	pronephric duct	4	32.0	0.0002623875528176594	0.6074532075368221	0.748613977018209	False
foxd3|pronephric podocyte|48	foxd3	48	pronephric podocyte	4	35.0	-7.322110620709211e-05	0.8099815473745187	0.8862715926730901	False
foxd3|pronephros distal tubule|48	foxd3	48	pronephros distal tubule	8	44.0	0.0011150343500535825	0.2523361660799731	0.4241498878930238	False
foxd3|pronephros proximal tubule|48	foxd3	48	pronephros proximal tubule	8	44.0	0.0013847172244032826	0.015675494041799753	0.06347572084567907	False
foxd3|red blood cell|48	foxd3	48	red blood cell	3	37.0	-0.00021673620416466486	0.16620105842682104	0.32067538712143606	False
foxd3|retinal neuron|48	foxd3	48	retinal neuron	8	44.0	-0.0023586207543456264	0.6433509325015913	0.7738944187760406	False
foxd3|retinal pigmented epithelium (early)|48	foxd3	48	retinal pigmented epithelium (early)	8	44.0	0.0022203225448522235	0.028836509824418672	0.09699323350452249	False
foxd3|retinal pigmented epithelium (late)|48	foxd3	48	retinal pigmented epithelium (late)	5	21.0	0.0002998490509580705	0.3819988176622334	0.5580088246571865	False
foxd3|roof plate, flexural + subcommissural organ|48	foxd3	48	roof plate, flexural + subcommissural organ	7	44.0	0.0008325017225734583	0.1554385692462955	0.3059052407797929	False
foxd3|satellite cells|48	foxd3	48	satellite cells	1	12.0	0.0002310130149069167			False
foxd3|support cells/otic vesicle|48	foxd3	48	support cells/otic vesicle	8	44.0	0.00234343924210589	0.11529007353866481	0.2517589676846624	False
foxd3|swim bladder primordium|48	foxd3	48	swim bladder primordium	2	4.0	0.00012646972186757503	0.3645510871369456	0.5408065253328209	False
foxd3|thyroid follicle cell|48	foxd3	48	thyroid follicle cell	3	23.0	0.00035607243462273193	0.44929154357182466	0.618862594199236	False
foxd3|unknown|48	foxd3	48	unknown	2					False
foxd3|unknown (dcn+, col6+)|48	foxd3	48	unknown (dcn+, col6+)	7	39.0	-0.0013324827674336436	0.0002532826745342906	0.003010846819821755	True
foxd3|vascular smooth muscle|48	foxd3	48	vascular smooth muscle	2	8.0	0.0001953137566001376	0.013797794183814781	0.058138997684225806	False
foxd3|xanthophore|48	foxd3	48	xanthophore	7	44.0	-0.0015793435649027548	0.0013184758110664858	0.010343886380799054	True
foxd3|KA neuron|72	foxd3	72	KA neuron	4	13.0	0.000182092702704335	0.16923718665158208	0.32390008793195935	False
foxd3|adrenal gland|72	foxd3	72	adrenal gland	5	9.0	-6.0221046507085866e-05	0.533564719797525	0.694049195548183	False
foxd3|anterior migratory muscle|72	foxd3	72	anterior migratory muscle	8	16.0	0.0013308110499477884	0.40741373368656053	0.582207367816601	False
foxd3|basal cell|72	foxd3	72	basal cell	8	16.0	0.00016253427361832828	0.9859200508224326	0.9923394091848715	False
foxd3|cardiomyocyte|72	foxd3	72	cardiomyocyte	7	16.0	0.00017732500195579435	0.8311691480371644	0.9009982037042343	False
foxd3|chondrocranium|72	foxd3	72	chondrocranium	7	16.0	-0.0004660959855172465	0.6595644786087396	0.78558988355531	False
foxd3|connective tissue-meninges-dermal FB|72	foxd3	72	connective tissue-meninges-dermal FB	8	16.0	0.009600522378966263	0.01715672892047136	0.06733990766481522	False
foxd3|contains head vasculature?|72	foxd3	72	contains head vasculature?	1	3.0	7.837286692400681e-06			False
foxd3|cranial muscle (early)|72	foxd3	72	cranial muscle (early)	8	16.0	0.0007796080255480934	0.28799805942342516	0.46513427367889093	False
foxd3|cranial muscle (late)|72	foxd3	72	cranial muscle (late)	8	16.0	-0.003233160994379848	0.19946205354449645	0.3598402758014907	False
foxd3|cranial muscle (mid)|72	foxd3	72	cranial muscle (mid)	7	16.0	0.0014566935456324995	0.02623910904579015	0.09085883666264168	False
foxd3|cranial muscle (non-somitic, fast-twitch)|72	foxd3	72	cranial muscle (non-somitic, fast-twitch)	8	16.0	-0.0005855621636412373	0.6318427422868467	0.76546855469391	False
foxd3|cranial muscle (progenitor)|72	foxd3	72	cranial muscle (progenitor)	3	3.0	-0.0001105580672849684	0.017365505208093643	0.06775920998385075	False
foxd3|cranial neural crest|72	foxd3	72	cranial neural crest	4	16.0	-0.0018846800749149498	0.006527778952768479	0.03423606246341479	True
foxd3|differentiating neuron (hindbrain)|72	foxd3	72	differentiating neuron (hindbrain)	7	15.0	0.0005767951446945266	0.30579991942159623	0.48497385788938113	False
foxd3|differentiating neuron 1|72	foxd3	72	differentiating neuron 1	8	16.0	0.0002649904662700563	0.32877802576662457	0.5091423866742532	False
foxd3|differentiating neuron 2|72	foxd3	72	differentiating neuron 2	7	7.0	0.00011445592649485793	0.1618808407023421	0.31453163346990154	False
foxd3|dorsal spinal cord neuron|72	foxd3	72	dorsal spinal cord neuron	7	13.0	-1.158026132878242e-05	0.8839159676870456	0.9349922962878731	False
foxd3|endothelium (dorsal aorta)|72	foxd3	72	endothelium (dorsal aorta)	8	16.0	-0.004377861076530367	0.022465066407153074	0.08144046168877915	False
foxd3|endothelium (f8+, clic2+)|72	foxd3	72	endothelium (f8+, clic2+)	7	16.0	-8.643528373729575e-05	0.7217109693195416	0.8296763165509482	False
foxd3|endothelium (vein + early artery)|72	foxd3	72	endothelium (vein + early artery)	7	16.0	-0.0025505898477353782	0.025094071007332974	0.08799477669853699	False
foxd3|eye, optic cup|72	foxd3	72	eye, optic cup	8	16.0	2.1714315402681338e-05	0.9637836706467289	0.9809071054445572	False
foxd3|fast-committed myocyte|72	foxd3	72	fast-committed myocyte	5	4.0	0.00042158966823724694	0.3220805414828578	0.5015425448592117	False
foxd3|fin bud mesoderm (pectoral)|72	foxd3	72	fin bud mesoderm (pectoral)	8	16.0	0.0003675547977347879	0.7996634978819614	0.8809290357137987	False
foxd3|fin fold|72	foxd3	72	fin fold	8	16.0	-0.0015780614644431631	0.5063978642526339	0.6697877802465669	False
foxd3|fin mesenchyme|72	foxd3	72	fin mesenchyme	1	3.0	0.0018169648611666002			False
foxd3|floor plate|72	foxd3	72	floor plate	8	16.0	-0.0008669057684106813	0.06457834176357401	0.16947988981791046	False
foxd3|glia|72	foxd3	72	glia	8	16.0	-0.004358666802155537	0.009192023789524993	0.04298451659492862	True
foxd3|hair cell|72	foxd3	72	hair cell	7	16.0	9.45106567399271e-05	0.8360802894269115	0.9048068485416962	False
foxd3|hatching gland|72	foxd3	72	hatching gland	8	16.0	0.009583444609176107	0.07232770323094115	0.18281384099262224	False
foxd3|head mesenchyme|72	foxd3	72	head mesenchyme	8	16.0	-0.0007167920521012191	0.7015083110372126	0.8168079072791795	False
foxd3|head mesenchyme (maybe ventral, hand2+)|72	foxd3	72	head mesenchyme (maybe ventral, hand2+)	8	16.0	0.002216078471109807	0.3358607145588304	0.5144953059848552	False
foxd3|head mesenchyme/PA cartilage|72	foxd3	72	head mesenchyme/PA cartilage	7	16.0	0.0013844783451475006	0.0004104335119566405	0.004349809708057218	True
foxd3|head/eye connective tissue|72	foxd3	72	head/eye connective tissue	8	16.0	-0.00019310057498929997	0.415550813946304	0.5897768386743251	False
foxd3|hypochord|72	foxd3	72	hypochord	3	13.0	-0.0001903445222200103	0.013826312262346303	0.05818609561956377	False
foxd3|hypophysis/locus coeruleus|72	foxd3	72	hypophysis/locus coeruleus	7	16.0	0.0008809467781261393	0.031297970055353085	0.10321340497162346	False
foxd3|intestine|72	foxd3	72	intestine	8	16.0	-0.005629537841015716	0.2804037496890585	0.4555617226501781	False
foxd3|ionocyte/goblet cell|72	foxd3	72	ionocyte/goblet cell	8	16.0	-0.0018664719918113255	0.3605546583924969	0.5375556888081987	False
foxd3|iridophore|72	foxd3	72	iridophore	7	16.0	-0.0014724717661527202	0.007838930944843787	0.038556399799028106	True
foxd3|jaw chondrocyte|72	foxd3	72	jaw chondrocyte	8	16.0	-0.009746561983423822	0.06881246902463822	0.17682090358419217	False
foxd3|lens|72	foxd3	72	lens	8	16.0	0.00109510256945085	0.5464660266818987	0.7027111533367393	False
foxd3|liver|72	foxd3	72	liver	8	16.0	-0.00024319629165111233	0.84908085624572	0.9129680080506165	False
foxd3|mature fast muscle|72	foxd3	72	mature fast muscle	8	16.0	0.01268966784033948	0.4313807861138771	0.6060307238322862	False
foxd3|mature slow muscle|72	foxd3	72	mature slow muscle	8	16.0	-0.0014350560932173996	0.5585646825963604	0.7124257497095593	False
foxd3|melanophore|72	foxd3	72	melanophore	7	16.0	0.001892373097298482	0.07030993120368588	0.1796959587878818	False
foxd3|mesodermal progenitor cells (contains PSM)|72	foxd3	72	mesodermal progenitor cells (contains PSM)	2					False
foxd3|motor neuron|72	foxd3	72	motor neuron	8	16.0	-0.0006108196497292624	0.27936603675257704	0.4545864635526102	False
foxd3|myeloid cell|72	foxd3	72	myeloid cell	7	16.0	-0.00035731314143213743	0.3722054996374281	0.5474096579631249	False
foxd3|neural progenitor (MHB)|72	foxd3	72	neural progenitor (MHB)	8	16.0	0.0004746695172189808	0.47356597805313183	0.641297314889558	False
foxd3|neural progenitor (hindbrain R7/8)|72	foxd3	72	neural progenitor (hindbrain R7/8)	4	11.0	0.0003534466504700455	0.5025750100128266	0.6665890102864735	False
foxd3|neural progenitor (hindbrain)|72	foxd3	72	neural progenitor (hindbrain)	4	13.0	7.416936669470933e-05	0.6736754568232509	0.795835272993867	False
foxd3|neural progenitor (telencephalon/diencephalon)|72	foxd3	72	neural progenitor (telencephalon/diencephalon)	8	16.0	-0.0033018142347012256	0.06999335177264025	0.17909350116642067	False
foxd3|neural tube-like connective tissue (+ taste bud)|72	foxd3	72	neural tube-like connective tissue (+ taste bud)	7	16.0	-0.003655361249645838	0.027035205087060515	0.09282226088789511	False
foxd3|neuromast support cell|72	foxd3	72	neuromast support cell	8	16.0	0.002055265708883075	0.11706682946787979	0.25438491884043857	False
foxd3|neuron (+ spinal cord)|72	foxd3	72	neuron (+ spinal cord)	7	14.0	-0.00015804007444928574	0.07971913321369212	0.1953295133499204	False
foxd3|neuron (cranial ganglia sensory, Rohon-Beard)|72	foxd3	72	neuron (cranial ganglia sensory, Rohon-Beard)	8	16.0	-0.0010621985776185679	0.3713201473035984	0.5466758387040866	False
foxd3|neuron (dopaminergic)|72	foxd3	72	neuron (dopaminergic)	6	11.0	-2.4081658433664784e-05	0.7217000647386663	0.8296763165509482	False
foxd3|neuron (telencephalon, glutamatergic)|72	foxd3	72	neuron (telencephalon, glutamatergic)	8	16.0	0.0005340612752197937	0.4511163145797339	0.6205067088350925	False
foxd3|neurons (differentiating, contains peripheral)|72	foxd3	72	neurons (differentiating, contains peripheral)	8	16.0	0.0026809428049621876	0.22122419013506286	0.38613993786380163	False
foxd3|neurons (gabaergic, glutamatergic)|72	foxd3	72	neurons (gabaergic, glutamatergic)	8	16.0	-0.0030094082178842366	0.43964293940048604	0.6125869851784923	False
foxd3|neurons (gabaergic, glutamatergic; contains Purkinje)|72	foxd3	72	neurons (gabaergic, glutamatergic; contains Purkinje)	8	16.0	-0.014688049225274953	0.10435682397239689	0.23435319205697105	False
foxd3|notochord|72	foxd3	72	notochord	7	16.0	-0.0037544330541634755	0.3727466300348905	0.547865816540997	False
foxd3|odontoblast|72	foxd3	72	odontoblast	3	15.0	-0.00042883794858190004	0.036057935161015846	0.11339823013375354	False
foxd3|olfactory vesicle/bulb|72	foxd3	72	olfactory vesicle/bulb	7	16.0	0.001199898925571887	0.019945106800946723	0.07467503879273128	False
foxd3|osteoblast|72	foxd3	72	osteoblast	7	16.0	-0.000806058897233836	0.041902086645941916	0.12508506997407187	False
foxd3|pancreas|72	foxd3	72	pancreas	7	16.0	0.0006261637158238393	0.5343331819830723	0.6947063185829614	False
foxd3|pectoral fin bud (osteoblast+)|72	foxd3	72	pectoral fin bud (osteoblast+)	7	15.0	0.0009007679949272821	0.003148797034919249	0.019646719527735595	True
foxd3|periderm|72	foxd3	72	periderm	8	16.0	0.0425998568951344	0.1736273149742829	0.3300508677869859	False
foxd3|periocular mesenchyme|72	foxd3	72	periocular mesenchyme	6	16.0	-0.0028887865233076728	9.834429960528389e-05	0.0014206475453850248	True
foxd3|pharyngeal arch (NC-derived)|72	foxd3	72	pharyngeal arch (NC-derived)	2	3.0	0.0009575675474772894	0.46892626622482536	0.6373243379726036	False
foxd3|pharyngeal arch (contains muscle, early cartilage)|72	foxd3	72	pharyngeal arch (contains muscle, early cartilage)	8	16.0	-0.011832305180183557	0.0003976084631531686	0.004261464899440009	True
foxd3|pharyngeal arch (early)|72	foxd3	72	pharyngeal arch (early)	8	16.0	0.0034231730505277363	0.30880738351731046	0.48764854169974525	False
foxd3|pharynx|72	foxd3	72	pharynx	5	12.0	-2.3683483058364207e-05	0.6916532079104623	0.8100168428912621	False
foxd3|posterior lateral line primordium|72	foxd3	72	posterior lateral line primordium	8	16.0	-0.0005713058536206562	0.0660478399511735	0.17231562484316762	False
foxd3|posterior spinal cord progenitors|72	foxd3	72	posterior spinal cord progenitors	8	16.0	0.0001142772090956249	0.8184714273304562	0.8927679964889825	False
foxd3|primordial germ cell|72	foxd3	72	primordial germ cell	7	14.0	0.000674995556631992	0.06600085370158201	0.17231562484316762	False
foxd3|pronephric duct|72	foxd3	72	pronephric duct	2	10.0	1.4003061584150222e-05	0.7916804090483957	0.8767860530210981	False
foxd3|pronephric podocyte|72	foxd3	72	pronephric podocyte	3	10.0	-0.0005187464910728835	0.1480002029257808	0.29640185305660444	False
foxd3|pronephros distal tubule|72	foxd3	72	pronephros distal tubule	7	16.0	-0.0005346922377429991	0.4948306595273776	0.659199655617388	False
foxd3|pronephros proximal tubule|72	foxd3	72	pronephros proximal tubule	7	16.0	-0.0006488242144469802	0.19932101108386188	0.3597245066312085	False
foxd3|red blood cell|72	foxd3	72	red blood cell	7	15.0	0.0017386833973015475	0.33664598016921016	0.5154237535219041	False
foxd3|retinal neuron|72	foxd3	72	retinal neuron	8	16.0	0.0052727629049910615	0.5381026638819413	0.6970735085680163	False
foxd3|retinal pigmented epithelium (early)|72	foxd3	72	retinal pigmented epithelium (early)	7	16.0	0.0016783857226520859	0.06301957195640027	0.16743795913994497	False
foxd3|retinal pigmented epithelium (late)|72	foxd3	72	retinal pigmented epithelium (late)	7	16.0	-0.0011793939081932896	0.4023529533585587	0.5772097096432691	False
foxd3|roof plate, flexural + subcommissural organ|72	foxd3	72	roof plate, flexural + subcommissural organ	7	16.0	0.0016233784900694203	0.025811816078672254	0.08997871020782493	False
foxd3|satellite cells|72	foxd3	72	satellite cells	2	4.0	-1.8297337777225804e-05	0.6540595527950321	0.7815116454442349	False
foxd3|support cells/otic vesicle|72	foxd3	72	support cells/otic vesicle	7	16.0	0.00020999083378821747	0.8658075114730421	0.9238411309400621	False
foxd3|swim bladder primordium|72	foxd3	72	swim bladder primordium	6	15.0	-0.00034160950799558363	0.41875165854779306	0.5929266505540347	False
foxd3|thyroid follicle cell|72	foxd3	72	thyroid follicle cell	5	11.0	7.210755995229636e-05	0.47544540566274207	0.6430561206246531	False
foxd3|unknown|72	foxd3	72	unknown	5					False
foxd3|unknown (K+ channel, ciliated)|72	foxd3	72	unknown (K+ channel, ciliated)	4	15.0	-0.00015094378759971327	0.12484544151087108	0.2644558364168755	False
foxd3|unknown (dcn+, col6+)|72	foxd3	72	unknown (dcn+, col6+)	7	16.0	-0.0005182572993902043	0.41584511180913974	0.589942520916254	False
foxd3|vascular smooth muscle|72	foxd3	72	vascular smooth muscle	8	16.0	-0.0017833680542554565	0.30551652284946995	0.484764998483414	False
foxd3|xanthophore|72	foxd3	72	xanthophore	7	15.0	0.0005521538763136188	0.2556795738752124	0.42784960171261305	False
foxi1|KA neuron|48	foxi1	48	KA neuron	7	39.0	0.00036291766655922614	0.34697869594493935	0.5243624956574645	False
foxi1|adrenal gland|48	foxi1	48	adrenal gland	2	23.0	-2.1898669907702132e-05	0.909516474437182	0.9501237183831276	False
foxi1|anterior migratory muscle|48	foxi1	48	anterior migratory muscle	8	44.0	-0.002648853441383287	0.06644844836323587	0.17302113611822192	False
foxi1|basal cell|48	foxi1	48	basal cell	8	44.0	-0.00016914824288992436	0.9656033337202808	0.9823155236424961	False
foxi1|cardiomyocyte|48	foxi1	48	cardiomyocyte	8	44.0	-0.0012659640360195173	0.03765316924677943	0.11675469418798382	False
foxi1|chondrocranium|48	foxi1	48	chondrocranium	7	44.0	-0.001024347922423304	0.0014822439903488134	0.01123091370110361	True
foxi1|connective tissue-meninges-dermal FB|48	foxi1	48	connective tissue-meninges-dermal FB	8	44.0	-0.0063390705930651756	0.028844587157891344	0.09699323350452249	False
foxi1|contains head vasculature?|48	foxi1	48	contains head vasculature?	2	2.0	-0.00018033058277680005	0.6923906405478639	0.8107375870379835	False
foxi1|cranial muscle (early)|48	foxi1	48	cranial muscle (early)	8	44.0	-0.0015113860492032786	0.023499392932890915	0.08408910395210561	False
foxi1|cranial muscle (late)|48	foxi1	48	cranial muscle (late)	3	33.0	-0.0008299782790392031	9.563887127844011e-08	4.572088486656363e-06	True
foxi1|cranial muscle (mid)|48	foxi1	48	cranial muscle (mid)	8	44.0	-0.003465028799198341	1.019662317030356e-06	3.642825858422965e-05	True
foxi1|cranial muscle (non-somitic, fast-twitch)|48	foxi1	48	cranial muscle (non-somitic, fast-twitch)	8	44.0	-0.000797237339590846	0.4021751634846702	0.5770792401977183	False
foxi1|cranial muscle (progenitor)|48	foxi1	48	cranial muscle (progenitor)	2	11.0	2.5806633902163633e-05	0.8922350424593487	0.9395723014560586	False
foxi1|cranial neural crest|48	foxi1	48	cranial neural crest	8	44.0	-0.0007866339745688546	0.033156769556472496	0.10737091272220768	False
foxi1|differentiating neuron (hindbrain)|48	foxi1	48	differentiating neuron (hindbrain)	8	44.0	0.0008719266526826309	0.23813206087105673	0.40762172707062644	False
foxi1|differentiating neuron 1|48	foxi1	48	differentiating neuron 1	8	44.0	-2.712778341383733e-06	0.9977857137763406	0.9985370584403288	False
foxi1|differentiating neuron 2|48	foxi1	48	differentiating neuron 2	8	41.0	0.0011245571556849135	0.1426363081105438	0.2890588420019653	False
foxi1|dorsal spinal cord neuron|48	foxi1	48	dorsal spinal cord neuron	6	41.0	-0.0008182141723308339	0.003016802334000004	0.01912848426472331	True
foxi1|endothelium (dorsal aorta)|48	foxi1	48	endothelium (dorsal aorta)	8	44.0	-0.002533467856728363	0.00815452934057894	0.039523594068670356	True
foxi1|endothelium (f8+, clic2+)|48	foxi1	48	endothelium (f8+, clic2+)	7	44.0	-0.0005540561387227172	0.09074567702902506	0.21413530676771006	False
foxi1|endothelium (vein + early artery)|48	foxi1	48	endothelium (vein + early artery)	8	44.0	0.0006054085684793209	0.5878954760714636	0.7347311338150979	False
foxi1|eye, optic cup|48	foxi1	48	eye, optic cup	8	44.0	0.0027802756125066934	0.21470629687409162	0.3782030577600599	False
foxi1|fast-committed myocyte|48	foxi1	48	fast-committed myocyte	3	13.0	2.5998919416605137e-05	0.8488757982744943	0.9128952386363512	False
foxi1|fin bud mesoderm (pectoral)|48	foxi1	48	fin bud mesoderm (pectoral)	8	44.0	-0.0006149170396119118	0.25937507180602837	0.43218338820237173	False
foxi1|fin fold|48	foxi1	48	fin fold	8	44.0	-0.0037730826658018864	0.07733064853772839	0.1909558378049815	False
foxi1|fin mesenchyme|48	foxi1	48	fin mesenchyme	1	3.0	0.00029824463490876665			False
foxi1|floor plate|48	foxi1	48	floor plate	8	44.0	0.0030117865680583085	0.0014945752853529764	0.011290066554421961	True
foxi1|glia|48	foxi1	48	glia	8	43.0	-0.0002754041312189306	0.6587529915829493	0.7853271670378003	False
foxi1|hair cell|48	foxi1	48	hair cell	8	42.0	-0.0007435514782058691	0.0006116332048027149	0.005860410698717156	True
foxi1|hatching gland|48	foxi1	48	hatching gland	8	44.0	-0.00900837847218214	0.00024465169316222074	0.0029451277193169507	True
foxi1|head mesenchyme|48	foxi1	48	head mesenchyme	8	44.0	-0.0010856649978007518	0.4980187180683505	0.6619992761680714	False
foxi1|head mesenchyme (maybe ventral, hand2+)|48	foxi1	48	head mesenchyme (maybe ventral, hand2+)	8	44.0	-0.008470548636989723	1.0168658444814674e-06	3.642825858422965e-05	True
foxi1|head mesenchyme/PA cartilage|48	foxi1	48	head mesenchyme/PA cartilage	8	44.0	-0.0022986994643351133	0.0003820108225128394	0.004120879733113341	True
foxi1|head/eye connective tissue|48	foxi1	48	head/eye connective tissue	7	43.0	-0.0002757473878874145	0.1870253577717029	0.34627570420534015	False
foxi1|hypochord|48	foxi1	48	hypochord	8	28.0	0.00030192387973192864	0.30133830476031587	0.4801901762907192	False
foxi1|hypophysis/locus coeruleus|48	foxi1	48	hypophysis/locus coeruleus	8	41.0	-0.00036159990973817107	0.06026543470340196	0.16250396095688857	False
foxi1|intestine|48	foxi1	48	intestine	8	44.0	-0.0026821566345249393	0.00637037964495483	0.033774145392115755	True
foxi1|ionocyte/goblet cell|48	foxi1	48	ionocyte/goblet cell	8	44.0	-0.0019929406384332953	0.004358493368896566	0.02520643031881434	True
foxi1|iridophore|48	foxi1	48	iridophore	8	44.0	-0.0008538369604859973	0.02954403203000745	0.09899866645142809	False
foxi1|jaw chondrocyte|48	foxi1	48	jaw chondrocyte	5	40.0	-0.0015573364149990177	1.620837207467697e-07	7.326845743961121e-06	True
foxi1|lens|48	foxi1	48	lens	8	44.0	-0.0016521849637187707	0.000780379504945507	0.006988708639303091	True
foxi1|liver|48	foxi1	48	liver	8	44.0	-0.00014945883469384626	0.7340603726117709	0.838508007633369	False
foxi1|mature fast muscle|48	foxi1	48	mature fast muscle	8	44.0	0.06056197495135732	0.00014643266039526305	0.001953905679370528	True
foxi1|mature slow muscle|48	foxi1	48	mature slow muscle	8	44.0	-0.0016128907726233911	0.4459416746009791	0.6162164526546418	False
foxi1|melanophore|48	foxi1	48	melanophore	8	44.0	-0.0020052663302210305	0.0007995866418044975	0.007122323371033359	True
foxi1|mesodermal progenitor cells (contains PSM)|48	foxi1	48	mesodermal progenitor cells (contains PSM)	1	2.0	0.0003168652472199			False
foxi1|motor neuron|48	foxi1	48	motor neuron	8	44.0	-0.0013484139294355256	0.05564226343289813	0.15356238791355004	False
foxi1|myeloid cell|48	foxi1	48	myeloid cell	8	43.0	-0.0005960034872552443	0.05751375152165133	0.1570813312212795	False
foxi1|myoblast|48	foxi1	48	myoblast	1	2.0	-7.488801967879999e-05			False
foxi1|neural crest + pigment cell progenitor|48	foxi1	48	neural crest + pigment cell progenitor	1	8.0	1.1354658371375036e-05			False
foxi1|neural progenitor (MHB)|48	foxi1	48	neural progenitor (MHB)	8	44.0	0.0004993386002243279	0.31695821864849766	0.49615721152397335	False
foxi1|neural progenitor (hindbrain R7/8)|48	foxi1	48	neural progenitor (hindbrain R7/8)	8	43.0	0.0015629703891886664	0.0075531001751446706	0.03782466362059569	True
foxi1|neural progenitor (hindbrain)|48	foxi1	48	neural progenitor (hindbrain)	7	21.0	0.0002833824327703382	0.3875636342142892	0.5632896652130253	False
foxi1|neural progenitor (telencephalon/diencephalon)|48	foxi1	48	neural progenitor (telencephalon/diencephalon)	8	44.0	-0.0014678173268185685	0.5904393178430514	0.7365246156633872	False
foxi1|neural tube-like connective tissue (+ taste bud)|48	foxi1	48	neural tube-like connective tissue (+ taste bud)	8	44.0	-0.004761453170798567	8.026044862261874e-06	0.0001997493187630343	True
foxi1|neuromast support cell|48	foxi1	48	neuromast support cell	8	44.0	-0.00207968604507686	0.0005274507250611445	0.005247708801245089	True
foxi1|neuron (+ spinal cord)|48	foxi1	48	neuron (+ spinal cord)	8	44.0	0.0005993017158766648	0.19246701672113467	0.3520350470993504	False
foxi1|neuron (cranial ganglia sensory, Rohon-Beard)|48	foxi1	48	neuron (cranial ganglia sensory, Rohon-Beard)	8	44.0	-0.0060440249064301795	8.453831708353535e-08	4.070703746522408e-06	True
foxi1|neuron (dopaminergic)|48	foxi1	48	neuron (dopaminergic)	5	25.0	5.182435188253598e-05	0.5923501323926246	0.7378195641023647	False
foxi1|neuron (telencephalon, glutamatergic)|48	foxi1	48	neuron (telencephalon, glutamatergic)	8	44.0	0.0014502228444668716	0.11110821039536503	0.24504283374616684	False
foxi1|neurons (differentiating, contains peripheral)|48	foxi1	48	neurons (differentiating, contains peripheral)	8	44.0	0.0050395353482815125	0.2912557374912377	0.46827833913120603	False
foxi1|neurons (gabaergic, glutamatergic)|48	foxi1	48	neurons (gabaergic, glutamatergic)	8	44.0	-0.0030154659477888493	0.5679745176988659	0.7190304191482119	False
foxi1|neurons (gabaergic, glutamatergic; contains Purkinje)|48	foxi1	48	neurons (gabaergic, glutamatergic; contains Purkinje)	8	44.0	0.00866742037074391	0.0064359201136245285	0.033949454823379625	True
foxi1|notochord|48	foxi1	48	notochord	8	44.0	0.010205343062709036	0.002836652742489095	0.0183005412367379	True
foxi1|olfactory vesicle/bulb|48	foxi1	48	olfactory vesicle/bulb	8	44.0	-0.0006859288073506596	0.31100177123022654	0.48971724403432587	False
foxi1|osteoblast|48	foxi1	48	osteoblast	3	33.0	-0.0003945740783827273	0.004379465975429681	0.025305696875417595	True
foxi1|pancreas|48	foxi1	48	pancreas	7	43.0	-0.0006217810312980536	0.05124909853719259	0.14442335020341168	False
foxi1|pectoral fin bud (osteoblast+)|48	foxi1	48	pectoral fin bud (osteoblast+)	8	44.0	0.0010584038059975385	0.11350726555364415	0.24917600911924856	False
foxi1|periderm|48	foxi1	48	periderm	8	44.0	0.02930209941531553	0.31225396194699795	0.4908747521026263	False
foxi1|periocular mesenchyme|48	foxi1	48	periocular mesenchyme	8	44.0	-0.0013695738333271818	0.0024006334676975943	0.016048500395221845	True
foxi1|pharyngeal arch (NC-derived)|48	foxi1	48	pharyngeal arch (NC-derived)	2	11.0	-7.755644026132273e-05	0.3017892043846989	0.4805629674422057	False
foxi1|pharyngeal arch (contains muscle, early cartilage)|48	foxi1	48	pharyngeal arch (contains muscle, early cartilage)	8	44.0	-0.006794260103452868	9.373697007367963e-06	0.0002256819442534787	True
foxi1|pharyngeal arch (early)|48	foxi1	48	pharyngeal arch (early)	8	44.0	-0.007131684083588944	0.003737917992019119	0.022296647268372573	True
foxi1|pharynx|48	foxi1	48	pharynx	2	20.0	-2.2460312014339955e-05	0.706527602166779	0.8200693596055367	False
foxi1|posterior lateral line primordium|48	foxi1	48	posterior lateral line primordium	7	42.0	0.0005667035317238596	0.08310699064789645	0.20081671012918978	False
foxi1|posterior spinal cord progenitors|48	foxi1	48	posterior spinal cord progenitors	8	39.0	0.0015566521913063524	0.02827567418477219	0.0956405685542964	False
foxi1|primordial germ cell|48	foxi1	48	primordial germ cell	4	37.0	-0.00015925903392042574	0.2960945616261247	0.47457883919328975	False
foxi1|pronephric duct|48	foxi1	48	pronephric duct	7	32.0	0.00017361439098980585	0.46792267504126817	0.6365089407674979	False
foxi1|pronephric podocyte|48	foxi1	48	pronephric podocyte	3	35.0	-0.0003360739220879171	0.003205171354196764	0.01984292338864632	True
foxi1|pronephros distal tubule|48	foxi1	48	pronephros distal tubule	8	44.0	-0.0009452317784555799	0.06621954407918472	0.17256034133575784	False
foxi1|pronephros proximal tubule|48	foxi1	48	pronephros proximal tubule	8	44.0	-0.0009678174955490551	0.09241234241685856	0.21713087575588924	False
foxi1|red blood cell|48	foxi1	48	red blood cell	3	37.0	-0.0002425166221211315	0.002127349053237225	0.014580101371842116	True
foxi1|retinal neuron|48	foxi1	48	retinal neuron	8	44.0	-0.022910756205428925	7.179564461597464e-08	3.6142580187359956e-06	True
foxi1|retinal pigmented epithelium (early)|48	foxi1	48	retinal pigmented epithelium (early)	8	44.0	-0.0004820663653479643	0.6807930926594701	0.8007828179303478	False
foxi1|retinal pigmented epithelium (late)|48	foxi1	48	retinal pigmented epithelium (late)	1	21.0	-0.0002716754930809095			False
foxi1|roof plate, flexural + subcommissural organ|48	foxi1	48	roof plate, flexural + subcommissural organ	8	44.0	-0.0004081281576223451	0.33433880634752433	0.5132089092583274	False
foxi1|satellite cells|48	foxi1	48	satellite cells	3	12.0	4.834382308181669e-05	0.7248305970650282	0.8311974312717989	False
foxi1|support cells/otic vesicle|48	foxi1	48	support cells/otic vesicle	8	44.0	-0.003085196224713084	9.267646341635973e-05	0.0013715703772866602	True
foxi1|thyroid follicle cell|48	foxi1	48	thyroid follicle cell	5	23.0	-3.872058811543478e-05	0.8012153962473609	0.8815006766570516	False
foxi1|unknown|48	foxi1	48	unknown	4					False
foxi1|unknown (dcn+, col6+)|48	foxi1	48	unknown (dcn+, col6+)	8	39.0	-0.0015592395538973527	5.61681247833664e-07	2.132783938202684e-05	True
foxi1|vascular smooth muscle|48	foxi1	48	vascular smooth muscle	1	8.0	-0.00010752873943921246			False
foxi1|xanthophore|48	foxi1	48	xanthophore	8	44.0	-0.0014751306429137976	0.009910298845974257	0.04551066747166479	True
foxi1|KA neuron|72	foxi1	72	KA neuron	6	13.0	0.00023599669128683505	0.2146669618793287	0.3782030577600599	False
foxi1|adrenal gland|72	foxi1	72	adrenal gland	6	9.0	3.36970101842552e-05	0.6744287105828366	0.7964419374129996	False
foxi1|anterior migratory muscle|72	foxi1	72	anterior migratory muscle	8	16.0	-0.001104803561803612	0.39725646471795206	0.5732397845930057	False
foxi1|basal cell|72	foxi1	72	basal cell	8	16.0	-0.0209278429317776	0.06389896645012012	0.168567230641989	False
foxi1|cardiomyocyte|72	foxi1	72	cardiomyocyte	8	16.0	0.0028796496072093745	0.020587625781177166	0.07641357075469404	False
foxi1|chondrocranium|72	foxi1	72	chondrocranium	8	16.0	-0.0010983407125180061	0.29801755404588526	0.4767276472399874	False
foxi1|connective tissue-meninges-dermal FB|72	foxi1	72	connective tissue-meninges-dermal FB	8	16.0	0.01784831720951064	0.0007979745655331762	0.007117504681836182	True
foxi1|contains head vasculature?|72	foxi1	72	contains head vasculature?	1	3.0	7.43017264590067e-06			False
foxi1|cranial muscle (early)|72	foxi1	72	cranial muscle (early)	8	16.0	-2.0725020102781502e-05	0.9777756448438502	0.989389243183704	False
foxi1|cranial muscle (late)|72	foxi1	72	cranial muscle (late)	8	16.0	-0.005722458970330449	0.00013708531758460432	0.0018552585241338	True
foxi1|cranial muscle (mid)|72	foxi1	72	cranial muscle (mid)	8	16.0	0.0008524470769073686	0.1974131644551326	0.3572521288424807	False
foxi1|cranial muscle (non-somitic, fast-twitch)|72	foxi1	72	cranial muscle (non-somitic, fast-twitch)	8	16.0	-0.0033049823188595747	0.00021585980705188696	0.0026612030015951554	True
foxi1|cranial muscle (progenitor)|72	foxi1	72	cranial muscle (progenitor)	1	3.0	-8.577070633633338e-06			False
foxi1|cranial neural crest|72	foxi1	72	cranial neural crest	8	16.0	-0.0005300624106861626	0.3406908855892732	0.5184087324801283	False
foxi1|differentiating neuron (hindbrain)|72	foxi1	72	differentiating neuron (hindbrain)	6	15.0	-4.549510156232333e-05	0.656634644058288	0.7834441442518894	False
foxi1|differentiating neuron 1|72	foxi1	72	differentiating neuron 1	8	16.0	5.014748722624368e-05	0.8016517157475888	0.8815006766570516	False
foxi1|differentiating neuron 2|72	foxi1	72	differentiating neuron 2	4	7.0	0.0001271536096493972	0.12052543405285535	0.25889231324026785	False
foxi1|dorsal spinal cord neuron|72	foxi1	72	dorsal spinal cord neuron	8	13.0	7.230839158224616e-05	0.38350279766128237	0.559590709367418	False
foxi1|endothelium (dorsal aorta)|72	foxi1	72	endothelium (dorsal aorta)	8	16.0	-0.00339352570530683	0.021224878382251844	0.07813812567870554	False
foxi1|endothelium (f8+, clic2+)|72	foxi1	72	endothelium (f8+, clic2+)	8	16.0	0.0004886381234327562	0.1583409251426546	0.310284708809478	False
foxi1|endothelium (vein + early artery)|72	foxi1	72	endothelium (vein + early artery)	8	16.0	-0.0024308777893682623	0.03671619936604915	0.1147597106243634	False
foxi1|eye, optic cup|72	foxi1	72	eye, optic cup	8	16.0	-0.00025275663067353144	0.7483375868359642	0.8469942538792339	False
foxi1|fin bud mesoderm (pectoral)|72	foxi1	72	fin bud mesoderm (pectoral)	8	16.0	-0.0021927906568125375	0.0027799418172391567	0.018029658635454023	True
foxi1|fin fold|72	foxi1	72	fin fold	8	16.0	-0.0051602386984126	0.19992952915587742	0.3601135314858997	False
foxi1|floor plate|72	foxi1	72	floor plate	8	16.0	-8.216454944789389e-05	0.9057003485801347	0.9483556486955311	False
foxi1|glia|72	foxi1	72	glia	8	16.0	-0.0019888442039436988	0.26692742202614406	0.44078844914605547	False
foxi1|hair cell|72	foxi1	72	hair cell	8	16.0	-0.001825629251130544	0.0004594738025573485	0.004715670285902159	True
foxi1|hatching gland|72	foxi1	72	hatching gland	8	16.0	0.003830993302044469	0.329862426360793	0.5099698313068471	False
foxi1|head mesenchyme|72	foxi1	72	head mesenchyme	8	16.0	-0.00022927547223255615	0.8603925218722388	0.9200689262698789	False
foxi1|head mesenchyme (maybe ventral, hand2+)|72	foxi1	72	head mesenchyme (maybe ventral, hand2+)	8	16.0	-0.0007175620517440827	0.7848173153863874	0.8728122767502584	False
foxi1|head mesenchyme/PA cartilage|72	foxi1	72	head mesenchyme/PA cartilage	8	16.0	0.0010388726836662067	0.11663611448745387	0.2537809367285956	False
foxi1|head/eye connective tissue|72	foxi1	72	head/eye connective tissue	8	16.0	-0.00052445956050215	4.493626778866321e-06	0.00012652605909138433	True
foxi1|hypochord|72	foxi1	72	hypochord	7	13.0	-0.00011299607382964837	0.16795178924617848	0.3224555672316476	False
foxi1|hypophysis/locus coeruleus|72	foxi1	72	hypophysis/locus coeruleus	7	16.0	2.4790083543010846e-05	0.9302911050778582	0.9609988009770286	False
foxi1|intestine|72	foxi1	72	intestine	8	16.0	-0.004531670638818177	0.21454116995381856	0.37815015234565635	False
foxi1|ionocyte/goblet cell|72	foxi1	72	ionocyte/goblet cell	8	16.0	-0.0037669247434705374	0.0019567032994705245	0.013766328049113952	True
foxi1|iridophore|72	foxi1	72	iridophore	8	16.0	-0.0005837994265409183	0.3322848582872625	0.5119879911844137	False
foxi1|jaw chondrocyte|72	foxi1	72	jaw chondrocyte	8	16.0	-0.014584380051193599	9.593174640062974e-05	0.001394893774249857	True
foxi1|lens|72	foxi1	72	lens	8	16.0	0.00112789962874875	0.5195608793906729	0.6802920282859155	False
foxi1|liver|72	foxi1	72	liver	8	16.0	-0.0021865518064163626	0.03350030448755888	0.10809811197367786	False
foxi1|mature fast muscle|72	foxi1	72	mature fast muscle	8	16.0	0.0022067051046154584	0.851846008410595	0.9152007640886668	False
foxi1|mature slow muscle|72	foxi1	72	mature slow muscle	8	16.0	0.0025321234250864112	0.4264030981042084	0.601198511967423	False
foxi1|melanophore|72	foxi1	72	melanophore	8	16.0	6.0436945994312916e-05	0.9317223864505116	0.9620174093550731	False
foxi1|mesodermal progenitor cells (contains PSM)|72	foxi1	72	mesodermal progenitor cells (contains PSM)	1					False
foxi1|motor neuron|72	foxi1	72	motor neuron	8	16.0	-0.00025828259401952484	0.6240741700630508	0.7600756708337559	False
foxi1|myeloid cell|72	foxi1	72	myeloid cell	8	16.0	-0.0018823079162678625	5.947708672077656e-05	0.0009639640030720982	True
foxi1|neural crest + pigment cell progenitor|72	foxi1	72	neural crest + pigment cell progenitor	2	5.0	0.00010831032753369935	0.5149238890533891	0.6771375781937535	False
foxi1|neural progenitor (MHB)|72	foxi1	72	neural progenitor (MHB)	7	16.0	9.144486386050438e-05	0.8309787348784006	0.9009982037042343	False
foxi1|neural progenitor (hindbrain R7/8)|72	foxi1	72	neural progenitor (hindbrain R7/8)	5	11.0	0.00018432022794168736	0.40120022901546065	0.5764635184822613	False
foxi1|neural progenitor (hindbrain)|72	foxi1	72	neural progenitor (hindbrain)	5	13.0	-9.068637578393566e-05	0.15059468358990957	0.29961127917812846	False
foxi1|neural progenitor (telencephalon/diencephalon)|72	foxi1	72	neural progenitor (telencephalon/diencephalon)	8	16.0	-0.005003942303470649	0.05664906742064305	0.15574391932568188	False
foxi1|neural tube-like connective tissue (+ taste bud)|72	foxi1	72	neural tube-like connective tissue (+ taste bud)	8	16.0	-0.002675184460340794	0.3717560704090512	0.5470148555952492	False
foxi1|neuromast support cell|72	foxi1	72	neuromast support cell	8	16.0	0.0003513732465290501	0.7400691492927864	0.8416560384861576	False
foxi1|neuron (+ spinal cord)|72	foxi1	72	neuron (+ spinal cord)	7	14.0	-0.0002770933022497715	0.0016554935767035138	0.012168976567693418	True
foxi1|neuron (cranial ganglia sensory, Rohon-Beard)|72	foxi1	72	neuron (cranial ganglia sensory, Rohon-Beard)	8	16.0	-0.003776402082618731	0.00040814619796703406	0.004339410376785507	True
foxi1|neuron (dopaminergic)|72	foxi1	72	neuron (dopaminergic)	6	11.0	-4.917329225043057e-05	0.4544765373123648	0.6237130873020759	False
foxi1|neuron (telencephalon, glutamatergic)|72	foxi1	72	neuron (telencephalon, glutamatergic)	8	16.0	9.966875334888048e-05	0.9133865761773461	0.9520711841095632	False
foxi1|neurons (differentiating, contains peripheral)|72	foxi1	72	neurons (differentiating, contains peripheral)	8	16.0	7.197077389566216e-05	0.9503063812438028	0.974011251349091	False
foxi1|neurons (gabaergic, glutamatergic)|72	foxi1	72	neurons (gabaergic, glutamatergic)	8	16.0	-0.00023985872723731108	0.9528431517001702	0.974998882514264	False
foxi1|neurons (gabaergic, glutamatergic; contains Purkinje)|72	foxi1	72	neurons (gabaergic, glutamatergic; contains Purkinje)	8	16.0	-0.011320238289444923	0.15120129295171728	0.30036848779197645	False
foxi1|notochord|72	foxi1	72	notochord	8	16.0	0.0012670349530410317	0.7108911698033991	0.8228541843578312	False
foxi1|odontoblast|72	foxi1	72	odontoblast	8	15.0	0.00026318930606863326	0.4317846917142184	0.606427491027686	False
foxi1|olfactory vesicle/bulb|72	foxi1	72	olfactory vesicle/bulb	8	16.0	0.001581292062456531	0.09654812098443143	0.2232297369316447	False
foxi1|osteoblast|72	foxi1	72	osteoblast	8	16.0	-0.00017933544189718776	0.6856683689577724	0.8051362982372146	False
foxi1|pancreas|72	foxi1	72	pancreas	8	16.0	-0.002000478150895212	0.004451879880836948	0.02563495823930808	True
foxi1|pectoral fin bud (osteoblast+)|72	foxi1	72	pectoral fin bud (osteoblast+)	7	15.0	0.0005483056024368391	0.03028282905419667	0.10096808784000846	False
foxi1|periderm|72	foxi1	72	periderm	8	16.0	0.10940605513361468	0.053179522134251415	0.14835345280524798	False
foxi1|periocular mesenchyme|72	foxi1	72	periocular mesenchyme	8	16.0	-0.0018460608812189438	0.03860978352439887	0.11872374434041208	False
foxi1|pharyngeal arch (contains muscle, early cartilage)|72	foxi1	72	pharyngeal arch (contains muscle, early cartilage)	8	16.0	-0.011302575011588822	0.0759512648161907	0.18881262802229226	False
foxi1|pharyngeal arch (early)|72	foxi1	72	pharyngeal arch (early)	8	16.0	0.002653081086112199	0.23449437710712373	0.4038919481277442	False
foxi1|pharynx|72	foxi1	72	pharynx	1	12.0	-9.919985945024419e-05			False
foxi1|posterior lateral line primordium|72	foxi1	72	posterior lateral line primordium	7	16.0	-0.00021832578929739384	0.44247929809808373	0.6138361035202017	False
foxi1|posterior spinal cord progenitors|72	foxi1	72	posterior spinal cord progenitors	6	16.0	0.0003074698726466999	0.3693170635887142	0.5447529162146516	False
foxi1|primordial germ cell|72	foxi1	72	primordial germ cell	6	14.0	-9.782218326661191e-05	0.21539536906506018	0.37893263482382417	False
foxi1|pronephric duct|72	foxi1	72	pronephric duct	3	10.0	0.00010883550862751684	0.5716204479392601	0.7213440351206925	False
foxi1|pronephric podocyte|72	foxi1	72	pronephric podocyte	7	10.0	-0.0003177853105048358	0.3054083871860216	0.484764998483414	False
foxi1|pronephros distal tubule|72	foxi1	72	pronephros distal tubule	7	16.0	-0.0018074926069383704	0.008731887912344942	0.041390739091941055	True
foxi1|pronephros proximal tubule|72	foxi1	72	pronephros proximal tubule	8	16.0	-0.0007953793737785751	0.05651322593194492	0.15556354031390804	False
foxi1|red blood cell|72	foxi1	72	red blood cell	1	15.0	-0.0005453208242700667			False
foxi1|retinal neuron|72	foxi1	72	retinal neuron	8	16.0	-0.015761619947479523	0.015274798509157354	0.062462176057446535	False
foxi1|retinal pigmented epithelium (early)|72	foxi1	72	retinal pigmented epithelium (early)	8	16.0	0.0009146313835088314	0.3722972663935369	0.5474096579631249	False
foxi1|retinal pigmented epithelium (late)|72	foxi1	72	retinal pigmented epithelium (late)	8	16.0	-0.0013453754040586305	0.34843124766756906	0.5255554644231645	False
foxi1|roof plate, flexural + subcommissural organ|72	foxi1	72	roof plate, flexural + subcommissural organ	8	16.0	0.0008635643573396811	0.08924925209090734	0.21142902801537933	False
foxi1|satellite cells|72	foxi1	72	satellite cells	1	4.0	-7.529217199976633e-05			False
foxi1|support cells/otic vesicle|72	foxi1	72	support cells/otic vesicle	8	16.0	-0.003761855503057125	0.05633619361496486	0.1552048120113771	False
foxi1|swim bladder primordium|72	foxi1	72	swim bladder primordium	8	15.0	-0.0017012189086091502	9.520888346811797e-05	0.0013874189268544821	True
foxi1|thyroid follicle cell|72	foxi1	72	thyroid follicle cell	5	11.0	-2.875052319306371e-05	0.7543784920657537	0.8507168546564732	False
foxi1|unknown|72	foxi1	72	unknown	5					False
foxi1|unknown (K+ channel, ciliated)|72	foxi1	72	unknown (K+ channel, ciliated)	6	15.0	-0.0002271924878269966	0.03199601380798146	0.10471047928988314	False
foxi1|unknown (dcn+, col6+)|72	foxi1	72	unknown (dcn+, col6+)	6	16.0	7.278793733009803e-05	0.9380494092893013	0.9670087379347513	False
foxi1|vascular smooth muscle|72	foxi1	72	vascular smooth muscle	7	16.0	-0.005625876977855047	5.301427950964621e-08	2.7738573806425124e-06	True
foxi1|xanthophore|72	foxi1	72	xanthophore	8	15.0	0.0006524746118362955	0.21003258224387794	0.3724225593299007	False
hand2|KA neuron|24	hand2	24	KA neuron	8	31.0	-0.0002206288885861047	0.3780946288803686	0.5537665437315515	False
hand2|anterior migratory muscle|24	hand2	24	anterior migratory muscle	8	32.0	0.0052055638715580825	0.012693163221442533	0.05477017506914651	False
hand2|basal cell|24	hand2	24	basal cell	8	23.0	0.00029519085139946967	0.5469019289268922	0.7029329434659958	False
hand2|cardiomyocyte|24	hand2	24	cardiomyocyte	8	32.0	0.00015348351681562485	0.7515582487401908	0.8491930901000796	False
hand2|connective tissue-meninges-dermal FB|24	hand2	24	connective tissue-meninges-dermal FB	8	32.0	-0.004165270116572362	0.14594262582123166	0.29360846157495746	False
hand2|contains head vasculature?|24	hand2	24	contains head vasculature?	8	32.0	0.0010794990491406692	0.2588208072890751	0.43149266996444174	False
hand2|cranial muscle (early)|24	hand2	24	cranial muscle (early)	6	22.0	0.00042561524960374843	0.3740911303588728	0.5496300061068597	False
hand2|cranial muscle (mid)|24	hand2	24	cranial muscle (mid)	3	5.0	-2.1816956468353327e-05	0.887899921077471	0.9372668745925011	False
hand2|cranial muscle (non-somitic, fast-twitch)|24	hand2	24	cranial muscle (non-somitic, fast-twitch)	8	32.0	0.0006207153797073281	0.2369711645847781	0.4065281937946667	False
hand2|cranial muscle (progenitor)|24	hand2	24	cranial muscle (progenitor)	8	32.0	0.0004933302912845383	0.5729786694992547	0.722612119723391	False
hand2|cranial neural crest|24	hand2	24	cranial neural crest	8	32.0	0.0009580671328195504	0.2984680824485821	0.4772185774472637	False
hand2|differentiating neuron (hindbrain)|24	hand2	24	differentiating neuron (hindbrain)	8	32.0	-0.0028307613144188505	0.0006581737991213534	0.006173131936903555	True
hand2|differentiating neuron 1|24	hand2	24	differentiating neuron 1	8	32.0	0.00013884262927774983	0.89902603514546	0.9446597096049307	False
hand2|differentiating neuron 2|24	hand2	24	differentiating neuron 2	8	32.0	-0.00032195889097533454	0.47933296481757837	0.6462500543053317	False
hand2|dorsal spinal cord neuron|24	hand2	24	dorsal spinal cord neuron	4	9.0	-0.00022540909698151948	0.18026488071392885	0.33799665133861656	False
hand2|endothelium (dorsal aorta)|24	hand2	24	endothelium (dorsal aorta)	8	32.0	0.0009162044038021526	0.10477391394642899	0.2350515388838692	False
hand2|endothelium (f8+, clic2+)|24	hand2	24	endothelium (f8+, clic2+)	8	31.0	0.001070716849330293	0.02446297180141323	0.08637430798107912	False
hand2|endothelium (vein + early artery)|24	hand2	24	endothelium (vein + early artery)	8	32.0	0.00037204025660195726	0.8426554895296393	0.9090009298578658	False
hand2|eye, optic cup|24	hand2	24	eye, optic cup	8	32.0	-0.010092762037856945	0.0006480838512015207	0.006134639873552856	True
hand2|fast-committed myocyte|24	hand2	24	fast-committed myocyte	8	32.0	-0.01314972671778069	0.0004278735404201316	0.0044803938799224795	True
hand2|fin fold|24	hand2	24	fin fold	1	11.0	-0.0004285280866996456			False
hand2|fin mesenchyme|24	hand2	24	fin mesenchyme	8	32.0	-0.003177505375787107	0.14913605834593613	0.297689728960272	False
hand2|floor plate|24	hand2	24	floor plate	8	32.0	0.0007326908366596316	0.3654286105184592	0.5414209848149747	False
hand2|glia|24	hand2	24	glia	8	28.0	-0.000262007721023275	0.15265482825276558	0.30214544562859597	False
hand2|hair cell|24	hand2	24	hair cell	6	23.0	-4.6033809093794145e-05	0.7051855404407776	0.8190802160861681	False
hand2|hatching gland|24	hand2	24	hatching gland	8	32.0	7.680386683420887e-05	0.9433556313613567	0.96947079653514	False
hand2|head mesenchyme|24	hand2	24	head mesenchyme	8	32.0	0.007314821279103635	0.003358191985361927	0.020585964707315503	True
hand2|head mesenchyme (maybe ventral, hand2+)|24	hand2	24	head mesenchyme (maybe ventral, hand2+)	8	32.0	-0.0009868790552067623	0.7302405315623135	0.8354766412244445	False
hand2|head mesenchyme/PA cartilage|24	hand2	24	head mesenchyme/PA cartilage	8	32.0	0.0019231973016698468	0.2511525917456959	0.42284245341892596	False
hand2|head/eye connective tissue|24	hand2	24	head/eye connective tissue	8	32.0	-0.00045701584331661604	0.7971483380515056	0.8795032568063825	False
hand2|hypochord|24	hand2	24	hypochord	8	32.0	-0.0002935177574499438	0.39085835519983414	0.5664605911315743	False
hand2|hypophysis/locus coeruleus|24	hand2	24	hypophysis/locus coeruleus	6	22.0	-7.868710837231506e-05	0.666011609115864	0.7902509424284654	False
hand2|intestine|24	hand2	24	intestine	8	32.0	0.0010786253589998122	0.14304165166679697	0.28961358175681473	False
hand2|ionocyte/goblet cell|24	hand2	24	ionocyte/goblet cell	8	32.0	0.0007551357812108327	0.6537232959840273	0.7815116454442349	False
hand2|iridophore|24	hand2	24	iridophore	8	24.0	-4.5210376260041525e-05	0.8385312292781338	0.9059894816854208	False
hand2|jaw chondrocyte|24	hand2	24	jaw chondrocyte	1	4.0	-0.00010965511885682505			False
hand2|lens|24	hand2	24	lens	8	32.0	-0.002509898159240775	0.008477521956338434	0.040556611518984084	True
hand2|liver|24	hand2	24	liver	1					False
hand2|mature fast muscle|24	hand2	24	mature fast muscle	8	32.0	0.012521001416611319	0.006287250125470623	0.033439762119373405	True
hand2|mature slow muscle|24	hand2	24	mature slow muscle	8	32.0	0.004539167128071148	0.21555836022585442	0.3789379110319584	False
hand2|melanophore|24	hand2	24	melanophore	8	32.0	-0.0002806382079836899	0.613028780465942	0.7518597722768889	False
hand2|mesodermal progenitor cells (contains PSM)|24	hand2	24	mesodermal progenitor cells (contains PSM)	6	32.0	-0.0005257726448726794	0.5895187361908776	0.7360676441165692	False
hand2|motor neuron|24	hand2	24	motor neuron	8	32.0	-0.0008035877312672656	0.06750562868764029	0.17474940402804362	False
hand2|myeloid cell|24	hand2	24	myeloid cell	8	32.0	-0.000947679048129868	0.140881145939956	0.2865053396301297	False
hand2|myoblast|24	hand2	24	myoblast	7	32.0	0.0010958993338549316	0.3698493606753648	0.5452959843993341	False
hand2|neural crest + pigment cell progenitor|24	hand2	24	neural crest + pigment cell progenitor	8	32.0	-0.0007134735476501189	0.3364195680079024	0.5152127286039436	False
hand2|neural progenitor (MHB)|24	hand2	24	neural progenitor (MHB)	8	32.0	-0.004627431873282302	0.0463617784884415	0.1343541291128189	False
hand2|neural progenitor (hindbrain R7/8)|24	hand2	24	neural progenitor (hindbrain R7/8)	8	32.0	-0.004880466860704591	0.05232031238350192	0.1465101035770629	False
hand2|neural progenitor (hindbrain)|24	hand2	24	neural progenitor (hindbrain)	8	32.0	-0.016815329906788107	0.003736452010471566	0.022296647268372573	True
hand2|neural progenitor (telencephalon/diencephalon)|24	hand2	24	neural progenitor (telencephalon/diencephalon)	8	32.0	-0.008384472616789509	0.0073986208551462705	0.03735853767663143	True
hand2|neural tube-like connective tissue (+ taste bud)|24	hand2	24	neural tube-like connective tissue (+ taste bud)	8	32.0	-0.001464443627955848	0.26149414692043876	0.43424212579013294	False
hand2|neuromast support cell|24	hand2	24	neuromast support cell	8	32.0	0.0011106211775177132	0.2041348089215221	0.3654299044406019	False
hand2|neuron (+ spinal cord)|24	hand2	24	neuron (+ spinal cord)	7	30.0	-0.00035533761043072577	0.21671028182934673	0.38045966255112523	False
hand2|neuron (cranial ganglia sensory, Rohon-Beard)|24	hand2	24	neuron (cranial ganglia sensory, Rohon-Beard)	8	32.0	-0.0006927599118554152	0.346820742606467	0.5242547394494935	False
hand2|neuron (dopaminergic)|24	hand2	24	neuron (dopaminergic)	3	10.0	-0.00021909135587537667	0.01195657548382686	0.05247783625497324	False
hand2|neuron (telencephalon, glutamatergic)|24	hand2	24	neuron (telencephalon, glutamatergic)	8	29.0	0.0001777110350840768	0.6759261012351627	0.7977848921327986	False
hand2|neurons (differentiating, contains peripheral)|24	hand2	24	neurons (differentiating, contains peripheral)	8	32.0	0.0006415880299114156	0.4189331748624895	0.5930572959014152	False
hand2|neurons (gabaergic, glutamatergic)|24	hand2	24	neurons (gabaergic, glutamatergic)	8	31.0	-0.001356795864247284	0.0170758695773841	0.06725402651331763	False
hand2|neurons (gabaergic, glutamatergic; contains Purkinje)|24	hand2	24	neurons (gabaergic, glutamatergic; contains Purkinje)	8	31.0	0.0005423954331656338	0.48783834314110186	0.6536309773849935	False
hand2|notochord|24	hand2	24	notochord	8	32.0	0.0020176443052267526	0.5714395217766994	0.7213440351206925	False
hand2|olfactory vesicle/bulb|24	hand2	24	olfactory vesicle/bulb	8	32.0	0.00011254124680536246	0.729297773250325	0.8348292339790541	False
hand2|pancreas|24	hand2	24	pancreas	8	27.0	0.00040031584409527354	0.17000059750720695	0.32490799297162604	False
hand2|pectoral fin bud (osteoblast+)|24	hand2	24	pectoral fin bud (osteoblast+)	8	32.0	-0.002180888289320646	0.4032043581499374	0.5781814760263992	False
hand2|periderm|24	hand2	24	periderm	8	32.0	0.03371765682355325	0.2019905370203362	0.36266213090058524	False
hand2|periocular mesenchyme|24	hand2	24	periocular mesenchyme	2	8.0	-4.1799823939024996e-05	0.7110268801968138	0.8228541843578312	False
hand2|pharyngeal arch (NC-derived)|24	hand2	24	pharyngeal arch (NC-derived)	8	32.0	0.0006177279559679213	0.738980831109388	0.841185295285252	False
hand2|pharyngeal arch (contains muscle, early cartilage)|24	hand2	24	pharyngeal arch (contains muscle, early cartilage)	8	30.0	-0.00045161421877599355	0.017517346262977854	0.06814230388076067	False
hand2|pharyngeal arch (early)|24	hand2	24	pharyngeal arch (early)	8	32.0	0.004388871894618378	0.012999036585530917	0.05583619787385452	False
hand2|pharynx|24	hand2	24	pharynx	8	31.0	-0.00013949255519567043	0.6643998083001099	0.7892271587690795	False
hand2|posterior lateral line primordium|24	hand2	24	posterior lateral line primordium	8	31.0	4.9345000925034906e-05	0.9233478782438411	0.9574979168118484	False
hand2|posterior spinal cord progenitors|24	hand2	24	posterior spinal cord progenitors	8	32.0	-0.001382936533158888	0.12691530027821582	0.26747610857873266	False
hand2|primordial germ cell|24	hand2	24	primordial germ cell	5	27.0	-0.0004774687036087223	0.03385329716387065	0.10862151600865305	False
hand2|pronephric duct|24	hand2	24	pronephric duct	4	23.0	-0.00033089885332757835	0.15731631384461167	0.30928014955545696	False
hand2|pronephric podocyte|24	hand2	24	pronephric podocyte	5	15.0	5.1550816763986664e-05	0.7759246901215151	0.8658303217224966	False
hand2|pronephros distal tubule|24	hand2	24	pronephros distal tubule	8	32.0	0.0013225935132447214	0.32553706876321037	0.5053010562792649	False
hand2|pronephros proximal tubule|24	hand2	24	pronephros proximal tubule	8	32.0	0.003724874346219891	0.013557105976197092	0.057637216386327364	False
hand2|red blood cell|24	hand2	24	red blood cell	8	31.0	-0.0017141970575764703	0.18510877733296338	0.3433010955561098	False
hand2|retinal neuron|24	hand2	24	retinal neuron	8	30.0	-0.0023298596290940504	0.014549850144159665	0.06049224354485741	False
hand2|retinal pigmented epithelium (early)|24	hand2	24	retinal pigmented epithelium (early)	8	31.0	4.093053202060921e-05	0.9072138515150776	0.9484664117651985	False
hand2|roof plate, flexural + subcommissural organ|24	hand2	24	roof plate, flexural + subcommissural organ	8	31.0	-0.0002749143821973287	0.38682293646618826	0.5628286430518548	False
hand2|satellite cells|24	hand2	24	satellite cells	7	32.0	-0.0005573757815167087	0.35434646752911925	0.5317597734261512	False
hand2|slow-committed myocyte|24	hand2	24	slow-committed myocyte	7	31.0	-0.0015033222381462927	0.07835725950199693	0.1927442601900841	False
hand2|support cells/otic vesicle|24	hand2	24	support cells/otic vesicle	8	32.0	-0.001578411233517955	0.14679617946894677	0.29452313181496115	False
hand2|thyroid follicle cell|24	hand2	24	thyroid follicle cell	6	19.0	-3.474526934032509e-05	0.9590917806289061	0.9789581538968368	False
hand2|unknown|24	hand2	24	unknown	3					False
hand2|xanthophore|24	hand2	24	xanthophore	8	31.0	0.0024704336267009734	0.10785086895659192	0.2398490710229429	False
hand2|KA neuron|36	hand2	36	KA neuron	8	44.0	0.00024585906892154097	0.29746634459541166	0.4759604767244186	False
hand2|adrenal gland|36	hand2	36	adrenal gland	3	15.0	0.00040457648305393325	0.27403393225791733	0.44848619761117087	False
hand2|anterior migratory muscle|36	hand2	36	anterior migratory muscle	8	44.0	0.00022208019747822078	0.9165337552548296	0.9541344776738429	False
hand2|basal cell|36	hand2	36	basal cell	8	44.0	0.006245991277014966	0.1022886529622798	0.23160493621102152	False
hand2|cardiomyocyte|36	hand2	36	cardiomyocyte	8	44.0	0.0009274853232077258	0.36379041774206466	0.540712143468253	False
hand2|chondrocranium|36	hand2	36	chondrocranium	1	7.0	1.1691803943957122e-05			False
hand2|connective tissue-meninges-dermal FB|36	hand2	36	connective tissue-meninges-dermal FB	8	44.0	-0.0015170739446926373	0.7038495605234192	0.8182435846182856	False
hand2|contains head vasculature?|36	hand2	36	contains head vasculature?	6	31.0	8.1446756716106e-05	0.6330210847387557	0.7660846093784269	False
hand2|cranial muscle (early)|36	hand2	36	cranial muscle (early)	8	44.0	0.0029260034511837136	0.03376940541567006	0.10845708022577456	False
hand2|cranial muscle (late)|36	hand2	36	cranial muscle (late)	1	6.0	-0.00011074080750680005			False
hand2|cranial muscle (mid)|36	hand2	36	cranial muscle (mid)	8	36.0	0.00017033947726671815	0.4165286118970859	0.5907860461165712	False
hand2|cranial muscle (non-somitic, fast-twitch)|36	hand2	36	cranial muscle (non-somitic, fast-twitch)	8	44.0	-0.000568112146325319	0.49771459070167234	0.6619992761680714	False
hand2|cranial muscle (progenitor)|36	hand2	36	cranial muscle (progenitor)	6	37.0	-0.00026638950941970413	0.35405663186404956	0.5314448427234265	False
hand2|cranial neural crest|36	hand2	36	cranial neural crest	8	44.0	0.0011590510216801216	0.08458259102236158	0.2033470757393606	False
hand2|differentiating neuron (hindbrain)|36	hand2	36	differentiating neuron (hindbrain)	8	44.0	0.0031112297018244077	0.281512550147747	0.45703662246073273	False
hand2|differentiating neuron 1|36	hand2	36	differentiating neuron 1	8	43.0	-0.0012605142798314522	0.3284373754892249	0.5088520308057588	False
hand2|differentiating neuron 2|36	hand2	36	differentiating neuron 2	8	43.0	0.0011289980674385148	0.10572287469423608	0.23670097787843622	False
hand2|dorsal spinal cord neuron|36	hand2	36	dorsal spinal cord neuron	5	26.0	-8.869484485063688e-05	0.06361279299366837	0.16814121298445758	False
hand2|endothelium (dorsal aorta)|36	hand2	36	endothelium (dorsal aorta)	8	44.0	0.00019148731582277825	0.8856401406029515	0.9357520983926542	False
hand2|endothelium (f8+, clic2+)|36	hand2	36	endothelium (f8+, clic2+)	8	44.0	-0.0008690696429900899	0.0003694088312583489	0.004010983143319817	True
hand2|endothelium (vein + early artery)|36	hand2	36	endothelium (vein + early artery)	8	44.0	-0.00040399430387495945	0.6622519745726752	0.7876614231314527	False
hand2|eye, optic cup|36	hand2	36	eye, optic cup	8	44.0	0.003457999295271623	0.2561910602662222	0.428381881094375	False
hand2|fast-committed myocyte|36	hand2	36	fast-committed myocyte	1	24.0	-0.0003202268885371166			False
hand2|fin bud mesoderm (pectoral)|36	hand2	36	fin bud mesoderm (pectoral)	8	40.0	-0.00048210526066142737	0.04960262287188515	0.1409792253993485	False
hand2|fin fold|36	hand2	36	fin fold	8	44.0	-0.004639114022949295	0.00044140871220329884	0.004554597659302672	True
hand2|fin mesenchyme|36	hand2	36	fin mesenchyme	8	30.0	-1.0859083493655131e-05	0.9727204398246225	0.9860269787224918	False
hand2|floor plate|36	hand2	36	floor plate	8	44.0	0.0012316883856506502	0.03958813810502366	0.12100422157676276	False
hand2|glia|36	hand2	36	glia	8	44.0	0.00037123464510387073	0.24742163292992692	0.418779914583065	False
hand2|hair cell|36	hand2	36	hair cell	7	39.0	6.97780806985281e-07	0.9981424691610248	0.9985933013512511	False
hand2|hatching gland|36	hand2	36	hatching gland	8	44.0	-0.00591637578225052	0.01930533626973286	0.07284722289175176	False
hand2|head mesenchyme|36	hand2	36	head mesenchyme	8	44.0	-0.00027870188112701436	0.8885419501727239	0.9377956256190836	False
hand2|head mesenchyme (maybe ventral, hand2+)|36	hand2	36	head mesenchyme (maybe ventral, hand2+)	8	44.0	-0.006608493461012973	0.00014810569928860558	0.001968324743545568	True
hand2|head mesenchyme/PA cartilage|36	hand2	36	head mesenchyme/PA cartilage	8	43.0	0.00242842985198863	0.08543937388690744	0.20474022339650197	False
hand2|head/eye connective tissue|36	hand2	36	head/eye connective tissue	8	44.0	-0.0008393122908046322	0.34503796747970206	0.5231068432358249	False
hand2|hypochord|36	hand2	36	hypochord	8	38.0	-0.00042870930760971503	0.0403004098088481	0.12208649896802713	False
hand2|hypophysis/locus coeruleus|36	hand2	36	hypophysis/locus coeruleus	6	41.0	0.00010061330578256783	0.6891347808378809	0.8076367934158234	False
hand2|intestine|36	hand2	36	intestine	8	44.0	0.0004901937236971975	0.6522767819562045	0.7804067727941986	False
hand2|ionocyte/goblet cell|36	hand2	36	ionocyte/goblet cell	8	44.0	0.0001884415566395948	0.8713510295757049	0.927013703415075	False
hand2|iridophore|36	hand2	36	iridophore	8	44.0	0.0004899190630040158	0.29908303898656374	0.47785545088371045	False
hand2|lens|36	hand2	36	lens	8	43.0	0.00014984238947075585	0.8005372354942903	0.8813071454373027	False
hand2|liver|36	hand2	36	liver	7	36.0	0.0001676476746192931	0.6265730013293881	0.7620017558260951	False
hand2|mature fast muscle|36	hand2	36	mature fast muscle	8	44.0	-0.004083742622294911	0.6570369413749972	0.7837031907084647	False
hand2|mature slow muscle|36	hand2	36	mature slow muscle	8	44.0	-0.008109163161864701	0.09637904123021691	0.22294007349941186	False
hand2|melanophore|36	hand2	36	melanophore	8	44.0	-0.0006414119495581584	0.43096580928193895	0.6057038499742987	False
hand2|mesodermal progenitor cells (contains PSM)|36	hand2	36	mesodermal progenitor cells (contains PSM)	3	12.0	-8.146380583451667e-05	0.3121742670369155	0.49086559499770543	False
hand2|motor neuron|36	hand2	36	motor neuron	8	43.0	0.0018088013899209806	0.04432318580201427	0.13020670630167322	False
hand2|myeloid cell|36	hand2	36	myeloid cell	8	43.0	0.0009180916903392738	0.0420763250299966	0.1255488009987999	False
hand2|neural crest + pigment cell progenitor|36	hand2	36	neural crest + pigment cell progenitor	4	19.0	-0.00013483304545546188	0.2757662901628147	0.450680520937507	False
hand2|neural progenitor (MHB)|36	hand2	36	neural progenitor (MHB)	8	43.0	0.0035537245429201544	0.10610361407086649	0.2373934395625952	False
hand2|neural progenitor (hindbrain R7/8)|36	hand2	36	neural progenitor (hindbrain R7/8)	8	44.0	0.0001659309581289372	0.9062217935219353	0.9483556486955311	False
hand2|neural progenitor (hindbrain)|36	hand2	36	neural progenitor (hindbrain)	8	43.0	0.0026755279233207766	0.012957058000716247	0.055727929071041724	False
hand2|neural progenitor (telencephalon/diencephalon)|36	hand2	36	neural progenitor (telencephalon/diencephalon)	8	44.0	0.002946731169689458	0.17448718057222326	0.3311817523285986	False
hand2|neural tube-like connective tissue (+ taste bud)|36	hand2	36	neural tube-like connective tissue (+ taste bud)	8	44.0	-0.0021335417985755157	0.2848849762347143	0.4614969934372688	False
hand2|neuromast support cell|36	hand2	36	neuromast support cell	8	44.0	0.0007196625533280997	0.45322514145424364	0.622891637014157	False
hand2|neuron (+ spinal cord)|36	hand2	36	neuron (+ spinal cord)	8	42.0	0.0001888355502412055	0.7248294508658368	0.8311974312717989	False
hand2|neuron (cranial ganglia sensory, Rohon-Beard)|36	hand2	36	neuron (cranial ganglia sensory, Rohon-Beard)	8	44.0	0.0008719294808669075	0.36379609333555163	0.540712143468253	False
hand2|neuron (dopaminergic)|36	hand2	36	neuron (dopaminergic)	5	22.0	0.00014378912539062184	0.18891124240104784	0.3480219589007382	False
hand2|neuron (telencephalon, glutamatergic)|36	hand2	36	neuron (telencephalon, glutamatergic)	8	43.0	0.0011889841579634471	0.08278756649736427	0.2004130847703657	False
hand2|neurons (differentiating, contains peripheral)|36	hand2	36	neurons (differentiating, contains peripheral)	8	44.0	0.006703252615171837	0.08775352053324063	0.20907929148203083	False
hand2|neurons (gabaergic, glutamatergic)|36	hand2	36	neurons (gabaergic, glutamatergic)	8	44.0	0.004084086765566623	0.14599802228103367	0.2936310103079506	False
hand2|neurons (gabaergic, glutamatergic; contains Purkinje)|36	hand2	36	neurons (gabaergic, glutamatergic; contains Purkinje)	8	44.0	0.006214045921774124	0.027759916586533845	0.09442648496407845	False
hand2|notochord|36	hand2	36	notochord	8	44.0	0.004211656356689807	0.0971566875110744	0.22393554925809553	False
hand2|odontoblast|36	hand2	36	odontoblast	1					False
hand2|olfactory vesicle/bulb|36	hand2	36	olfactory vesicle/bulb	8	43.0	5.881204150287936e-06	0.9922572683164483	0.9960091450224384	False
hand2|pancreas|36	hand2	36	pancreas	7	37.0	-8.586220879281802e-05	0.806247423623681	0.8837694988620014	False
hand2|pectoral fin bud (osteoblast+)|36	hand2	36	pectoral fin bud (osteoblast+)	8	44.0	-0.00013212253913293288	0.8226870560651063	0.8953842890418384	False
hand2|periderm|36	hand2	36	periderm	8	44.0	-0.03693221779916345	0.1450612346167524	0.29218911913559253	False
hand2|periocular mesenchyme|36	hand2	36	periocular mesenchyme	8	44.0	-0.00034925780494039164	0.6006815113246087	0.7433502059355631	False
hand2|pharyngeal arch (NC-derived)|36	hand2	36	pharyngeal arch (NC-derived)	8	42.0	-0.0012893760212050864	2.296708782774317e-05	0.00046498059866291333	True
hand2|pharyngeal arch (contains muscle, early cartilage)|36	hand2	36	pharyngeal arch (contains muscle, early cartilage)	8	44.0	0.0016473892345166509	0.03409326802768124	0.1091280183255982	False
hand2|pharyngeal arch (early)|36	hand2	36	pharyngeal arch (early)	8	44.0	0.009587765454729256	0.01497457402646907	0.06149940939795239	False
hand2|pharynx|36	hand2	36	pharynx	6	29.0	-0.00012443332246609367	0.22372144497811378	0.3897821190035569	False
hand2|posterior lateral line primordium|36	hand2	36	posterior lateral line primordium	8	40.0	6.219464847772487e-06	0.9865832884318149	0.992708351246125	False
hand2|posterior spinal cord progenitors|36	hand2	36	posterior spinal cord progenitors	8	43.0	0.0004474393453616282	0.40362847612099706	0.578664773209067	False
hand2|primordial germ cell|36	hand2	36	primordial germ cell	5	34.0	-0.0002049612360333859	0.11511682400371137	0.2515459702415857	False
hand2|pronephric duct|36	hand2	36	pronephric duct	5	31.0	-7.24414516768883e-05	0.8558532128861094	0.9177254477373241	False
hand2|pronephric podocyte|36	hand2	36	pronephric podocyte	7	27.0	0.0001326960523284111	0.34241657181563434	0.5203197163766042	False
hand2|pronephros distal tubule|36	hand2	36	pronephros distal tubule	8	44.0	0.00251950638312029	0.0020980221850927187	0.014486863980728053	True
hand2|pronephros proximal tubule|36	hand2	36	pronephros proximal tubule	8	44.0	0.0025652499609375556	0.07573812945526474	0.18842376272191472	False
hand2|red blood cell|36	hand2	36	red blood cell	7	39.0	-0.000469645463566266	0.0017762825683396589	0.012815849800887116	True
hand2|retinal neuron|36	hand2	36	retinal neuron	8	44.0	-0.003466237993341229	0.15190258374109483	0.30122132765132054	False
hand2|retinal pigmented epithelium (early)|36	hand2	36	retinal pigmented epithelium (early)	8	43.0	-0.0003427604962750845	0.740463552987548	0.8418101470662543	False
hand2|roof plate, flexural + subcommissural organ|36	hand2	36	roof plate, flexural + subcommissural organ	8	43.0	0.0004890558916023405	0.29428867711723	0.4722405842656347	False
hand2|satellite cells|36	hand2	36	satellite cells	4	22.0	-3.077538937534997e-05	0.6567018635790856	0.7834441442518894	False
hand2|support cells/otic vesicle|36	hand2	36	support cells/otic vesicle	8	44.0	-6.195085752157617e-06	0.9936088313824558	0.9964306402895109	False
hand2|thyroid follicle cell|36	hand2	36	thyroid follicle cell	6	29.0	-0.0001822530928826063	0.5251176079328252	0.6859377869817619	False
hand2|unknown|36	hand2	36	unknown	2					False
hand2|unknown (dcn+, col6+)|36	hand2	36	unknown (dcn+, col6+)	3	33.0	-0.0005170019883502423	0.16772070155131658	0.32237992813621485	False
hand2|vascular smooth muscle|36	hand2	36	vascular smooth muscle	1	2.0	-5.295354139200003e-06			False
hand2|xanthophore|36	hand2	36	xanthophore	8	44.0	0.0011805839184262663	0.21959456224929627	0.3844061818088972	False
hand2|KA neuron|48	hand2	48	KA neuron	7	39.0	-0.00022354441035664536	0.27397723565795656	0.44848619761117087	False
hand2|adrenal gland|48	hand2	48	adrenal gland	3	23.0	0.0001743766182209812	0.13899847940005652	0.28367472223998025	False
hand2|anterior migratory muscle|48	hand2	48	anterior migratory muscle	8	44.0	-0.0024970521294182483	0.026878829420273233	0.09244814777314474	False
hand2|basal cell|48	hand2	48	basal cell	8	44.0	0.011984607943012232	0.024344760709875943	0.08609416440506952	False
hand2|cardiomyocyte|48	hand2	48	cardiomyocyte	8	44.0	-0.0005121875605910674	0.5044864877638007	0.6681270818416558	False
hand2|chondrocranium|48	hand2	48	chondrocranium	6	44.0	-0.0005422344621200351	0.07445465747255021	0.1864171812001116	False
hand2|connective tissue-meninges-dermal FB|48	hand2	48	connective tissue-meninges-dermal FB	8	44.0	-0.0035405716099830217	0.2495809150432012	0.42125099833936297	False
hand2|cranial muscle (early)|48	hand2	48	cranial muscle (early)	8	44.0	0.0002885434630222339	0.7422782175900807	0.8431519240830917	False
hand2|cranial muscle (late)|48	hand2	48	cranial muscle (late)	6	33.0	-0.0005502570964128532	0.0031812955667861035	0.019792450983928966	True
hand2|cranial muscle (mid)|48	hand2	48	cranial muscle (mid)	8	44.0	0.0003122385380408465	0.6237471420377276	0.7599255029150435	False
hand2|cranial muscle (non-somitic, fast-twitch)|48	hand2	48	cranial muscle (non-somitic, fast-twitch)	8	44.0	0.0011072988400458155	0.30825913730871296	0.48713007548546905	False
hand2|cranial muscle (progenitor)|48	hand2	48	cranial muscle (progenitor)	1	11.0	0.0004311310475756636			False
hand2|cranial neural crest|48	hand2	48	cranial neural crest	8	44.0	-0.00011171051636329208	0.8279030497055674	0.8986304745660725	False
hand2|differentiating neuron (hindbrain)|48	hand2	48	differentiating neuron (hindbrain)	8	44.0	-0.0002315280780996942	0.6782353299863484	0.7989494358729454	False
hand2|differentiating neuron 1|48	hand2	48	differentiating neuron 1	8	44.0	-0.0005543291350851211	0.516595670239719	0.6781466275667587	False
hand2|differentiating neuron 2|48	hand2	48	differentiating neuron 2	7	41.0	-0.0002448538734606937	0.20882479219799832	0.37086493095151163	False
hand2|dorsal spinal cord neuron|48	hand2	48	dorsal spinal cord neuron	7	41.0	0.00028456183758999694	0.483195449769781	0.6497033111534186	False
hand2|endothelium (dorsal aorta)|48	hand2	48	endothelium (dorsal aorta)	8	44.0	-0.0005848186596962759	0.6600806822545691	0.7857821808637785	False
hand2|endothelium (f8+, clic2+)|48	hand2	48	endothelium (f8+, clic2+)	6	44.0	-0.0005116082199373554	0.13578689806996108	0.2798457578468494	False
hand2|endothelium (vein + early artery)|48	hand2	48	endothelium (vein + early artery)	8	44.0	0.0019418300210120205	0.11809005262053239	0.2560223163665376	False
hand2|eye, optic cup|48	hand2	48	eye, optic cup	8	44.0	-0.003033322323294469	0.00029787818411592857	0.0034068855997424186	True
hand2|fin bud mesoderm (pectoral)|48	hand2	48	fin bud mesoderm (pectoral)	8	44.0	-0.0011804924195600616	0.04173712285726581	0.1250074672547295	False
hand2|fin fold|48	hand2	48	fin fold	8	44.0	4.6070922063278646e-05	0.9789226424952489	0.9899468816589452	False
hand2|fin mesenchyme|48	hand2	48	fin mesenchyme	2	3.0	0.00014497802976141667	0.22516989176975846	0.391484544952916	False
hand2|floor plate|48	hand2	48	floor plate	8	44.0	0.0018758056043068965	3.367790884418118e-06	9.874732913911152e-05	True
hand2|glia|48	hand2	48	glia	8	43.0	0.0014907156134425443	0.03169738398317018	0.10401437855218067	False
hand2|hair cell|48	hand2	48	hair cell	8	42.0	-4.002725910981909e-05	0.9113715791634461	0.9508477778756337	False
hand2|hatching gland|48	hand2	48	hatching gland	8	44.0	-0.0025271415151624406	0.4622947344417295	0.6314031453371924	False
hand2|head mesenchyme|48	hand2	48	head mesenchyme	8	44.0	-0.002147295903725265	0.07460874727547588	0.18662986081080063	False
hand2|head mesenchyme (maybe ventral, hand2+)|48	hand2	48	head mesenchyme (maybe ventral, hand2+)	8	44.0	-0.008299710016358885	5.16151379801645e-05	0.0008617653062266158	True
hand2|head mesenchyme/PA cartilage|48	hand2	48	head mesenchyme/PA cartilage	8	44.0	-0.003031729976972701	0.00013591783847529198	0.0018469816700783543	True
hand2|head/eye connective tissue|48	hand2	48	head/eye connective tissue	8	43.0	0.0004804692569557749	0.24543909685486348	0.4165881988762625	False
hand2|hypochord|48	hand2	48	hypochord	8	28.0	0.00032691188025464114	0.04766668343531588	0.13676231497725497	False
hand2|hypophysis/locus coeruleus|48	hand2	48	hypophysis/locus coeruleus	7	41.0	-0.0003105505090946157	0.24464039689554762	0.41533864010498567	False
hand2|intestine|48	hand2	48	intestine	8	44.0	0.005014011776168684	0.031863475382121934	0.1044047307269232	False
hand2|ionocyte/goblet cell|48	hand2	48	ionocyte/goblet cell	8	44.0	0.0019553445223952663	0.014601009743608472	0.06060194237743804	False
hand2|iridophore|48	hand2	48	iridophore	8	44.0	4.671507693100249e-05	0.9348173674505313	0.9647245545439945	False
hand2|jaw chondrocyte|48	hand2	48	jaw chondrocyte	4	40.0	-0.0013980308219384428	0.00010923868437290253	0.0015477421272024252	True
hand2|lens|48	hand2	48	lens	8	44.0	-0.0017836034868565958	0.00800195774793336	0.03898314460045248	True
hand2|liver|48	hand2	48	liver	8	44.0	0.00045657557444157837	0.3189821605958382	0.49838618790485417	False
hand2|mature fast muscle|48	hand2	48	mature fast muscle	8	44.0	0.008525902108843603	0.12350651177824705	0.262575787426385	False
hand2|mature slow muscle|48	hand2	48	mature slow muscle	8	44.0	0.0016181795495566198	0.567639283982103	0.7188175887844436	False
hand2|melanophore|48	hand2	48	melanophore	8	44.0	0.0020279681387800706	0.0684292479639673	0.1763151251624289	False
hand2|motor neuron|48	hand2	48	motor neuron	8	44.0	-0.0017854471344603507	0.025975568952630104	0.09024641424111815	False
hand2|myeloid cell|48	hand2	48	myeloid cell	8	43.0	-0.0006335576027531192	0.08700123550211003	0.20773381599407875	False
hand2|neural crest + pigment cell progenitor|48	hand2	48	neural crest + pigment cell progenitor	1	8.0	3.257514164107503e-05			False
hand2|neural progenitor (MHB)|48	hand2	48	neural progenitor (MHB)	8	44.0	-0.0010815623408917474	0.06853159233553278	0.17636981837153168	False
hand2|neural progenitor (hindbrain R7/8)|48	hand2	48	neural progenitor (hindbrain R7/8)	8	43.0	0.0001271978115800908	0.821961837499255	0.895105934149877	False
hand2|neural progenitor (hindbrain)|48	hand2	48	neural progenitor (hindbrain)	3	21.0	-0.00021992565461080474	0.3504225704823335	0.5277783274830249	False
hand2|neural progenitor (telencephalon/diencephalon)|48	hand2	48	neural progenitor (telencephalon/diencephalon)	8	44.0	-0.004388891163225795	0.03462753548301107	0.11057182762355049	False
hand2|neural tube-like connective tissue (+ taste bud)|48	hand2	48	neural tube-like connective tissue (+ taste bud)	8	44.0	0.0010850936892857713	0.5291455674911342	0.69012213856302	False
hand2|neuromast support cell|48	hand2	48	neuromast support cell	8	44.0	-0.0012250560765371976	0.07986371944090112	0.195467556421653	False
hand2|neuron (+ spinal cord)|48	hand2	48	neuron (+ spinal cord)	8	44.0	0.00044495838899015223	0.24637634773398856	0.4175391049967748	False
hand2|neuron (cranial ganglia sensory, Rohon-Beard)|48	hand2	48	neuron (cranial ganglia sensory, Rohon-Beard)	8	44.0	-0.0026519234739896926	0.04470392405329571	0.13090848539095826	False
hand2|neuron (dopaminergic)|48	hand2	48	neuron (dopaminergic)	3	25.0	0.00026273805376180267	0.09051851380578707	0.2138270615853022	False
hand2|neuron (telencephalon, glutamatergic)|48	hand2	48	neuron (telencephalon, glutamatergic)	8	44.0	-8.612370272504093e-05	0.9090505790733234	0.9497863361544394	False
hand2|neurons (differentiating, contains peripheral)|48	hand2	48	neurons (differentiating, contains peripheral)	8	44.0	-0.0014878932237005205	0.7372308891565984	0.8400015818168972	False
hand2|neurons (gabaergic, glutamatergic)|48	hand2	48	neurons (gabaergic, glutamatergic)	8	44.0	0.0024321226747877414	0.7541090188707362	0.8506288287890074	False
hand2|neurons (gabaergic, glutamatergic; contains Purkinje)|48	hand2	48	neurons (gabaergic, glutamatergic; contains Purkinje)	8	44.0	0.008708051759315494	0.11818954151873713	0.25615443685323164	False
hand2|notochord|48	hand2	48	notochord	8	44.0	0.008001585464557237	0.00482010311734071	0.027166738943790514	True
hand2|odontoblast|48	hand2	48	odontoblast	1	4.0	0.00013261219533569998			False
hand2|olfactory vesicle/bulb|48	hand2	48	olfactory vesicle/bulb	8	44.0	-0.0006463162392703345	0.33144473130202967	0.5116028430898925	False
hand2|osteoblast|48	hand2	48	osteoblast	5	33.0	0.0005065489092744794	0.23107176390753012	0.39980202249400226	False
hand2|pancreas|48	hand2	48	pancreas	7	43.0	0.0002680848084196891	0.6562714969833504	0.783211942789936	False
hand2|pectoral fin bud (osteoblast+)|48	hand2	48	pectoral fin bud (osteoblast+)	8	44.0	0.000941745743637376	0.17878853586490737	0.3361770856882596	False
hand2|periderm|48	hand2	48	periderm	8	44.0	-0.012014523383676756	0.6292592415085003	0.7641497916345001	False
hand2|periocular mesenchyme|48	hand2	48	periocular mesenchyme	7	44.0	-0.0013825212338874427	0.015344668453712795	0.06263226159393215	False
hand2|pharyngeal arch (NC-derived)|48	hand2	48	pharyngeal arch (NC-derived)	1	11.0	0.0001868214417710273			False
hand2|pharyngeal arch (contains muscle, early cartilage)|48	hand2	48	pharyngeal arch (contains muscle, early cartilage)	8	44.0	-0.0011510044932965674	0.5765345979231055	0.7254444997536519	False
hand2|pharyngeal arch (early)|48	hand2	48	pharyngeal arch (early)	8	44.0	0.0029059889685232702	0.35001226862816437	0.5273994387832545	False
hand2|pharynx|48	hand2	48	pharynx	1	20.0	3.5236023088210014e-05			False
hand2|posterior lateral line primordium|48	hand2	48	posterior lateral line primordium	8	42.0	0.00036025124113269694	0.21125539460664494	0.3739456838468715	False
hand2|posterior spinal cord progenitors|48	hand2	48	posterior spinal cord progenitors	7	39.0	0.00013942792124347378	0.787076100865541	0.8743097108411101	False
hand2|primordial germ cell|48	hand2	48	primordial germ cell	5	37.0	-6.0670819247595734e-05	0.6851738724749967	0.8046978406851102	False
hand2|pronephric duct|48	hand2	48	pronephric duct	6	32.0	0.00018338969625276774	0.28892428944846393	0.46599560761772885	False
hand2|pronephric podocyte|48	hand2	48	pronephric podocyte	8	35.0	0.0004366759825555203	0.3587725772755531	0.5358605924918073	False
hand2|pronephros distal tubule|48	hand2	48	pronephros distal tubule	8	44.0	0.002802230436124595	0.0008447968663553043	0.007455079916243025	True
hand2|pronephros proximal tubule|48	hand2	48	pronephros proximal tubule	8	44.0	0.0018251763965403327	0.059358721914940904	0.16065850364424036	False
hand2|red blood cell|48	hand2	48	red blood cell	3	37.0	6.639233247340186e-05	0.8201376325423373	0.8937052424145345	False
hand2|retinal neuron|48	hand2	48	retinal neuron	8	44.0	-0.005194816828034764	0.1834383552084374	0.3416792381554992	False
hand2|retinal pigmented epithelium (early)|48	hand2	48	retinal pigmented epithelium (early)	8	44.0	-0.0009689490105389276	0.3325351097655349	0.5119879911844137	False
hand2|retinal pigmented epithelium (late)|48	hand2	48	retinal pigmented epithelium (late)	4	21.0	-6.340834692910956e-05	0.19997275111858087	0.3601135314858997	False
hand2|roof plate, flexural + subcommissural organ|48	hand2	48	roof plate, flexural + subcommissural organ	8	44.0	0.00020477033613200456	0.7568178026591278	0.8516603384707712	False
hand2|satellite cells|48	hand2	48	satellite cells	3	12.0	0.00015741024401834999	0.2515441709514456	0.42333696124983805	False
hand2|support cells/otic vesicle|48	hand2	48	support cells/otic vesicle	8	44.0	0.0012712853399454646	0.332776799104919	0.5119939407391032	False
hand2|thyroid follicle cell|48	hand2	48	thyroid follicle cell	3	23.0	7.051051764173186e-05	0.4424046483952412	0.6138361035202017	False
hand2|unknown|48	hand2	48	unknown	3					False
hand2|unknown (dcn+, col6+)|48	hand2	48	unknown (dcn+, col6+)	6	39.0	-0.0022815804464964818	2.6483337517750513e-11	3.6662870376135866e-09	True
hand2|xanthophore|48	hand2	48	xanthophore	8	44.0	-0.00026879222679418533	0.45553798012681757	0.6249070763713259	False
hgfa|KA neuron|36	hgfa	36	KA neuron	8	44.0	-0.00018140471792227157	0.4632135147947818	0.631914146132483	False
hgfa|adrenal gland|36	hgfa	36	adrenal gland	5	15.0	3.7336723277899984e-05	0.7249428552749314	0.8311974312717989	False
hgfa|anterior migratory muscle|36	hgfa	36	anterior migratory muscle	8	44.0	0.0026470449180032336	0.19124345304626397	0.3510532446111669	False
hgfa|basal cell|36	hgfa	36	basal cell	8	44.0	-0.005338445997969947	0.07073417022224118	0.18015573002763657	False
hgfa|cardiomyocyte|36	hgfa	36	cardiomyocyte	8	44.0	0.00017948184145251313	0.7814106541806471	0.8699068180650696	False
hgfa|chondrocranium|36	hgfa	36	chondrocranium	1	7.0	-0.00013983115279774287			False
hgfa|connective tissue-meninges-dermal FB|36	hgfa	36	connective tissue-meninges-dermal FB	8	44.0	-0.0039136178440369665	0.22226552265866215	0.3876520729834147	False
hgfa|contains head vasculature?|36	hgfa	36	contains head vasculature?	8	31.0	-0.00010958498705391481	0.18127063113806083	0.33910565684551985	False
hgfa|cranial muscle (early)|36	hgfa	36	cranial muscle (early)	8	44.0	0.001186697723422189	0.3339942472249783	0.5129534036295026	False
hgfa|cranial muscle (late)|36	hgfa	36	cranial muscle (late)	1	6.0	-0.00015924250292410005			False
hgfa|cranial muscle (mid)|36	hgfa	36	cranial muscle (mid)	8	36.0	-0.00012586731274690692	0.5351108138035763	0.6953092212993283	False
hgfa|cranial muscle (non-somitic, fast-twitch)|36	hgfa	36	cranial muscle (non-somitic, fast-twitch)	8	44.0	-0.0019130773227236438	0.0002475603408161088	0.0029640332697712483	True
hgfa|cranial muscle (progenitor)|36	hgfa	36	cranial muscle (progenitor)	8	37.0	-0.0002442924060674166	0.2724674978278134	0.44726939799056814	False
hgfa|cranial neural crest|36	hgfa	36	cranial neural crest	8	44.0	-0.0004118436586525156	0.4300190533761902	0.6047806328773366	False
hgfa|differentiating neuron (hindbrain)|36	hgfa	36	differentiating neuron (hindbrain)	8	44.0	0.0014014328348181428	0.6139257884716746	0.7526820783015272	False
hgfa|differentiating neuron 1|36	hgfa	36	differentiating neuron 1	8	43.0	0.0031058755805585224	0.0638369212725697	0.16853251563616434	False
hgfa|differentiating neuron 2|36	hgfa	36	differentiating neuron 2	8	43.0	0.0011929776390599781	0.18126378344903277	0.33910565684551985	False
hgfa|dorsal spinal cord neuron|36	hgfa	36	dorsal spinal cord neuron	7	26.0	-5.040717758091127e-06	0.9526023472242136	0.974998882514264	False
hgfa|endothelium (dorsal aorta)|36	hgfa	36	endothelium (dorsal aorta)	8	44.0	-6.300463344019631e-05	0.9526313465020961	0.974998882514264	False
hgfa|endothelium (f8+, clic2+)|36	hgfa	36	endothelium (f8+, clic2+)	8	44.0	0.00029662335947541036	0.38177969569876524	0.5578721928026353	False
hgfa|endothelium (vein + early artery)|36	hgfa	36	endothelium (vein + early artery)	8	44.0	-0.0003371999864195587	0.6473577642534354	0.776478762358137	False
hgfa|eye, optic cup|36	hgfa	36	eye, optic cup	8	44.0	0.0008925565459522861	0.743216522714947	0.8440734564075923	False
hgfa|fast-committed myocyte|36	hgfa	36	fast-committed myocyte	2	24.0	-0.0004059779064938666	0.015949233461202042	0.06427086497858556	False
hgfa|fin bud mesoderm (pectoral)|36	hgfa	36	fin bud mesoderm (pectoral)	8	40.0	-0.00025435213888855236	0.5044676855823683	0.6681270818416558	False
hgfa|fin fold|36	hgfa	36	fin fold	8	44.0	-0.001895720380665794	0.5480482877476394	0.7037257723832007	False
hgfa|fin mesenchyme|36	hgfa	36	fin mesenchyme	6	30.0	-0.0002661194850055134	0.11846934216973297	0.2562593680722251	False
hgfa|floor plate|36	hgfa	36	floor plate	8	44.0	0.0003780778824178247	0.6123377209176897	0.751289541266257	False
hgfa|glia|36	hgfa	36	glia	8	44.0	9.358735685239573e-05	0.6491649048377844	0.7776637448435331	False
hgfa|hair cell|36	hgfa	36	hair cell	8	39.0	-0.00021005913388078435	0.26559933484996834	0.4391409753864244	False
hgfa|hatching gland|36	hgfa	36	hatching gland	8	44.0	0.0006000863424549287	0.8000858786714597	0.8811021981723318	False
hgfa|head mesenchyme|36	hgfa	36	head mesenchyme	8	44.0	-0.0026738441880554513	0.28290313313648174	0.4585100779736393	False
hgfa|head mesenchyme (maybe ventral, hand2+)|36	hgfa	36	head mesenchyme (maybe ventral, hand2+)	8	44.0	0.0028685870275630895	0.10130940409255394	0.2302328967835229	False
hgfa|head mesenchyme/PA cartilage|36	hgfa	36	head mesenchyme/PA cartilage	8	43.0	0.0012180987261102925	0.36967900541890664	0.5451657769659642	False
hgfa|head/eye connective tissue|36	hgfa	36	head/eye connective tissue	8	44.0	-0.00012636642604744487	0.8891354978581751	0.9379985289479078	False
hgfa|hypochord|36	hgfa	36	hypochord	8	38.0	-0.0007192293521442275	0.00018339761364099763	0.0023212897955131985	True
hgfa|hypophysis/locus coeruleus|36	hgfa	36	hypophysis/locus coeruleus	8	41.0	1.291971268651377e-05	0.9550575962612763	0.9765129600178767	False
hgfa|intestine|36	hgfa	36	intestine	8	44.0	0.00029520666964493597	0.6400854283364414	0.7716422021214121	False
hgfa|ionocyte/goblet cell|36	hgfa	36	ionocyte/goblet cell	8	44.0	0.0011619536704106943	0.27558851673887585	0.4505007856653948	False
hgfa|iridophore|36	hgfa	36	iridophore	8	44.0	-0.00043874108691958425	0.1084907326800001	0.24077779350146908	False
hgfa|jaw chondrocyte|36	hgfa	36	jaw chondrocyte	2	7.0	-8.873779701304999e-05	0.08303144409339132	0.2007071465989761	False
hgfa|lens|36	hgfa	36	lens	8	43.0	-0.0005211020696759315	0.41178843948833244	0.5864411016716607	False
hgfa|liver|36	hgfa	36	liver	8	36.0	-0.00033280043254056224	0.12899150002194823	0.2702945154893346	False
hgfa|mature fast muscle|36	hgfa	36	mature fast muscle	8	44.0	-0.014799963897030324	0.1116580726634882	0.24617381979060357	False
hgfa|mature slow muscle|36	hgfa	36	mature slow muscle	8	44.0	-0.007535760781567362	0.06833083878565642	0.1763151251624289	False
hgfa|melanophore|36	hgfa	36	melanophore	8	44.0	-0.0005020272245627967	0.3390801742372552	0.5170221188127458	False
hgfa|mesodermal progenitor cells (contains PSM)|36	hgfa	36	mesodermal progenitor cells (contains PSM)	1	12.0	-0.00014084634992648335			False
hgfa|motor neuron|36	hgfa	36	motor neuron	8	43.0	-0.0002974215793228067	0.5760818713398446	0.7250121278509976	False
hgfa|myeloid cell|36	hgfa	36	myeloid cell	8	43.0	-3.950044334573863e-05	0.8803331889341329	0.9323898693763648	False
hgfa|neural crest + pigment cell progenitor|36	hgfa	36	neural crest + pigment cell progenitor	4	19.0	-0.00019421951752136184	0.09935997711062441	0.22720132412253932	False
hgfa|neural progenitor (MHB)|36	hgfa	36	neural progenitor (MHB)	8	43.0	0.000249656229056228	0.8889934733117064	0.9379985289479078	False
hgfa|neural progenitor (hindbrain R7/8)|36	hgfa	36	neural progenitor (hindbrain R7/8)	8	44.0	0.0010041993163778743	0.5484882222610141	0.7041546052790647	False
hgfa|neural progenitor (hindbrain)|36	hgfa	36	neural progenitor (hindbrain)	8	43.0	0.0014219115458657138	0.06656053602369168	0.17317727559805451	False
hgfa|neural progenitor (telencephalon/diencephalon)|36	hgfa	36	neural progenitor (telencephalon/diencephalon)	8	44.0	-0.0012341744163103276	0.5875583848615461	0.7345861650808982	False
hgfa|neural tube-like connective tissue (+ taste bud)|36	hgfa	36	neural tube-like connective tissue (+ taste bud)	8	44.0	0.0009392135168976093	0.48012902174876615	0.6468891625143047	False
hgfa|neuromast support cell|36	hgfa	36	neuromast support cell	8	44.0	0.0015635409170840628	0.09450232902376854	0.22018512495194317	False
hgfa|neuron (+ spinal cord)|36	hgfa	36	neuron (+ spinal cord)	8	42.0	-0.00011297831014201896	0.8017363465441644	0.8815006766570516	False
hgfa|neuron (cranial ganglia sensory, Rohon-Beard)|36	hgfa	36	neuron (cranial ganglia sensory, Rohon-Beard)	8	44.0	0.0002717088288065328	0.8392004766946515	0.9060092879993434	False
hgfa|neuron (dopaminergic)|36	hgfa	36	neuron (dopaminergic)	7	22.0	-3.518898713733245e-05	0.5190643079296953	0.6799025660691246	False
hgfa|neuron (telencephalon, glutamatergic)|36	hgfa	36	neuron (telencephalon, glutamatergic)	8	43.0	0.00040039475737655914	0.38513158897887656	0.5611765332856771	False
hgfa|neurons (differentiating, contains peripheral)|36	hgfa	36	neurons (differentiating, contains peripheral)	8	44.0	-0.0013141034836644978	0.7194202308146882	0.8279437883206795	False
hgfa|neurons (gabaergic, glutamatergic)|36	hgfa	36	neurons (gabaergic, glutamatergic)	8	44.0	-0.0045777815961749405	0.00685844742402862	0.03563282496690397	True
hgfa|neurons (gabaergic, glutamatergic; contains Purkinje)|36	hgfa	36	neurons (gabaergic, glutamatergic; contains Purkinje)	8	44.0	-0.0009585702094910258	0.516875084794453	0.678379407161592	False
hgfa|notochord|36	hgfa	36	notochord	8	44.0	-0.00956808999917513	1.77611173027186e-05	0.0003734893179638136	True
hgfa|olfactory vesicle/bulb|36	hgfa	36	olfactory vesicle/bulb	8	43.0	0.0007245672507871382	0.2378802440389742	0.40729559949471367	False
hgfa|pancreas|36	hgfa	36	pancreas	7	37.0	0.0003478903407667677	0.31004406138456253	0.48878832453153453	False
hgfa|pectoral fin bud (osteoblast+)|36	hgfa	36	pectoral fin bud (osteoblast+)	8	44.0	-0.00030029519798210804	0.688499875901543	0.8073198650724817	False
hgfa|periderm|36	hgfa	36	periderm	8	44.0	0.04011988744315684	0.13872776333937556	0.28338333458043363	False
hgfa|periocular mesenchyme|36	hgfa	36	periocular mesenchyme	8	44.0	-1.3817567353141633e-05	0.9825626309647351	0.9913648166961228	False
hgfa|pharyngeal arch (NC-derived)|36	hgfa	36	pharyngeal arch (NC-derived)	7	42.0	-0.0005929985358159738	0.34573959541088506	0.523573293415071	False
hgfa|pharyngeal arch (contains muscle, early cartilage)|36	hgfa	36	pharyngeal arch (contains muscle, early cartilage)	8	44.0	-0.0003905134306100124	0.5633717838063537	0.7159761361685587	False
hgfa|pharyngeal arch (early)|36	hgfa	36	pharyngeal arch (early)	8	44.0	0.0034755059123334174	0.3260895688831342	0.5060404449389132	False
hgfa|pharynx|36	hgfa	36	pharynx	5	29.0	-8.402657877647034e-05	0.4153389916944803	0.5896021362550355	False
hgfa|posterior lateral line primordium|36	hgfa	36	posterior lateral line primordium	8	40.0	-0.0002937055035725151	0.4402117369521291	0.6127253816211862	False
hgfa|posterior spinal cord progenitors|36	hgfa	36	posterior spinal cord progenitors	8	43.0	0.0004790659990082406	0.592680050561651	0.7379349702046414	False
hgfa|primordial germ cell|36	hgfa	36	primordial germ cell	7	34.0	-0.0003004206768206059	0.044136757058950496	0.12989982437494094	False
hgfa|pronephric duct|36	hgfa	36	pronephric duct	8	31.0	-0.0005149028003896858	0.10341403646733899	0.23273651334319115	False
hgfa|pronephric podocyte|36	hgfa	36	pronephric podocyte	6	27.0	-0.0001662979927636555	0.14843231144591126	0.296819954727078	False
hgfa|pronephros distal tubule|36	hgfa	36	pronephros distal tubule	8	44.0	-0.0015632471728075845	0.07429517111106089	0.18615814933371025	False
hgfa|pronephros proximal tubule|36	hgfa	36	pronephros proximal tubule	8	44.0	-0.0015069886128397953	0.015535666149319458	0.06314036792796807	False
hgfa|red blood cell|36	hgfa	36	red blood cell	8	39.0	9.590851137042692e-05	0.7436597545215055	0.8441850209892311	False
hgfa|retinal neuron|36	hgfa	36	retinal neuron	8	44.0	-0.0062585279499840305	0.0007332733172455737	0.006693133507001149	True
hgfa|retinal pigmented epithelium (early)|36	hgfa	36	retinal pigmented epithelium (early)	8	43.0	4.397057842346619e-05	0.9510672617655715	0.9742318412875325	False
hgfa|retinal pigmented epithelium (late)|36	hgfa	36	retinal pigmented epithelium (late)	1	1.0	-0.00015143183876330002			False
hgfa|roof plate, flexural + subcommissural organ|36	hgfa	36	roof plate, flexural + subcommissural organ	8	43.0	0.0011871309728858528	0.018971758254753925	0.07212090023045757	False
hgfa|satellite cells|36	hgfa	36	satellite cells	5	22.0	-0.00016685355445455997	0.0012944473843958916	0.010179411679657633	True
hgfa|slow-committed myocyte|36	hgfa	36	slow-committed myocyte	1	3.0	-0.00020446129735649996			False
hgfa|support cells/otic vesicle|36	hgfa	36	support cells/otic vesicle	8	44.0	-0.00011455228991529443	0.8874576901741753	0.9370227131899105	False
hgfa|thyroid follicle cell|36	hgfa	36	thyroid follicle cell	7	29.0	-0.00025169255901981826	0.46616073971773064	0.6345018671495944	False
hgfa|unknown|36	hgfa	36	unknown	6					False
hgfa|unknown (K+ channel, ciliated)|36	hgfa	36	unknown (K+ channel, ciliated)	1					False
hgfa|unknown (dcn+, col6+)|36	hgfa	36	unknown (dcn+, col6+)	3	33.0	0.00036935000189505774	0.5938440440714452	0.7386921888533795	False
hgfa|vascular smooth muscle|36	hgfa	36	vascular smooth muscle	1	2.0	-9.919043469340001e-05			False
hgfa|xanthophore|36	hgfa	36	xanthophore	8	44.0	-0.0005008923288316218	0.31067504982459015	0.48946474289910563	False
hgfa-mut|KA neuron|48	hgfa-mut	48	KA neuron	8	39.0	0.0006541743561018726	0.13769369797746273	0.28213833581876036	False
hgfa-mut|adrenal gland|48	hgfa-mut	48	adrenal gland	3	23.0	-1.9424247836152136e-05	0.6714568085098499	0.7942026508629321	False
hgfa-mut|anterior migratory muscle|48	hgfa-mut	48	anterior migratory muscle	8	44.0	-0.0006530003495049987	0.756117763630282	0.8514018018155086	False
hgfa-mut|basal cell|48	hgfa-mut	48	basal cell	8	44.0	0.00037775770479175214	0.8847322972407885	0.9354090875362037	False
hgfa-mut|cardiomyocyte|48	hgfa-mut	48	cardiomyocyte	8	44.0	-0.00054701873905953	0.32232307921330183	0.5017186370045422	False
hgfa-mut|chondrocranium|48	hgfa-mut	48	chondrocranium	4	44.0	-0.0014312908283576683	6.191986918832682e-11	7.481046013753304e-09	True
hgfa-mut|connective tissue-meninges-dermal FB|48	hgfa-mut	48	connective tissue-meninges-dermal FB	8	44.0	0.0038622576898574776	0.17586373478570644	0.3327490084427731	False
hgfa-mut|contains head vasculature?|48	hgfa-mut	48	contains head vasculature?	2	2.0	-0.00017807049881325004	0.6980503295328943	0.8142082569327861	False
hgfa-mut|cranial muscle (early)|48	hgfa-mut	48	cranial muscle (early)	8	44.0	-0.001059349416814629	0.10274865809461908	0.23202470673456285	False
hgfa-mut|cranial muscle (mid)|48	hgfa-mut	48	cranial muscle (mid)	8	44.0	-0.0047286995460151405	1.2412528975484008e-08	8.416454596131758e-07	True
hgfa-mut|cranial muscle (non-somitic, fast-twitch)|48	hgfa-mut	48	cranial muscle (non-somitic, fast-twitch)	8	44.0	0.0009880947679469787	0.49450265544150496	0.6590314611410321	False
hgfa-mut|cranial muscle (progenitor)|48	hgfa-mut	48	cranial muscle (progenitor)	2	11.0	8.799673717921363e-05	0.5441007060674679	0.7009661905474994	False
hgfa-mut|cranial neural crest|48	hgfa-mut	48	cranial neural crest	8	44.0	-0.0010504557949147049	0.0012065591525534456	0.00965867716287609	True
hgfa-mut|differentiating neuron (hindbrain)|48	hgfa-mut	48	differentiating neuron (hindbrain)	8	44.0	0.003878536824799056	0.010703170874228968	0.04840904326045076	True
hgfa-mut|differentiating neuron 1|48	hgfa-mut	48	differentiating neuron 1	8	44.0	-0.001594125009050134	0.04880266803868478	0.13918185799015467	False
hgfa-mut|differentiating neuron 2|48	hgfa-mut	48	differentiating neuron 2	8	41.0	-0.00011155855021373665	0.687092067524256	0.8061776000989609	False
hgfa-mut|dorsal spinal cord neuron|48	hgfa-mut	48	dorsal spinal cord neuron	4	41.0	-0.0008229358758039672	0.0001521777893536147	0.0020184060084925542	True
hgfa-mut|endothelium (dorsal aorta)|48	hgfa-mut	48	endothelium (dorsal aorta)	8	44.0	-0.002765649533699264	0.009348851599121723	0.04356459949240102	True
hgfa-mut|endothelium (f8+, clic2+)|48	hgfa-mut	48	endothelium (f8+, clic2+)	8	44.0	-0.0004801545560319386	0.16277254499838534	0.3158947317506631	False
hgfa-mut|endothelium (vein + early artery)|48	hgfa-mut	48	endothelium (vein + early artery)	8	44.0	0.0005846630812992078	0.468350255579599	0.636829844142917	False
hgfa-mut|eye, optic cup|48	hgfa-mut	48	eye, optic cup	8	44.0	0.004892622087510831	0.025327238874343957	0.08867202440464468	False
hgfa-mut|fast-committed myocyte|48	hgfa-mut	48	fast-committed myocyte	5	13.0	0.00024398389561489846	0.28633047061202527	0.4631611434315745	False
hgfa-mut|fin bud mesoderm (pectoral)|48	hgfa-mut	48	fin bud mesoderm (pectoral)	8	44.0	0.00011093383107556353	0.8452682937521883	0.9109321783949547	False
hgfa-mut|fin fold|48	hgfa-mut	48	fin fold	8	44.0	-0.00040008372483492025	0.8079305156431003	0.884610030721437	False
hgfa-mut|floor plate|48	hgfa-mut	48	floor plate	8	44.0	0.002323739293917434	0.13299684985550345	0.2757454188111764	False
hgfa-mut|glia|48	hgfa-mut	48	glia	8	43.0	-0.002225592598334531	5.706982307822331e-06	0.00015248313155780948	True
hgfa-mut|hair cell|48	hgfa-mut	48	hair cell	8	42.0	-0.00039825653350759405	0.20677223965617586	0.36846380598425543	False
hgfa-mut|hatching gland|48	hgfa-mut	48	hatching gland	8	44.0	-0.009383190206496465	8.996070422720577e-10	8.922222083429588e-08	True
hgfa-mut|head mesenchyme|48	hgfa-mut	48	head mesenchyme	8	44.0	0.00048702699488516014	0.7600040290128488	0.8540887489921156	False
hgfa-mut|head mesenchyme (maybe ventral, hand2+)|48	hgfa-mut	48	head mesenchyme (maybe ventral, hand2+)	8	44.0	-0.007888830521927574	9.46978634502318e-05	0.0013856145797911093	True
hgfa-mut|head mesenchyme/PA cartilage|48	hgfa-mut	48	head mesenchyme/PA cartilage	8	44.0	-0.0022825917342889383	0.00944271937596012	0.04390963628639258	True
hgfa-mut|head/eye connective tissue|48	hgfa-mut	48	head/eye connective tissue	8	43.0	0.0010061039852504	0.07787578217936009	0.1920878146183548	False
hgfa-mut|hypochord|48	hgfa-mut	48	hypochord	8	28.0	0.00040013925069522867	0.06334533097464529	0.1679017647891974	False
hgfa-mut|hypophysis/locus coeruleus|48	hgfa-mut	48	hypophysis/locus coeruleus	8	41.0	-0.00015903905234029608	0.4702657274331826	0.6385197709018183	False
hgfa-mut|intestine|48	hgfa-mut	48	intestine	8	44.0	-0.004627013680365765	9.814061625378553e-05	0.0014206475453850248	True
hgfa-mut|ionocyte/goblet cell|48	hgfa-mut	48	ionocyte/goblet cell	8	44.0	-0.0024730333585417457	0.0005659794363269356	0.005533625807927651	True
hgfa-mut|iridophore|48	hgfa-mut	48	iridophore	7	44.0	-0.0010132491837608047	0.0057818511468245536	0.03126151413397003	True
hgfa-mut|jaw chondrocyte|48	hgfa-mut	48	jaw chondrocyte	2	40.0	-0.0016595823162333678	7.217567433974049e-09	5.576829720785762e-07	True
hgfa-mut|lens|48	hgfa-mut	48	lens	8	44.0	0.00018453663727131635	0.8351527483546113	0.9039892511510657	False
hgfa-mut|liver|48	hgfa-mut	48	liver	7	44.0	-0.001194080886207241	7.126364675110601e-05	0.001123662511248511	True
hgfa-mut|mature fast muscle|48	hgfa-mut	48	mature fast muscle	8	44.0	0.06516371855362749	0.006617941556758687	0.03457250129297286	True
hgfa-mut|mature slow muscle|48	hgfa-mut	48	mature slow muscle	8	44.0	-0.004427978414475741	0.022602810171429306	0.08180592243417632	False
hgfa-mut|melanophore|48	hgfa-mut	48	melanophore	8	44.0	-0.0009162949988246183	0.26273219380364343	0.43581014174368715	False
hgfa-mut|mesodermal progenitor cells (contains PSM)|48	hgfa-mut	48	mesodermal progenitor cells (contains PSM)	1	2.0	0.00013466594939229998			False
hgfa-mut|motor neuron|48	hgfa-mut	48	motor neuron	8	44.0	-0.0030252561027771883	0.0011473783260051232	0.009363332376163321	True
hgfa-mut|myeloid cell|48	hgfa-mut	48	myeloid cell	8	43.0	-0.0001976384096188319	0.7096644429915917	0.8218415039621634	False
hgfa-mut|neural crest + pigment cell progenitor|48	hgfa-mut	48	neural crest + pigment cell progenitor	1	8.0	-4.4103556463325e-05			False
hgfa-mut|neural progenitor (MHB)|48	hgfa-mut	48	neural progenitor (MHB)	8	44.0	0.002740887952664791	0.035421851626410226	0.11213825824559122	False
hgfa-mut|neural progenitor (hindbrain R7/8)|48	hgfa-mut	48	neural progenitor (hindbrain R7/8)	8	43.0	0.0021268655046733534	0.06021794042738457	0.16246374914330916	False
hgfa-mut|neural progenitor (hindbrain)|48	hgfa-mut	48	neural progenitor (hindbrain)	7	21.0	0.000356610397450481	0.3521592205197335	0.5295537497971552	False
hgfa-mut|neural progenitor (telencephalon/diencephalon)|48	hgfa-mut	48	neural progenitor (telencephalon/diencephalon)	8	44.0	-0.0019378241523052807	0.2865571389444767	0.46341498863130876	False
hgfa-mut|neural tube-like connective tissue (+ taste bud)|48	hgfa-mut	48	neural tube-like connective tissue (+ taste bud)	8	44.0	-0.007158213788752156	0.00011637878066855055	0.0016349619398361912	True
hgfa-mut|neuromast support cell|48	hgfa-mut	48	neuromast support cell	8	44.0	-0.00099725375422266	0.071104012022775	0.1806146970420583	False
hgfa-mut|neuron (+ spinal cord)|48	hgfa-mut	48	neuron (+ spinal cord)	8	44.0	0.00035848556330092714	0.45286198914585063	0.6225212904166689	False
hgfa-mut|neuron (cranial ganglia sensory, Rohon-Beard)|48	hgfa-mut	48	neuron (cranial ganglia sensory, Rohon-Beard)	8	44.0	-0.003464284615791755	0.0003657655258926437	0.003990988373656187	True
hgfa-mut|neuron (dopaminergic)|48	hgfa-mut	48	neuron (dopaminergic)	7	25.0	0.00013835706257109314	0.014272988536363196	0.05968531433210033	False
hgfa-mut|neuron (telencephalon, glutamatergic)|48	hgfa-mut	48	neuron (telencephalon, glutamatergic)	8	44.0	0.0010489077630017468	0.18389775824567767	0.34189626691996083	False
hgfa-mut|neurons (differentiating, contains peripheral)|48	hgfa-mut	48	neurons (differentiating, contains peripheral)	8	44.0	-0.009704938744350935	0.023870455284380334	0.08495432913812503	False
hgfa-mut|neurons (gabaergic, glutamatergic)|48	hgfa-mut	48	neurons (gabaergic, glutamatergic)	8	44.0	-0.02324344426061936	1.0314338150872251e-05	0.0002421864912104103	True
hgfa-mut|neurons (gabaergic, glutamatergic; contains Purkinje)|48	hgfa-mut	48	neurons (gabaergic, glutamatergic; contains Purkinje)	8	44.0	-0.006230782997856326	0.016612641362083704	0.06618165578599892	False
hgfa-mut|notochord|48	hgfa-mut	48	notochord	8	44.0	0.0027925898230516995	0.3956028224337468	0.571474077189619	False
hgfa-mut|olfactory vesicle/bulb|48	hgfa-mut	48	olfactory vesicle/bulb	8	44.0	-0.0009747021951689596	0.08669005810099348	0.20713967496623578	False
hgfa-mut|osteoblast|48	hgfa-mut	48	osteoblast	1	33.0	-0.0002727780219894606			False
hgfa-mut|pancreas|48	hgfa-mut	48	pancreas	8	43.0	-0.0006526010590953413	0.10642573204378551	0.23784011489469242	False
hgfa-mut|pectoral fin bud (osteoblast+)|48	hgfa-mut	48	pectoral fin bud (osteoblast+)	8	44.0	0.0002606675894174385	0.3797099856915941	0.5554085792356224	False
hgfa-mut|periderm|48	hgfa-mut	48	periderm	8	44.0	0.06908930173649303	0.08343511791301314	0.2013167605417474	False
hgfa-mut|periocular mesenchyme|48	hgfa-mut	48	periocular mesenchyme	7	44.0	-0.0014299152837050854	0.0019117728969838856	0.013543423134816546	True
hgfa-mut|pharyngeal arch (NC-derived)|48	hgfa-mut	48	pharyngeal arch (NC-derived)	1	11.0	6.56014202724273e-05			False
hgfa-mut|pharyngeal arch (contains muscle, early cartilage)|48	hgfa-mut	48	pharyngeal arch (contains muscle, early cartilage)	8	44.0	-0.00945926467932288	2.4917514579604532e-05	0.0004913260664138638	True
hgfa-mut|pharyngeal arch (early)|48	hgfa-mut	48	pharyngeal arch (early)	8	44.0	-0.008315655648176106	0.00037592493802828946	0.0040684384579771716	True
hgfa-mut|pharynx|48	hgfa-mut	48	pharynx	3	20.0	3.183170518634331e-05	0.8060287352512318	0.8837694988620014	False
hgfa-mut|posterior lateral line primordium|48	hgfa-mut	48	posterior lateral line primordium	8	42.0	0.0004139699051599469	0.3422437193233251	0.5201760098132423	False
hgfa-mut|posterior spinal cord progenitors|48	hgfa-mut	48	posterior spinal cord progenitors	8	39.0	5.282097457685246e-05	0.9224164552733171	0.9572043607422595	False
hgfa-mut|primordial germ cell|48	hgfa-mut	48	primordial germ cell	5	37.0	-5.228639977343573e-05	0.7249992944546796	0.8311974312717989	False
hgfa-mut|pronephric duct|48	hgfa-mut	48	pronephric duct	7	32.0	-5.217407504329416e-05	0.7137366547838883	0.8239715203333804	False
hgfa-mut|pronephric podocyte|48	hgfa-mut	48	pronephric podocyte	5	35.0	-0.00016207668105259706	0.6423957716971802	0.7733165243365471	False
hgfa-mut|pronephros distal tubule|48	hgfa-mut	48	pronephros distal tubule	8	44.0	-0.0001769450176870302	0.6314049519300571	0.7653567868615887	False
hgfa-mut|pronephros proximal tubule|48	hgfa-mut	48	pronephros proximal tubule	8	44.0	-0.0010318932423879173	0.08160218551037965	0.19826198271169024	False
hgfa-mut|red blood cell|48	hgfa-mut	48	red blood cell	6	37.0	0.00020241854477686847	0.2536604942560216	0.42551627647085616	False
hgfa-mut|retinal neuron|48	hgfa-mut	48	retinal neuron	8	44.0	-0.02597783813791591	5.0270111667518175e-06	0.0001380350793515117	True
hgfa-mut|retinal pigmented epithelium (early)|48	hgfa-mut	48	retinal pigmented epithelium (early)	8	44.0	-0.001068159466378952	0.3135730624315702	0.49259881793328225	False
hgfa-mut|roof plate, flexural + subcommissural organ|48	hgfa-mut	48	roof plate, flexural + subcommissural organ	8	44.0	-0.0004948907330039705	0.14647373076216302	0.29423154199352275	False
hgfa-mut|satellite cells|48	hgfa-mut	48	satellite cells	4	12.0	-2.2289898997008336e-05	0.8544050471085046	0.9166163283881197	False
hgfa-mut|support cells/otic vesicle|48	hgfa-mut	48	support cells/otic vesicle	8	44.0	-0.002430514621245547	0.0009450096426643537	0.008050755225005937	True
hgfa-mut|thyroid follicle cell|48	hgfa-mut	48	thyroid follicle cell	3	23.0	-0.00020355488151020142	0.0892806399715808	0.21142902801537933	False
hgfa-mut|unknown|48	hgfa-mut	48	unknown	5					False
hgfa-mut|unknown (dcn+, col6+)|48	hgfa-mut	48	unknown (dcn+, col6+)	8	39.0	-0.0004691066380089525	0.4622166007738455	0.6314031453371924	False
hgfa-mut|xanthophore|48	hgfa-mut	48	xanthophore	8	44.0	-0.0005419032562536605	0.32362741810003026	0.5030489571141636	False
hgfa-mut|KA neuron|72	hgfa-mut	72	KA neuron	5	13.0	7.329768390916509e-05	0.7253969875089841	0.8315099158180437	False
hgfa-mut|adrenal gland|72	hgfa-mut	72	adrenal gland	7	9.0	-5.088730675788136e-05	0.5200062813513451	0.6806070001141793	False
hgfa-mut|anterior migratory muscle|72	hgfa-mut	72	anterior migratory muscle	8	16.0	0.0011774594220697113	0.34365590552164316	0.52136837721263	False
hgfa-mut|basal cell|72	hgfa-mut	72	basal cell	8	16.0	-0.01906539806800764	0.004495691421957464	0.025775556081887273	True
hgfa-mut|cardiomyocyte|72	hgfa-mut	72	cardiomyocyte	8	16.0	0.0006288917237227249	0.5817239085001373	0.7291007467718053	False
hgfa-mut|chondrocranium|72	hgfa-mut	72	chondrocranium	8	16.0	-0.0011884157189960554	0.07691566377389344	0.19021383914310455	False
hgfa-mut|connective tissue-meninges-dermal FB|72	hgfa-mut	72	connective tissue-meninges-dermal FB	8	16.0	0.0038662463671213874	0.016526575405066416	0.06599705142227544	False
hgfa-mut|contains head vasculature?|72	hgfa-mut	72	contains head vasculature?	1	3.0	-4.8704471309465413e-05			False
hgfa-mut|cranial muscle (early)|72	hgfa-mut	72	cranial muscle (early)	8	16.0	0.0012569490567130564	0.025596074232558934	0.0894247703866215	False
hgfa-mut|cranial muscle (late)|72	hgfa-mut	72	cranial muscle (late)	8	16.0	-0.005182773335559674	0.0025810944946198836	0.017049078446072688	True
hgfa-mut|cranial muscle (mid)|72	hgfa-mut	72	cranial muscle (mid)	8	16.0	0.002811529928865056	0.002083377651102536	0.014435917092363245	True
hgfa-mut|cranial muscle (non-somitic, fast-twitch)|72	hgfa-mut	72	cranial muscle (non-somitic, fast-twitch)	8	16.0	-0.0005860753883351871	0.34599227453536097	0.5238041672729229	False
hgfa-mut|cranial muscle (progenitor)|72	hgfa-mut	72	cranial muscle (progenitor)	2	3.0	-4.549854986763335e-05	0.4642703752187164	0.6332259120132123	False
hgfa-mut|cranial neural crest|72	hgfa-mut	72	cranial neural crest	8	16.0	-0.0001617194727937623	0.6593923106163927	0.78558988355531	False
hgfa-mut|differentiating neuron (hindbrain)|72	hgfa-mut	72	differentiating neuron (hindbrain)	8	15.0	3.252632899850168e-05	0.8654900210617148	0.9238411309400621	False
hgfa-mut|differentiating neuron 1|72	hgfa-mut	72	differentiating neuron 1	8	16.0	0.0004685792793583563	0.054544896511688166	0.15157138139192408	False
hgfa-mut|differentiating neuron 2|72	hgfa-mut	72	differentiating neuron 2	8	7.0	1.8011279373323453e-05	0.8350954746161843	0.9039892511510657	False
hgfa-mut|dorsal spinal cord neuron|72	hgfa-mut	72	dorsal spinal cord neuron	8	13.0	0.0003126564894374961	0.05188081632013111	0.14558615897266522	False
hgfa-mut|endothelium (dorsal aorta)|72	hgfa-mut	72	endothelium (dorsal aorta)	8	16.0	-0.0020572355850440437	0.1544573031996066	0.3047413241571811	False
hgfa-mut|endothelium (f8+, clic2+)|72	hgfa-mut	72	endothelium (f8+, clic2+)	8	16.0	-0.00011352093963533133	0.5930926768584911	0.7382169269271702	False
hgfa-mut|endothelium (vein + early artery)|72	hgfa-mut	72	endothelium (vein + early artery)	8	16.0	-0.0008755022279276006	0.4090664757444489	0.5834399509169055	False
hgfa-mut|eye, optic cup|72	hgfa-mut	72	eye, optic cup	8	16.0	0.0013255319233185315	0.06988439461905335	0.17895252494936784	False
hgfa-mut|fast-committed myocyte|72	hgfa-mut	72	fast-committed myocyte	3	4.0	-2.4451312524021758e-05	0.8041288521134505	0.8829795324658724	False
hgfa-mut|fin bud mesoderm (pectoral)|72	hgfa-mut	72	fin bud mesoderm (pectoral)	8	16.0	3.3196465985537577e-05	0.9478606751685139	0.9727465925088455	False
hgfa-mut|fin fold|72	hgfa-mut	72	fin fold	8	16.0	-0.005903228865968089	0.0007501383277819097	0.006815721319296699	True
hgfa-mut|fin mesenchyme|72	hgfa-mut	72	fin mesenchyme	1	3.0	-0.00016251886143426607			False
hgfa-mut|floor plate|72	hgfa-mut	72	floor plate	8	16.0	-0.0011013377560211562	0.05659695724334548	0.15566505831209881	False
hgfa-mut|glia|72	hgfa-mut	72	glia	8	16.0	-0.0048269522980464745	0.024200077913274907	0.08567369085440159	False
hgfa-mut|hair cell|72	hgfa-mut	72	hair cell	8	16.0	-0.0009400870026101188	0.05026757901819863	0.14244267060807245	False
hgfa-mut|hatching gland|72	hgfa-mut	72	hatching gland	8	16.0	0.004188336347400757	0.04119759019607966	0.12415328201947816	False
hgfa-mut|head mesenchyme|72	hgfa-mut	72	head mesenchyme	8	16.0	0.0015563548684018689	0.4347870234080744	0.6089509847056794	False
hgfa-mut|head mesenchyme (maybe ventral, hand2+)|72	hgfa-mut	72	head mesenchyme (maybe ventral, hand2+)	8	16.0	-0.00030757256345294304	0.865866450488293	0.9238411309400621	False
hgfa-mut|head mesenchyme/PA cartilage|72	hgfa-mut	72	head mesenchyme/PA cartilage	8	16.0	0.0014904578536922564	0.009119557221385547	0.042792621512162836	True
hgfa-mut|head/eye connective tissue|72	hgfa-mut	72	head/eye connective tissue	8	16.0	-0.00032787668126647504	0.0005615180261408725	0.0055033735747877545	True
hgfa-mut|hypochord|72	hgfa-mut	72	hypochord	4	13.0	-5.394023179418491e-06	0.9811399070697793	0.9907976917425363	False
hgfa-mut|hypophysis/locus coeruleus|72	hgfa-mut	72	hypophysis/locus coeruleus	8	16.0	-8.829095464000115e-07	0.9975710490138916	0.9984726044129101	False
hgfa-mut|intestine|72	hgfa-mut	72	intestine	8	16.0	-0.017369902740432278	3.2430294568211734e-05	0.0005986091872382416	True
hgfa-mut|ionocyte/goblet cell|72	hgfa-mut	72	ionocyte/goblet cell	8	16.0	-0.003406188927424325	5.8471289882145465e-05	0.0009527831175538525	True
hgfa-mut|iridophore|72	hgfa-mut	72	iridophore	8	16.0	-7.398092075181287e-06	0.987677924117157	0.9934733904410117	False
hgfa-mut|jaw chondrocyte|72	hgfa-mut	72	jaw chondrocyte	8	16.0	-0.012010958442599124	2.5428100202279286e-05	0.0004984357694517577	True
hgfa-mut|lens|72	hgfa-mut	72	lens	8	16.0	0.00613053631222955	0.005983076730725843	0.032124696324496195	True
hgfa-mut|liver|72	hgfa-mut	72	liver	8	16.0	-0.0030631736171504876	0.0011091037637031382	0.009155272682990502	True
hgfa-mut|mature fast muscle|72	hgfa-mut	72	mature fast muscle	8	16.0	-0.007276878577877149	0.5178590553570306	0.6788663292261725	False
hgfa-mut|mature slow muscle|72	hgfa-mut	72	mature slow muscle	8	16.0	-0.0010251203013412619	0.6792146012507922	0.7995360540852993	False
hgfa-mut|melanophore|72	hgfa-mut	72	melanophore	8	16.0	-0.0013454104736679122	0.07397969741669969	0.18557761016759886	False
hgfa-mut|mesodermal progenitor cells (contains PSM)|72	hgfa-mut	72	mesodermal progenitor cells (contains PSM)	2					False
hgfa-mut|motor neuron|72	hgfa-mut	72	motor neuron	8	16.0	0.0002960931636807377	0.7190013907245025	0.8277484825648508	False
hgfa-mut|myeloid cell|72	hgfa-mut	72	myeloid cell	8	16.0	-1.0848483679524751e-05	0.9812459295094565	0.9907976917425363	False
hgfa-mut|neural crest + pigment cell progenitor|72	hgfa-mut	72	neural crest + pigment cell progenitor	6	5.0	6.0700760817016035e-05	0.363493783635569	0.5406034449996321	False
hgfa-mut|neural progenitor (MHB)|72	hgfa-mut	72	neural progenitor (MHB)	8	16.0	0.0009608496429380064	0.01572228612705439	0.06354902148070342	False
hgfa-mut|neural progenitor (hindbrain R7/8)|72	hgfa-mut	72	neural progenitor (hindbrain R7/8)	6	11.0	-8.254748366865784e-06	0.9276946276294871	0.9593966335345084	False
hgfa-mut|neural progenitor (hindbrain)|72	hgfa-mut	72	neural progenitor (hindbrain)	5	13.0	6.664116587684437e-05	0.530419153978289	0.6913717973573025	False
hgfa-mut|neural progenitor (telencephalon/diencephalon)|72	hgfa-mut	72	neural progenitor (telencephalon/diencephalon)	8	16.0	-0.003268859454800087	0.042920800407607776	0.12743910576789708	False
hgfa-mut|neural tube-like connective tissue (+ taste bud)|72	hgfa-mut	72	neural tube-like connective tissue (+ taste bud)	8	16.0	-0.006304450007843382	1.7688688922780325e-07	7.836089192791684e-06	True
hgfa-mut|neuromast support cell|72	hgfa-mut	72	neuromast support cell	8	16.0	-0.0007470140374213749	0.11991826775212476	0.25821860847404027	False
hgfa-mut|neuron (+ spinal cord)|72	hgfa-mut	72	neuron (+ spinal cord)	8	14.0	-0.00012417326477770182	0.21651978941789826	0.3803261963208919	False
hgfa-mut|neuron (cranial ganglia sensory, Rohon-Beard)|72	hgfa-mut	72	neuron (cranial ganglia sensory, Rohon-Beard)	8	16.0	0.003142572249010782	0.011678734615812612	0.05153082178705508	False
hgfa-mut|neuron (dopaminergic)|72	hgfa-mut	72	neuron (dopaminergic)	6	11.0	-0.00010807527630317886	0.04356000908448526	0.12887634032342146	False
hgfa-mut|neuron (telencephalon, glutamatergic)|72	hgfa-mut	72	neuron (telencephalon, glutamatergic)	8	16.0	0.0014125972479165057	0.05946386489782462	0.1606902733818807	False
hgfa-mut|neurons (differentiating, contains peripheral)|72	hgfa-mut	72	neurons (differentiating, contains peripheral)	8	16.0	0.00818350249802855	0.003797730930868965	0.022603701977515052	True
hgfa-mut|neurons (gabaergic, glutamatergic)|72	hgfa-mut	72	neurons (gabaergic, glutamatergic)	8	16.0	0.01742416369833316	0.001186101209159361	0.009576722399591682	True
hgfa-mut|neurons (gabaergic, glutamatergic; contains Purkinje)|72	hgfa-mut	72	neurons (gabaergic, glutamatergic; contains Purkinje)	8	16.0	0.008945219487849432	0.13195942460881552	0.27419336351644125	False
hgfa-mut|notochord|72	hgfa-mut	72	notochord	7	16.0	-0.005062177959747104	0.16041522938835026	0.3125939705172066	False
hgfa-mut|odontoblast|72	hgfa-mut	72	odontoblast	7	15.0	-4.438741662398098e-05	0.7949675495896322	0.8783770148026449	False
hgfa-mut|olfactory vesicle/bulb|72	hgfa-mut	72	olfactory vesicle/bulb	8	16.0	0.0005262076939537312	0.12144474686616302	0.26007100964410357	False
hgfa-mut|osteoblast|72	hgfa-mut	72	osteoblast	8	16.0	-0.00015776845319928753	0.6100757578067508	0.7503160155171636	False
hgfa-mut|pancreas|72	hgfa-mut	72	pancreas	8	16.0	-0.0024230408063238874	0.00019548461890265184	0.002450934514354946	True
hgfa-mut|pectoral fin bud (osteoblast+)|72	hgfa-mut	72	pectoral fin bud (osteoblast+)	8	15.0	0.0001629138169225409	0.43440530432905844	0.6087193600325136	False
hgfa-mut|periderm|72	hgfa-mut	72	periderm	8	16.0	0.05564808507424024	0.021269101688405803	0.07814230366527729	False
hgfa-mut|periocular mesenchyme|72	hgfa-mut	72	periocular mesenchyme	8	16.0	-0.0013441789165702686	0.0626118960680091	0.16675593161199215	False
hgfa-mut|pharyngeal arch (contains muscle, early cartilage)|72	hgfa-mut	72	pharyngeal arch (contains muscle, early cartilage)	8	16.0	-0.009357470624646709	0.0028749417086549284	0.01845795908600193	True
hgfa-mut|pharyngeal arch (early)|72	hgfa-mut	72	pharyngeal arch (early)	8	16.0	0.0031187009433044748	0.14635090570233697	0.29407371284911676	False
hgfa-mut|pharynx|72	hgfa-mut	72	pharynx	6	12.0	-6.283300591957211e-05	0.2813043048753001	0.4568101431809309	False
hgfa-mut|posterior lateral line primordium|72	hgfa-mut	72	posterior lateral line primordium	8	16.0	-0.0011257069889915186	0.00018295562218145073	0.0023201147125872902	True
hgfa-mut|posterior spinal cord progenitors|72	hgfa-mut	72	posterior spinal cord progenitors	7	16.0	-0.00052508876463895	0.005630625641527854	0.030718807379271417	True
hgfa-mut|primordial germ cell|72	hgfa-mut	72	primordial germ cell	8	14.0	8.033487769562922e-06	0.9535339707286388	0.975405362606497	False
hgfa-mut|pronephric duct|72	hgfa-mut	72	pronephric duct	5	10.0	-9.580488916690775e-05	0.10180838622808382	0.23105079456475988	False
hgfa-mut|pronephric podocyte|72	hgfa-mut	72	pronephric podocyte	8	10.0	-0.00033586058429505006	0.23679908707645364	0.40649184542057204	False
hgfa-mut|pronephros distal tubule|72	hgfa-mut	72	pronephros distal tubule	8	16.0	-0.0006642448662872937	0.432794336864327	0.6073745234347314	False
hgfa-mut|pronephros proximal tubule|72	hgfa-mut	72	pronephros proximal tubule	8	16.0	-0.0005790038321926375	0.14191402478003126	0.28803258847382646	False
hgfa-mut|red blood cell|72	hgfa-mut	72	red blood cell	8	15.0	-8.167645069739166e-05	0.5374998601624772	0.6966923843224714	False
hgfa-mut|retinal neuron|72	hgfa-mut	72	retinal neuron	8	16.0	0.005684185078225136	0.3143614919656335	0.4930215043926445	False
hgfa-mut|retinal pigmented epithelium (early)|72	hgfa-mut	72	retinal pigmented epithelium (early)	8	16.0	0.002635075980150393	0.0027842096724937197	0.018032235159571898	True
hgfa-mut|retinal pigmented epithelium (late)|72	hgfa-mut	72	retinal pigmented epithelium (late)	8	16.0	-0.0029878151788361937	0.016224384175171386	0.06502474839807831	False
hgfa-mut|roof plate, flexural + subcommissural organ|72	hgfa-mut	72	roof plate, flexural + subcommissural organ	8	16.0	0.0004339318838333687	0.3176832115288167	0.49681094130518133	False
hgfa-mut|satellite cells|72	hgfa-mut	72	satellite cells	2	4.0	-3.710097359832068e-05	0.43118739659524374	0.6058871326655518	False
hgfa-mut|support cells/otic vesicle|72	hgfa-mut	72	support cells/otic vesicle	8	16.0	-0.0027019953405116506	0.012432735240415526	0.053961806448439696	False
hgfa-mut|swim bladder primordium|72	hgfa-mut	72	swim bladder primordium	6	15.0	-0.0011856018679278003	0.0013877565778642837	0.010751256462434123	True
hgfa-mut|thyroid follicle cell|72	hgfa-mut	72	thyroid follicle cell	6	11.0	-1.0552107865691358e-05	0.9272379928667478	0.959286386828513	False
hgfa-mut|unknown|72	hgfa-mut	72	unknown	4					False
hgfa-mut|unknown (K+ channel, ciliated)|72	hgfa-mut	72	unknown (K+ channel, ciliated)	5	15.0	-0.00031253315657615323	0.0026782609462458673	0.01758601184565592	True
hgfa-mut|unknown (dcn+, col6+)|72	hgfa-mut	72	unknown (dcn+, col6+)	6	16.0	5.850012314956472e-05	0.916513538356718	0.9541344776738429	False
hgfa-mut|vascular smooth muscle|72	hgfa-mut	72	vascular smooth muscle	8	16.0	-0.005395880274809881	1.3113889902352587e-06	4.538635333392341e-05	True
hgfa-mut|xanthophore|72	hgfa-mut	72	xanthophore	8	15.0	0.0006512951364788333	0.05719995397785056	0.15654600254646497	False
hoxb1a|KA neuron|24	hoxb1a	24	KA neuron	8	31.0	0.0003885548796320453	0.3994335238447809	0.5753009657517247	False
hoxb1a|anterior migratory muscle|24	hoxb1a	24	anterior migratory muscle	8	32.0	-0.0012840523448914062	0.5648864722338457	0.7167597112839229	False
hoxb1a|basal cell|24	hoxb1a	24	basal cell	5	23.0	0.00031568546741540956	0.7519685394893356	0.8495122313680101	False
hoxb1a|cardiomyocyte|24	hoxb1a	24	cardiomyocyte	8	32.0	-0.000291558464957725	0.6018057189517467	0.7441382587335983	False
hoxb1a|connective tissue-meninges-dermal FB|24	hoxb1a	24	connective tissue-meninges-dermal FB	8	32.0	-0.003699364501765369	0.30978453401393863	0.48868477514533215	False
hoxb1a|contains head vasculature?|24	hoxb1a	24	contains head vasculature?	8	32.0	0.000147007206709719	0.8955170507709421	0.9420153241052573	False
hoxb1a|cranial muscle (early)|24	hoxb1a	24	cranial muscle (early)	6	22.0	4.665494644598184e-05	0.8747322547530586	0.9291014475448275	False
hoxb1a|cranial muscle (mid)|24	hoxb1a	24	cranial muscle (mid)	5	5.0	0.00033479157229078006	0.1085221206225583	0.24077779350146908	False
hoxb1a|cranial muscle (non-somitic, fast-twitch)|24	hoxb1a	24	cranial muscle (non-somitic, fast-twitch)	8	32.0	0.0010287770275698533	0.14480892649605998	0.29189534333523276	False
hoxb1a|cranial muscle (progenitor)|24	hoxb1a	24	cranial muscle (progenitor)	8	32.0	-0.002209454767019537	0.136051010510385	0.2798457578468494	False
hoxb1a|cranial neural crest|24	hoxb1a	24	cranial neural crest	8	32.0	-0.0005933278595466876	0.3873480609090585	0.563222727514375	False
hoxb1a|differentiating neuron (hindbrain)|24	hoxb1a	24	differentiating neuron (hindbrain)	7	32.0	-0.003625391527867552	0.00012407837446160708	0.0017242344351151649	True
hoxb1a|differentiating neuron 1|24	hoxb1a	24	differentiating neuron 1	8	32.0	-0.002701816192416124	0.031030189650488375	0.10268705688620282	False
hoxb1a|differentiating neuron 2|24	hoxb1a	24	differentiating neuron 2	8	32.0	-8.217782618023459e-05	0.8992413471670879	0.9446698790384322	False
hoxb1a|dorsal spinal cord neuron|24	hoxb1a	24	dorsal spinal cord neuron	3	9.0	-0.00015009850308624452	0.23921748565634104	0.4088334801758734	False
hoxb1a|endothelium (dorsal aorta)|24	hoxb1a	24	endothelium (dorsal aorta)	8	32.0	-0.0008027442759696718	0.176010517637722	0.3328371911504447	False
hoxb1a|endothelium (f8+, clic2+)|24	hoxb1a	24	endothelium (f8+, clic2+)	8	31.0	0.00046432472555183054	0.12317334237280254	0.262251477112231	False
hoxb1a|endothelium (vein + early artery)|24	hoxb1a	24	endothelium (vein + early artery)	8	32.0	0.004253591673983131	0.03653918682585958	0.1143139813831624	False
hoxb1a|eye, optic cup|24	hoxb1a	24	eye, optic cup	8	32.0	0.0002254473800351875	0.9446108965830029	0.9703106210842564	False
hoxb1a|fast-committed myocyte|24	hoxb1a	24	fast-committed myocyte	8	32.0	0.006397576656737423	0.15220887743324282	0.30137901982833687	False
hoxb1a|fin fold|24	hoxb1a	24	fin fold	5	11.0	-0.00017090823257064557	0.337275091892671	0.5157131331625722	False
hoxb1a|fin mesenchyme|24	hoxb1a	24	fin mesenchyme	8	32.0	-0.00040228706695916855	0.9108391590678505	0.9508477778756337	False
hoxb1a|floor plate|24	hoxb1a	24	floor plate	8	32.0	0.002777771954844693	0.06820284231459596	0.17607144024106067	False
hoxb1a|glia|24	hoxb1a	24	glia	7	28.0	-3.7559206627135484e-05	0.9220794974001489	0.9571578962471355	False
hoxb1a|hair cell|24	hoxb1a	24	hair cell	3	23.0	-1.1123976337427499e-05	0.9592557311601478	0.9789581538968368	False
hoxb1a|hatching gland|24	hoxb1a	24	hatching gland	8	32.0	-0.002567326607889291	0.01297540766999486	0.05577075288946691	False
hoxb1a|head mesenchyme|24	hoxb1a	24	head mesenchyme	8	32.0	-0.00047137791352584897	0.8146776398359821	0.8899412750491895	False
hoxb1a|head mesenchyme (maybe ventral, hand2+)|24	hoxb1a	24	head mesenchyme (maybe ventral, hand2+)	8	32.0	0.0016872789822963384	0.595594741622672	0.7400387169189707	False
hoxb1a|head mesenchyme/PA cartilage|24	hoxb1a	24	head mesenchyme/PA cartilage	8	32.0	-0.004694339296925252	0.012000893888191649	0.052568187137134806	False
hoxb1a|head/eye connective tissue|24	hoxb1a	24	head/eye connective tissue	8	32.0	0.004215251248208082	0.11913348480611681	0.25702662549891114	False
hoxb1a|hypochord|24	hoxb1a	24	hypochord	7	32.0	0.00046277694315441137	0.44794705538185897	0.6180321200564788	False
hoxb1a|hypophysis/locus coeruleus|24	hoxb1a	24	hypophysis/locus coeruleus	6	22.0	0.00020547628998916832	0.279919893016201	0.4551181035215698	False
hoxb1a|intestine|24	hoxb1a	24	intestine	8	32.0	-0.0013510227899536133	0.16708190665921707	0.32161152813907845	False
hoxb1a|ionocyte/goblet cell|24	hoxb1a	24	ionocyte/goblet cell	8	32.0	-0.00015213659841173052	0.953807001706609	0.9755344815053744	False
hoxb1a|iridophore|24	hoxb1a	24	iridophore	4	24.0	-8.371190728895402e-05	0.7059512034083466	0.8196829891050957	False
hoxb1a|lens|24	hoxb1a	24	lens	8	32.0	0.0010752855327789378	0.5173530254191931	0.6786853857370014	False
hoxb1a|liver|24	hoxb1a	24	liver	1					False
hoxb1a|mature fast muscle|24	hoxb1a	24	mature fast muscle	8	32.0	0.0161676809325704	0.05116897422948132	0.14425873303135486	False
hoxb1a|mature slow muscle|24	hoxb1a	24	mature slow muscle	8	32.0	0.014639106246813686	0.07490751491061211	0.18709647927229175	False
hoxb1a|melanophore|24	hoxb1a	24	melanophore	8	32.0	-0.0015870284311597029	0.10674236403162153	0.2381809969745215	False
hoxb1a|mesodermal progenitor cells (contains PSM)|24	hoxb1a	24	mesodermal progenitor cells (contains PSM)	8	32.0	0.0012414669324077492	0.3213169140556016	0.5005938463843749	False
hoxb1a|motor neuron|24	hoxb1a	24	motor neuron	8	32.0	0.001460735270046747	0.19526895646493703	0.3550847504011474	False
hoxb1a|myeloid cell|24	hoxb1a	24	myeloid cell	8	32.0	0.0030805672037436567	0.0016488739316096266	0.012147192101492205	True
hoxb1a|myoblast|24	hoxb1a	24	myoblast	8	32.0	0.0020614010257124374	0.06630790584557361	0.17272286724572192	False
hoxb1a|neural crest + pigment cell progenitor|24	hoxb1a	24	neural crest + pigment cell progenitor	8	32.0	0.0012620586457911184	0.2114209077527146	0.3741389965424204	False
hoxb1a|neural progenitor (MHB)|24	hoxb1a	24	neural progenitor (MHB)	8	32.0	-0.006762994107692363	0.010655357188100149	0.04826506374568882	True
hoxb1a|neural progenitor (hindbrain R7/8)|24	hoxb1a	24	neural progenitor (hindbrain R7/8)	8	32.0	-0.004504197498306713	0.06980459891504152	0.17881710092153083	False
hoxb1a|neural progenitor (hindbrain)|24	hoxb1a	24	neural progenitor (hindbrain)	8	32.0	-0.012002026827961379	0.04027369710140858	0.12208649896802713	False
hoxb1a|neural progenitor (telencephalon/diencephalon)|24	hoxb1a	24	neural progenitor (telencephalon/diencephalon)	8	32.0	0.004145394870815104	0.2896476167942103	0.46682231714710826	False
hoxb1a|neural tube-like connective tissue (+ taste bud)|24	hoxb1a	24	neural tube-like connective tissue (+ taste bud)	8	32.0	-0.0007057634694225354	0.5305622511332744	0.6913717973573025	False
hoxb1a|neuromast support cell|24	hoxb1a	24	neuromast support cell	8	32.0	-0.0019263968231827246	0.07124696983397204	0.18076980318699665	False
hoxb1a|neuron (+ spinal cord)|24	hoxb1a	24	neuron (+ spinal cord)	8	30.0	0.0007842586943957602	0.07844635636664632	0.1928509204796022	False
hoxb1a|neuron (cranial ganglia sensory, Rohon-Beard)|24	hoxb1a	24	neuron (cranial ganglia sensory, Rohon-Beard)	8	32.0	0.0026236302750072237	0.05642509207062455	0.15538530327778705	False
hoxb1a|neuron (dopaminergic)|24	hoxb1a	24	neuron (dopaminergic)	3	10.0	7.963662372256698e-06	0.912648802258669	0.9517500456699397	False
hoxb1a|neuron (telencephalon, glutamatergic)|24	hoxb1a	24	neuron (telencephalon, glutamatergic)	8	29.0	-0.00013337184074934815	0.6288395880385622	0.7639193898567177	False
hoxb1a|neurons (differentiating, contains peripheral)|24	hoxb1a	24	neurons (differentiating, contains peripheral)	8	32.0	-0.0007467878403059972	0.514524644962303	0.6769996048935184	False
hoxb1a|neurons (gabaergic, glutamatergic)|24	hoxb1a	24	neurons (gabaergic, glutamatergic)	8	31.0	0.00015006418899380335	0.7849219686645121	0.8728122767502584	False
hoxb1a|neurons (gabaergic, glutamatergic; contains Purkinje)|24	hoxb1a	24	neurons (gabaergic, glutamatergic; contains Purkinje)	8	31.0	0.0016370859194220844	0.08157488307527457	0.19826198271169024	False
hoxb1a|notochord|24	hoxb1a	24	notochord	8	32.0	0.007059547728003327	0.0012064431837174553	0.00965867716287609	True
hoxb1a|olfactory vesicle/bulb|24	hoxb1a	24	olfactory vesicle/bulb	8	32.0	0.000899958385606925	0.055133038279330575	0.1526495997358965	False
hoxb1a|osteoblast|24	hoxb1a	24	osteoblast	1	1.0	0.00021559104635589997			False
hoxb1a|pancreas|24	hoxb1a	24	pancreas	8	27.0	0.0003515435896079113	0.37919688874324897	0.5550139483918258	False
hoxb1a|pectoral fin bud (osteoblast+)|24	hoxb1a	24	pectoral fin bud (osteoblast+)	8	32.0	-0.002694104076608698	0.1279242243115599	0.2688350634251472	False
hoxb1a|periderm|24	hoxb1a	24	periderm	8	32.0	-0.03769272314325589	0.18946060906900564	0.3487082288986914	False
hoxb1a|periocular mesenchyme|24	hoxb1a	24	periocular mesenchyme	1	8.0	7.572522407777501e-05			False
hoxb1a|pharyngeal arch (NC-derived)|24	hoxb1a	24	pharyngeal arch (NC-derived)	8	32.0	-0.011363828332861894	3.548747919802835e-05	0.0006390631416555512	True
hoxb1a|pharyngeal arch (contains muscle, early cartilage)|24	hoxb1a	24	pharyngeal arch (contains muscle, early cartilage)	7	30.0	0.0008250118161447276	0.21371932413425873	0.37720183502580323	False
hoxb1a|pharyngeal arch (early)|24	hoxb1a	24	pharyngeal arch (early)	8	32.0	0.006549466489330552	0.0007508063214033384	0.006815721319296699	True
hoxb1a|pharynx|24	hoxb1a	24	pharynx	8	31.0	0.00031630529771185453	0.48515366479944644	0.6510209906577116	False
hoxb1a|posterior lateral line primordium|24	hoxb1a	24	posterior lateral line primordium	8	31.0	-0.0007485638860222276	0.19487413886613494	0.3545834208010588	False
hoxb1a|posterior spinal cord progenitors|24	hoxb1a	24	posterior spinal cord progenitors	8	32.0	5.703109492097465e-05	0.9636031103984477	0.9809071054445572	False
hoxb1a|primordial germ cell|24	hoxb1a	24	primordial germ cell	7	27.0	0.0008571494411062778	0.09118027835030006	0.21478032698320929	False
hoxb1a|pronephric duct|24	hoxb1a	24	pronephric duct	7	23.0	0.00044568532770329324	0.3571453576089355	0.5339102140183074	False
hoxb1a|pronephric podocyte|24	hoxb1a	24	pronephric podocyte	4	15.0	0.00034556184847066166	0.268037316894204	0.4421556680382001	False
hoxb1a|pronephros distal tubule|24	hoxb1a	24	pronephros distal tubule	8	32.0	0.0025890659559354087	0.037936622598575234	0.11725063124071276	False
hoxb1a|pronephros proximal tubule|24	hoxb1a	24	pronephros proximal tubule	8	32.0	-0.00047630883633043367	0.7305283750209965	0.8354948963178891	False
hoxb1a|red blood cell|24	hoxb1a	24	red blood cell	8	31.0	0.009744899659038093	0.0050453938014882165	0.02814999312417229	True
hoxb1a|retinal neuron|24	hoxb1a	24	retinal neuron	8	30.0	0.0013478700681638497	0.3532269443189924	0.5307894808374438	False
hoxb1a|retinal pigmented epithelium (early)|24	hoxb1a	24	retinal pigmented epithelium (early)	8	31.0	-0.000775717549480266	0.3119533546958979	0.4907504834171973	False
hoxb1a|roof plate, flexural + subcommissural organ|24	hoxb1a	24	roof plate, flexural + subcommissural organ	8	31.0	-3.11521096836658e-05	0.9385821011661063	0.9671077782987714	False
hoxb1a|satellite cells|24	hoxb1a	24	satellite cells	6	32.0	-9.160275984660413e-05	0.9033568493498518	0.9469642315711887	False
hoxb1a|slow-committed myocyte|24	hoxb1a	24	slow-committed myocyte	8	31.0	0.00021048724383148157	0.8565358429421701	0.9180998740029437	False
hoxb1a|support cells/otic vesicle|24	hoxb1a	24	support cells/otic vesicle	8	32.0	0.0015128674601278067	0.15054956258078814	0.29961121394110124	False
hoxb1a|thyroid follicle cell|24	hoxb1a	24	thyroid follicle cell	1	19.0	-0.001252349120178742			False
hoxb1a|unknown|24	hoxb1a	24	unknown	1					False
hoxb1a|xanthophore|24	hoxb1a	24	xanthophore	8	31.0	0.0016385201051802353	0.20892667215116195	0.37091042918634015	False
hoxb1a|KA neuron|36	hoxb1a	36	KA neuron	8	44.0	0.0010637474254983534	0.010685563467498459	0.048368916377062164	True
hoxb1a|adrenal gland|36	hoxb1a	36	adrenal gland	3	15.0	4.19902709746333e-05	0.7362482629637062	0.839315441309629	False
hoxb1a|anterior migratory muscle|36	hoxb1a	36	anterior migratory muscle	8	44.0	6.27710957081841e-05	0.9701446981107658	0.9849743283151453	False
hoxb1a|basal cell|36	hoxb1a	36	basal cell	8	44.0	0.011337135894531024	0.050761360952426136	0.14365811053188743	False
hoxb1a|cardiomyocyte|36	hoxb1a	36	cardiomyocyte	8	44.0	0.004782769135968288	0.0029402287070450753	0.01876831869194479	True
hoxb1a|chondrocranium|36	hoxb1a	36	chondrocranium	1	7.0	0.0003050325065541572			False
hoxb1a|connective tissue-meninges-dermal FB|36	hoxb1a	36	connective tissue-meninges-dermal FB	8	44.0	0.004651033853148023	0.17978011832541918	0.33743437542331256	False
hoxb1a|contains head vasculature?|36	hoxb1a	36	contains head vasculature?	7	31.0	0.00019278708205836546	0.200763267066531	0.36095019200679074	False
hoxb1a|cranial muscle (early)|36	hoxb1a	36	cranial muscle (early)	8	44.0	-0.0006308221408422108	0.39364887003819826	0.5691628058682937	False
hoxb1a|cranial muscle (late)|36	hoxb1a	36	cranial muscle (late)	1	6.0	5.388532307599959e-06			False
hoxb1a|cranial muscle (mid)|36	hoxb1a	36	cranial muscle (mid)	7	36.0	-0.00014897392356289798	0.2778638424805262	0.45288330470519905	False
hoxb1a|cranial muscle (non-somitic, fast-twitch)|36	hoxb1a	36	cranial muscle (non-somitic, fast-twitch)	8	44.0	-0.0002090789406461683	0.6935295310968259	0.8114991607921128	False
hoxb1a|cranial muscle (progenitor)|36	hoxb1a	36	cranial muscle (progenitor)	4	37.0	-0.00043464230454060406	0.005767658615066986	0.031210172228925182	True
hoxb1a|cranial neural crest|36	hoxb1a	36	cranial neural crest	8	44.0	0.00027646014956154725	0.5454581145686577	0.7018917837545954	False
hoxb1a|differentiating neuron (hindbrain)|36	hoxb1a	36	differentiating neuron (hindbrain)	8	44.0	-0.007257004107173582	4.03895508641832e-06	0.00011518822553326066	True
hoxb1a|differentiating neuron 1|36	hoxb1a	36	differentiating neuron 1	8	43.0	-0.006261927321740315	1.365267136984518e-08	8.982376361645665e-07	True
hoxb1a|differentiating neuron 2|36	hoxb1a	36	differentiating neuron 2	8	43.0	-0.0018501333646325224	0.0001985887471947834	0.0024758390714996917	True
hoxb1a|dorsal spinal cord neuron|36	hoxb1a	36	dorsal spinal cord neuron	3	26.0	1.407379963015644e-05	0.7581114154956714	0.852420576100409	False
hoxb1a|endothelium (dorsal aorta)|36	hoxb1a	36	endothelium (dorsal aorta)	8	44.0	0.0029157057842989914	0.011659661296378675	0.05153082178705508	False
hoxb1a|endothelium (f8+, clic2+)|36	hoxb1a	36	endothelium (f8+, clic2+)	8	44.0	0.0006409221816018353	0.2644966009493858	0.4378053075116437	False
hoxb1a|endothelium (vein + early artery)|36	hoxb1a	36	endothelium (vein + early artery)	8	44.0	0.0046614130225240795	0.01109967485306286	0.04980238987076483	True
hoxb1a|eye, optic cup|36	hoxb1a	36	eye, optic cup	8	44.0	0.0012041673392691604	0.42623138896566315	0.6010839515443192	False
hoxb1a|fast-committed myocyte|36	hoxb1a	36	fast-committed myocyte	5	24.0	0.00012006536910940345	0.5369401114800979	0.696444199104981	False
hoxb1a|fin bud mesoderm (pectoral)|36	hoxb1a	36	fin bud mesoderm (pectoral)	8	40.0	0.0003292724006157101	0.47936290709871776	0.6462500543053317	False
hoxb1a|fin fold|36	hoxb1a	36	fin fold	8	44.0	0.004809209815973707	0.040344542989703414	0.12208649896802713	False
hoxb1a|fin mesenchyme|36	hoxb1a	36	fin mesenchyme	6	30.0	0.00015649884088765316	0.6205665687593505	0.7581007205046404	False
hoxb1a|floor plate|36	hoxb1a	36	floor plate	8	44.0	0.003371057225180312	0.000170378274166798	0.00220835081803878	True
hoxb1a|glia|36	hoxb1a	36	glia	8	44.0	0.0002101286160800333	0.6040811091457265	0.7454310973294851	False
hoxb1a|hair cell|36	hoxb1a	36	hair cell	8	39.0	0.00039750625607210314	0.08652879407507442	0.20682871821182358	False
hoxb1a|hatching gland|36	hoxb1a	36	hatching gland	8	44.0	-0.007342890490882845	1.6331109189173233e-05	0.00035233837844823423	True
hoxb1a|head mesenchyme|36	hoxb1a	36	head mesenchyme	8	44.0	0.006618470839791973	0.00025468093429120036	0.00302206215779469	True
hoxb1a|head mesenchyme (maybe ventral, hand2+)|36	hoxb1a	36	head mesenchyme (maybe ventral, hand2+)	8	44.0	-0.0014445106445920095	0.3976666926614595	0.5735826292023873	False
hoxb1a|head mesenchyme/PA cartilage|36	hoxb1a	36	head mesenchyme/PA cartilage	8	43.0	-0.0033437003215697064	0.0004300435724591057	0.0044803938799224795	True
hoxb1a|head/eye connective tissue|36	hoxb1a	36	head/eye connective tissue	8	44.0	0.0009581310576332429	0.18462837572604057	0.3426970828769664	False
hoxb1a|hypochord|36	hoxb1a	36	hypochord	8	38.0	0.0008366697600906475	0.10990474523726454	0.24295310449155785	False
hoxb1a|hypophysis/locus coeruleus|36	hoxb1a	36	hypophysis/locus coeruleus	8	41.0	0.00019722144650057623	0.18784623449487534	0.3471948247363391	False
hoxb1a|intestine|36	hoxb1a	36	intestine	8	44.0	-0.0019087846913625516	0.011350923718834886	0.05065606992052238	False
hoxb1a|ionocyte/goblet cell|36	hoxb1a	36	ionocyte/goblet cell	8	44.0	-0.0013603338344084547	0.13036734376422235	0.27207631887979195	False
hoxb1a|iridophore|36	hoxb1a	36	iridophore	7	44.0	-0.0004300508943015091	0.35628442771254004	0.5335589752231352	False
hoxb1a|lens|36	hoxb1a	36	lens	8	43.0	-0.0005713553734765318	0.441683933664746	0.6135833231968605	False
hoxb1a|liver|36	hoxb1a	36	liver	5	36.0	-0.00034002438451654975	0.16417062358995932	0.3176801962013045	False
hoxb1a|mature fast muscle|36	hoxb1a	36	mature fast muscle	8	44.0	0.0645012406060355	0.0006533763391121043	0.006158419536737493	True
hoxb1a|mature slow muscle|36	hoxb1a	36	mature slow muscle	8	44.0	0.012659690552935324	0.0033834681900658586	0.0207027128204306	True
hoxb1a|melanophore|36	hoxb1a	36	melanophore	8	44.0	0.002565287938972891	0.02527766145352794	0.0885918039866525	False
hoxb1a|mesodermal progenitor cells (contains PSM)|36	hoxb1a	36	mesodermal progenitor cells (contains PSM)	5	12.0	6.951941529051664e-05	0.5178128908085687	0.6788663292261725	False
hoxb1a|motor neuron|36	hoxb1a	36	motor neuron	8	43.0	-0.00029917884759500697	0.5419534715324944	0.6999162685581101	False
hoxb1a|myeloid cell|36	hoxb1a	36	myeloid cell	8	43.0	-0.0002679983711664014	0.5403763671579973	0.6991434890507967	False
hoxb1a|neural crest + pigment cell progenitor|36	hoxb1a	36	neural crest + pigment cell progenitor	6	19.0	-1.2620149884786898e-05	0.9188775281758161	0.9550979469307521	False
hoxb1a|neural progenitor (MHB)|36	hoxb1a	36	neural progenitor (MHB)	8	43.0	-0.0021897449021208715	0.0574456766728832	0.15695991837636056	False
hoxb1a|neural progenitor (hindbrain R7/8)|36	hoxb1a	36	neural progenitor (hindbrain R7/8)	8	44.0	-0.00010211178979087528	0.9320986026049094	0.9622176812660591	False
hoxb1a|neural progenitor (hindbrain)|36	hoxb1a	36	neural progenitor (hindbrain)	8	43.0	0.0023966379444663763	0.010723568349041914	0.04840904326045076	True
hoxb1a|neural progenitor (telencephalon/diencephalon)|36	hoxb1a	36	neural progenitor (telencephalon/diencephalon)	8	44.0	-0.0052417951767925915	0.00027177869822344046	0.0031739357639626745	True
hoxb1a|neural tube-like connective tissue (+ taste bud)|36	hoxb1a	36	neural tube-like connective tissue (+ taste bud)	8	44.0	-0.0013001765889959788	0.21334313003887595	0.3766379115590677	False
hoxb1a|neuromast support cell|36	hoxb1a	36	neuromast support cell	8	44.0	-0.00020603426114978746	0.7971780460112629	0.8795032568063825	False
hoxb1a|neuron (+ spinal cord)|36	hoxb1a	36	neuron (+ spinal cord)	8	42.0	-0.0007273277551122568	0.13138124852985703	0.2736766133168965	False
hoxb1a|neuron (cranial ganglia sensory, Rohon-Beard)|36	hoxb1a	36	neuron (cranial ganglia sensory, Rohon-Beard)	8	44.0	0.00017676692600226973	0.8000719425319177	0.8811021981723318	False
hoxb1a|neuron (dopaminergic)|36	hoxb1a	36	neuron (dopaminergic)	3	22.0	0.00017747578943588186	0.2793876775242829	0.4545864635526102	False
hoxb1a|neuron (telencephalon, glutamatergic)|36	hoxb1a	36	neuron (telencephalon, glutamatergic)	8	43.0	-0.00023396901739465353	0.6212709386360249	0.7583294245474624	False
hoxb1a|neurons (differentiating, contains peripheral)|36	hoxb1a	36	neurons (differentiating, contains peripheral)	8	44.0	-0.012951952661081048	6.491811867705681e-06	0.00016741789993035718	True
hoxb1a|neurons (gabaergic, glutamatergic)|36	hoxb1a	36	neurons (gabaergic, glutamatergic)	8	44.0	-0.0061392927489914515	1.5768099131467055e-05	0.00034353776632327403	True
hoxb1a|neurons (gabaergic, glutamatergic; contains Purkinje)|36	hoxb1a	36	neurons (gabaergic, glutamatergic; contains Purkinje)	8	44.0	0.00010491691119596247	0.9468919990461142	0.9719025847484444	False
hoxb1a|notochord|36	hoxb1a	36	notochord	8	44.0	0.0062265036733199185	0.016131233207561713	0.0648077658187712	False
hoxb1a|odontoblast|36	hoxb1a	36	odontoblast	1					False
hoxb1a|olfactory vesicle/bulb|36	hoxb1a	36	olfactory vesicle/bulb	8	43.0	0.0014018291400395002	0.03561848031169031	0.11249277645968732	False
hoxb1a|pancreas|36	hoxb1a	36	pancreas	7	37.0	-0.0002385863386148324	0.43343161075757064	0.6081404251444377	False
hoxb1a|pectoral fin bud (osteoblast+)|36	hoxb1a	36	pectoral fin bud (osteoblast+)	8	44.0	-6.793353368688294e-05	0.8786661379291126	0.9316424315636085	False
hoxb1a|periderm|36	hoxb1a	36	periderm	8	44.0	-0.07160366739483454	5.782896016864123e-05	0.0009511718819817352	True
hoxb1a|periocular mesenchyme|36	hoxb1a	36	periocular mesenchyme	8	44.0	-0.0014422170807858667	3.443806301144763e-05	0.0006286838700853558	True
hoxb1a|pharyngeal arch (NC-derived)|36	hoxb1a	36	pharyngeal arch (NC-derived)	6	42.0	-0.0014303553064304907	2.737628488683463e-07	1.1226741879577785e-05	True
hoxb1a|pharyngeal arch (contains muscle, early cartilage)|36	hoxb1a	36	pharyngeal arch (contains muscle, early cartilage)	8	44.0	0.000526053955778513	0.4823778574818858	0.6487634825355881	False
hoxb1a|pharyngeal arch (early)|36	hoxb1a	36	pharyngeal arch (early)	8	44.0	-0.0013056290253062562	0.41246359936608357	0.587025191216026	False
hoxb1a|pharynx|36	hoxb1a	36	pharynx	5	29.0	-0.0001681835787445903	0.0050082072206812855	0.027989518066801635	True
hoxb1a|posterior lateral line primordium|36	hoxb1a	36	posterior lateral line primordium	8	40.0	-0.00036042320838952755	0.11254592934739976	0.24763831142830178	False
hoxb1a|posterior spinal cord progenitors|36	hoxb1a	36	posterior spinal cord progenitors	8	43.0	0.0008131799890822907	0.40473573397621887	0.580001930617204	False
hoxb1a|primordial germ cell|36	hoxb1a	36	primordial germ cell	7	34.0	-0.00024138512997162027	0.09364530403287154	0.2190331028857555	False
hoxb1a|pronephric duct|36	hoxb1a	36	pronephric duct	7	31.0	0.00024062744759005203	0.6150526609457676	0.7533686510570738	False
hoxb1a|pronephric podocyte|36	hoxb1a	36	pronephric podocyte	7	27.0	0.0002541861568774111	0.19369345569590926	0.3532088400382319	False
hoxb1a|pronephros distal tubule|36	hoxb1a	36	pronephros distal tubule	8	44.0	0.0013635114877039653	0.06416303914026632	0.1687899426314607	False
hoxb1a|pronephros proximal tubule|36	hoxb1a	36	pronephros proximal tubule	8	44.0	-8.114761933132944e-06	0.9935945518802385	0.9964306402895109	False
hoxb1a|red blood cell|36	hoxb1a	36	red blood cell	7	39.0	0.000451551577254477	0.10148216066949024	0.23054665218761114	False
hoxb1a|retinal neuron|36	hoxb1a	36	retinal neuron	8	44.0	-0.010250890224784155	6.382282968562927e-06	0.0001669695682129947	True
hoxb1a|retinal pigmented epithelium (early)|36	hoxb1a	36	retinal pigmented epithelium (early)	8	43.0	0.0012731268215188775	0.18247110359041108	0.3405956413927757	False
hoxb1a|roof plate, flexural + subcommissural organ|36	hoxb1a	36	roof plate, flexural + subcommissural organ	8	43.0	0.00015486820539692804	0.721920145084497	0.8296763165509482	False
hoxb1a|satellite cells|36	hoxb1a	36	satellite cells	2	22.0	-2.0062959465349942e-05	0.8299534931137724	0.9005451317224142	False
hoxb1a|slow-committed myocyte|36	hoxb1a	36	slow-committed myocyte	1	3.0	7.811513559840004e-05			False
hoxb1a|support cells/otic vesicle|36	hoxb1a	36	support cells/otic vesicle	8	44.0	-0.00045359668497218196	0.5801453556410275	0.728332871383833	False
hoxb1a|unknown|36	hoxb1a	36	unknown	3					False
hoxb1a|unknown (dcn+, col6+)|36	hoxb1a	36	unknown (dcn+, col6+)	4	33.0	-0.0003189305379927423	0.1338929968925127	0.27725738995037297	False
hoxb1a|xanthophore|36	hoxb1a	36	xanthophore	8	44.0	0.003861980391039104	0.00146115985836439	0.011116572710840527	True
hoxb1a|KA neuron|48	hoxb1a	48	KA neuron	8	39.0	-0.000222640350071615	0.22879193745191112	0.39675337913999204	False
hoxb1a|adrenal gland|48	hoxb1a	48	adrenal gland	6	23.0	0.0003849139737208978	0.11462789605645245	0.2508074972983623	False
hoxb1a|anterior migratory muscle|48	hoxb1a	48	anterior migratory muscle	8	44.0	0.010259360286152201	4.530576446531812e-06	0.00012702818770972106	True
hoxb1a|basal cell|48	hoxb1a	48	basal cell	8	44.0	0.0023290043150569414	0.4913122953126293	0.655906995809821	False
hoxb1a|cardiomyocyte|48	hoxb1a	48	cardiomyocyte	8	44.0	0.005087017602651333	0.007936096235695802	0.03874750880690566	True
hoxb1a|chondrocranium|48	hoxb1a	48	chondrocranium	7	44.0	-4.758730661346853e-06	0.9906537546105502	0.9954474821392871	False
hoxb1a|connective tissue-meninges-dermal FB|48	hoxb1a	48	connective tissue-meninges-dermal FB	8	44.0	0.010471050742433548	0.0019706233313695042	0.013813071768934974	True
hoxb1a|cranial muscle (early)|48	hoxb1a	48	cranial muscle (early)	8	44.0	0.003931001713399383	0.0028893493561568976	0.018514683193502975	True
hoxb1a|cranial muscle (late)|48	hoxb1a	48	cranial muscle (late)	5	33.0	-0.0007172442648884498	1.1259065018398362e-05	0.0002588805780181907	True
hoxb1a|cranial muscle (mid)|48	hoxb1a	48	cranial muscle (mid)	8	44.0	-0.0013383394099654158	0.03674179467399482	0.11478571960916577	False
hoxb1a|cranial muscle (non-somitic, fast-twitch)|48	hoxb1a	48	cranial muscle (non-somitic, fast-twitch)	8	44.0	-0.0014513609186726463	0.027523754371595568	0.09403359784023269	False
hoxb1a|cranial muscle (progenitor)|48	hoxb1a	48	cranial muscle (progenitor)	3	11.0	-2.660838837686974e-05	0.7749529075426805	0.8651817994995148	False
hoxb1a|cranial neural crest|48	hoxb1a	48	cranial neural crest	8	44.0	0.0015843296975644582	0.005702801897111694	0.030985379073023064	True
hoxb1a|differentiating neuron (hindbrain)|48	hoxb1a	48	differentiating neuron (hindbrain)	8	44.0	0.0014510152946196433	0.19339954951679442	0.35276969710104283	False
hoxb1a|differentiating neuron 1|48	hoxb1a	48	differentiating neuron 1	8	44.0	0.0008100043698375161	0.5222069618479644	0.6829215302455798	False
hoxb1a|differentiating neuron 2|48	hoxb1a	48	differentiating neuron 2	8	41.0	0.0008247123451836011	0.015715439296937927	0.06354902148070342	False
hoxb1a|dorsal spinal cord neuron|48	hoxb1a	48	dorsal spinal cord neuron	8	41.0	-7.224419768789227e-05	0.8195277544558583	0.8933336496652196	False
hoxb1a|endothelium (dorsal aorta)|48	hoxb1a	48	endothelium (dorsal aorta)	8	44.0	0.003209318573914712	0.023975428300504725	0.0850596481883897	False
hoxb1a|endothelium (f8+, clic2+)|48	hoxb1a	48	endothelium (f8+, clic2+)	8	44.0	0.0007293329599302614	0.03789670422550074	0.11718490972980075	False
hoxb1a|endothelium (vein + early artery)|48	hoxb1a	48	endothelium (vein + early artery)	8	44.0	0.0039987314793306465	0.0008221254869433093	0.007274332704045659	True
hoxb1a|eye, optic cup|48	hoxb1a	48	eye, optic cup	8	44.0	0.0031768393149882064	0.04184717942993886	0.12503350148918332	False
hoxb1a|fast-committed myocyte|48	hoxb1a	48	fast-committed myocyte	3	13.0	-4.082015937722822e-05	0.7095119938666082	0.8218415039621634	False
hoxb1a|fin bud mesoderm (pectoral)|48	hoxb1a	48	fin bud mesoderm (pectoral)	8	44.0	-0.0005084087126060242	0.17597258210675484	0.3328371911504447	False
hoxb1a|fin fold|48	hoxb1a	48	fin fold	8	44.0	0.001902599403875705	0.42443319398291046	0.599056621498819	False
hoxb1a|fin mesenchyme|48	hoxb1a	48	fin mesenchyme	1	3.0	0.00015150332679586667			False
hoxb1a|floor plate|48	hoxb1a	48	floor plate	8	44.0	0.0022615162390466218	0.033073902741232855	0.10715557470282415	False
hoxb1a|glia|48	hoxb1a	48	glia	8	43.0	0.0004483972088312688	0.5377728366780687	0.6968604718653992	False
hoxb1a|hair cell|48	hoxb1a	48	hair cell	8	42.0	-0.00029282163296499397	0.16375998462154875	0.3170702499446945	False
hoxb1a|hatching gland|48	hoxb1a	48	hatching gland	8	44.0	-0.007298796042610153	0.015863462039945694	0.06402977720792097	False
hoxb1a|head mesenchyme|48	hoxb1a	48	head mesenchyme	8	44.0	0.00582156475077901	0.012109800866061698	0.05287097684295663	False
hoxb1a|head mesenchyme (maybe ventral, hand2+)|48	hoxb1a	48	head mesenchyme (maybe ventral, hand2+)	8	44.0	0.008058854763136551	0.0016427877234987264	0.012115787372529453	True
hoxb1a|head mesenchyme/PA cartilage|48	hoxb1a	48	head mesenchyme/PA cartilage	8	44.0	0.0051508805514749	6.45215784015607e-09	5.044069276216127e-07	True
hoxb1a|head/eye connective tissue|48	hoxb1a	48	head/eye connective tissue	8	43.0	0.0005832949034591873	0.16373021150209266	0.3170702499446945	False
hoxb1a|hypochord|48	hoxb1a	48	hypochord	5	28.0	-0.00010915133688949637	0.4467261617017452	0.6171421104642518	False
hoxb1a|hypophysis/locus coeruleus|48	hoxb1a	48	hypophysis/locus coeruleus	8	41.0	0.00010265141475669149	0.6971835183335727	0.814197623783232	False
hoxb1a|intestine|48	hoxb1a	48	intestine	8	44.0	3.701217459561e-05	0.957713949648499	0.9783903834868592	False
hoxb1a|ionocyte/goblet cell|48	hoxb1a	48	ionocyte/goblet cell	8	44.0	0.0010672257175895926	0.20392855919234212	0.36525748674746994	False
hoxb1a|iridophore|48	hoxb1a	48	iridophore	8	44.0	-0.0005361130325694722	0.12840702462408757	0.2694794337729226	False
hoxb1a|jaw chondrocyte|48	hoxb1a	48	jaw chondrocyte	6	40.0	-0.0017454188408091344	3.649062974706897e-08	2.020668622243944e-06	True
hoxb1a|lens|48	hoxb1a	48	lens	8	44.0	0.001305382881847117	0.06604057053122686	0.17231562484316762	False
hoxb1a|liver|48	hoxb1a	48	liver	8	44.0	-0.0004929095292564088	0.07868018133926624	0.19328273752289246	False
hoxb1a|mature fast muscle|48	hoxb1a	48	mature fast muscle	8	44.0	0.020152854412447532	0.000263082105634857	0.0030996109786234484	True
hoxb1a|mature slow muscle|48	hoxb1a	48	mature slow muscle	8	44.0	0.0003415698257353966	0.8716026424565029	0.9271329532773269	False
hoxb1a|melanophore|48	hoxb1a	48	melanophore	8	44.0	0.0006888609021355324	0.35188719266478063	0.5292644624847143	False
hoxb1a|mesodermal progenitor cells (contains PSM)|48	hoxb1a	48	mesodermal progenitor cells (contains PSM)	1	2.0	-7.31890308425e-05			False
hoxb1a|motor neuron|48	hoxb1a	48	motor neuron	8	44.0	-0.0017714208806951888	0.030902167123588096	0.10243671704884749	False
hoxb1a|myeloid cell|48	hoxb1a	48	myeloid cell	8	43.0	-0.0005121500921322943	0.23369135511798853	0.4026131850554923	False
hoxb1a|neural crest + pigment cell progenitor|48	hoxb1a	48	neural crest + pigment cell progenitor	2	8.0	5.567872837837501e-05	0.7160907661122919	0.8255418356724809	False
hoxb1a|neural progenitor (MHB)|48	hoxb1a	48	neural progenitor (MHB)	8	44.0	-0.00029344045754809735	0.6985826194036306	0.8145431665094096	False
hoxb1a|neural progenitor (hindbrain R7/8)|48	hoxb1a	48	neural progenitor (hindbrain R7/8)	8	43.0	0.0008930951508675533	0.18283047610461228	0.3408834213566635	False
hoxb1a|neural progenitor (hindbrain)|48	hoxb1a	48	neural progenitor (hindbrain)	5	21.0	-0.00023383783024866477	0.32986819302205894	0.5099698313068471	False
hoxb1a|neural progenitor (telencephalon/diencephalon)|48	hoxb1a	48	neural progenitor (telencephalon/diencephalon)	8	44.0	-0.0029150328925381212	0.07263132556174139	0.18330237689243126	False
hoxb1a|neural tube-like connective tissue (+ taste bud)|48	hoxb1a	48	neural tube-like connective tissue (+ taste bud)	8	44.0	0.0028268836128432315	0.06112091873960869	0.16393744082199285	False
hoxb1a|neuromast support cell|48	hoxb1a	48	neuromast support cell	8	44.0	-0.00100678339768196	0.030908294609923132	0.10243671704884749	False
hoxb1a|neuron (+ spinal cord)|48	hoxb1a	48	neuron (+ spinal cord)	8	44.0	-0.0004042684262078977	0.10327189855889242	0.23270320987583593	False
hoxb1a|neuron (cranial ganglia sensory, Rohon-Beard)|48	hoxb1a	48	neuron (cranial ganglia sensory, Rohon-Beard)	8	44.0	0.0034972175338257947	0.019172798187603077	0.07259444100092446	False
hoxb1a|neuron (dopaminergic)|48	hoxb1a	48	neuron (dopaminergic)	4	25.0	0.00011971383473046105	0.5808012744848504	0.7287432909652248	False
hoxb1a|neuron (telencephalon, glutamatergic)|48	hoxb1a	48	neuron (telencephalon, glutamatergic)	8	44.0	-0.0012494316536852536	0.0016937320079075417	0.012381572269027079	True
hoxb1a|neurons (differentiating, contains peripheral)|48	hoxb1a	48	neurons (differentiating, contains peripheral)	8	44.0	-0.009381744812942985	0.013860875007754606	0.058220932001598835	False
hoxb1a|neurons (gabaergic, glutamatergic)|48	hoxb1a	48	neurons (gabaergic, glutamatergic)	8	44.0	-0.022419446893814046	1.1587919284197634e-08	7.9383220251024e-07	True
hoxb1a|neurons (gabaergic, glutamatergic; contains Purkinje)|48	hoxb1a	48	neurons (gabaergic, glutamatergic; contains Purkinje)	8	44.0	-0.014450760717057278	1.0077408526867493e-05	0.00023830740092894837	True
hoxb1a|notochord|48	hoxb1a	48	notochord	8	44.0	0.0008848823058493892	0.5683480083456071	0.7192291973827002	False
hoxb1a|olfactory vesicle/bulb|48	hoxb1a	48	olfactory vesicle/bulb	8	44.0	-0.0010058160106984973	0.05590886030161442	0.15421933445588534	False
hoxb1a|osteoblast|48	hoxb1a	48	osteoblast	5	33.0	-0.0004215299096446406	0.00047055362423080807	0.004795749743886073	True
hoxb1a|pancreas|48	hoxb1a	48	pancreas	8	43.0	0.000165224831572959	0.6067388186231082	0.7481498329468461	False
hoxb1a|pectoral fin bud (osteoblast+)|48	hoxb1a	48	pectoral fin bud (osteoblast+)	8	44.0	0.0011340070509641012	0.003318704660895785	0.020381508753837794	True
hoxb1a|periderm|48	hoxb1a	48	periderm	8	44.0	-0.028787311843174346	0.18471417426477882	0.3427605942444723	False
hoxb1a|periocular mesenchyme|48	hoxb1a	48	periocular mesenchyme	8	44.0	0.0010063322126381935	0.0886651235188564	0.2107223697363379	False
hoxb1a|pharyngeal arch (NC-derived)|48	hoxb1a	48	pharyngeal arch (NC-derived)	1	11.0	-8.607827381147269e-05			False
hoxb1a|pharyngeal arch (contains muscle, early cartilage)|48	hoxb1a	48	pharyngeal arch (contains muscle, early cartilage)	8	44.0	-0.002679248710439404	0.09607164752775621	0.22243766474632054	False
hoxb1a|pharyngeal arch (early)|48	hoxb1a	48	pharyngeal arch (early)	8	44.0	0.004930907313556193	0.029304897849037982	0.09829936709079122	False
hoxb1a|pharynx|48	hoxb1a	48	pharynx	3	20.0	-0.00015082303697208998	0.0028796930143483042	0.01847061783817035	True
hoxb1a|posterior lateral line primordium|48	hoxb1a	48	posterior lateral line primordium	8	42.0	0.00015525810045805954	0.5324489054697634	0.6932059123915709	False
hoxb1a|posterior spinal cord progenitors|48	hoxb1a	48	posterior spinal cord progenitors	8	39.0	0.0008803846965565276	0.09483580471853009	0.22060840281138938	False
hoxb1a|primordial germ cell|48	hoxb1a	48	primordial germ cell	7	37.0	-5.916389746507577e-05	0.6602634710768156	0.7858589943230234	False
hoxb1a|pronephric duct|48	hoxb1a	48	pronephric duct	5	32.0	-4.174768967774554e-05	0.6212177344222418	0.7583294245474624	False
hoxb1a|pronephric podocyte|48	hoxb1a	48	pronephric podocyte	8	35.0	0.000629353795623558	0.09316819281819197	0.2184554132945962	False
hoxb1a|pronephros distal tubule|48	hoxb1a	48	pronephros distal tubule	8	44.0	0.00028871344031045727	0.6203862059235428	0.7580850199268007	False
hoxb1a|pronephros proximal tubule|48	hoxb1a	48	pronephros proximal tubule	8	44.0	0.0002561479640115576	0.6148018960221249	0.7533392216608925	False
hoxb1a|red blood cell|48	hoxb1a	48	red blood cell	4	37.0	-0.00017729456372073983	0.11918771356838558	0.2570601612015327	False
hoxb1a|retinal neuron|48	hoxb1a	48	retinal neuron	8	44.0	-0.018115349855371114	0.00045430581998044087	0.004673161259705928	True
hoxb1a|retinal pigmented epithelium (early)|48	hoxb1a	48	retinal pigmented epithelium (early)	8	44.0	0.0012334214478431612	0.3124376356103633	0.4910069323291882	False
hoxb1a|roof plate, flexural + subcommissural organ|48	hoxb1a	48	roof plate, flexural + subcommissural organ	8	44.0	0.0014339220196285794	0.0005487638124404137	0.005402274864691184	True
hoxb1a|satellite cells|48	hoxb1a	48	satellite cells	2	12.0	-0.00010673303574828332	0.353300507711665	0.5307894808374438	False
hoxb1a|support cells/otic vesicle|48	hoxb1a	48	support cells/otic vesicle	8	44.0	0.0004316214141812779	0.6494883360790804	0.777910957686642	False
hoxb1a|thyroid follicle cell|48	hoxb1a	48	thyroid follicle cell	5	23.0	-0.00027053069569335476	0.0012433214950627286	0.009859035005598843	True
hoxb1a|unknown|48	hoxb1a	48	unknown	7					False
hoxb1a|unknown (dcn+, col6+)|48	hoxb1a	48	unknown (dcn+, col6+)	8	39.0	-0.0003547867460577652	0.29032640795898434	0.4675760981307443	False
hoxb1a|xanthophore|48	hoxb1a	48	xanthophore	8	44.0	0.0027107739426467025	0.025623857879468272	0.08945882477976583	False
mafba|KA neuron|18	mafba	18	KA neuron	6	17.0	0.00035160481382691964	0.2987380821014246	0.477420528033662	False
mafba|anterior migratory muscle|18	mafba	18	anterior migratory muscle	8	23.0	0.0009467786500296973	0.6605222252026102	0.7860261795256707	False
mafba|basal cell|18	mafba	18	basal cell	3	14.0	0.0005238877392918	0.3912652774527667	0.5668100651130662	False
mafba|cardiomyocyte|18	mafba	18	cardiomyocyte	8	23.0	0.0018958431786638315	0.08471555567558343	0.20342089786448594	False
mafba|connective tissue-meninges-dermal FB|18	mafba	18	connective tissue-meninges-dermal FB	8	23.0	-0.00477055219516314	0.1604230649516067	0.3125939705172066	False
mafba|contains head vasculature?|18	mafba	18	contains head vasculature?	8	23.0	-0.002510067602205202	0.06165513664592006	0.16460360908482877	False
mafba|cranial muscle (early)|18	mafba	18	cranial muscle (early)	3	5.0	0.0001396001396050333	0.49093451589951476	0.655906995809821	False
mafba|cranial muscle (late)|18	mafba	18	cranial muscle (late)	1	2.0	0.00010586171710804998			False
mafba|cranial muscle (mid)|18	mafba	18	cranial muscle (mid)	3	7.0	2.7065679855909578e-05	0.8064020819778503	0.8837694988620014	False
mafba|cranial muscle (non-somitic, fast-twitch)|18	mafba	18	cranial muscle (non-somitic, fast-twitch)	8	22.0	0.0017371329622093779	0.17481490355958726	0.3313737486111906	False
mafba|cranial muscle (progenitor)|18	mafba	18	cranial muscle (progenitor)	8	23.0	-0.0056240871515235175	0.002572819003532989	0.017021186948334717	True
mafba|cranial neural crest|18	mafba	18	cranial neural crest	8	23.0	0.0005111357995405911	0.5663931153693572	0.7182599716849959	False
mafba|differentiating neuron (hindbrain)|18	mafba	18	differentiating neuron (hindbrain)	8	23.0	-0.0013149709867399445	0.11875965361464398	0.2565772417546072	False
mafba|differentiating neuron 1|18	mafba	18	differentiating neuron 1	8	23.0	0.001765984062448541	0.0684219394545482	0.1763151251624289	False
mafba|differentiating neuron 2|18	mafba	18	differentiating neuron 2	8	23.0	0.0007779067907520551	0.23217570449251904	0.4007746859720737	False
mafba|dorsal spinal cord neuron|18	mafba	18	dorsal spinal cord neuron	1	8.0	0.00030611021997303746			False
mafba|endothelium (dorsal aorta)|18	mafba	18	endothelium (dorsal aorta)	8	23.0	0.00043384236829293243	0.5991331826186088	0.7428330030991643	False
mafba|endothelium (f8+, clic2+)|18	mafba	18	endothelium (f8+, clic2+)	6	18.0	-0.0001855264678479278	0.6435544430132039	0.7738944187760406	False
mafba|endothelium (vein + early artery)|18	mafba	18	endothelium (vein + early artery)	8	23.0	-0.0004799253665713453	0.7502777817959361	0.8487565304790595	False
mafba|eye, optic cup|18	mafba	18	eye, optic cup	8	23.0	-0.003312203444131044	0.3995498907417061	0.5753009657517247	False
mafba|fast-committed myocyte|18	mafba	18	fast-committed myocyte	8	23.0	0.0033847708830555753	0.5780565835608689	0.726671584896325	False
mafba|fin bud mesoderm (pectoral)|18	mafba	18	fin bud mesoderm (pectoral)	1	5.0	0.0011147369653612398			False
mafba|fin fold|18	mafba	18	fin fold	3	11.0	0.0005194678211233576	0.339973488724409	0.517564239551663	False
mafba|fin mesenchyme|18	mafba	18	fin mesenchyme	8	23.0	-0.0032915534591179962	0.24130626179853149	0.4108327208945021	False
mafba|floor plate|18	mafba	18	floor plate	8	23.0	0.00048194888233212604	0.7598930647963382	0.8540887489921156	False
mafba|glia|18	mafba	18	glia	6	13.0	0.00021578108114749602	0.38595286546123864	0.5617312996763578	False
mafba|hair cell|18	mafba	18	hair cell	7	11.0	0.00015431084339897008	0.3276957656938689	0.5080584141474005	False
mafba|hatching gland|18	mafba	18	hatching gland	8	23.0	0.0006502440080620132	0.5154146595923051	0.6773100671340258	False
mafba|head mesenchyme|18	mafba	18	head mesenchyme	8	23.0	-0.0002460924647129277	0.8586520527880764	0.919391377824165	False
mafba|head mesenchyme (maybe ventral, hand2+)|18	mafba	18	head mesenchyme (maybe ventral, hand2+)	8	23.0	-6.492910132941537e-05	0.9660423707781314	0.9826039421124572	False
mafba|head mesenchyme/PA cartilage|18	mafba	18	head mesenchyme/PA cartilage	8	23.0	-0.0036783908060119986	0.0017959949258925351	0.012896008861099813	True
mafba|head/eye connective tissue|18	mafba	18	head/eye connective tissue	8	23.0	0.004138164735514788	0.19681386560248015	0.3567452637557231	False
mafba|hypochord|18	mafba	18	hypochord	7	22.0	0.00033718893240465087	0.4941349469150602	0.6586813886159629	False
mafba|hypophysis/locus coeruleus|18	mafba	18	hypophysis/locus coeruleus	5	9.0	-1.985136368354008e-05	0.9221557339013036	0.9571578962471355	False
mafba|intestine|18	mafba	18	intestine	8	23.0	-0.0013512820086578597	0.1748013644719376	0.3313737486111906	False
mafba|ionocyte/goblet cell|18	mafba	18	ionocyte/goblet cell	8	23.0	-0.0005743814404632376	0.7343779232573729	0.8385737474836404	False
mafba|iridophore|18	mafba	18	iridophore	1	8.0	-0.00019469300256003748			False
mafba|jaw chondrocyte|18	mafba	18	jaw chondrocyte	2	5.0	6.498336033875993e-05	0.7566957930646073	0.8516603384707712	False
mafba|lens|18	mafba	18	lens	8	23.0	0.002737784599136133	0.03813229744485708	0.11769118277801917	False
mafba|liver|18	mafba	18	liver	1	1.0	0.00013000668714750003			False
mafba|mature fast muscle|18	mafba	18	mature fast muscle	8	23.0	0.007833027662685912	0.09685084154312386	0.22346313960210346	False
mafba|mature slow muscle|18	mafba	18	mature slow muscle	8	23.0	0.012845240983656997	0.005759152843636519	0.031189544128740563	True
mafba|melanophore|18	mafba	18	melanophore	3	10.0	-0.00031537790540613	0.5135265671542506	0.676389304011892	False
mafba|mesodermal progenitor cells (contains PSM)|18	mafba	18	mesodermal progenitor cells (contains PSM)	8	23.0	-0.0057975968046639625	0.0639515407747862	0.168567230641989	False
mafba|motor neuron|18	mafba	18	motor neuron	8	22.0	0.0040750761239488975	3.56182240356019e-05	0.0006396840505853369	True
mafba|myeloid cell|18	mafba	18	myeloid cell	8	23.0	0.0016278180909618167	0.15276451677423683	0.3021761831751951	False
mafba|myoblast|18	mafba	18	myoblast	8	23.0	-0.0002053508918692347	0.922141943202924	0.9571578962471355	False
mafba|neural crest + pigment cell progenitor|18	mafba	18	neural crest + pigment cell progenitor	8	23.0	0.00026558792613669106	0.8654360734308938	0.9238411309400621	False
mafba|neural progenitor (MHB)|18	mafba	18	neural progenitor (MHB)	8	23.0	-0.002809217948958956	0.38501959344045156	0.5611765332856771	False
mafba|neural progenitor (hindbrain R7/8)|18	mafba	18	neural progenitor (hindbrain R7/8)	8	23.0	-0.0017186630636289862	0.6168392742639055	0.7548613218201938	False
mafba|neural progenitor (hindbrain)|18	mafba	18	neural progenitor (hindbrain)	8	23.0	-0.007931718415888703	0.3181068820819396	0.4971355200927772	False
mafba|neural progenitor (telencephalon/diencephalon)|18	mafba	18	neural progenitor (telencephalon/diencephalon)	8	23.0	-0.00018424384051773934	0.9708098501402727	0.985341599844526	False
mafba|neural tube-like connective tissue (+ taste bud)|18	mafba	18	neural tube-like connective tissue (+ taste bud)	8	23.0	0.0028137074240922235	0.029917925789201195	0.09995204468036298	False
mafba|neuromast support cell|18	mafba	18	neuromast support cell	8	23.0	0.0003824856833467144	0.6537415482124982	0.7815116454442349	False
mafba|neuron (+ spinal cord)|18	mafba	18	neuron (+ spinal cord)	8	22.0	0.0003345302476427214	0.33998012124048294	0.517564239551663	False
mafba|neuron (cranial ganglia sensory, Rohon-Beard)|18	mafba	18	neuron (cranial ganglia sensory, Rohon-Beard)	8	23.0	0.003522930968558057	0.0171146062955636	0.06725402651331763	False
mafba|neuron (dopaminergic)|18	mafba	18	neuron (dopaminergic)	1	2.0	5.401586428280009e-05			False
mafba|neuron (telencephalon, glutamatergic)|18	mafba	18	neuron (telencephalon, glutamatergic)	7	15.0	0.00036889643733694494	0.5530805548784585	0.7085109507947062	False
mafba|neurons (differentiating, contains peripheral)|18	mafba	18	neurons (differentiating, contains peripheral)	8	23.0	0.0024101661699148565	0.10848594576688551	0.24077779350146908	False
mafba|neurons (gabaergic, glutamatergic)|18	mafba	18	neurons (gabaergic, glutamatergic)	8	23.0	0.00016326887276421837	0.7900966958344999	0.8760597047157335	False
mafba|neurons (gabaergic, glutamatergic; contains Purkinje)|18	mafba	18	neurons (gabaergic, glutamatergic; contains Purkinje)	8	21.0	0.0012689215180301315	0.0582996778542538	0.1587710489104576	False
mafba|notochord|18	mafba	18	notochord	8	23.0	0.0037517090539074156	0.139360329854463	0.28406423063892844	False
mafba|olfactory vesicle/bulb|18	mafba	18	olfactory vesicle/bulb	7	23.0	-0.00048425256428285884	0.2604859679420281	0.4330571070739997	False
mafba|pancreas|18	mafba	18	pancreas	6	15.0	5.17330512227566e-05	0.6096300079505993	0.7502325708889027	False
mafba|pectoral fin bud (osteoblast+)|18	mafba	18	pectoral fin bud (osteoblast+)	8	23.0	0.0006035236977936474	0.5592826140676224	0.7127796260988397	False
mafba|periderm|18	mafba	18	periderm	8	23.0	-0.029117178796780975	0.11552349587299941	0.2521858180276219	False
mafba|pharyngeal arch (NC-derived)|18	mafba	18	pharyngeal arch (NC-derived)	8	23.0	-0.0077736167222044635	3.468597232858255e-05	0.0006297494156377897	True
mafba|pharyngeal arch (contains muscle, early cartilage)|18	mafba	18	pharyngeal arch (contains muscle, early cartilage)	7	20.0	0.000577851912609518	0.07618413228051471	0.18917920740060548	False
mafba|pharyngeal arch (early)|18	mafba	18	pharyngeal arch (early)	8	23.0	0.007662650005971328	0.0001973160543963721	0.0024645962057591965	True
mafba|pharynx|18	mafba	18	pharynx	7	23.0	0.0005338764966451612	0.35128249374148446	0.5284745689183075	False
mafba|posterior lateral line primordium|18	mafba	18	posterior lateral line primordium	7	23.0	-0.0004384554829865968	0.5532676183105689	0.7085109507947062	False
mafba|posterior spinal cord progenitors|18	mafba	18	posterior spinal cord progenitors	8	23.0	-0.001078516165548847	0.17330592230286573	0.3298819403330114	False
mafba|primordial germ cell|18	mafba	18	primordial germ cell	7	21.0	0.0017944767218953622	0.04877745360189968	0.13916967762328183	False
mafba|pronephric duct|18	mafba	18	pronephric duct	4	16.0	0.0007060388056862625	0.12746809995054934	0.26830076787184043	False
mafba|pronephric podocyte|18	mafba	18	pronephric podocyte	1	7.0	3.067958879037142e-05			False
mafba|pronephros distal tubule|18	mafba	18	pronephros distal tubule	8	22.0	0.0016759850443613155	0.10783448865894846	0.2398490710229429	False
mafba|pronephros proximal tubule|18	mafba	18	pronephros proximal tubule	8	23.0	-0.0020842990498149494	0.1549904033432869	0.30543037669517836	False
mafba|red blood cell|18	mafba	18	red blood cell	8	21.0	0.008263969209590796	0.0007029705164560383	0.006455875791944589	True
mafba|retinal neuron|18	mafba	18	retinal neuron	8	23.0	0.0034747390490905954	0.06716716113381355	0.17420990856135482	False
mafba|retinal pigmented epithelium (early)|18	mafba	18	retinal pigmented epithelium (early)	8	23.0	0.0004574155419849366	0.39700833850017836	0.5730061705763868	False
mafba|roof plate, flexural + subcommissural organ|18	mafba	18	roof plate, flexural + subcommissural organ	8	19.0	-0.00023734264945130543	0.5458529566059698	0.7021279319873537	False
mafba|satellite cells|18	mafba	18	satellite cells	8	22.0	0.0003772600887550323	0.678588857135803	0.799082572331634	False
mafba|slow-committed myocyte|18	mafba	18	slow-committed myocyte	8	23.0	-0.0028062797543719426	0.008500674412403571	0.04061047957817886	True
mafba|support cells/otic vesicle|18	mafba	18	support cells/otic vesicle	8	23.0	0.001570692322375878	0.2551465127253066	0.42717273294524116	False
mafba|thyroid follicle cell|18	mafba	18	thyroid follicle cell	1	12.0	-0.0029324900814827167			False
mafba|unknown|18	mafba	18	unknown	3					False
mafba|unknown (K+ channel, ciliated)|18	mafba	18	unknown (K+ channel, ciliated)	1	1.0	0.0003565443900301			False
mafba|vascular smooth muscle|18	mafba	18	vascular smooth muscle	1					False
mafba|xanthophore|18	mafba	18	xanthophore	8	19.0	0.0010511395386889597	0.30960381296592054	0.48867395181913115	False
mafba|KA neuron|24	mafba	24	KA neuron	7	31.0	0.0006222920365425452	0.23112536125827507	0.39980202249400226	False
mafba|anterior migratory muscle|24	mafba	24	anterior migratory muscle	8	32.0	-0.003496616493027155	0.043436442129799004	0.12862529320522031	False
mafba|basal cell|24	mafba	24	basal cell	8	23.0	0.0013246393861871947	0.03663584579545329	0.1145624448521351	False
mafba|cardiomyocyte|24	mafba	24	cardiomyocyte	8	32.0	0.0007836107256152624	0.08187928055414351	0.19871724590295237	False
mafba|chondrocranium|24	mafba	24	chondrocranium	1	1.0	-5.8903285863799986e-05			False
mafba|connective tissue-meninges-dermal FB|24	mafba	24	connective tissue-meninges-dermal FB	8	32.0	-0.005142183463231309	0.15129674757851366	0.300378514388773	False
mafba|contains head vasculature?|24	mafba	24	contains head vasculature?	8	32.0	-0.0015055698922875806	0.08925228048809639	0.21142902801537933	False
mafba|cranial muscle (early)|24	mafba	24	cranial muscle (early)	6	22.0	0.00026609915984591537	0.3994484338069419	0.5753009657517247	False
mafba|cranial muscle (late)|24	mafba	24	cranial muscle (late)	1	1.0	0.0003838183459436			False
mafba|cranial muscle (mid)|24	mafba	24	cranial muscle (mid)	5	5.0	0.00026057908430508	0.046614222018087355	0.13491665196378783	False
mafba|cranial muscle (non-somitic, fast-twitch)|24	mafba	24	cranial muscle (non-somitic, fast-twitch)	8	32.0	0.0022952761935992527	0.02048966337591195	0.07623393792437565	False
mafba|cranial muscle (progenitor)|24	mafba	24	cranial muscle (progenitor)	8	32.0	-0.0030755531653424368	0.035444244575257945	0.11215571676313764	False
mafba|cranial neural crest|24	mafba	24	cranial neural crest	8	32.0	0.0014587222390072003	0.3139984937922758	0.49291755049602476	False
mafba|differentiating neuron (hindbrain)|24	mafba	24	differentiating neuron (hindbrain)	7	32.0	-0.001667438326393652	0.15360504198909963	0.3034799293855298	False
mafba|differentiating neuron 1|24	mafba	24	differentiating neuron 1	8	32.0	0.0008437110624347627	0.4367418148901221	0.6107216666550634	False
mafba|differentiating neuron 2|24	mafba	24	differentiating neuron 2	8	32.0	0.00018518200751474045	0.7687498106043744	0.8601287766378682	False
mafba|dorsal spinal cord neuron|24	mafba	24	dorsal spinal cord neuron	1	9.0	-0.00017926221042744448			False
mafba|endothelium (dorsal aorta)|24	mafba	24	endothelium (dorsal aorta)	8	32.0	0.0024889027607205285	0.07674516898523999	0.19003365004968112	False
mafba|endothelium (f8+, clic2+)|24	mafba	24	endothelium (f8+, clic2+)	6	31.0	0.000304586482306114	0.5150117863342709	0.6771375781937535	False
mafba|endothelium (vein + early artery)|24	mafba	24	endothelium (vein + early artery)	8	32.0	0.0003694014691043943	0.8062650874899581	0.8837694988620014	False
mafba|eye, optic cup|24	mafba	24	eye, optic cup	8	32.0	-0.0024400535185630165	0.3638109847173152	0.540712143468253	False
mafba|fast-committed myocyte|24	mafba	24	fast-committed myocyte	8	32.0	0.0038908819070853085	0.22425758570160884	0.39027232443795795	False
mafba|fin bud mesoderm (pectoral)|24	mafba	24	fin bud mesoderm (pectoral)	1	2.0	0.0002744758480790001			False
mafba|fin fold|24	mafba	24	fin fold	2	11.0	0.0002069366087874045	0.42969990989289464	0.6046920587120468	False
mafba|fin mesenchyme|24	mafba	24	fin mesenchyme	8	32.0	0.006309454704683699	0.2047775867973651	0.36618596993231733	False
mafba|floor plate|24	mafba	24	floor plate	8	32.0	0.003563952150601707	0.0003881933844323264	0.0041807861256933695	True
mafba|glia|24	mafba	24	glia	6	28.0	-8.539376734993318e-05	0.807920770205002	0.884610030721437	False
mafba|hair cell|24	mafba	24	hair cell	2	23.0	0.0009176279652283894	0.04421305736230978	0.12999812662502147	False
mafba|hatching gland|24	mafba	24	hatching gland	8	32.0	-0.002610686552514941	0.007345895785463751	0.03717705825925866	True
mafba|head mesenchyme|24	mafba	24	head mesenchyme	8	32.0	-0.0014503994721838873	0.42068183641683277	0.594772511274437	False
mafba|head mesenchyme (maybe ventral, hand2+)|24	mafba	24	head mesenchyme (maybe ventral, hand2+)	8	32.0	-0.0006734809117711384	0.6660941352207426	0.7902509424284654	False
mafba|head mesenchyme/PA cartilage|24	mafba	24	head mesenchyme/PA cartilage	8	32.0	-0.0024971804008439152	0.13218917473317857	0.2744990831568661	False
mafba|head/eye connective tissue|24	mafba	24	head/eye connective tissue	8	32.0	0.006806484140088158	0.0056878846430849965	0.0309296182105563	True
mafba|hypochord|24	mafba	24	hypochord	7	32.0	-0.0003194942103120599	0.237755573269079	0.4071870578281005	False
mafba|hypophysis/locus coeruleus|24	mafba	24	hypophysis/locus coeruleus	6	22.0	0.0009034429520218349	0.1738780175177446	0.33021418302526806	False
mafba|intestine|24	mafba	24	intestine	8	32.0	-0.0016424475060987011	0.059505806122569754	0.16073824458718536	False
mafba|ionocyte/goblet cell|24	mafba	24	ionocyte/goblet cell	8	32.0	-0.001914004385984866	0.4416582100238169	0.6135833231968605	False
mafba|iridophore|24	mafba	24	iridophore	6	24.0	0.0001429783235368375	0.641155658649539	0.7723856692759584	False
mafba|lens|24	mafba	24	lens	8	32.0	-0.0010665404596690749	0.3323830255869735	0.5119879911844137	False
mafba|liver|24	mafba	24	liver	1					False
mafba|mature fast muscle|24	mafba	24	mature fast muscle	8	32.0	0.01042730361818682	0.46900165728909426	0.6373243379726036	False
mafba|mature slow muscle|24	mafba	24	mature slow muscle	8	32.0	0.007568160742201166	0.10986269335323819	0.24294096417047178	False
mafba|melanophore|24	mafba	24	melanophore	8	32.0	0.003094291591161022	0.034995235161850116	0.1112647548566957	False
mafba|mesodermal progenitor cells (contains PSM)|24	mafba	24	mesodermal progenitor cells (contains PSM)	8	32.0	0.0017066285496457742	0.33942191973765296	0.5170221188127458	False
mafba|motor neuron|24	mafba	24	motor neuron	8	32.0	0.0019315909275574093	0.0688984986922271	0.17697353065707347	False
mafba|myeloid cell|24	mafba	24	myeloid cell	8	32.0	0.0028895679127273694	0.014267568083237944	0.05968531433210033	False
mafba|myoblast|24	mafba	24	myoblast	8	32.0	9.903303639956229e-05	0.9061091692587648	0.9483556486955311	False
mafba|neural crest + pigment cell progenitor|24	mafba	24	neural crest + pigment cell progenitor	8	32.0	0.0011573058762268818	0.10392488488277883	0.23347660560284456	False
mafba|neural progenitor (MHB)|24	mafba	24	neural progenitor (MHB)	8	32.0	0.000866770235091973	0.7924277221875813	0.8774252809608483	False
mafba|neural progenitor (hindbrain R7/8)|24	mafba	24	neural progenitor (hindbrain R7/8)	8	32.0	-0.0007183882968165266	0.8046412178535669	0.8829795324658724	False
mafba|neural progenitor (hindbrain)|24	mafba	24	neural progenitor (hindbrain)	8	32.0	-0.008404650844051675	0.2680880641874956	0.4421556680382001	False
mafba|neural progenitor (telencephalon/diencephalon)|24	mafba	24	neural progenitor (telencephalon/diencephalon)	8	32.0	0.004059252979762645	0.2515812881829361	0.42333696124983805	False
mafba|neural tube-like connective tissue (+ taste bud)|24	mafba	24	neural tube-like connective tissue (+ taste bud)	8	32.0	0.0004882853554669143	0.69548005274063	0.8129385091955801	False
mafba|neuromast support cell|24	mafba	24	neuromast support cell	8	32.0	-0.0007854667314261248	0.5222885201968452	0.6829215302455798	False
mafba|neuron (+ spinal cord)|24	mafba	24	neuron (+ spinal cord)	8	30.0	0.0002338171037073102	0.5613422400946623	0.7145909968818596	False
mafba|neuron (cranial ganglia sensory, Rohon-Beard)|24	mafba	24	neuron (cranial ganglia sensory, Rohon-Beard)	8	32.0	0.004948140041292072	0.0022681329348739703	0.01533239405110634	True
mafba|neuron (dopaminergic)|24	mafba	24	neuron (dopaminergic)	2	10.0	0.0005448589716210902	0.007506914848768171	0.037688410427483075	True
mafba|neuron (telencephalon, glutamatergic)|24	mafba	24	neuron (telencephalon, glutamatergic)	7	29.0	0.0005155226827924086	0.3686228256103667	0.5442121031283907	False
mafba|neurons (differentiating, contains peripheral)|24	mafba	24	neurons (differentiating, contains peripheral)	8	32.0	0.002352265108411052	0.11803025181489692	0.2560223163665376	False
mafba|neurons (gabaergic, glutamatergic)|24	mafba	24	neurons (gabaergic, glutamatergic)	8	31.0	0.0020264985648129905	0.06143163700683571	0.16428078255529463	False
mafba|neurons (gabaergic, glutamatergic; contains Purkinje)|24	mafba	24	neurons (gabaergic, glutamatergic; contains Purkinje)	8	31.0	0.0034773910426110334	0.0018319734321822518	0.013088299636516436	True
mafba|notochord|24	mafba	24	notochord	8	32.0	0.008897011677831017	0.00637768038745641	0.033774145392115755	True
mafba|olfactory vesicle/bulb|24	mafba	24	olfactory vesicle/bulb	7	32.0	0.00020734677399855857	0.7812722788184641	0.8698985074981056	False
mafba|pancreas|24	mafba	24	pancreas	5	27.0	-0.00011338838007782888	0.6366161045897316	0.7694193875922994	False
mafba|pectoral fin bud (osteoblast+)|24	mafba	24	pectoral fin bud (osteoblast+)	8	32.0	-0.0013422402377452972	0.4486784478384437	0.6184335793168344	False
mafba|periderm|24	mafba	24	periderm	8	32.0	-0.060254931968755705	0.0153219225001551	0.06257785802921367	False
mafba|periocular mesenchyme|24	mafba	24	periocular mesenchyme	3	8.0	0.0002517192561551084	0.06853575766768301	0.17636981837153168	False
mafba|pharyngeal arch (NC-derived)|24	mafba	24	pharyngeal arch (NC-derived)	8	32.0	-0.006872655467149928	0.004856565726229511	0.027349050212538223	True
mafba|pharyngeal arch (contains muscle, early cartilage)|24	mafba	24	pharyngeal arch (contains muscle, early cartilage)	8	30.0	0.0008777860757744314	0.009235497818602027	0.04312711384723154	True
mafba|pharyngeal arch (early)|24	mafba	24	pharyngeal arch (early)	8	32.0	0.010886150684144528	0.00017226390849590212	0.0022183985890606	True
mafba|pharynx|24	mafba	24	pharynx	8	31.0	-0.00044808048908508277	0.25598230979939945	0.4282483506085119	False
mafba|posterior lateral line primordium|24	mafba	24	posterior lateral line primordium	6	31.0	-0.0008427109139950068	0.025418625549065186	0.08894511151845085	False
mafba|posterior spinal cord progenitors|24	mafba	24	posterior spinal cord progenitors	8	32.0	0.0012161312571971495	0.23286816984549674	0.40140310988931927	False
mafba|primordial germ cell|24	mafba	24	primordial germ cell	8	27.0	3.7228514408052873e-05	0.9063052015774824	0.9483556486955311	False
mafba|pronephric duct|24	mafba	24	pronephric duct	6	23.0	0.00018229257378840516	0.5252146666912272	0.6859377869817619	False
mafba|pronephric podocyte|24	mafba	24	pronephric podocyte	3	15.0	0.00016805153913005333	0.4758264812479323	0.6434405714066972	False
mafba|pronephros distal tubule|24	mafba	24	pronephros distal tubule	8	32.0	7.805829479478471e-05	0.9417690590723056	0.9687392256246858	False
mafba|pronephros proximal tubule|24	mafba	24	pronephros proximal tubule	8	32.0	0.0018969360698692043	0.17637072613811658	0.3334234637803086	False
mafba|red blood cell|24	mafba	24	red blood cell	8	31.0	0.005300046970883942	0.0008610147645794407	0.0075700427291479295	True
mafba|retinal neuron|24	mafba	24	retinal neuron	8	30.0	0.002770675717580437	0.02363969350875632	0.08449954761297768	False
mafba|retinal pigmented epithelium (early)|24	mafba	24	retinal pigmented epithelium (early)	8	31.0	8.829642253012143e-05	0.8966186616882936	0.9427264251453656	False
mafba|roof plate, flexural + subcommissural organ|24	mafba	24	roof plate, flexural + subcommissural organ	8	31.0	-0.0007266997794077535	0.10885256092424511	0.24118881872010964	False
mafba|satellite cells|24	mafba	24	satellite cells	8	32.0	-0.0006640881098276623	0.1387907237728207	0.28342481852194024	False
mafba|slow-committed myocyte|24	mafba	24	slow-committed myocyte	8	31.0	-0.002565471988726668	3.404611666339112e-05	0.0006232408959455482	True
mafba|support cells/otic vesicle|24	mafba	24	support cells/otic vesicle	8	32.0	0.00040104364826096944	0.8072001025161879	0.8841016451656615	False
mafba|unknown|24	mafba	24	unknown	3					False
mafba|xanthophore|24	mafba	24	xanthophore	8	31.0	0.0006994188119843724	0.6104749039867108	0.7503895184964285	False
mafba|KA neuron|36	mafba	36	KA neuron	8	44.0	0.0005966903480959535	0.17658354415925237	0.333730844976744	False
mafba|adrenal gland|36	mafba	36	adrenal gland	5	15.0	0.00015944664649478006	0.22892082452071233	0.3968637826611358	False
mafba|anterior migratory muscle|36	mafba	36	anterior migratory muscle	8	44.0	-0.0031348530785125176	0.0031455027941923465	0.01964461096560916	True
mafba|basal cell|36	mafba	36	basal cell	8	44.0	0.00416484007550668	0.10836506919557704	0.24075088091093594	False
mafba|cardiomyocyte|36	mafba	36	cardiomyocyte	8	44.0	0.0009595767977978262	0.2110075069930517	0.3737059925290055	False
mafba|connective tissue-meninges-dermal FB|36	mafba	36	connective tissue-meninges-dermal FB	8	44.0	0.004870606455831095	0.18534338432724873	0.3435444320375364	False
mafba|contains head vasculature?|36	mafba	36	contains head vasculature?	5	31.0	0.00011895788471988269	0.5174146221435139	0.6786853857370014	False
mafba|cranial muscle (early)|36	mafba	36	cranial muscle (early)	8	44.0	-0.0023800646262814237	0.00013357189764795315	0.0018223782394712353	True
mafba|cranial muscle (mid)|36	mafba	36	cranial muscle (mid)	6	36.0	-0.00011539283745823608	0.5068801155057794	0.670254356554231	False
mafba|cranial muscle (non-somitic, fast-twitch)|36	mafba	36	cranial muscle (non-somitic, fast-twitch)	8	44.0	0.0004410703619262815	0.50695235455855	0.670254356554231	False
mafba|cranial muscle (progenitor)|36	mafba	36	cranial muscle (progenitor)	5	37.0	-0.00021647556369941401	0.20780906094328244	0.36981553561009955	False
mafba|cranial neural crest|36	mafba	36	cranial neural crest	8	44.0	-0.0007380055801517781	0.24582829576678938	0.41714224345513673	False
mafba|differentiating neuron (hindbrain)|36	mafba	36	differentiating neuron (hindbrain)	8	44.0	-0.006686757065251294	0.008193683466816117	0.03960451273131489	True
mafba|differentiating neuron 1|36	mafba	36	differentiating neuron 1	8	43.0	-0.005946516070656316	1.064969839676132e-06	3.784344697672672e-05	True
mafba|differentiating neuron 2|36	mafba	36	differentiating neuron 2	8	43.0	-0.0020390883880868223	0.0004402346438771237	0.004549547758263588	True
mafba|dorsal spinal cord neuron|36	mafba	36	dorsal spinal cord neuron	3	26.0	-4.068410249121021e-05	0.414555260091351	0.5893158798021677	False
mafba|endothelium (dorsal aorta)|36	mafba	36	endothelium (dorsal aorta)	8	44.0	0.0015901743851763784	0.1922803890185989	0.35188740981233535	False
mafba|endothelium (f8+, clic2+)|36	mafba	36	endothelium (f8+, clic2+)	8	44.0	0.00048291585478670994	0.1757905931620445	0.3327490084427731	False
mafba|endothelium (vein + early artery)|36	mafba	36	endothelium (vein + early artery)	8	44.0	0.0026758065340526035	0.04589902675514421	0.13336206068558515	False
mafba|eye, optic cup|36	mafba	36	eye, optic cup	8	44.0	-0.001602886582621841	0.3154030066916206	0.49442155684496786	False
mafba|fast-committed myocyte|36	mafba	36	fast-committed myocyte	5	24.0	3.8236399234443334e-05	0.8533363242822992	0.91635744583967	False
mafba|fin bud mesoderm (pectoral)|36	mafba	36	fin bud mesoderm (pectoral)	8	40.0	-0.00016756102294839025	0.7385720460025668	0.841098756758707	False
mafba|fin fold|36	mafba	36	fin fold	8	44.0	0.0050197006591851945	0.0008943249223118802	0.007748095317812834	True
mafba|fin mesenchyme|36	mafba	36	fin mesenchyme	7	30.0	0.0003328355345957985	0.48422694624612095	0.650695259414656	False
mafba|floor plate|36	mafba	36	floor plate	8	44.0	0.002944170803813836	0.0012194760706942054	0.00971632912441606	True
mafba|glia|36	mafba	36	glia	8	44.0	-2.686082102752946e-05	0.9029701224018742	0.9469642315711887	False
mafba|hair cell|36	mafba	36	hair cell	8	39.0	0.0001548561728170032	0.4911963302341297	0.655906995809821	False
mafba|hatching gland|36	mafba	36	hatching gland	8	44.0	-0.007953740921051396	3.2885423263183226e-06	9.712161670393445e-05	True
mafba|head mesenchyme|36	mafba	36	head mesenchyme	8	44.0	-0.0004123187755297013	0.8504857210004405	0.9140348723997941	False
mafba|head mesenchyme (maybe ventral, hand2+)|36	mafba	36	head mesenchyme (maybe ventral, hand2+)	8	44.0	-0.0015611346533401845	0.2325295308112595	0.4010247044203491	False
mafba|head mesenchyme/PA cartilage|36	mafba	36	head mesenchyme/PA cartilage	8	43.0	-0.001727474760944295	0.03737650829789766	0.11616786606152009	False
mafba|head/eye connective tissue|36	mafba	36	head/eye connective tissue	8	44.0	0.001730454029249943	0.2561039444258145	0.42834399967519193	False
mafba|hypochord|36	mafba	36	hypochord	7	38.0	0.0002010276654864332	0.568111805612838	0.7190672282471063	False
mafba|hypophysis/locus coeruleus|36	mafba	36	hypophysis/locus coeruleus	6	41.0	2.546846478001792e-05	0.9067849131499882	0.9483556486955311	False
mafba|intestine|36	mafba	36	intestine	8	44.0	-0.002224054132675477	2.6761855930304284e-05	0.0005215030283192726	True
mafba|ionocyte/goblet cell|36	mafba	36	ionocyte/goblet cell	8	44.0	-0.00236264612748803	0.0032582934906502034	0.02008474976379462	True
mafba|iridophore|36	mafba	36	iridophore	8	44.0	-0.0006516061461545842	0.08053537516442483	0.1966767982240364	False
mafba|lens|36	mafba	36	lens	8	43.0	-0.000573013015433407	0.45574837642876365	0.6250666586933199	False
mafba|liver|36	mafba	36	liver	4	36.0	-0.0005722121631635748	0.0005908532120989546	0.0057150212436645614	True
mafba|mature fast muscle|36	mafba	36	mature fast muscle	8	44.0	0.0630882445911254	7.160235459049872e-05	0.001123662511248511	True
mafba|mature slow muscle|36	mafba	36	mature slow muscle	8	44.0	0.011990946894386435	0.016814190225254846	0.06674450062533957	False
mafba|melanophore|36	mafba	36	melanophore	8	44.0	0.0013776303013150653	0.2643956048519695	0.43780433447329614	False
mafba|mesodermal progenitor cells (contains PSM)|36	mafba	36	mesodermal progenitor cells (contains PSM)	2	12.0	-6.497885548033337e-05	0.4060648917150895	0.5811770571912348	False
mafba|motor neuron|36	mafba	36	motor neuron	8	43.0	0.0004882137953531058	0.3055888236951193	0.484764998483414	False
mafba|myeloid cell|36	mafba	36	myeloid cell	8	43.0	0.0002200026357072611	0.6641377637296326	0.7891980400542576	False
mafba|neural crest + pigment cell progenitor|36	mafba	36	neural crest + pigment cell progenitor	3	19.0	0.0001843102936567964	0.2570542717241614	0.4297171410332208	False
mafba|neural progenitor (MHB)|36	mafba	36	neural progenitor (MHB)	8	43.0	-0.001647025800330472	0.24836318163375012	0.4196220040570225	False
mafba|neural progenitor (hindbrain R7/8)|36	mafba	36	neural progenitor (hindbrain R7/8)	8	44.0	0.0010194787437432882	0.4309288411265454	0.6057038499742987	False
mafba|neural progenitor (hindbrain)|36	mafba	36	neural progenitor (hindbrain)	7	43.0	0.0025955620556747283	0.08876719761940655	0.21088953456594797	False
mafba|neural progenitor (telencephalon/diencephalon)|36	mafba	36	neural progenitor (telencephalon/diencephalon)	8	44.0	-0.004835205385664829	0.037308193719558104	0.11600980218365166	False
mafba|neural tube-like connective tissue (+ taste bud)|36	mafba	36	neural tube-like connective tissue (+ taste bud)	8	44.0	-0.0019502221987397171	0.08009119334380643	0.19580793957674533	False
mafba|neuromast support cell|36	mafba	36	neuromast support cell	8	44.0	0.0001476342684923245	0.8200963774286664	0.8937052424145345	False
mafba|neuron (+ spinal cord)|36	mafba	36	neuron (+ spinal cord)	7	42.0	-0.0012319024431811335	0.017237013918531174	0.06745580535255574	False
mafba|neuron (cranial ganglia sensory, Rohon-Beard)|36	mafba	36	neuron (cranial ganglia sensory, Rohon-Beard)	8	44.0	-0.00034904652998874255	0.6858559624787337	0.8052142881044497	False
mafba|neuron (dopaminergic)|36	mafba	36	neuron (dopaminergic)	4	22.0	0.00011662681020210684	0.1837086254620836	0.3417632614337219	False
mafba|neuron (telencephalon, glutamatergic)|36	mafba	36	neuron (telencephalon, glutamatergic)	8	43.0	8.329912801723419e-05	0.8541872961810346	0.9166163283881197	False
mafba|neurons (differentiating, contains peripheral)|36	mafba	36	neurons (differentiating, contains peripheral)	8	44.0	-0.013070682030067135	1.5951860364623624e-06	5.273637419050945e-05	True
mafba|neurons (gabaergic, glutamatergic)|36	mafba	36	neurons (gabaergic, glutamatergic)	8	44.0	-0.00594988603323859	0.0012033534768631827	0.009657347649463585	True
mafba|neurons (gabaergic, glutamatergic; contains Purkinje)|36	mafba	36	neurons (gabaergic, glutamatergic; contains Purkinje)	8	44.0	0.001409227893644463	0.4045774547043005	0.5799001696527345	False
mafba|notochord|36	mafba	36	notochord	8	44.0	0.002289102910516344	0.4070225719729321	0.5818986641050202	False
mafba|olfactory vesicle/bulb|36	mafba	36	olfactory vesicle/bulb	8	43.0	0.0006437688181022885	0.22935234550695768	0.3973009217658326	False
mafba|pancreas|36	mafba	36	pancreas	8	37.0	-0.00013564144025377	0.5639100062013958	0.716341424432857	False
mafba|pectoral fin bud (osteoblast+)|36	mafba	36	pectoral fin bud (osteoblast+)	8	44.0	-0.00018272743072445842	0.6823787017776264	0.8019820433873943	False
mafba|periderm|36	mafba	36	periderm	8	44.0	-0.03480534484675074	0.06524094194053467	0.1708813792648218	False
mafba|periocular mesenchyme|36	mafba	36	periocular mesenchyme	8	44.0	-0.0012522516634781542	0.02156089801647938	0.07880757278300632	False
mafba|pharyngeal arch (NC-derived)|36	mafba	36	pharyngeal arch (NC-derived)	6	42.0	-0.0012243600714725907	0.001506601682322027	0.011337902807508345	True
mafba|pharyngeal arch (contains muscle, early cartilage)|36	mafba	36	pharyngeal arch (contains muscle, early cartilage)	8	44.0	2.2162638391850717e-05	0.9751217373382546	0.9879072944980487	False
mafba|pharyngeal arch (early)|36	mafba	36	pharyngeal arch (early)	8	44.0	-0.0021118009417836203	0.26348046824822313	0.43650653490636815	False
mafba|pharynx|36	mafba	36	pharynx	6	29.0	-5.74425028199937e-05	0.5436340104556927	0.7009497150895041	False
mafba|posterior lateral line primordium|36	mafba	36	posterior lateral line primordium	8	40.0	0.00023813843558163493	0.3838615346493097	0.5599911959922422	False
mafba|posterior spinal cord progenitors|36	mafba	36	posterior spinal cord progenitors	8	43.0	-0.00025126208410974644	0.7468865683821687	0.8460913480365919	False
mafba|primordial germ cell|36	mafba	36	primordial germ cell	7	34.0	0.0002871041399134655	0.43823441638727734	0.6116504299293127	False
mafba|pronephric duct|36	mafba	36	pronephric duct	6	31.0	-0.0002780854866248648	0.2526463714454113	0.4241624907162097	False
mafba|pronephric podocyte|36	mafba	36	pronephric podocyte	6	27.0	-0.00011037663449660557	0.2890612106227877	0.4661033109896687	False
mafba|pronephros distal tubule|36	mafba	36	pronephros distal tubule	8	44.0	0.0021286322780608652	0.00047335918648680134	0.004811499263205672	True
mafba|pronephros proximal tubule|36	mafba	36	pronephros proximal tubule	8	44.0	0.00013742347475319272	0.8425648246234894	0.9090009298578658	False
mafba|red blood cell|36	mafba	36	red blood cell	7	39.0	-8.068553459459433e-05	0.86924140680083	0.9255101983963331	False
mafba|retinal neuron|36	mafba	36	retinal neuron	8	44.0	-0.0064596763973819304	0.012221738235478492	0.053289665731466256	False
mafba|retinal pigmented epithelium (early)|36	mafba	36	retinal pigmented epithelium (early)	8	43.0	0.00029793878897764036	0.7800885580051349	0.8691630563286588	False
mafba|roof plate, flexural + subcommissural organ|36	mafba	36	roof plate, flexural + subcommissural organ	8	43.0	-0.00046407503529940965	0.24345428093344085	0.41364195776085766	False
mafba|satellite cells|36	mafba	36	satellite cells	4	22.0	5.4948148821350076e-05	0.6890944427648371	0.8076367934158234	False
mafba|support cells/otic vesicle|36	mafba	36	support cells/otic vesicle	8	44.0	0.0003272528392721935	0.7620850674912466	0.855559262287436	False
mafba|thyroid follicle cell|36	mafba	36	thyroid follicle cell	1	29.0	-0.0007105856243351897			False
mafba|unknown|36	mafba	36	unknown	3					False
mafba|unknown (dcn+, col6+)|36	mafba	36	unknown (dcn+, col6+)	6	33.0	-0.000462862595389309	0.016252105427379867	0.06509658864673852	False
mafba|xanthophore|36	mafba	36	xanthophore	8	44.0	0.0018101819727850662	0.02854734734106343	0.09629295587886624	False
mafba|KA neuron|48	mafba	48	KA neuron	8	39.0	8.992444189888501e-05	0.8154008755313353	0.8902955665306808	False
mafba|adrenal gland|48	mafba	48	adrenal gland	5	23.0	0.00026722087352486787	0.10951978187073702	0.2423439728708117	False
mafba|anterior migratory muscle|48	mafba	48	anterior migratory muscle	8	44.0	0.006828192645890616	5.618746245868715e-06	0.00015177466993413662	True
mafba|basal cell|48	mafba	48	basal cell	8	44.0	-0.008070599726754196	0.006131232709316795	0.03282784833050506	True
mafba|cardiomyocyte|48	mafba	48	cardiomyocyte	8	44.0	0.0016923391739136076	0.17871401735977807	0.3361770856882596	False
mafba|chondrocranium|48	mafba	48	chondrocranium	7	44.0	-0.0007068336234629753	0.02748998901991019	0.094005593775583	False
mafba|connective tissue-meninges-dermal FB|48	mafba	48	connective tissue-meninges-dermal FB	8	44.0	-0.000787733914273725	0.7658060992767222	0.8582866469377329	False
mafba|contains head vasculature?|48	mafba	48	contains head vasculature?	1	2.0	-0.00023022138328255003			False
mafba|cranial muscle (early)|48	mafba	48	cranial muscle (early)	8	44.0	0.0025775579675256215	0.0031564072450539237	0.01967572808947779	True
mafba|cranial muscle (late)|48	mafba	48	cranial muscle (late)	6	33.0	-0.0007498025183020032	1.082309941390268e-05	0.0002497204708520254	True
mafba|cranial muscle (mid)|48	mafba	48	cranial muscle (mid)	8	44.0	-0.0028224685381525033	0.00031620497205187703	0.0035492939852782477	True
mafba|cranial muscle (non-somitic, fast-twitch)|48	mafba	48	cranial muscle (non-somitic, fast-twitch)	8	44.0	-0.001582296067661559	0.002118405254580639	0.014572259748124582	True
mafba|cranial muscle (progenitor)|48	mafba	48	cranial muscle (progenitor)	2	11.0	7.01391598856364e-06	0.9450646714403155	0.9706266988749452	False
mafba|cranial neural crest|48	mafba	48	cranial neural crest	8	44.0	0.0014035277710895949	0.015382882432460197	0.06271119862803559	False
mafba|differentiating neuron (hindbrain)|48	mafba	48	differentiating neuron (hindbrain)	8	44.0	0.0011680835666103557	0.003544080953571296	0.0214094708513466	True
mafba|differentiating neuron 1|48	mafba	48	differentiating neuron 1	8	44.0	0.00018676560514740287	0.7628081707645537	0.8560817927259684	False
mafba|differentiating neuron 2|48	mafba	48	differentiating neuron 2	8	41.0	0.0004363263727400633	0.1904409528194312	0.35006366016185897	False
mafba|dorsal spinal cord neuron|48	mafba	48	dorsal spinal cord neuron	7	41.0	-0.00023422570173291723	0.3465693784136272	0.5241132270274359	False
mafba|endothelium (dorsal aorta)|48	mafba	48	endothelium (dorsal aorta)	8	44.0	0.00371515567036625	0.0027810985856042696	0.018029658635454023	True
mafba|endothelium (f8+, clic2+)|48	mafba	48	endothelium (f8+, clic2+)	8	44.0	0.00015900615070997396	0.5231578802290802	0.6836338562450653	False
mafba|endothelium (vein + early artery)|48	mafba	48	endothelium (vein + early artery)	8	44.0	0.0016259324347679214	0.0687309391463196	0.1766797255811581	False
mafba|eye, optic cup|48	mafba	48	eye, optic cup	8	44.0	0.00012471628486584313	0.8838821834488686	0.9349922962878731	False
mafba|fast-committed myocyte|48	mafba	48	fast-committed myocyte	2	13.0	4.2512357108288445e-05	0.813787293750053	0.8891181464927823	False
mafba|fin bud mesoderm (pectoral)|48	mafba	48	fin bud mesoderm (pectoral)	8	44.0	3.471819235093812e-05	0.9383362840913245	0.9671077782987714	False
mafba|fin fold|48	mafba	48	fin fold	8	44.0	0.003429602554701615	0.11392893449685725	0.24977161653962932	False
mafba|floor plate|48	mafba	48	floor plate	8	44.0	0.0029225029644314587	0.0190983121278477	0.0724776037061953	False
mafba|glia|48	mafba	48	glia	8	43.0	-2.2631248746581012e-05	0.9719751385706651	0.9859219654712363	False
mafba|hair cell|48	mafba	48	hair cell	8	42.0	-0.00030147024025566896	0.3900499070378187	0.5656660044230261	False
mafba|hatching gland|48	mafba	48	hatching gland	8	44.0	-0.008618150239128227	7.878196120184871e-05	0.001203462372842034	True
mafba|head mesenchyme|48	mafba	48	head mesenchyme	8	44.0	0.00404551420752506	0.07996415436203248	0.19564131286292558	False
mafba|head mesenchyme (maybe ventral, hand2+)|48	mafba	48	head mesenchyme (maybe ventral, hand2+)	8	44.0	0.007662550308413351	0.021296570645269703	0.07814230366527729	False
mafba|head mesenchyme/PA cartilage|48	mafba	48	head mesenchyme/PA cartilage	8	44.0	0.002552005284805924	0.06559037184314356	0.1715261790230968	False
mafba|head/eye connective tissue|48	mafba	48	head/eye connective tissue	8	43.0	0.0005990564898713747	0.13610313356005227	0.2798457578468494	False
mafba|hypochord|48	mafba	48	hypochord	6	28.0	0.0004527382906259204	0.06724841527619346	0.1743100928058219	False
mafba|hypophysis/locus coeruleus|48	mafba	48	hypophysis/locus coeruleus	8	41.0	8.802701060632882e-05	0.767721314235523	0.8595632911701855	False
mafba|intestine|48	mafba	48	intestine	8	44.0	-0.0021476152180927525	0.040376616586240914	0.12208649896802713	False
mafba|ionocyte/goblet cell|48	mafba	48	ionocyte/goblet cell	8	44.0	-0.00032845484546139593	0.7071417418230177	0.8201489448733739	False
mafba|iridophore|48	mafba	48	iridophore	8	44.0	-0.00016079741192773483	0.5945882828278781	0.739341156323213	False
mafba|jaw chondrocyte|48	mafba	48	jaw chondrocyte	6	40.0	-0.0018120456887299344	9.688959890109808e-10	9.468108598497011e-08	True
mafba|lens|48	mafba	48	lens	8	44.0	-0.0002560676785006207	0.7515384361067168	0.8491930901000796	False
mafba|liver|48	mafba	48	liver	7	44.0	-0.001046664924631984	0.000778711779724476	0.006983184583359168	True
mafba|mature fast muscle|48	mafba	48	mature fast muscle	8	44.0	0.0194413006974236	0.006291359420899878	0.033439762119373405	True
mafba|mature slow muscle|48	mafba	48	mature slow muscle	8	44.0	0.005459587279630283	0.012060814293071556	0.052761100050994394	False
mafba|melanophore|48	mafba	48	melanophore	8	44.0	0.0023645186121921073	0.0013877519905108895	0.010751256462434123	True
mafba|mesodermal progenitor cells (contains PSM)|48	mafba	48	mesodermal progenitor cells (contains PSM)	2	2.0	2.940845720175001e-05	0.40003701927093455	0.57587651496	False
mafba|motor neuron|48	mafba	48	motor neuron	8	44.0	-2.5332680698113633e-05	0.9710998987409051	0.9854854653532856	False
mafba|myeloid cell|48	mafba	48	myeloid cell	8	43.0	-0.00030132269273209404	0.09603128508809292	0.22242171119218454	False
mafba|neural crest + pigment cell progenitor|48	mafba	48	neural crest + pigment cell progenitor	1	8.0	-6.3841658634925e-05			False
mafba|neural progenitor (MHB)|48	mafba	48	neural progenitor (MHB)	8	44.0	5.036109667061559e-05	0.9507053387885935	0.974011251349091	False
mafba|neural progenitor (hindbrain R7/8)|48	mafba	48	neural progenitor (hindbrain R7/8)	8	43.0	0.0011048385433948785	0.055255290616397806	0.15292436740773155	False
mafba|neural progenitor (hindbrain)|48	mafba	48	neural progenitor (hindbrain)	3	21.0	-0.000345136792155338	0.15001235668533947	0.29895944760763704	False
mafba|neural progenitor (telencephalon/diencephalon)|48	mafba	48	neural progenitor (telencephalon/diencephalon)	8	44.0	-0.005094750132355132	0.001727286428487713	0.0125303693420315	True
mafba|neural tube-like connective tissue (+ taste bud)|48	mafba	48	neural tube-like connective tissue (+ taste bud)	8	44.0	-0.00016115381090297913	0.9032388086041541	0.9469642315711887	False
mafba|neuromast support cell|48	mafba	48	neuromast support cell	8	44.0	-0.00017048428833484758	0.8002428678969227	0.8811290566984342	False
mafba|neuron (+ spinal cord)|48	mafba	48	neuron (+ spinal cord)	7	44.0	-0.0004461317495425478	0.21722410641715773	0.3809591414996076	False
mafba|neuron (cranial ganglia sensory, Rohon-Beard)|48	mafba	48	neuron (cranial ganglia sensory, Rohon-Beard)	8	44.0	0.0007988309632860815	0.6114908023384498	0.7510805124252585	False
mafba|neuron (dopaminergic)|48	mafba	48	neuron (dopaminergic)	5	25.0	3.7197349261635987e-05	0.7534957055642679	0.8501087242631634	False
mafba|neuron (telencephalon, glutamatergic)|48	mafba	48	neuron (telencephalon, glutamatergic)	8	44.0	-0.0017261609411724284	1.464056760759732e-05	0.0003242885725082807	True
mafba|neurons (differentiating, contains peripheral)|48	mafba	48	neurons (differentiating, contains peripheral)	8	44.0	-0.0068131283070029455	0.007642055298988586	0.0380100729504335	True
mafba|neurons (gabaergic, glutamatergic)|48	mafba	48	neurons (gabaergic, glutamatergic)	8	44.0	-0.022411515175950074	8.79903845847387e-09	6.220171335804134e-07	True
mafba|neurons (gabaergic, glutamatergic; contains Purkinje)|48	mafba	48	neurons (gabaergic, glutamatergic; contains Purkinje)	8	44.0	-0.01225833357535409	2.753888527270397e-07	1.1226741879577785e-05	True
mafba|notochord|48	mafba	48	notochord	8	44.0	0.008633658339984139	0.04728465191818572	0.13601161700060482	False
mafba|olfactory vesicle/bulb|48	mafba	48	olfactory vesicle/bulb	8	44.0	-0.0020936378613731345	0.009260225114253349	0.04321043070329408	True
mafba|osteoblast|48	mafba	48	osteoblast	3	33.0	-0.0005806661686452606	3.1341293773418828e-06	9.339143368805746e-05	True
mafba|pancreas|48	mafba	48	pancreas	7	43.0	0.0009955692936975036	0.2131977620407175	0.3764812991657103	False
mafba|pectoral fin bud (osteoblast+)|48	mafba	48	pectoral fin bud (osteoblast+)	8	44.0	0.0014979146144463384	0.027824903098155943	0.09456592128445053	False
mafba|periderm|48	mafba	48	periderm	8	44.0	0.011344666101627654	0.5519005762157916	0.7073055600682613	False
mafba|periocular mesenchyme|48	mafba	48	periocular mesenchyme	8	44.0	0.0006555743483091683	0.08362748026079235	0.20163447254461725	False
mafba|pharyngeal arch (NC-derived)|48	mafba	48	pharyngeal arch (NC-derived)	1	11.0	7.218245684852728e-05			False
mafba|pharyngeal arch (contains muscle, early cartilage)|48	mafba	48	pharyngeal arch (contains muscle, early cartilage)	8	44.0	-0.002766305024886879	0.031688749003083994	0.10401437855218067	False
mafba|pharyngeal arch (early)|48	mafba	48	pharyngeal arch (early)	8	44.0	0.0022631413492685166	0.3455654910281506	0.5234347580917694	False
mafba|pharynx|48	mafba	48	pharynx	6	20.0	0.00010813767158234335	0.3142823111415262	0.4930215043926445	False
mafba|posterior lateral line primordium|48	mafba	48	posterior lateral line primordium	8	42.0	6.659822245104713e-05	0.8091903280176576	0.8856975341257345	False
mafba|posterior spinal cord progenitors|48	mafba	48	posterior spinal cord progenitors	8	39.0	0.0008100246609864397	0.19042442814237878	0.35006366016185897	False
mafba|primordial germ cell|48	mafba	48	primordial germ cell	8	37.0	0.00017387423600507428	0.5232372642781808	0.6836338562450653	False
mafba|pronephric duct|48	mafba	48	pronephric duct	4	32.0	-0.0002222383852426906	0.05468927289353572	0.15169083557862664	False
mafba|pronephric podocyte|48	mafba	48	pronephric podocyte	5	35.0	-0.00017439470976327704	0.34513413165164775	0.5231332812101276	False
mafba|pronephros distal tubule|48	mafba	48	pronephros distal tubule	8	44.0	0.00037030934939130764	0.39647032564412643	0.5723539678264654	False
mafba|pronephros proximal tubule|48	mafba	48	pronephros proximal tubule	8	44.0	0.0013179016237058329	0.008267654505408704	0.03986833395387579	True
mafba|red blood cell|48	mafba	48	red blood cell	5	37.0	6.625816721315524e-05	0.7966688670562965	0.8793608049250448	False
mafba|retinal neuron|48	mafba	48	retinal neuron	8	44.0	-0.014972924451588897	0.02126137873372025	0.07814230366527729	False
mafba|retinal pigmented epithelium (early)|48	mafba	48	retinal pigmented epithelium (early)	8	44.0	-0.0007200839793470269	0.3316559907666583	0.5116912139875656	False
mafba|retinal pigmented epithelium (late)|48	mafba	48	retinal pigmented epithelium (late)	1	21.0	3.3828185864590444e-05			False
mafba|roof plate, flexural + subcommissural organ|48	mafba	48	roof plate, flexural + subcommissural organ	8	44.0	1.1469628777254718e-05	0.9832893278694993	0.9914631516712559	False
mafba|satellite cells|48	mafba	48	satellite cells	1	12.0	-3.0251196142883313e-05			False
mafba|support cells/otic vesicle|48	mafba	48	support cells/otic vesicle	8	44.0	-0.0008664189626560225	0.4322728813062592	0.6067708695141724	False
mafba|thyroid follicle cell|48	mafba	48	thyroid follicle cell	4	23.0	-8.233335277668479e-05	0.587808461114256	0.7347311338150979	False
mafba|unknown|48	mafba	48	unknown	1					False
mafba|unknown (dcn+, col6+)|48	mafba	48	unknown (dcn+, col6+)	8	39.0	-0.0004072215823442025	0.5788376291926827	0.7273782235221967	False
mafba|xanthophore|48	mafba	48	xanthophore	8	44.0	0.0022434539386949025	0.03899029575649156	0.11967229344197985	False
mafba-mut|KA neuron|18	mafba-mut	18	KA neuron	6	17.0	0.0005061447435879861	0.3591272328583985	0.5362697668188894	False
mafba-mut|anterior migratory muscle|18	mafba-mut	18	anterior migratory muscle	8	23.0	-0.00485530557809119	0.005250262485663189	0.02909757649477222	True
mafba-mut|basal cell|18	mafba-mut	18	basal cell	6	14.0	0.00034843352704981676	0.29934526215188423	0.4780459665943933	False
mafba-mut|cardiomyocyte|18	mafba-mut	18	cardiomyocyte	8	23.0	-0.00031735708235519373	0.6595183791957986	0.78558988355531	False
mafba-mut|chondrocranium|18	mafba-mut	18	chondrocranium	1	3.0	0.00012523225274903331			False
mafba-mut|connective tissue-meninges-dermal FB|18	mafba-mut	18	connective tissue-meninges-dermal FB	8	23.0	0.0023956394307533962	0.6116022050764596	0.7510805124252585	False
mafba-mut|contains head vasculature?|18	mafba-mut	18	contains head vasculature?	8	23.0	-0.0030248288078676524	0.04372910724313884	0.12925492247613535	False
mafba-mut|cranial muscle (early)|18	mafba-mut	18	cranial muscle (early)	3	5.0	-9.648093413213332e-05	0.5989639340615724	0.7428330030991643	False
mafba-mut|cranial muscle (late)|18	mafba-mut	18	cranial muscle (late)	1	2.0	-1.0857375559150044e-05			False
mafba-mut|cranial muscle (mid)|18	mafba-mut	18	cranial muscle (mid)	2	7.0	-1.856501630875709e-05	0.8603007896844558	0.9200689262698789	False
mafba-mut|cranial muscle (non-somitic, fast-twitch)|18	mafba-mut	18	cranial muscle (non-somitic, fast-twitch)	7	22.0	0.0019141928739968266	0.006940433794138021	0.0358625058802855	True
mafba-mut|cranial muscle (progenitor)|18	mafba-mut	18	cranial muscle (progenitor)	8	23.0	-0.00656030168608338	0.0007033941419665738	0.006455875791944589	True
mafba-mut|cranial neural crest|18	mafba-mut	18	cranial neural crest	8	23.0	0.0015243807970286537	0.19559556031533187	0.3553123286756097	False
mafba-mut|differentiating neuron (hindbrain)|18	mafba-mut	18	differentiating neuron (hindbrain)	8	23.0	-0.0005926968531319941	0.5645527945487162	0.7164731321192168	False
mafba-mut|differentiating neuron 1|18	mafba-mut	18	differentiating neuron 1	8	23.0	-0.0003007612623135338	0.8269864753870303	0.898516208133881	False
mafba-mut|differentiating neuron 2|18	mafba-mut	18	differentiating neuron 2	7	23.0	0.0002472399028237604	0.5759376578779771	0.7249679364650801	False
mafba-mut|dorsal spinal cord neuron|18	mafba-mut	18	dorsal spinal cord neuron	1	8.0	7.318420335223751e-05			False
mafba-mut|endothelium (dorsal aorta)|18	mafba-mut	18	endothelium (dorsal aorta)	8	23.0	7.82492467737198e-05	0.9369908052743006	0.9662172410067856	False
mafba-mut|endothelium (f8+, clic2+)|18	mafba-mut	18	endothelium (f8+, clic2+)	6	18.0	0.00018136801408160578	0.7897566725365197	0.8759993788364285	False
mafba-mut|endothelium (vein + early artery)|18	mafba-mut	18	endothelium (vein + early artery)	8	23.0	-0.0021968332764587695	0.21256768228260373	0.375668151268059	False
mafba-mut|eye, optic cup|18	mafba-mut	18	eye, optic cup	8	23.0	-0.006721302765506629	0.15086129799299947	0.29987236768276443	False
mafba-mut|fast-committed myocyte|18	mafba-mut	18	fast-committed myocyte	8	23.0	-0.006883724687567469	0.2093394193518315	0.3715439213656304	False
mafba-mut|fin bud mesoderm (pectoral)|18	mafba-mut	18	fin bud mesoderm (pectoral)	1	5.0	8.84705288853988e-06			False
mafba-mut|fin mesenchyme|18	mafba-mut	18	fin mesenchyme	8	23.0	-0.001219171768886581	0.6588836972850944	0.7853420929972112	False
mafba-mut|floor plate|18	mafba-mut	18	floor plate	7	23.0	-0.0005246670919587752	0.5862199795751717	0.7334648398186813	False
mafba-mut|glia|18	mafba-mut	18	glia	5	13.0	8.720837366626619e-05	0.7124290283796387	0.8237009765854976	False
mafba-mut|hair cell|18	mafba-mut	18	hair cell	4	11.0	-0.00014260511109114764	0.05502162757037264	0.15240463326599674	False
mafba-mut|hatching gland|18	mafba-mut	18	hatching gland	8	23.0	-0.001412438408462449	0.008195379573899831	0.03960451273131489	True
mafba-mut|head mesenchyme|18	mafba-mut	18	head mesenchyme	7	23.0	-0.0005054553266783625	0.6467760149425039	0.7760611446899492	False
mafba-mut|head mesenchyme (maybe ventral, hand2+)|18	mafba-mut	18	head mesenchyme (maybe ventral, hand2+)	8	23.0	-0.004980683319322925	0.03285503557575936	0.10670660381276684	False
mafba-mut|head mesenchyme/PA cartilage|18	mafba-mut	18	head mesenchyme/PA cartilage	8	23.0	-0.0018463262453989491	0.027697147721206353	0.09433498032158699	False
mafba-mut|head/eye connective tissue|18	mafba-mut	18	head/eye connective tissue	8	23.0	-0.002271894488526466	0.6061527588535139	0.7475659024835932	False
mafba-mut|hypochord|18	mafba-mut	18	hypochord	8	22.0	-0.0005368591621200637	0.16819726226448234	0.3224555672316476	False
mafba-mut|hypophysis/locus coeruleus|18	mafba-mut	18	hypophysis/locus coeruleus	4	9.0	0.00034107360989330004	0.5020572119451887	0.6661341415343273	False
mafba-mut|intestine|18	mafba-mut	18	intestine	8	23.0	-0.00041346923721937313	0.7634059438799567	0.856318787488574	False
mafba-mut|ionocyte/goblet cell|18	mafba-mut	18	ionocyte/goblet cell	8	23.0	0.004465345315032249	0.04976025832922923	0.14130637461441378	False
mafba-mut|iridophore|18	mafba-mut	18	iridophore	5	8.0	3.662469820220251e-05	0.8430806541609185	0.9093119537249316	False
mafba-mut|jaw chondrocyte|18	mafba-mut	18	jaw chondrocyte	2	5.0	0.00020531743706980992	0.6086456361461139	0.7495274744608834	False
mafba-mut|lens|18	mafba-mut	18	lens	8	23.0	0.004407614546713522	0.057089694728215075	0.15637305089405984	False
mafba-mut|mature fast muscle|18	mafba-mut	18	mature fast muscle	8	23.0	0.019157619086627005	0.007283536415529678	0.03703068055179396	True
mafba-mut|mature slow muscle|18	mafba-mut	18	mature slow muscle	8	23.0	0.006582135168604848	0.4458726239776044	0.6162164526546418	False
mafba-mut|melanophore|18	mafba-mut	18	melanophore	6	10.0	-0.00011242811224354663	0.7985639679282908	0.8804475803689219	False
mafba-mut|mesodermal progenitor cells (contains PSM)|18	mafba-mut	18	mesodermal progenitor cells (contains PSM)	8	23.0	-0.011661082769880664	0.00030305686671376993	0.003454224492818184	True
mafba-mut|motor neuron|18	mafba-mut	18	motor neuron	8	22.0	-0.0013758703672022408	0.02086423297378798	0.07712662391869496	False
mafba-mut|myeloid cell|18	mafba-mut	18	myeloid cell	8	23.0	0.003188370944094191	0.056122594517540626	0.15468048136418808	False
mafba-mut|myoblast|18	mafba-mut	18	myoblast	8	23.0	-0.004245922425264297	0.017546934402209474	0.06814691940542487	False
mafba-mut|neural crest + pigment cell progenitor|18	mafba-mut	18	neural crest + pigment cell progenitor	8	23.0	-5.825532657827148e-05	0.9593642585667722	0.9789581538968368	False
mafba-mut|neural progenitor (MHB)|18	mafba-mut	18	neural progenitor (MHB)	8	23.0	-0.008070133859891804	0.005436633746273012	0.029856554747094352	True
mafba-mut|neural progenitor (hindbrain R7/8)|18	mafba-mut	18	neural progenitor (hindbrain R7/8)	8	23.0	-0.010426133226367915	0.00915164206613861	0.04285594494046655	True
mafba-mut|neural progenitor (hindbrain)|18	mafba-mut	18	neural progenitor (hindbrain)	8	23.0	-0.020778272163182912	0.04779821165871811	0.13684580632149151	False
mafba-mut|neural progenitor (telencephalon/diencephalon)|18	mafba-mut	18	neural progenitor (telencephalon/diencephalon)	8	23.0	-0.0072858983800692875	0.11947063864068852	0.2574197126353357	False
mafba-mut|neural tube-like connective tissue (+ taste bud)|18	mafba-mut	18	neural tube-like connective tissue (+ taste bud)	8	23.0	0.002896248848129824	0.15205452972632055	0.3013427825921265	False
mafba-mut|neuromast support cell|18	mafba-mut	18	neuromast support cell	7	23.0	-0.000855632620352746	0.24615618547639498	0.417378885555153	False
mafba-mut|neuron (+ spinal cord)|18	mafba-mut	18	neuron (+ spinal cord)	7	22.0	0.0005865081028975376	0.0450759509817946	0.13154575945279978	False
mafba-mut|neuron (cranial ganglia sensory, Rohon-Beard)|18	mafba-mut	18	neuron (cranial ganglia sensory, Rohon-Beard)	8	23.0	0.003366481673758656	0.0009777194939494587	0.008297323346113274	True
mafba-mut|neuron (dopaminergic)|18	mafba-mut	18	neuron (dopaminergic)	2	2.0	-1.752201085299988e-05	0.7443193378834788	0.8443158074830517	False
mafba-mut|neuron (telencephalon, glutamatergic)|18	mafba-mut	18	neuron (telencephalon, glutamatergic)	6	15.0	0.0008540658215936735	0.1128989226651545	0.24800441028428155	False
mafba-mut|neurons (differentiating, contains peripheral)|18	mafba-mut	18	neurons (differentiating, contains peripheral)	7	23.0	0.0030039656171154585	0.030989303972169275	0.10262572533742455	False
mafba-mut|neurons (gabaergic, glutamatergic)|18	mafba-mut	18	neurons (gabaergic, glutamatergic)	8	23.0	0.0005967772659635682	0.3229800878681981	0.5025058964842369	False
mafba-mut|neurons (gabaergic, glutamatergic; contains Purkinje)|18	mafba-mut	18	neurons (gabaergic, glutamatergic; contains Purkinje)	8	21.0	0.0012486038923860314	0.0968042160250133	0.22343314188475627	False
mafba-mut|notochord|18	mafba-mut	18	notochord	8	23.0	0.004758109122378076	0.02060727892092237	0.07641357075469404	False
mafba-mut|olfactory vesicle/bulb|18	mafba-mut	18	olfactory vesicle/bulb	6	23.0	-0.0006468295169668372	0.41503110966350004	0.5893158798021677	False
mafba-mut|pancreas|18	mafba-mut	18	pancreas	5	15.0	0.00019694076021620666	0.45027218407076514	0.6196021253158489	False
mafba-mut|pectoral fin bud (osteoblast+)|18	mafba-mut	18	pectoral fin bud (osteoblast+)	8	23.0	0.0028018294125391335	0.1841741051303104	0.3422285454795342	False
mafba-mut|periderm|18	mafba-mut	18	periderm	8	23.0	0.04343602286695239	0.2693590384883442	0.4436367529541083	False
mafba-mut|periocular mesenchyme|18	mafba-mut	18	periocular mesenchyme	1	4.0	8.685246272599999e-06			False
mafba-mut|pharyngeal arch (NC-derived)|18	mafba-mut	18	pharyngeal arch (NC-derived)	8	23.0	-0.006178768525256898	0.01493333488990801	0.0613679717646498	False
mafba-mut|pharyngeal arch (contains muscle, early cartilage)|18	mafba-mut	18	pharyngeal arch (contains muscle, early cartilage)	6	20.0	0.00035458390785404184	0.23849553767966997	0.4080336889498988	False
mafba-mut|pharyngeal arch (early)|18	mafba-mut	18	pharyngeal arch (early)	8	23.0	0.00974228673400914	0.004082987597941363	0.02405919680615786	True
mafba-mut|pharynx|18	mafba-mut	18	pharynx	7	23.0	-0.00018492547372431093	0.6437314578914897	0.7739452755000812	False
mafba-mut|posterior lateral line primordium|18	mafba-mut	18	posterior lateral line primordium	7	23.0	-0.00034818615784759643	0.6591502376093308	0.7855188896904597	False
mafba-mut|posterior spinal cord progenitors|18	mafba-mut	18	posterior spinal cord progenitors	8	23.0	-0.0018445386010460729	0.18120321636368447	0.33910565684551985	False
mafba-mut|primordial germ cell|18	mafba-mut	18	primordial germ cell	8	21.0	0.002040263252708087	0.015457667101274442	0.06286181021295512	False
mafba-mut|pronephric duct|18	mafba-mut	18	pronephric duct	5	16.0	-0.0004066661856378525	0.10754607188849531	0.23949183904123705	False
mafba-mut|pronephric podocyte|18	mafba-mut	18	pronephric podocyte	2	7.0	-0.00024024901253357856	0.24069263459865806	0.40999809200412274	False
mafba-mut|pronephros distal tubule|18	mafba-mut	18	pronephros distal tubule	8	22.0	0.0005974683874133153	0.6097827111167741	0.7502325708889027	False
mafba-mut|pronephros proximal tubule|18	mafba-mut	18	pronephros proximal tubule	8	23.0	-0.0006452736505209115	0.6696050460060365	0.792717892519172	False
mafba-mut|red blood cell|18	mafba-mut	18	red blood cell	8	21.0	0.0029783273124786465	0.04161143649453311	0.1248218498074346	False
mafba-mut|retinal neuron|18	mafba-mut	18	retinal neuron	7	23.0	0.001975752756570113	0.16988568534462714	0.3248605407525316	False
mafba-mut|retinal pigmented epithelium (early)|18	mafba-mut	18	retinal pigmented epithelium (early)	8	23.0	0.0009679415511672489	0.29452653442427035	0.4725081654392265	False
mafba-mut|retinal pigmented epithelium (late)|18	mafba-mut	18	retinal pigmented epithelium (late)	2					False
mafba-mut|roof plate, flexural + subcommissural organ|18	mafba-mut	18	roof plate, flexural + subcommissural organ	8	19.0	0.0003402011317663071	0.46954856112314713	0.6378066616237352	False
mafba-mut|satellite cells|18	mafba-mut	18	satellite cells	7	22.0	-4.791574928805385e-05	0.9593422420919986	0.9789581538968368	False
mafba-mut|slow-committed myocyte|18	mafba-mut	18	slow-committed myocyte	8	23.0	-0.0048463825758590295	0.0031124052904357886	0.019566634962105787	True
mafba-mut|support cells/otic vesicle|18	mafba-mut	18	support cells/otic vesicle	8	23.0	0.0010188435631740527	0.5437668337316706	0.7009497150895041	False
mafba-mut|unknown (K+ channel, ciliated)|18	mafba-mut	18	unknown (K+ channel, ciliated)	1	1.0	-1.7361407327699916e-05			False
mafba-mut|unknown (dcn+, col6+)|18	mafba-mut	18	unknown (dcn+, col6+)	2					False
mafba-mut|xanthophore|18	mafba-mut	18	xanthophore	8	19.0	0.003715278317191472	0.01063809569749289	0.04825265932412304	True
mafba-mut|KA neuron|24	mafba-mut	24	KA neuron	7	31.0	-1.9203618913411812e-05	0.9395130041842688	0.9675863559499988	False
mafba-mut|anterior migratory muscle|24	mafba-mut	24	anterior migratory muscle	8	32.0	-0.003492792056117593	0.013190977595679313	0.05636916149407655	False
mafba-mut|basal cell|24	mafba-mut	24	basal cell	8	23.0	-0.00022256630450481784	0.5138409555772744	0.676653853322072	False
mafba-mut|cardiomyocyte|24	mafba-mut	24	cardiomyocyte	8	32.0	0.001137863148902137	0.1669009329587282	0.32144060219338744	False
mafba-mut|chondrocranium|24	mafba-mut	24	chondrocranium	1	1.0	-0.0001679211016561			False
mafba-mut|connective tissue-meninges-dermal FB|24	mafba-mut	24	connective tissue-meninges-dermal FB	8	32.0	0.00011346235594831416	0.9815532287044569	0.9907976917425363	False
mafba-mut|contains head vasculature?|24	mafba-mut	24	contains head vasculature?	8	32.0	-0.0010513303570389562	0.13477768102957813	0.2784818689183914	False
mafba-mut|cranial muscle (early)|24	mafba-mut	24	cranial muscle (early)	7	22.0	0.0001704075137221819	0.3995506330992038	0.5753009657517247	False
mafba-mut|cranial muscle (mid)|24	mafba-mut	24	cranial muscle (mid)	5	5.0	0.00027787114805864007	0.09801286621013092	0.22497253746677717	False
mafba-mut|cranial muscle (non-somitic, fast-twitch)|24	mafba-mut	24	cranial muscle (non-somitic, fast-twitch)	8	32.0	0.0008158357638983404	0.2524960520278137	0.4241498878930238	False
mafba-mut|cranial muscle (progenitor)|24	mafba-mut	24	cranial muscle (progenitor)	8	32.0	-0.004140942503688312	2.8992587184105408e-05	0.000550444976681087	True
mafba-mut|cranial neural crest|24	mafba-mut	24	cranial neural crest	8	32.0	0.0012944072147969875	0.1046105880640628	0.23476438962705076	False
mafba-mut|differentiating neuron (hindbrain)|24	mafba-mut	24	differentiating neuron (hindbrain)	8	32.0	-0.0011269083667536876	0.11273811906811593	0.2478970222394541	False
mafba-mut|differentiating neuron 1|24	mafba-mut	24	differentiating neuron 1	8	32.0	-0.0033027626173346494	0.002868280890315017	0.01843300436764341	True
mafba-mut|differentiating neuron 2|24	mafba-mut	24	differentiating neuron 2	8	32.0	-0.0005005639570414095	0.4646079324385767	0.63355627150715	False
mafba-mut|dorsal spinal cord neuron|24	mafba-mut	24	dorsal spinal cord neuron	1	9.0	-0.00020272509800504446			False
mafba-mut|endothelium (dorsal aorta)|24	mafba-mut	24	endothelium (dorsal aorta)	8	32.0	-0.0005342809542340596	0.3485572563740461	0.5255645492637931	False
mafba-mut|endothelium (f8+, clic2+)|24	mafba-mut	24	endothelium (f8+, clic2+)	8	31.0	0.0007427057724020806	0.14034759417063405	0.28570625246345505	False
mafba-mut|endothelium (vein + early artery)|24	mafba-mut	24	endothelium (vein + early artery)	8	32.0	-0.0005211033346339423	0.664686611952038	0.7892856569730687	False
mafba-mut|eye, optic cup|24	mafba-mut	24	eye, optic cup	8	32.0	0.0025963438393118918	0.5312246379491224	0.6918831280227202	False
mafba-mut|fast-committed myocyte|24	mafba-mut	24	fast-committed myocyte	8	32.0	-0.00411831298899739	0.18917398572121982	0.3483128664775577	False
mafba-mut|fin bud mesoderm (pectoral)|24	mafba-mut	24	fin bud mesoderm (pectoral)	1	2.0	0.00016545803228670006			False
mafba-mut|fin fold|24	mafba-mut	24	fin fold	4	11.0	5.907044946429482e-06	0.9775132073323123	0.9892743318189484	False
mafba-mut|fin mesenchyme|24	mafba-mut	24	fin mesenchyme	8	32.0	0.005748772781872198	0.06612797837954949	0.172389335555946	False
mafba-mut|floor plate|24	mafba-mut	24	floor plate	8	32.0	0.002188460433204094	0.0314905237899125	0.10369401911990514	False
mafba-mut|glia|24	mafba-mut	24	glia	7	28.0	-0.0002083659418742642	0.36030823531945066	0.5373088473289385	False
mafba-mut|hair cell|24	mafba-mut	24	hair cell	6	23.0	4.600156920558929e-05	0.7083231966930514	0.8207162409808765	False
mafba-mut|hatching gland|24	mafba-mut	24	hatching gland	8	32.0	-0.00036401702161750326	0.7665941206576506	0.8587353222808646	False
mafba-mut|head mesenchyme|24	mafba-mut	24	head mesenchyme	8	32.0	-0.0016481338804909124	0.23927064024138023	0.4088334801758734	False
mafba-mut|head mesenchyme (maybe ventral, hand2+)|24	mafba-mut	24	head mesenchyme (maybe ventral, hand2+)	8	32.0	-0.004537668011800212	0.005335992967697111	0.02939270042000382	True
mafba-mut|head mesenchyme/PA cartilage|24	mafba-mut	24	head mesenchyme/PA cartilage	8	32.0	-0.0007233716150266394	0.6103220434418761	0.7503404215858034	False
mafba-mut|head/eye connective tissue|24	mafba-mut	24	head/eye connective tissue	8	32.0	0.0036110795944540586	0.21412381895772914	0.3777493728321603	False
mafba-mut|hypochord|24	mafba-mut	24	hypochord	8	32.0	2.4013434226631027e-05	0.9388337415048492	0.9672170871782516	False
mafba-mut|hypophysis/locus coeruleus|24	mafba-mut	24	hypophysis/locus coeruleus	5	22.0	0.0001710058314179384	0.5538681530132401	0.7090067187002467	False
mafba-mut|intestine|24	mafba-mut	24	intestine	8	32.0	-0.0005849000421277754	0.5782541959058967	0.7267825102694692	False
mafba-mut|ionocyte/goblet cell|24	mafba-mut	24	ionocyte/goblet cell	8	32.0	-0.000490266696196142	0.7848448087795155	0.8728122767502584	False
mafba-mut|iridophore|24	mafba-mut	24	iridophore	6	24.0	-9.125067797217902e-05	0.8043248064667022	0.8829795324658724	False
mafba-mut|jaw chondrocyte|24	mafba-mut	24	jaw chondrocyte	1	4.0	3.798067461457499e-05			False
mafba-mut|lens|24	mafba-mut	24	lens	8	32.0	0.0028450226535887257	0.02006108227905899	0.07489095041817247	False
mafba-mut|liver|24	mafba-mut	24	liver	1					False
mafba-mut|mature fast muscle|24	mafba-mut	24	mature fast muscle	8	32.0	0.02816217191356632	0.004923779123512874	0.027610558882483583	True
mafba-mut|mature slow muscle|24	mafba-mut	24	mature slow muscle	8	32.0	0.002862495304976724	0.5354126263902705	0.6955653768061286	False
mafba-mut|melanophore|24	mafba-mut	24	melanophore	8	32.0	0.00128838748020011	0.21553944690583485	0.3789379110319584	False
mafba-mut|mesodermal progenitor cells (contains PSM)|24	mafba-mut	24	mesodermal progenitor cells (contains PSM)	8	32.0	-0.0014357576540724882	0.1837652570508184	0.3417632614337219	False
mafba-mut|motor neuron|24	mafba-mut	24	motor neuron	8	32.0	0.00030029422730390963	0.514601204562402	0.6769996048935184	False
mafba-mut|myeloid cell|24	mafba-mut	24	myeloid cell	8	32.0	0.0026028410206588564	0.0075930019523842655	0.03790796241442032	True
mafba-mut|myoblast|24	mafba-mut	24	myoblast	8	32.0	-0.0005691045018637623	0.36274867867280647	0.5398577759867411	False
mafba-mut|neural crest + pigment cell progenitor|24	mafba-mut	24	neural crest + pigment cell progenitor	8	32.0	-0.0010151534983534058	0.07546227028587427	0.18787815138615005	False
mafba-mut|neural progenitor (MHB)|24	mafba-mut	24	neural progenitor (MHB)	8	32.0	0.0011004698275857462	0.7142462359000628	0.8242105178705643	False
mafba-mut|neural progenitor (hindbrain R7/8)|24	mafba-mut	24	neural progenitor (hindbrain R7/8)	8	32.0	-0.008539302686819114	8.917669538978371e-05	0.001328652782208773	True
mafba-mut|neural progenitor (hindbrain)|24	mafba-mut	24	neural progenitor (hindbrain)	8	32.0	-0.01846568794627504	0.0033488133638772126	0.020547428257584557	True
mafba-mut|neural progenitor (telencephalon/diencephalon)|24	mafba-mut	24	neural progenitor (telencephalon/diencephalon)	8	32.0	-0.002235291782457134	0.5405188968474146	0.6991917596945825	False
mafba-mut|neural tube-like connective tissue (+ taste bud)|24	mafba-mut	24	neural tube-like connective tissue (+ taste bud)	8	32.0	0.005121259758721764	0.019913396229261877	0.0746331178474028	False
mafba-mut|neuromast support cell|24	mafba-mut	24	neuromast support cell	8	32.0	-0.0002964838409883746	0.7751407376203038	0.865246128252464	False
mafba-mut|neuron (+ spinal cord)|24	mafba-mut	24	neuron (+ spinal cord)	8	30.0	0.00023638275362436	0.5070876741923032	0.6702998995440331	False
mafba-mut|neuron (cranial ganglia sensory, Rohon-Beard)|24	mafba-mut	24	neuron (cranial ganglia sensory, Rohon-Beard)	8	32.0	0.0016225473821362968	0.19590820306414775	0.35568579490744856	False
mafba-mut|neuron (dopaminergic)|24	mafba-mut	24	neuron (dopaminergic)	2	10.0	0.00010116476398259002	0.36822016464582713	0.5441011772451682	False
mafba-mut|neuron (telencephalon, glutamatergic)|24	mafba-mut	24	neuron (telencephalon, glutamatergic)	8	29.0	0.0008587213607446392	0.06028175526843196	0.16250396095688857	False
mafba-mut|neurons (differentiating, contains peripheral)|24	mafba-mut	24	neurons (differentiating, contains peripheral)	8	32.0	-0.00039244699003089696	0.7410754291705005	0.8422175862558535	False
mafba-mut|neurons (gabaergic, glutamatergic)|24	mafba-mut	24	neurons (gabaergic, glutamatergic)	8	31.0	0.0008512256175143536	0.3666903904701123	0.542742761023325	False
mafba-mut|neurons (gabaergic, glutamatergic; contains Purkinje)|24	mafba-mut	24	neurons (gabaergic, glutamatergic; contains Purkinje)	8	31.0	0.0014580564584155964	0.06394603615675355	0.168567230641989	False
mafba-mut|notochord|24	mafba-mut	24	notochord	8	32.0	0.005401435389800303	0.021021539865296663	0.07760451800272018	False
mafba-mut|olfactory vesicle/bulb|24	mafba-mut	24	olfactory vesicle/bulb	7	32.0	-0.0004476718083491413	0.3232095178547519	0.5027451418878338	False
mafba-mut|pancreas|24	mafba-mut	24	pancreas	7	27.0	-9.214714660614595e-05	0.6809911346389452	0.8007828179303478	False
mafba-mut|pectoral fin bud (osteoblast+)|24	mafba-mut	24	pectoral fin bud (osteoblast+)	8	32.0	0.0012816285498653789	0.4419495515525793	0.6137418537234879	False
mafba-mut|periderm|24	mafba-mut	24	periderm	8	32.0	-0.014837829271243108	0.6386606995665678	0.7709174111934319	False
mafba-mut|periocular mesenchyme|24	mafba-mut	24	periocular mesenchyme	5	8.0	0.000279802991752295	0.054653477001212855	0.15169083557862664	False
mafba-mut|pharyngeal arch (NC-derived)|24	mafba-mut	24	pharyngeal arch (NC-derived)	8	32.0	-0.011713142548874468	0.001407881092500355	0.010840521274235062	True
mafba-mut|pharyngeal arch (contains muscle, early cartilage)|24	mafba-mut	24	pharyngeal arch (contains muscle, early cartilage)	8	30.0	0.0006596168188385315	0.10513339443525849	0.23556225017207977	False
mafba-mut|pharyngeal arch (early)|24	mafba-mut	24	pharyngeal arch (early)	8	32.0	0.008453706990106077	0.0021469961994968244	0.01466268216408674	True
mafba-mut|pharynx|24	mafba-mut	24	pharynx	8	31.0	-3.817621013088297e-05	0.9406980283733143	0.967937193951792	False
mafba-mut|posterior lateral line primordium|24	mafba-mut	24	posterior lateral line primordium	8	31.0	-0.0012923457227444527	0.006609023409309564	0.03455307675441546	True
mafba-mut|posterior spinal cord progenitors|24	mafba-mut	24	posterior spinal cord progenitors	8	32.0	-0.0011182270016057627	0.1671218369697875	0.32161152813907845	False
mafba-mut|primordial germ cell|24	mafba-mut	24	primordial germ cell	8	27.0	0.0014632632491556653	0.0009023919404219527	0.007797652072956925	True
mafba-mut|pronephric duct|24	mafba-mut	24	pronephric duct	7	23.0	-0.00012025674230369248	0.5943376986120672	0.7391678845736827	False
mafba-mut|pronephric podocyte|24	mafba-mut	24	pronephric podocyte	3	15.0	0.00014573024281121997	0.5715393215229733	0.7213440351206925	False
mafba-mut|pronephros distal tubule|24	mafba-mut	24	pronephros distal tubule	8	32.0	-0.0008754048928492535	0.16891942845722321	0.32347827149805425	False
mafba-mut|pronephros proximal tubule|24	mafba-mut	24	pronephros proximal tubule	8	32.0	-0.001315562003061859	0.12156222068157148	0.26007113857985914	False
mafba-mut|red blood cell|24	mafba-mut	24	red blood cell	8	31.0	0.002575018972180017	0.15110414674321762	0.300265267676041	False
mafba-mut|retinal neuron|24	mafba-mut	24	retinal neuron	8	30.0	0.0019554862994438744	0.22879743399013536	0.39675337913999204	False
mafba-mut|retinal pigmented epithelium (early)|24	mafba-mut	24	retinal pigmented epithelium (early)	8	31.0	0.0010953084740175961	0.04477464560401926	0.1309923147193702	False
mafba-mut|retinal pigmented epithelium (late)|24	mafba-mut	24	retinal pigmented epithelium (late)	1	1.0	-5.5577786670199915e-05			False
mafba-mut|roof plate, flexural + subcommissural organ|24	mafba-mut	24	roof plate, flexural + subcommissural organ	7	31.0	-0.0001528210774446731	0.8229513137601313	0.8953842890418384	False
mafba-mut|satellite cells|24	mafba-mut	24	satellite cells	8	32.0	-0.00023922176050227527	0.7022551235381695	0.8173910134719105	False
mafba-mut|slow-committed myocyte|24	mafba-mut	24	slow-committed myocyte	8	31.0	-0.0011467761367382426	0.09879064811767443	0.22624516962056013	False
mafba-mut|support cells/otic vesicle|24	mafba-mut	24	support cells/otic vesicle	8	32.0	-0.0003886368802568183	0.7531792340751787	0.8500129093800208	False
mafba-mut|thyroid follicle cell|24	mafba-mut	24	thyroid follicle cell	1	19.0	-0.001283516932262542			False
mafba-mut|unknown|24	mafba-mut	24	unknown	3					False
mafba-mut|xanthophore|24	mafba-mut	24	xanthophore	8	31.0	0.0009473168879915849	0.2602797415323094	0.432902838977049	False
mafba-mut|KA neuron|36	mafba-mut	36	KA neuron	8	44.0	0.000607699890661991	0.1940113045258563	0.3535136272804085	False
mafba-mut|adrenal gland|36	mafba-mut	36	adrenal gland	1	15.0	-0.00013834687251859998			False
mafba-mut|anterior migratory muscle|36	mafba-mut	36	anterior migratory muscle	8	44.0	-0.005985918360627666	3.759594556753207e-05	0.0006715727373555124	True
mafba-mut|basal cell|36	mafba-mut	36	basal cell	8	44.0	0.009328410105317556	0.004218801620726532	0.024699503761874717	True
mafba-mut|cardiomyocyte|36	mafba-mut	36	cardiomyocyte	8	44.0	0.0008010004141725509	0.16064820290192605	0.3127240835264966	False
mafba-mut|chondrocranium|36	mafba-mut	36	chondrocranium	1	7.0	6.0863299298157144e-05			False
mafba-mut|connective tissue-meninges-dermal FB|36	mafba-mut	36	connective tissue-meninges-dermal FB	8	44.0	-0.00048790478147215516	0.9044598476796938	0.9476719785291021	False
mafba-mut|contains head vasculature?|36	mafba-mut	36	contains head vasculature?	5	31.0	-0.0001687306601935773	0.030892981668208634	0.10243671704884749	False
mafba-mut|cranial muscle (early)|36	mafba-mut	36	cranial muscle (early)	8	44.0	-0.0027926426505042487	0.0005081026783075916	0.005107930858326696	True
mafba-mut|cranial muscle (mid)|36	mafba-mut	36	cranial muscle (mid)	3	36.0	-1.6039587139361246e-06	0.9964299307414979	0.9978281912102014	False
mafba-mut|cranial muscle (non-somitic, fast-twitch)|36	mafba-mut	36	cranial muscle (non-somitic, fast-twitch)	8	44.0	0.0016506882195575188	0.18626960802066148	0.34506873300733076	False
mafba-mut|cranial muscle (progenitor)|36	mafba-mut	36	cranial muscle (progenitor)	7	37.0	-0.0003410473828283683	0.011451061715276649	0.050931931123168225	False
mafba-mut|cranial neural crest|36	mafba-mut	36	cranial neural crest	8	44.0	-0.0018377583496981282	0.003142191650110848	0.01964461096560916	True
mafba-mut|differentiating neuron (hindbrain)|36	mafba-mut	36	differentiating neuron (hindbrain)	8	44.0	-0.0067805702037536195	0.01679173008656276	0.06669518614776422	False
mafba-mut|differentiating neuron 1|36	mafba-mut	36	differentiating neuron 1	8	43.0	-0.005722346277161728	0.0016126563059119692	0.011998135342634258	True
mafba-mut|differentiating neuron 2|36	mafba-mut	36	differentiating neuron 2	8	43.0	-0.001898334426511185	0.0019657124783301707	0.013793198963573373	True
mafba-mut|dorsal spinal cord neuron|36	mafba-mut	36	dorsal spinal cord neuron	4	26.0	0.0008306012271075481	0.39093879171247553	0.5664605911315743	False
mafba-mut|endothelium (dorsal aorta)|36	mafba-mut	36	endothelium (dorsal aorta)	8	44.0	0.0001086480877054534	0.9051181880704047	0.9482122591404445	False
mafba-mut|endothelium (f8+, clic2+)|36	mafba-mut	36	endothelium (f8+, clic2+)	8	44.0	-0.00035276479238546495	0.34847214089517875	0.5255554644231645	False
mafba-mut|endothelium (vein + early artery)|36	mafba-mut	36	endothelium (vein + early artery)	8	44.0	0.0017684193687792418	0.19548649202941354	0.3552113042207965	False
mafba-mut|eye, optic cup|36	mafba-mut	36	eye, optic cup	8	44.0	-0.0078121270942661785	0.004560417227600099	0.02607675767243284	True
mafba-mut|fast-committed myocyte|36	mafba-mut	36	fast-committed myocyte	2	24.0	-0.00032651709956071657	0.028857129065228138	0.09699323350452249	False
mafba-mut|fin bud mesoderm (pectoral)|36	mafba-mut	36	fin bud mesoderm (pectoral)	8	40.0	0.0007835876822257599	0.11603826754483544	0.2528941580306433	False
mafba-mut|fin fold|36	mafba-mut	36	fin fold	8	44.0	0.00604847359384298	0.0006253105159656341	0.0059615328243782465	True
mafba-mut|fin mesenchyme|36	mafba-mut	36	fin mesenchyme	6	30.0	-0.0003269143943318467	0.026702286312472984	0.09193611012765956	False
mafba-mut|floor plate|36	mafba-mut	36	floor plate	8	44.0	0.0013830231046524366	0.10514336102488918	0.23556225017207977	False
mafba-mut|glia|36	mafba-mut	36	glia	8	44.0	5.9597961203757856e-05	0.8845199612428603	0.9353849430053647	False
mafba-mut|hair cell|36	mafba-mut	36	hair cell	8	39.0	0.00026749770819455313	0.35659303924906127	0.5336848526599126	False
mafba-mut|hatching gland|36	mafba-mut	36	hatching gland	8	44.0	-0.001569931453358096	0.30991619264557485	0.4887026815685441	False
mafba-mut|head mesenchyme|36	mafba-mut	36	head mesenchyme	8	44.0	-0.007173256109593264	0.003656339938129722	0.021967792847081377	True
mafba-mut|head mesenchyme (maybe ventral, hand2+)|36	mafba-mut	36	head mesenchyme (maybe ventral, hand2+)	8	44.0	-0.005327688653797135	0.0002638256235149307	0.003101775081666056	True
mafba-mut|head mesenchyme/PA cartilage|36	mafba-mut	36	head mesenchyme/PA cartilage	8	43.0	-0.004374513139839582	1.8414358624669887e-06	5.882856397160164e-05	True
mafba-mut|head/eye connective tissue|36	mafba-mut	36	head/eye connective tissue	8	44.0	-0.003315959077562157	1.6550675172368856e-05	0.00035363098559611266	True
mafba-mut|hypochord|36	mafba-mut	36	hypochord	8	38.0	-0.00019718520981432748	0.4573180913633057	0.6263146572772396	False
mafba-mut|hypophysis/locus coeruleus|36	mafba-mut	36	hypophysis/locus coeruleus	8	41.0	-0.00016984268401324884	0.13208855405531184	0.2743758804931376	False
mafba-mut|intestine|36	mafba-mut	36	intestine	8	44.0	-0.0014433791294913645	0.16603743384409014	0.3205458303004006	False
mafba-mut|ionocyte/goblet cell|36	mafba-mut	36	ionocyte/goblet cell	8	44.0	-0.0013936411197202798	0.051646817605851596	0.1451747474580727	False
mafba-mut|iridophore|36	mafba-mut	36	iridophore	8	44.0	-0.0008793195858324467	0.0016231110581460483	0.012037469845290727	True
mafba-mut|jaw chondrocyte|36	mafba-mut	36	jaw chondrocyte	1	7.0	0.00023619825744340006			False
mafba-mut|lens|36	mafba-mut	36	lens	8	43.0	-0.0003857581798816321	0.5154487598941713	0.6773100671340258	False
mafba-mut|liver|36	mafba-mut	36	liver	5	36.0	-0.0007489021835730298	8.315633533483025e-07	3.0510952369851832e-05	True
mafba-mut|mature fast muscle|36	mafba-mut	36	mature fast muscle	8	44.0	0.0457130776452367	7.137522002798147e-06	0.00018102608285722782	True
mafba-mut|mature slow muscle|36	mafba-mut	36	mature slow muscle	8	44.0	-0.0013489872460700492	0.5866470702532349	0.7338610282064657	False
mafba-mut|melanophore|36	mafba-mut	36	melanophore	8	44.0	0.0024661610506321657	0.002128321795438202	0.014580101371842116	True
mafba-mut|mesodermal progenitor cells (contains PSM)|36	mafba-mut	36	mesodermal progenitor cells (contains PSM)	2	12.0	0.0005405701162741166	0.5336188623108603	0.694049195548183	False
mafba-mut|motor neuron|36	mafba-mut	36	motor neuron	8	43.0	-0.0005664896055999694	0.4011770264271044	0.5764635184822613	False
mafba-mut|myeloid cell|36	mafba-mut	36	myeloid cell	8	43.0	0.00030200868306726105	0.5779287232886772	0.7266483190640037	False
mafba-mut|neural crest + pigment cell progenitor|36	mafba-mut	36	neural crest + pigment cell progenitor	2	19.0	-7.382585091423688e-05	0.6206272264176439	0.7581007205046404	False
mafba-mut|neural progenitor (MHB)|36	mafba-mut	36	neural progenitor (MHB)	8	43.0	-0.00283507263870871	0.17488754497809564	0.3313737486111906	False
mafba-mut|neural progenitor (hindbrain R7/8)|36	mafba-mut	36	neural progenitor (hindbrain R7/8)	8	44.0	-0.0020041614908498876	0.2498235271368149	0.4215493870791229	False
mafba-mut|neural progenitor (hindbrain)|36	mafba-mut	36	neural progenitor (hindbrain)	8	43.0	-0.0003632979922036112	0.6777812165108361	0.7985560609422884	False
mafba-mut|neural progenitor (telencephalon/diencephalon)|36	mafba-mut	36	neural progenitor (telencephalon/diencephalon)	8	44.0	-0.004469643374951978	0.1945799545655121	0.3541451104047735	False
mafba-mut|neural tube-like connective tissue (+ taste bud)|36	mafba-mut	36	neural tube-like connective tissue (+ taste bud)	8	44.0	-0.0038329483518359537	0.011494466222582933	0.05106147315523587	False
mafba-mut|neuromast support cell|36	mafba-mut	36	neuromast support cell	8	44.0	-0.0011244864016995123	0.014741231061542898	0.06095549496201155	False
mafba-mut|neuron (+ spinal cord)|36	mafba-mut	36	neuron (+ spinal cord)	8	42.0	-0.0005147050972839316	0.12516011776107255	0.26495348280418196	False
mafba-mut|neuron (cranial ganglia sensory, Rohon-Beard)|36	mafba-mut	36	neuron (cranial ganglia sensory, Rohon-Beard)	8	44.0	-0.0011615461550178417	0.28878622973255663	0.4658860151912695	False
mafba-mut|neuron (dopaminergic)|36	mafba-mut	36	neuron (dopaminergic)	3	22.0	-3.889631122528482e-05	0.2711559217452315	0.44566685629410424	False
mafba-mut|neuron (telencephalon, glutamatergic)|36	mafba-mut	36	neuron (telencephalon, glutamatergic)	8	43.0	0.00024165000468667156	0.81555511213331	0.890317680322958	False
mafba-mut|neurons (differentiating, contains peripheral)|36	mafba-mut	36	neurons (differentiating, contains peripheral)	8	44.0	-0.010778406937863711	0.003977836516319046	0.023516658052437776	True
mafba-mut|neurons (gabaergic, glutamatergic)|36	mafba-mut	36	neurons (gabaergic, glutamatergic)	8	44.0	-0.004511383414788628	0.044804387181547445	0.1309923147193702	False
mafba-mut|neurons (gabaergic, glutamatergic; contains Purkinje)|36	mafba-mut	36	neurons (gabaergic, glutamatergic; contains Purkinje)	8	44.0	0.0007367116723583228	0.6679280450849545	0.7914375641208136	False
mafba-mut|notochord|36	mafba-mut	36	notochord	8	44.0	-0.00010116542145828175	0.9761601179307111	0.9883565417719907	False
mafba-mut|olfactory vesicle/bulb|36	mafba-mut	36	olfactory vesicle/bulb	8	43.0	-0.0010077921674811995	0.1446020286152069	0.29170627812630534	False
mafba-mut|osteoblast|36	mafba-mut	36	osteoblast	1	1.0	0.0001987102601531			False
mafba-mut|pancreas|36	mafba-mut	36	pancreas	7	37.0	-3.441031364456097e-05	0.9384932395436075	0.9671077782987714	False
mafba-mut|pectoral fin bud (osteoblast+)|36	mafba-mut	36	pectoral fin bud (osteoblast+)	8	44.0	-0.00020344986999250823	0.7367326766028763	0.839723336842275	False
mafba-mut|periderm|36	mafba-mut	36	periderm	8	44.0	0.034629691665719026	0.27737520654229925	0.45264200576463126	False
mafba-mut|periocular mesenchyme|36	mafba-mut	36	periocular mesenchyme	8	44.0	-0.002408023734144242	6.52753190326692e-08	3.3365730382468218e-06	True
mafba-mut|pharyngeal arch (contains muscle, early cartilage)|36	mafba-mut	36	pharyngeal arch (contains muscle, early cartilage)	8	44.0	6.286541738825986e-06	0.9918761518325926	0.9960091450224384	False
mafba-mut|pharyngeal arch (early)|36	mafba-mut	36	pharyngeal arch (early)	8	44.0	-0.005953752468487068	0.013784449109734902	0.058138997684225806	False
mafba-mut|pharynx|36	mafba-mut	36	pharynx	4	29.0	0.00018709947963998965	0.5528331748951895	0.7083641433047694	False
mafba-mut|posterior lateral line primordium|36	mafba-mut	36	posterior lateral line primordium	8	40.0	-0.0009552520772109775	0.01809961226091502	0.06972285418769873	False
mafba-mut|posterior spinal cord progenitors|36	mafba-mut	36	posterior spinal cord progenitors	8	43.0	-0.00036124323834812143	0.5691451603127352	0.7196181907730274	False
mafba-mut|primordial germ cell|36	mafba-mut	36	primordial germ cell	8	34.0	0.0007183416697258692	0.0017946518417549676	0.012896008861099813	True
mafba-mut|pronephric duct|36	mafba-mut	36	pronephric duct	7	31.0	-0.00011827609015393407	0.7798431506179917	0.8690353405763132	False
mafba-mut|pronephric podocyte|36	mafba-mut	36	pronephric podocyte	2	27.0	-0.00024654018557148885	0.004596378913267985	0.026182131425736378	True
mafba-mut|pronephros distal tubule|36	mafba-mut	36	pronephros distal tubule	8	44.0	0.000976636019534365	0.191034733677576	0.35076700892166135	False
mafba-mut|pronephros proximal tubule|36	mafba-mut	36	pronephros proximal tubule	8	44.0	-0.0013969179802136578	0.08156427335549057	0.19826198271169024	False
mafba-mut|red blood cell|36	mafba-mut	36	red blood cell	7	39.0	-0.00010487985811833745	0.7135105712540426	0.8239715203333804	False
mafba-mut|retinal neuron|36	mafba-mut	36	retinal neuron	8	44.0	-0.002246040825171755	0.5543703830263667	0.7090695550880828	False
mafba-mut|retinal pigmented epithelium (early)|36	mafba-mut	36	retinal pigmented epithelium (early)	8	43.0	0.000565138860025691	0.36132138786402135	0.5383364624117538	False
mafba-mut|retinal pigmented epithelium (late)|36	mafba-mut	36	retinal pigmented epithelium (late)	1	1.0	6.437127064060002e-05			False
mafba-mut|roof plate, flexural + subcommissural organ|36	mafba-mut	36	roof plate, flexural + subcommissural organ	8	43.0	-0.0007375198952952473	0.012619274951436037	0.0545221599819847	False
mafba-mut|satellite cells|36	mafba-mut	36	satellite cells	1	22.0	-0.00015214995326069995			False
mafba-mut|support cells/otic vesicle|36	mafba-mut	36	support cells/otic vesicle	8	44.0	-0.000559820471021882	0.5096336386255012	0.6727737292171078	False
mafba-mut|thyroid follicle cell|36	mafba-mut	36	thyroid follicle cell	2	29.0	-0.0007956353131861396	0.0031624615485971257	0.01969499249337198	True
mafba-mut|unknown|36	mafba-mut	36	unknown	4					False
mafba-mut|unknown (dcn+, col6+)|36	mafba-mut	36	unknown (dcn+, col6+)	8	33.0	-9.377332103354882e-06	0.96796200666014	0.9839540361414456	False
mafba-mut|xanthophore|36	mafba-mut	36	xanthophore	8	44.0	0.0016827762253827034	0.0014701754734649686	0.011158670220280371	True
mafba-mut|KA neuron|48	mafba-mut	48	KA neuron	8	39.0	0.00024242328648957237	0.37726749788504144	0.553164722737445	False
mafba-mut|adrenal gland|48	mafba-mut	48	adrenal gland	4	23.0	1.807582010359787e-05	0.8579985661376921	0.9189878259163384	False
mafba-mut|anterior migratory muscle|48	mafba-mut	48	anterior migratory muscle	8	44.0	0.0030019401392606133	0.017212739766072724	0.06745580535255574	False
mafba-mut|basal cell|48	mafba-mut	48	basal cell	8	44.0	-0.006549731596270855	0.011946151179476294	0.05246673799578319	False
mafba-mut|cardiomyocyte|48	mafba-mut	48	cardiomyocyte	8	44.0	0.0025321815136634205	0.01191321655151321	0.05235669575714635	False
mafba-mut|chondrocranium|48	mafba-mut	48	chondrocranium	8	44.0	-0.0009753922274031933	0.0009438804680323831	0.008050755225005937	True
mafba-mut|connective tissue-meninges-dermal FB|48	mafba-mut	48	connective tissue-meninges-dermal FB	8	44.0	0.0018584084019417774	0.5747195674499324	0.7238460056301744	False
mafba-mut|contains head vasculature?|48	mafba-mut	48	contains head vasculature?	1	2.0	-0.00030282399035825			False
mafba-mut|cranial muscle (early)|48	mafba-mut	48	cranial muscle (early)	8	44.0	-0.0011819882045788288	0.030461169725619526	0.10135927532636042	False
mafba-mut|cranial muscle (late)|48	mafba-mut	48	cranial muscle (late)	7	33.0	-0.000610876851358227	0.0015267430953051677	0.011450573214788758	True
mafba-mut|cranial muscle (mid)|48	mafba-mut	48	cranial muscle (mid)	8	44.0	-0.003480961829240066	2.1286025465876908e-07	9.12552511101626e-06	True
mafba-mut|cranial muscle (non-somitic, fast-twitch)|48	mafba-mut	48	cranial muscle (non-somitic, fast-twitch)	8	44.0	0.001594947336431866	0.06278510483660371	0.16701642179312715	False
mafba-mut|cranial muscle (progenitor)|48	mafba-mut	48	cranial muscle (progenitor)	1	11.0	0.00018783885002036363			False
mafba-mut|cranial neural crest|48	mafba-mut	48	cranial neural crest	8	44.0	-0.00038059788613300453	0.34764598741924835	0.5247859124036587	False
mafba-mut|differentiating neuron (hindbrain)|48	mafba-mut	48	differentiating neuron (hindbrain)	8	44.0	0.0006519843825538306	0.2916396609369516	0.4686688142505546	False
mafba-mut|differentiating neuron 1|48	mafba-mut	48	differentiating neuron 1	8	44.0	0.001247500825393666	0.061949210543855215	0.16532229078872204	False
mafba-mut|differentiating neuron 2|48	mafba-mut	48	differentiating neuron 2	8	41.0	0.0008167500722566386	0.0060460911781843995	0.03242637278372505	True
mafba-mut|dorsal spinal cord neuron|48	mafba-mut	48	dorsal spinal cord neuron	8	41.0	-0.00037048189745939215	0.1192723845481483	0.25712600413621134	False
mafba-mut|endothelium (dorsal aorta)|48	mafba-mut	48	endothelium (dorsal aorta)	8	44.0	0.0007156926565036002	0.3672588272448368	0.5431911706656313	False
mafba-mut|endothelium (f8+, clic2+)|48	mafba-mut	48	endothelium (f8+, clic2+)	8	44.0	-3.2502664838200994e-05	0.9282219811302339	0.9597067161366741	False
mafba-mut|endothelium (vein + early artery)|48	mafba-mut	48	endothelium (vein + early artery)	8	44.0	0.0033121328759192076	0.015453953691086911	0.06286181021295512	False
mafba-mut|eye, optic cup|48	mafba-mut	48	eye, optic cup	8	44.0	0.0008079569210459429	0.28842834362316644	0.4654216472501071	False
mafba-mut|fast-committed myocyte|48	mafba-mut	48	fast-committed myocyte	1	13.0	-0.00013245299875456156			False
mafba-mut|fin bud mesoderm (pectoral)|48	mafba-mut	48	fin bud mesoderm (pectoral)	8	44.0	-2.8808230212186512e-05	0.9495480295331736	0.9737263358407312	False
mafba-mut|fin fold|48	mafba-mut	48	fin fold	8	44.0	0.0020160124877664914	0.2145200576288352	0.37815015234565635	False
mafba-mut|fin mesenchyme|48	mafba-mut	48	fin mesenchyme	1	3.0	6.626270528406665e-05			False
mafba-mut|floor plate|48	mafba-mut	48	floor plate	8	44.0	0.0022830968676850463	0.006442477431494614	0.033949454823379625	True
mafba-mut|glia|48	mafba-mut	48	glia	8	43.0	-0.000303496758274931	0.681997390912406	0.8016756877079316	False
mafba-mut|hair cell|48	mafba-mut	48	hair cell	8	42.0	-0.0005460112332836566	0.0010658105173771064	0.008875076300715379	True
mafba-mut|hatching gland|48	mafba-mut	48	hatching gland	8	44.0	-0.008494766779231102	4.0107081250019205e-05	0.0007050570235618455	True
mafba-mut|head mesenchyme|48	mafba-mut	48	head mesenchyme	8	44.0	0.004342633528066724	0.04385943764893928	0.12935906044261053	False
mafba-mut|head mesenchyme (maybe ventral, hand2+)|48	mafba-mut	48	head mesenchyme (maybe ventral, hand2+)	8	44.0	0.00017739488697873784	0.9255053044442401	0.9583890833772752	False
mafba-mut|head mesenchyme/PA cartilage|48	mafba-mut	48	head mesenchyme/PA cartilage	8	44.0	-0.00027415502061320113	0.5606770967232271	0.7141459282587395	False
mafba-mut|head/eye connective tissue|48	mafba-mut	48	head/eye connective tissue	8	43.0	-0.00014195996431177506	0.6425102379024945	0.7733165243365471	False
mafba-mut|hypochord|48	mafba-mut	48	hypochord	8	28.0	-3.522229608538387e-05	0.8664174627749754	0.924132269685347	False
mafba-mut|hypophysis/locus coeruleus|48	mafba-mut	48	hypophysis/locus coeruleus	8	41.0	-0.00040992739535145864	0.0605551745733343	0.1629105809877759	False
mafba-mut|intestine|48	mafba-mut	48	intestine	8	44.0	-0.002147278970008328	0.027501410729831956	0.094005593775583	False
mafba-mut|ionocyte/goblet cell|48	mafba-mut	48	ionocyte/goblet cell	8	44.0	-0.0010436007153235205	0.06776035867709605	0.1751332490895773	False
mafba-mut|iridophore|48	mafba-mut	48	iridophore	8	44.0	-0.0009031700443754224	0.011911563042711066	0.05235669575714635	False
mafba-mut|jaw chondrocyte|48	mafba-mut	48	jaw chondrocyte	5	40.0	-0.0015585048394537778	1.9372479134683403e-05	0.00040228163703116	True
mafba-mut|lens|48	mafba-mut	48	lens	8	44.0	0.0004827174729132421	0.33746130220599113	0.5157383516924589	False
mafba-mut|liver|48	mafba-mut	48	liver	7	44.0	-0.0010461464745834838	0.0004983208929388705	0.005026555796566727	True
mafba-mut|mature fast muscle|48	mafba-mut	48	mature fast muscle	8	44.0	0.03089595003042385	0.0003813756958200134	0.004120717884104047	True
mafba-mut|mature slow muscle|48	mafba-mut	48	mature slow muscle	8	44.0	0.012046537574820285	0.0021024653928808754	0.014492379735607309	True
mafba-mut|melanophore|48	mafba-mut	48	melanophore	8	44.0	0.0016082789163970827	0.07762168151619832	0.19153214766993606	False
mafba-mut|mesodermal progenitor cells (contains PSM)|48	mafba-mut	48	mesodermal progenitor cells (contains PSM)	1	2.0	-9.853907300100002e-06			False
mafba-mut|motor neuron|48	mafba-mut	48	motor neuron	8	44.0	4.1626176211873554e-05	0.9579244296411598	0.9783903834868592	False
mafba-mut|myeloid cell|48	mafba-mut	48	myeloid cell	8	43.0	-4.474169047298179e-05	0.8717935966134078	0.927187651968005	False
mafba-mut|neural crest + pigment cell progenitor|48	mafba-mut	48	neural crest + pigment cell progenitor	2	8.0	-9.630989670897499e-05	0.12022010341078794	0.2585734437436363	False
mafba-mut|neural progenitor (MHB)|48	mafba-mut	48	neural progenitor (MHB)	8	44.0	-0.0007215608474785721	0.19268550975798443	0.3522407736841283	False
mafba-mut|neural progenitor (hindbrain R7/8)|48	mafba-mut	48	neural progenitor (hindbrain R7/8)	8	43.0	0.0009127102145781037	0.04538616326479019	0.13210295877990838	False
mafba-mut|neural progenitor (hindbrain)|48	mafba-mut	48	neural progenitor (hindbrain)	4	21.0	-0.0004152369987245047	0.08284368452708601	0.20047206252093466	False
mafba-mut|neural progenitor (telencephalon/diencephalon)|48	mafba-mut	48	neural progenitor (telencephalon/diencephalon)	8	44.0	-0.004217032018885857	0.0071636410929054595	0.036673647967917396	True
mafba-mut|neural tube-like connective tissue (+ taste bud)|48	mafba-mut	48	neural tube-like connective tissue (+ taste bud)	8	44.0	-0.002812902478306305	0.01487980738558743	0.061288434693081754	False
mafba-mut|neuromast support cell|48	mafba-mut	48	neuromast support cell	8	44.0	-0.0006516909399361349	0.23845336987890425	0.4080336889498988	False
mafba-mut|neuron (+ spinal cord)|48	mafba-mut	48	neuron (+ spinal cord)	8	44.0	-0.0002460384495548977	0.49492055408203894	0.659199655617388	False
mafba-mut|neuron (cranial ganglia sensory, Rohon-Beard)|48	mafba-mut	48	neuron (cranial ganglia sensory, Rohon-Beard)	8	44.0	-0.00014374717700519311	0.9033041925519552	0.9469642315711887	False
mafba-mut|neuron (dopaminergic)|48	mafba-mut	48	neuron (dopaminergic)	3	25.0	-7.098120803429733e-05	0.09833333189866446	0.2254744618587389	False
mafba-mut|neuron (telencephalon, glutamatergic)|48	mafba-mut	48	neuron (telencephalon, glutamatergic)	8	44.0	-0.0010253734097402907	0.011210835157471333	0.05019946066131874	False
mafba-mut|neurons (differentiating, contains peripheral)|48	mafba-mut	48	neurons (differentiating, contains peripheral)	8	44.0	-0.006820981341931959	0.002245070559891424	0.015209525929394641	True
mafba-mut|neurons (gabaergic, glutamatergic)|48	mafba-mut	48	neurons (gabaergic, glutamatergic)	8	44.0	-0.023009898551015324	2.57321726599628e-08	1.5544571575041163e-06	True
mafba-mut|neurons (gabaergic, glutamatergic; contains Purkinje)|48	mafba-mut	48	neurons (gabaergic, glutamatergic; contains Purkinje)	8	44.0	-0.013189126086835678	4.336311000654791e-05	0.0007503850676914345	True
mafba-mut|notochord|48	mafba-mut	48	notochord	8	44.0	0.0064538437831042645	0.058637635372815425	0.15923460852160135	False
mafba-mut|odontoblast|48	mafba-mut	48	odontoblast	1	4.0	-8.069010615399978e-06			False
mafba-mut|olfactory vesicle/bulb|48	mafba-mut	48	olfactory vesicle/bulb	8	44.0	-0.0009366593014426845	0.18108558234113226	0.3390571131746475	False
mafba-mut|osteoblast|48	mafba-mut	48	osteoblast	6	33.0	9.744041971287271e-05	0.7306336858545152	0.8354948963178891	False
mafba-mut|pancreas|48	mafba-mut	48	pancreas	7	43.0	-0.000869864027614811	0.01501926400380392	0.06160679586745497	False
mafba-mut|pectoral fin bud (osteoblast+)|48	mafba-mut	48	pectoral fin bud (osteoblast+)	8	44.0	0.0012385770006652134	0.01690331465195757	0.06685864634658217	False
mafba-mut|periderm|48	mafba-mut	48	periderm	8	44.0	0.01915579994458705	0.33479633267618725	0.5135553163973371	False
mafba-mut|periocular mesenchyme|48	mafba-mut	48	periocular mesenchyme	8	44.0	-0.0013681755885192443	0.02863664370596119	0.09654515343790568	False
mafba-mut|pharyngeal arch (contains muscle, early cartilage)|48	mafba-mut	48	pharyngeal arch (contains muscle, early cartilage)	8	44.0	-0.00559808518101673	0.004537144956876866	0.025990800205557565	True
mafba-mut|pharyngeal arch (early)|48	mafba-mut	48	pharyngeal arch (early)	8	44.0	-0.006076177930098932	0.002271279057166518	0.015338058267145845	True
mafba-mut|pharynx|48	mafba-mut	48	pharynx	5	20.0	7.159527265164999e-05	0.5590403733801774	0.7126075735874312	False
mafba-mut|posterior lateral line primordium|48	mafba-mut	48	posterior lateral line primordium	8	42.0	-0.00042369474187302803	0.07678560577628199	0.19003365004968112	False
mafba-mut|posterior spinal cord progenitors|48	mafba-mut	48	posterior spinal cord progenitors	8	39.0	0.0013668972279595652	0.017009745994233872	0.06711981124209268	False
mafba-mut|primordial germ cell|48	mafba-mut	48	primordial germ cell	6	37.0	5.024111110595757e-05	0.7607350493740263	0.8543323310952179	False
mafba-mut|pronephric duct|48	mafba-mut	48	pronephric duct	3	32.0	-0.0003540815473553656	1.5602669318308094e-05	0.00034105176848735945	True
mafba-mut|pronephric podocyte|48	mafba-mut	48	pronephric podocyte	6	35.0	-2.0154900718933884e-05	0.9441603805911087	0.9699977936035742	False
mafba-mut|pronephros distal tubule|48	mafba-mut	48	pronephros distal tubule	8	44.0	0.0008752223887640203	0.14428080445245406	0.29114665824067937	False
mafba-mut|pronephros proximal tubule|48	mafba-mut	48	pronephros proximal tubule	8	44.0	0.00024956025891672033	0.6562235667723447	0.783211942789936	False
mafba-mut|red blood cell|48	mafba-mut	48	red blood cell	7	37.0	0.0001005553163404637	0.6618202516312276	0.7872888600231842	False
mafba-mut|retinal neuron|48	mafba-mut	48	retinal neuron	8	44.0	0.0012934609310609746	0.8012852830179242	0.8815006766570516	False
mafba-mut|retinal pigmented epithelium (early)|48	mafba-mut	48	retinal pigmented epithelium (early)	8	44.0	-0.0015136608890007897	0.09359539114773943	0.2190331028857555	False
mafba-mut|retinal pigmented epithelium (late)|48	mafba-mut	48	retinal pigmented epithelium (late)	3	21.0	-0.00020180869926150955	0.00041976963281668454	0.004420553423243849	True
mafba-mut|roof plate, flexural + subcommissural organ|48	mafba-mut	48	roof plate, flexural + subcommissural organ	8	44.0	-0.0004922768746277203	0.06916200233829428	0.1775131346226209	False
mafba-mut|satellite cells|48	mafba-mut	48	satellite cells	1	12.0	-1.0850521443783354e-05			False
mafba-mut|support cells/otic vesicle|48	mafba-mut	48	support cells/otic vesicle	8	44.0	-0.0022442680526538854	0.004767409085132658	0.026938293682573566	True
mafba-mut|thyroid follicle cell|48	mafba-mut	48	thyroid follicle cell	4	23.0	-0.00015891456881803474	0.14884823321512322	0.29729381115554365	False
mafba-mut|unknown|48	mafba-mut	48	unknown	4					False
mafba-mut|unknown (dcn+, col6+)|48	mafba-mut	48	unknown (dcn+, col6+)	8	39.0	0.0006567878994478225	0.458662398639763	0.6272508003624666	False
mafba-mut|vascular smooth muscle|48	mafba-mut	48	vascular smooth muscle	1	8.0	-0.00015686958326131248			False
mafba-mut|xanthophore|48	mafba-mut	48	xanthophore	8	44.0	-0.000800817839403473	0.10120170200331202	0.23006681827301007	False
met|KA neuron|36	met	36	KA neuron	5	44.0	-0.0006309393442458641	0.04385210948496393	0.12935906044261053	False
met|adrenal gland|36	met	36	adrenal gland	4	15.0	-0.00010193374602115004	0.33031597907403143	0.5104534141737067	False
met|anterior migratory muscle|36	met	36	anterior migratory muscle	8	44.0	-0.001460448997986967	0.49030800918971884	0.6555056213059696	False
met|basal cell|36	met	36	basal cell	8	44.0	0.0028849148719023443	0.434834074105109	0.6089509847056794	False
met|cardiomyocyte|36	met	36	cardiomyocyte	8	44.0	0.002374585302402388	0.20521887171777556	0.3665402856110467	False
met|chondrocranium|36	met	36	chondrocranium	2	7.0	-2.095340524292872e-06	0.9847330737605362	0.9919880050061362	False
met|connective tissue-meninges-dermal FB|36	met	36	connective tissue-meninges-dermal FB	8	44.0	-0.0025972485438919	0.30409108046888533	0.4830708175270722	False
met|contains head vasculature?|36	met	36	contains head vasculature?	5	31.0	3.0508494441002626e-05	0.7925216758957128	0.8774252809608483	False
met|cranial muscle (early)|36	met	36	cranial muscle (early)	8	44.0	-0.0007665239391055857	0.3645433498205254	0.5408065253328209	False
met|cranial muscle (mid)|36	met	36	cranial muscle (mid)	6	36.0	-1.9478586545602743e-05	0.8956830169850452	0.9420407799724003	False
met|cranial muscle (non-somitic, fast-twitch)|36	met	36	cranial muscle (non-somitic, fast-twitch)	8	44.0	-0.001272560527713444	0.12586457866606787	0.26593644681590495	False
met|cranial muscle (progenitor)|36	met	36	cranial muscle (progenitor)	5	37.0	-0.0004303923280360541	0.006901183131571602	0.03577095312737386	True
met|cranial neural crest|36	met	36	cranial neural crest	8	44.0	-0.0009771435343974783	0.014817956928725182	0.061234654099116194	False
met|differentiating neuron (hindbrain)|36	met	36	differentiating neuron (hindbrain)	8	44.0	-0.004003231543649094	0.04951227789321379	0.14090324907940283	False
met|differentiating neuron 1|36	met	36	differentiating neuron 1	8	43.0	-0.0029311551145426284	0.027068997576056537	0.09282226088789511	False
met|differentiating neuron 2|36	met	36	differentiating neuron 2	8	43.0	-0.0010498868443356347	0.07323166868375337	0.18446718665790035	False
met|dorsal spinal cord neuron|36	met	36	dorsal spinal cord neuron	3	26.0	0.0002735969905692898	0.059394978819397176	0.16065850364424036	False
met|endothelium (dorsal aorta)|36	met	36	endothelium (dorsal aorta)	8	44.0	-0.0010350242450897842	0.37235389826837084	0.5474096579631249	False
met|endothelium (f8+, clic2+)|36	met	36	endothelium (f8+, clic2+)	8	44.0	0.0008112531277145103	0.06587619666227458	0.17220587207742508	False
met|endothelium (vein + early artery)|36	met	36	endothelium (vein + early artery)	8	44.0	-0.003866724528809708	0.003800789521886895	0.022603701977515052	True
met|eye, optic cup|36	met	36	eye, optic cup	8	44.0	-0.0053308476530450535	0.005185187264349599	0.028784936818381856	True
met|fast-committed myocyte|36	met	36	fast-committed myocyte	1	24.0	-0.00023672587454571663			False
met|fin bud mesoderm (pectoral)|36	met	36	fin bud mesoderm (pectoral)	1	40.0	0.0008728639029204474			False
met|fin fold|36	met	36	fin fold	8	44.0	-0.011796183022011355	0.0007082417122331243	0.006491401624536704	True
met|fin mesenchyme|36	met	36	fin mesenchyme	6	30.0	-0.0001166567000711467	0.5900153121346874	0.7364109220764459	False
met|floor plate|36	met	36	floor plate	8	44.0	0.0004790698509203996	0.6097612323630628	0.7502325708889027	False
met|glia|36	met	36	glia	8	44.0	-0.000744161240326467	0.030663770703309987	0.10182946343003241	False
met|hair cell|36	met	36	hair cell	6	39.0	-0.00039070878712182185	0.003035659877263652	0.019229704370273562	True
met|hatching gland|36	met	36	hatching gland	8	44.0	0.011026748698208206	0.0177518008042211	0.06869186742648259	False
met|head mesenchyme|36	met	36	head mesenchyme	8	44.0	-0.011894604110158614	5.147564300975341e-07	1.9939749486070472e-05	True
met|head mesenchyme (maybe ventral, hand2+)|36	met	36	head mesenchyme (maybe ventral, hand2+)	8	44.0	0.0006529609006159266	0.6799265704579555	0.8002323876537575	False
met|head mesenchyme/PA cartilage|36	met	36	head mesenchyme/PA cartilage	8	43.0	-0.0003764377628635313	0.8273963158794175	0.898545184449459	False
met|head/eye connective tissue|36	met	36	head/eye connective tissue	8	44.0	0.0004312437061231309	0.5374409290809992	0.6966923843224714	False
met|hypochord|36	met	36	hypochord	5	38.0	-0.0007650767589246724	0.00014115658673012654	0.0018949202400438197	True
met|hypophysis/locus coeruleus|36	met	36	hypophysis/locus coeruleus	7	41.0	-1.2750265191063185e-05	0.9532087333521929	0.975222791859172	False
met|intestine|36	met	36	intestine	8	44.0	-0.0024506160856266144	0.019241028667384308	0.07272846160111987	False
met|ionocyte/goblet cell|36	met	36	ionocyte/goblet cell	8	44.0	0.0007728063198136695	0.4746852960464937	0.642551190105714	False
met|iridophore|36	met	36	iridophore	7	44.0	-5.113541158359479e-05	0.8699412970942687	0.9259586607706898	False
met|jaw chondrocyte|36	met	36	jaw chondrocyte	1	7.0	-7.189858600959996e-05			False
met|lens|36	met	36	lens	8	43.0	0.0007811516029607559	0.557815431462054	0.7123287294582636	False
met|liver|36	met	36	liver	7	36.0	-0.00036358850458339273	0.08581283957593529	0.20548696179534776	False
met|mature fast muscle|36	met	36	mature fast muscle	8	44.0	-0.002648510137012741	0.768873579116469	0.8601287766378682	False
met|mature slow muscle|36	met	36	mature slow muscle	8	44.0	-0.017915343481319748	1.559023632117921e-08	1.0146905109435683e-06	True
met|melanophore|36	met	36	melanophore	8	44.0	2.1337515152716237e-05	0.9783327410712448	0.9895009230469439	False
met|mesodermal progenitor cells (contains PSM)|36	met	36	mesodermal progenitor cells (contains PSM)	1	12.0	-0.00016832103683208334			False
met|motor neuron|36	met	36	motor neuron	8	43.0	-0.001757061500925782	0.001836074203871996	0.013088299636516436	True
met|myeloid cell|36	met	36	myeloid cell	7	43.0	0.0006336197782775294	0.2790424755004042	0.4543585517520671	False
met|neural crest + pigment cell progenitor|36	met	36	neural crest + pigment cell progenitor	2	19.0	-8.47530255149869e-05	0.7436894151465354	0.8441850209892311	False
met|neural progenitor (MHB)|36	met	36	neural progenitor (MHB)	8	43.0	-0.003022936049309484	0.031174783007910704	0.10306290203361523	False
met|neural progenitor (hindbrain R7/8)|36	met	36	neural progenitor (hindbrain R7/8)	8	44.0	-0.0048828541081681505	6.513288494645523e-05	0.00103542588628994	True
met|neural progenitor (hindbrain)|36	met	36	neural progenitor (hindbrain)	8	43.0	-0.0007288872929332858	0.12629805367273766	0.2664287513191561	False
met|neural progenitor (telencephalon/diencephalon)|36	met	36	neural progenitor (telencephalon/diencephalon)	8	44.0	-0.006831426087405629	0.00133769589132445	0.01046995194093165	True
met|neural tube-like connective tissue (+ taste bud)|36	met	36	neural tube-like connective tissue (+ taste bud)	8	44.0	0.0027043191399096327	0.192162566587994	0.35176866528298073	False
met|neuromast support cell|36	met	36	neuromast support cell	8	44.0	-0.000896394438134062	0.18182320392140014	0.3396725302383199	False
met|neuron (+ spinal cord)|36	met	36	neuron (+ spinal cord)	8	42.0	-0.0005063970138506819	0.12292147544065689	0.2620874163113633	False
met|neuron (cranial ganglia sensory, Rohon-Beard)|36	met	36	neuron (cranial ganglia sensory, Rohon-Beard)	8	44.0	-0.0019152854374129922	0.03511736145899987	0.11154216349078311	False
met|neuron (dopaminergic)|36	met	36	neuron (dopaminergic)	2	22.0	8.929749331093183e-05	0.727826027038164	0.8336548816885391	False
met|neuron (telencephalon, glutamatergic)|36	met	36	neuron (telencephalon, glutamatergic)	8	43.0	-0.0008542752912785783	0.13132695704388458	0.27364930371797214	False
met|neurons (differentiating, contains peripheral)|36	met	36	neurons (differentiating, contains peripheral)	8	44.0	-0.007276140269194136	0.004199075745629076	0.024605695176106886	True
met|neurons (gabaergic, glutamatergic)|36	met	36	neurons (gabaergic, glutamatergic)	8	44.0	-0.007076680841368066	8.254878069312333e-05	0.001246674199331374	True
met|neurons (gabaergic, glutamatergic; contains Purkinje)|36	met	36	neurons (gabaergic, glutamatergic; contains Purkinje)	8	44.0	-0.0021819871058768384	0.2403591563690507	0.4095350241211133	False
met|notochord|36	met	36	notochord	8	44.0	-0.009966458510459856	2.9509925989931793e-08	1.6904608465784204e-06	True
met|olfactory vesicle/bulb|36	met	36	olfactory vesicle/bulb	8	43.0	-0.00011123340816181215	0.8253834453331579	0.8974815637561152	False
met|pancreas|36	met	36	pancreas	6	37.0	-0.0004541624022923491	0.05740732020234908	0.15691963913805415	False
met|pectoral fin bud (osteoblast+)|36	met	36	pectoral fin bud (osteoblast+)	8	44.0	-0.0013287776591507706	0.02222302284456084	0.0807391945336833	False
met|periderm|36	met	36	periderm	8	44.0	0.12160059488959438	0.0016355538223176648	0.012102734019266016	True
met|periocular mesenchyme|36	met	36	periocular mesenchyme	8	44.0	-0.0007730267590761297	0.17360745206252337	0.3300508677869859	False
met|pharyngeal arch (NC-derived)|36	met	36	pharyngeal arch (NC-derived)	7	42.0	-0.0011175720776254025	0.0004371003679597102	0.004524193060891394	True
met|pharyngeal arch (contains muscle, early cartilage)|36	met	36	pharyngeal arch (contains muscle, early cartilage)	8	44.0	-0.0013666967567629246	0.0035250556768951355	0.02131391717285548	True
met|pharyngeal arch (early)|36	met	36	pharyngeal arch (early)	8	44.0	0.0006520235611418672	0.848622599076526	0.9128420304360012	False
met|pharynx|36	met	36	pharynx	3	29.0	0.00012074074544978961	0.6682432789818746	0.7916699213468635	False
met|posterior lateral line primordium|36	met	36	posterior lateral line primordium	7	40.0	-0.0004935688517828686	0.13006933704219298	0.2718813289227343	False
met|posterior spinal cord progenitors|36	met	36	posterior spinal cord progenitors	7	43.0	-0.002785322430239784	0.002711001766337121	0.01773299608521431	True
met|primordial germ cell|36	met	36	primordial germ cell	7	34.0	3.988324945603688e-05	0.8047139275565572	0.8829795324658724	False
met|pronephric duct|36	met	36	pronephric duct	6	31.0	-0.00047321945962073154	0.28585176465504447	0.46283746981792656	False
met|pronephric podocyte|36	met	36	pronephric podocyte	3	27.0	0.00021251234541191108	0.3893097368125065	0.5649302262499888	False
met|pronephros distal tubule|36	met	36	pronephros distal tubule	8	44.0	-0.0010272272919002474	0.16958365575626633	0.32446973581928873	False
met|pronephros proximal tubule|36	met	36	pronephros proximal tubule	8	44.0	-0.0018970445114153698	0.007774242693089489	0.03840880497812614	True
met|red blood cell|36	met	36	red blood cell	8	39.0	0.00022940017671318948	0.39468107868501234	0.5703905541239467	False
met|retinal neuron|36	met	36	retinal neuron	8	44.0	-0.00577422021689083	0.023917569514325037	0.08499050771266838	False
met|retinal pigmented epithelium (early)|36	met	36	retinal pigmented epithelium (early)	8	43.0	-0.0013758047224937597	0.13414733169059867	0.2776975137333421	False
met|roof plate, flexural + subcommissural organ|36	met	36	roof plate, flexural + subcommissural organ	8	43.0	-0.0001852359891178347	0.6805958998005632	0.8007828179303478	False
met|satellite cells|36	met	36	satellite cells	1	22.0	0.0004147726494904001			False
met|support cells/otic vesicle|36	met	36	support cells/otic vesicle	8	44.0	-0.0014309971157573445	0.013587069386893238	0.05772767012525932	False
met|thyroid follicle cell|36	met	36	thyroid follicle cell	2	29.0	-0.0005590109778741896	0.125526650798963	0.2654413529789133	False
met|unknown|36	met	36	unknown	3					False
met|unknown (dcn+, col6+)|36	met	36	unknown (dcn+, col6+)	1	33.0	0.00015721529756115762			False
met|xanthophore|36	met	36	xanthophore	8	44.0	0.0008082370825555534	0.3378966625966755	0.5160476494954973	False
met|KA neuron|48	met	48	KA neuron	8	39.0	-0.00022009503331840252	0.3713611340722719	0.5466758387040866	False
met|adrenal gland|48	met	48	adrenal gland	5	23.0	0.00019819369766454792	0.17220248147655257	0.3283249802274404	False
met|anterior migratory muscle|48	met	48	anterior migratory muscle	8	44.0	-0.0031138499512069744	0.0011918960700023663	0.009610059244463311	True
met|basal cell|48	met	48	basal cell	8	44.0	-0.012337287915461306	0.007081410040216343	0.036364737030322725	True
met|cardiomyocyte|48	met	48	cardiomyocyte	8	44.0	0.0009590130239554703	0.33689241051289254	0.5154616780700371	False
met|chondrocranium|48	met	48	chondrocranium	6	44.0	-0.0009476772461020684	0.00046787885291640755	0.004783161504045428	True
met|connective tissue-meninges-dermal FB|48	met	48	connective tissue-meninges-dermal FB	8	44.0	-0.013127041962807721	0.01025599403538167	0.04677493504812025	True
met|cranial muscle (early)|48	met	48	cranial muscle (early)	8	44.0	-0.0024624057780490037	5.940188189574679e-05	0.0009639640030720982	True
met|cranial muscle (late)|48	met	48	cranial muscle (late)	5	33.0	-0.0006606460493864899	0.0014224248145270233	0.010927182534719155	True
met|cranial muscle (mid)|48	met	48	cranial muscle (mid)	8	44.0	-0.003307513198889391	4.123748071458326e-09	3.3830007326963674e-07	True
met|cranial muscle (non-somitic, fast-twitch)|48	met	48	cranial muscle (non-somitic, fast-twitch)	8	44.0	-0.0016214391533501335	0.0010730732427652687	0.008913214622719013	True
met|cranial muscle (progenitor)|48	met	48	cranial muscle (progenitor)	1	11.0	-7.219405124863636e-05			False
met|cranial neural crest|48	met	48	cranial neural crest	8	44.0	-0.0008689289606288171	0.1281973992626018	0.26915378139020185	False
met|differentiating neuron (hindbrain)|48	met	48	differentiating neuron (hindbrain)	8	44.0	-0.0014117699965076442	0.0006448084577577548	0.006112342655920515	True
met|differentiating neuron 1|48	met	48	differentiating neuron 1	8	44.0	-0.0015795556299577091	0.013489883509313363	0.05742490449672473	False
met|differentiating neuron 2|48	met	48	differentiating neuron 2	6	41.0	0.0005210731727318134	0.14867412242814912	0.29717840655201133	False
met|dorsal spinal cord neuron|48	met	48	dorsal spinal cord neuron	8	41.0	-0.0003182565770756796	0.23115716635394382	0.39980202249400226	False
met|endothelium (dorsal aorta)|48	met	48	endothelium (dorsal aorta)	8	44.0	-0.003512635979675551	0.006735052590227025	0.035074000362114874	True
met|endothelium (f8+, clic2+)|48	met	48	endothelium (f8+, clic2+)	8	44.0	-0.0006070501338266887	0.0023469486259300085	0.015753003655863542	True
met|endothelium (vein + early artery)|48	met	48	endothelium (vein + early artery)	8	44.0	-0.001672912536860454	0.03276521292213121	0.10646691436066594	False
met|eye, optic cup|48	met	48	eye, optic cup	8	44.0	-0.0006537821014346561	0.3372066935908814	0.5157131331625722	False
met|fast-committed myocyte|48	met	48	fast-committed myocyte	1	13.0	5.859587690838471e-06			False
met|fin bud mesoderm (pectoral)|48	met	48	fin bud mesoderm (pectoral)	8	44.0	-0.0010072754851229368	0.025867315335271313	0.09006165706578911	False
met|fin fold|48	met	48	fin fold	8	44.0	-0.0032900026349167825	0.09487799421786428	0.22060840281138938	False
met|floor plate|48	met	48	floor plate	8	44.0	0.0007647569021988843	0.1366466831420792	0.2806853816009633	False
met|glia|48	met	48	glia	7	43.0	-0.0008750982007574935	0.028783223717174084	0.09689185491419543	False
met|hair cell|48	met	48	hair cell	7	42.0	-0.0003516161456069047	0.326551993343902	0.5066397375134787	False
met|hatching gland|48	met	48	hatching gland	8	44.0	0.024324426179507874	0.013937889071115053	0.05850743706731493	False
met|head mesenchyme|48	met	48	head mesenchyme	8	44.0	-0.00292399280045914	0.06725825100889803	0.1743100928058219	False
met|head mesenchyme (maybe ventral, hand2+)|48	met	48	head mesenchyme (maybe ventral, hand2+)	8	44.0	-0.005614303388360709	1.651496260936771e-05	0.00035363098559611266	True
met|head mesenchyme/PA cartilage|48	met	48	head mesenchyme/PA cartilage	8	44.0	-0.002970575629994851	7.186705301438935e-05	0.001123662511248511	True
met|head/eye connective tissue|48	met	48	head/eye connective tissue	7	43.0	-0.000806520248103943	0.00012333519089401156	0.0017181600492467647	True
met|hypochord|48	met	48	hypochord	5	28.0	-8.849875814949642e-05	0.6089617360727366	0.7497777906620965	False
met|hypophysis/locus coeruleus|48	met	48	hypophysis/locus coeruleus	6	41.0	-0.0004209084865758753	0.013847988380007885	0.05822041184616855	False
met|intestine|48	met	48	intestine	8	44.0	-0.004411225471159853	4.7680699251743696e-06	0.00013256830398654263	True
met|ionocyte/goblet cell|48	met	48	ionocyte/goblet cell	8	44.0	-0.0012060533519329206	0.2020429207816353	0.36266213090058524	False
met|iridophore|48	met	48	iridophore	8	44.0	-0.00130479767476096	0.0005797406851146086	0.005640376065280489	True
met|jaw chondrocyte|48	met	48	jaw chondrocyte	7	40.0	-0.0009077790356041033	0.05945411484042248	0.1606902733818807	False
met|lens|48	met	48	lens	8	44.0	-0.0012712763767744081	0.02873192696601073	0.09680164464045206	False
met|liver|48	met	48	liver	8	44.0	0.0003452121748006285	0.3960801594783475	0.5719149630016557	False
met|mature fast muscle|48	met	48	mature fast muscle	8	44.0	0.009981503583561327	0.18508765197777635	0.3433010955561098	False
met|mature slow muscle|48	met	48	mature slow muscle	8	44.0	0.0022374798009474964	0.42597079077242717	0.6010184566375744	False
met|melanophore|48	met	48	melanophore	8	44.0	-0.0029506832620250427	0.00024095430118362124	0.0029058826340565575	True
met|motor neuron|48	met	48	motor neuron	8	44.0	-0.0018883520849632632	0.026565892691235056	0.09160054884632156	False
met|myeloid cell|48	met	48	myeloid cell	8	43.0	-0.0009396910905428817	0.001402944866395798	0.01081504482273791	True
met|neural crest + pigment cell progenitor|48	met	48	neural crest + pigment cell progenitor	2	8.0	-9.933245118597496e-05	0.10280432801828296	0.23204305695702793	False
met|neural progenitor (MHB)|48	met	48	neural progenitor (MHB)	8	44.0	-0.0007132617021351475	0.27774874208769135	0.45288330470519905	False
met|neural progenitor (hindbrain R7/8)|48	met	48	neural progenitor (hindbrain R7/8)	7	43.0	-0.001133890755631452	0.008774692945073761	0.04155939744833581	True
met|neural progenitor (hindbrain)|48	met	48	neural progenitor (hindbrain)	1	21.0	0.0001551868324748953			False
met|neural progenitor (telencephalon/diencephalon)|48	met	48	neural progenitor (telencephalon/diencephalon)	8	44.0	-0.006660652663926445	0.004388960872936633	0.02533852736808334	True
met|neural tube-like connective tissue (+ taste bud)|48	met	48	neural tube-like connective tissue (+ taste bud)	8	44.0	-0.0032235301873380934	0.02189577664146965	0.07985589230656741	False
met|neuromast support cell|48	met	48	neuromast support cell	8	44.0	-0.0030278038088136726	2.885815407202271e-09	2.578803617702943e-07	True
met|neuron (+ spinal cord)|48	met	48	neuron (+ spinal cord)	8	44.0	-0.0007305800214377977	0.09753082756161374	0.2244700265354717	False
met|neuron (cranial ganglia sensory, Rohon-Beard)|48	met	48	neuron (cranial ganglia sensory, Rohon-Beard)	8	44.0	-0.0037354112143851304	0.0009370573236114311	0.008034510858578012	True
met|neuron (dopaminergic)|48	met	48	neuron (dopaminergic)	4	25.0	0.00013317949701168602	0.3076212319546646	0.48681042504265154	False
met|neuron (telencephalon, glutamatergic)|48	met	48	neuron (telencephalon, glutamatergic)	8	44.0	-0.0003948680806906534	0.4455677042273637	0.6161235202616107	False
met|neurons (differentiating, contains peripheral)|48	met	48	neurons (differentiating, contains peripheral)	8	44.0	-0.008575399187252107	0.037181744334216074	0.1158198474386821	False
met|neurons (gabaergic, glutamatergic)|48	met	48	neurons (gabaergic, glutamatergic)	8	44.0	-0.010952522586474563	0.1773445305550665	0.33453455650069686	False
met|neurons (gabaergic, glutamatergic; contains Purkinje)|48	met	48	neurons (gabaergic, glutamatergic; contains Purkinje)	8	44.0	-0.006938736625163665	0.11473165856994426	0.25086932253941413	False
met|notochord|48	met	48	notochord	8	44.0	0.001510895738097524	0.549502623711368	0.7051844215067672	False
met|olfactory vesicle/bulb|48	met	48	olfactory vesicle/bulb	8	44.0	-0.001702504161925072	0.001133139098227287	0.009284475101997931	True
met|osteoblast|48	met	48	osteoblast	2	33.0	-7.288399795236065e-05	0.9023622899542945	0.9469642315711887	False
met|pancreas|48	met	48	pancreas	8	43.0	-0.00029738252085954116	0.31432636694460875	0.4930215043926445	False
met|pectoral fin bud (osteoblast+)|48	met	48	pectoral fin bud (osteoblast+)	8	44.0	-0.0004455847321351491	0.2234280362539441	0.38947515763574464	False
met|periderm|48	met	48	periderm	8	44.0	0.1286581998616238	0.00043008606016993716	0.0044803938799224795	True
met|periocular mesenchyme|48	met	48	periocular mesenchyme	8	44.0	-0.001117117491806444	0.020617431886141797	0.07641357075469404	False
met|pharyngeal arch (NC-derived)|48	met	48	pharyngeal arch (NC-derived)	1	11.0	-2.856431994937268e-05			False
met|pharyngeal arch (contains muscle, early cartilage)|48	met	48	pharyngeal arch (contains muscle, early cartilage)	8	44.0	-0.004748870335377355	0.015292257439068728	0.0624951111209174	False
met|pharyngeal arch (early)|48	met	48	pharyngeal arch (early)	8	44.0	-0.007437223555939556	0.0016398768289692905	0.012115787372529453	True
met|pharynx|48	met	48	pharynx	4	20.0	9.542709105849856e-07	0.9887659997131379	0.9940015231609381	False
met|posterior lateral line primordium|48	met	48	posterior lateral line primordium	8	42.0	-3.864176447126544e-05	0.9067626401197215	0.9483556486955311	False
met|posterior spinal cord progenitors|48	met	48	posterior spinal cord progenitors	8	39.0	0.00022753117517397754	0.4078938604887975	0.5826428854144582	False
met|primordial germ cell|48	met	48	primordial germ cell	4	37.0	1.229866686152433e-05	0.9142738950329147	0.9526971981329336	False
met|pronephric duct|48	met	48	pronephric duct	7	32.0	8.343822115299156e-05	0.5365490274016114	0.6962250121233563	False
met|pronephric podocyte|48	met	48	pronephric podocyte	3	35.0	-0.00034341268280635044	0.03834384033515014	0.11828914532361778	False
met|pronephros distal tubule|48	met	48	pronephros distal tubule	8	44.0	0.0006634629926582326	0.24742361845795532	0.418779914583065	False
met|pronephros proximal tubule|48	met	48	pronephros proximal tubule	8	44.0	0.0006077405997577203	0.24209651308644684	0.4118615794827033	False
met|red blood cell|48	met	48	red blood cell	6	37.0	-5.055142484829817e-05	0.6785320835492165	0.799082572331634	False
met|retinal neuron|48	met	48	retinal neuron	8	44.0	-0.0188923253292091	2.654936041322275e-07	1.0957795027693488e-05	True
met|retinal pigmented epithelium (early)|48	met	48	retinal pigmented epithelium (early)	8	44.0	-0.003414594284852502	0.00017949543343377913	0.0022893419484980087	True
met|retinal pigmented epithelium (late)|48	met	48	retinal pigmented epithelium (late)	2	21.0	-0.00021910347058045953	0.00014012849823374522	0.0018849268638931923	True
met|roof plate, flexural + subcommissural organ|48	met	48	roof plate, flexural + subcommissural organ	8	44.0	-0.0006386542852552452	0.0101974069956628	0.046635767024211496	True
met|support cells/otic vesicle|48	met	48	support cells/otic vesicle	8	44.0	-0.0009666809212800845	0.3389910218805742	0.5170221188127458	False
met|thyroid follicle cell|48	met	48	thyroid follicle cell	1	23.0	0.0002741426853993652			False
met|unknown|48	met	48	unknown	6					False
met|unknown (dcn+, col6+)|48	met	48	unknown (dcn+, col6+)	8	39.0	4.755866529869727e-05	0.9165042100924372	0.9541344776738429	False
met|xanthophore|48	met	48	xanthophore	8	44.0	-0.0019501756823046982	5.76543115185009e-06	0.00015324516001617537	True
met-mut|KA neuron|48	met-mut	48	KA neuron	8	39.0	0.0004909818167541224	0.14160323167537903	0.2876653850452136	False
met-mut|adrenal gland|48	met-mut	48	adrenal gland	3	23.0	-3.4783130830352176e-05	0.6330429781936708	0.7660846093784269	False
met-mut|anterior migratory muscle|48	met-mut	48	anterior migratory muscle	8	44.0	-0.0006270198898573106	0.5758734189981168	0.7249679364650801	False
met-mut|basal cell|48	met-mut	48	basal cell	8	44.0	0.010300376822689687	0.011265351561025884	0.0504096034498431	False
met-mut|cardiomyocyte|48	met-mut	48	cardiomyocyte	8	44.0	0.00011347450812210745	0.8751479861960407	0.9291997528075722	False
met-mut|chondrocranium|48	met-mut	48	chondrocranium	8	44.0	-0.0004658506466161934	0.053129978328308985	0.14828517042534686	False
met-mut|connective tissue-meninges-dermal FB|48	met-mut	48	connective tissue-meninges-dermal FB	8	44.0	0.006503919853618201	0.13887369741821826	0.28350713343903544	False
met-mut|cranial muscle (early)|48	met-mut	48	cranial muscle (early)	8	44.0	0.0006129510142173587	0.3475855891671584	0.5247859124036587	False
met-mut|cranial muscle (late)|48	met-mut	48	cranial muscle (late)	6	33.0	-0.0006053723385138032	0.00012937433062349446	0.0017799015051617405	True
met-mut|cranial muscle (mid)|48	met-mut	48	cranial muscle (mid)	8	44.0	-0.0019032502712522407	0.006969328753262582	0.03592817196238251	True
met-mut|cranial muscle (non-somitic, fast-twitch)|48	met-mut	48	cranial muscle (non-somitic, fast-twitch)	8	44.0	0.000712151625564178	0.2595832340833267	0.4322778962802849	False
met-mut|cranial muscle (progenitor)|48	met-mut	48	cranial muscle (progenitor)	2	11.0	-5.8641638781886364e-05	0.3235385507833298	0.5030489571141636	False
met-mut|cranial neural crest|48	met-mut	48	cranial neural crest	8	44.0	-0.0003276338177904798	0.6118769243653625	0.7511248101101525	False
met-mut|differentiating neuron (hindbrain)|48	met-mut	48	differentiating neuron (hindbrain)	8	44.0	-0.0010036867633200818	0.05270580542884218	0.14734121879455458	False
met-mut|differentiating neuron 1|48	met-mut	48	differentiating neuron 1	8	44.0	0.00018975476242960327	0.7967842598124446	0.8793608049250448	False
met-mut|differentiating neuron 2|48	met-mut	48	differentiating neuron 2	8	41.0	-8.727799097174908e-05	0.7279623967484978	0.8336548816885391	False
met-mut|dorsal spinal cord neuron|48	met-mut	48	dorsal spinal cord neuron	8	41.0	0.0005324960337137704	0.29086903839388245	0.46808816549979365	False
met-mut|endothelium (dorsal aorta)|48	met-mut	48	endothelium (dorsal aorta)	8	44.0	-0.0008617791320627757	0.4472532171510939	0.6174937934695656	False
met-mut|endothelium (f8+, clic2+)|48	met-mut	48	endothelium (f8+, clic2+)	8	44.0	-0.0005276930929793136	0.036069501795231496	0.11339823013375354	False
met-mut|endothelium (vein + early artery)|48	met-mut	48	endothelium (vein + early artery)	8	44.0	0.0010039893444200466	0.21081231229524908	0.37345982809968814	False
met-mut|eye, optic cup|48	met-mut	48	eye, optic cup	8	44.0	-0.0013598013012855945	0.10481462695162559	0.23506351538763146	False
met-mut|fin bud mesoderm (pectoral)|48	met-mut	48	fin bud mesoderm (pectoral)	8	44.0	0.00014526393671566344	0.7244699770256222	0.8311974312717989	False
met-mut|fin fold|48	met-mut	48	fin fold	8	44.0	0.006644554108174678	0.009571301796723702	0.04425977761950522	True
met-mut|fin mesenchyme|48	met-mut	48	fin mesenchyme	2	3.0	1.382364282281667e-05	0.8853091731695565	0.9357212431543984	False
met-mut|floor plate|48	met-mut	48	floor plate	8	44.0	0.0018954335953873837	0.016608552737773737	0.06618165578599892	False
met-mut|glia|48	met-mut	48	glia	8	43.0	0.0010310989737830067	0.12419177795989753	0.2634911764187481	False
met-mut|hair cell|48	met-mut	48	hair cell	8	42.0	0.0007422183322119435	0.1318333112610425	0.2741649967473827	False
met-mut|hatching gland|48	met-mut	48	hatching gland	8	44.0	-0.00040504518047404167	0.8435429251001408	0.9095152908146091	False
met-mut|head mesenchyme|48	met-mut	48	head mesenchyme	8	44.0	-0.0016515085064576895	0.46936368730961364	0.6376858928996898	False
met-mut|head mesenchyme (maybe ventral, hand2+)|48	met-mut	48	head mesenchyme (maybe ventral, hand2+)	8	44.0	-0.00035747537548268607	0.6978415450978246	0.8142082569327861	False
met-mut|head mesenchyme/PA cartilage|48	met-mut	48	head mesenchyme/PA cartilage	8	44.0	-0.00010969144938102575	0.9056834137918177	0.9483556486955311	False
met-mut|head/eye connective tissue|48	met-mut	48	head/eye connective tissue	8	43.0	0.00028625438551011244	0.4082888917232762	0.5828312965630871	False
met-mut|hypochord|48	met-mut	48	hypochord	6	28.0	0.00027284316388180357	0.15301699212803194	0.30252838818529376	False
met-mut|hypophysis/locus coeruleus|48	met-mut	48	hypophysis/locus coeruleus	8	41.0	7.5957190267329e-05	0.8300735789013977	0.9005451317224142	False
met-mut|intestine|48	met-mut	48	intestine	8	44.0	-0.000403962021443615	0.8148085353497772	0.8899412750491895	False
met-mut|ionocyte/goblet cell|48	met-mut	48	ionocyte/goblet cell	8	44.0	-4.891639694225812e-05	0.9209570048907758	0.95690586699628	False
met-mut|iridophore|48	met-mut	48	iridophore	8	44.0	-0.0003868772467303474	0.43529811710943345	0.6090873843318984	False
met-mut|jaw chondrocyte|48	met-mut	48	jaw chondrocyte	8	40.0	-0.0007643718833203427	0.05084933012049503	0.1436993052330725	False
met-mut|lens|48	met-mut	48	lens	8	44.0	0.0018516408923782294	0.14665256030143806	0.2944735427689391	False
met-mut|liver|48	met-mut	48	liver	8	44.0	0.0007681790983953161	0.228662267629215	0.396726049189591	False
met-mut|mature fast muscle|48	met-mut	48	mature fast muscle	8	44.0	-0.004561611854785194	0.6487334420454965	0.7772870036769427	False
met-mut|mature slow muscle|48	met-mut	48	mature slow muscle	8	44.0	-0.001643006877611243	0.4451873379552167	0.6159212701878857	False
met-mut|melanophore|48	met-mut	48	melanophore	8	44.0	-0.000584554827036855	0.4099348780184846	0.5843022875231296	False
met-mut|motor neuron|48	met-mut	48	motor neuron	8	44.0	-0.00011181127695762596	0.9117367631545026	0.9509481700143885	False
met-mut|myeloid cell|48	met-mut	48	myeloid cell	8	43.0	0.00017518234208335585	0.6955509426654387	0.8129385091955801	False
met-mut|neural progenitor (MHB)|48	met-mut	48	neural progenitor (MHB)	8	44.0	0.00010890384490075313	0.8539215730211402	0.9166163283881197	False
met-mut|neural progenitor (hindbrain R7/8)|48	met-mut	48	neural progenitor (hindbrain R7/8)	8	43.0	0.00026510756645594085	0.6021611430512148	0.7442843048900648	False
met-mut|neural progenitor (hindbrain)|48	met-mut	48	neural progenitor (hindbrain)	1	21.0	-0.00042708642314960474			False
met-mut|neural progenitor (telencephalon/diencephalon)|48	met-mut	48	neural progenitor (telencephalon/diencephalon)	8	44.0	0.0013208196017540294	0.4715805977648242	0.6395210351320932	False
met-mut|neural tube-like connective tissue (+ taste bud)|48	met-mut	48	neural tube-like connective tissue (+ taste bud)	8	44.0	0.004651506779290946	0.031950256038723326	0.10463748219680458	False
met-mut|neuromast support cell|48	met-mut	48	neuromast support cell	8	44.0	6.628627756930221e-05	0.8946631565148564	0.9414151504419985	False
met-mut|neuron (+ spinal cord)|48	met-mut	48	neuron (+ spinal cord)	8	44.0	-0.00010642483754998546	0.7525874595437668	0.8499224453889073	False
met-mut|neuron (cranial ganglia sensory, Rohon-Beard)|48	met-mut	48	neuron (cranial ganglia sensory, Rohon-Beard)	8	44.0	4.752153110495691e-05	0.9612579558601422	0.9800446296289237	False
met-mut|neuron (dopaminergic)|48	met-mut	48	neuron (dopaminergic)	6	25.0	4.291161405120265e-05	0.5362991869311647	0.6961727089583102	False
met-mut|neuron (telencephalon, glutamatergic)|48	met-mut	48	neuron (telencephalon, glutamatergic)	8	44.0	0.0007992060586671963	0.08558437224259184	0.20501375398414662	False
met-mut|neurons (differentiating, contains peripheral)|48	met-mut	48	neurons (differentiating, contains peripheral)	8	44.0	0.0028691318522806805	0.4300358901949459	0.6047806328773366	False
met-mut|neurons (gabaergic, glutamatergic)|48	met-mut	48	neurons (gabaergic, glutamatergic)	8	44.0	0.0005023697107441882	0.9074392364691266	0.9484664117651985	False
met-mut|neurons (gabaergic, glutamatergic; contains Purkinje)|48	met-mut	48	neurons (gabaergic, glutamatergic; contains Purkinje)	8	44.0	-0.0008897313739810904	0.7439499598063111	0.8441850209892311	False
met-mut|notochord|48	met-mut	48	notochord	8	44.0	0.003883956510680001	0.1522053202281652	0.30137901982833687	False
met-mut|olfactory vesicle/bulb|48	met-mut	48	olfactory vesicle/bulb	8	44.0	0.0006446967901770151	0.3641252810293415	0.5408065253328209	False
met-mut|osteoblast|48	met-mut	48	osteoblast	5	33.0	-0.0003554260549431405	0.022933079782995993	0.08273089856569402	False
met-mut|pancreas|48	met-mut	48	pancreas	8	43.0	-0.0002021603400446288	0.4964910058227485	0.6611588644673675	False
met-mut|pectoral fin bud (osteoblast+)|48	met-mut	48	pectoral fin bud (osteoblast+)	8	44.0	0.0002673815098390136	0.4480151576090381	0.6180321200564788	False
met-mut|periderm|48	met-mut	48	periderm	8	44.0	-0.03378208056380058	0.12023956977695051	0.2585734437436363	False
met-mut|periocular mesenchyme|48	met-mut	48	periocular mesenchyme	8	44.0	0.00018009261635668116	0.7630421905218623	0.8561088642712422	False
met-mut|pharyngeal arch (contains muscle, early cartilage)|48	met-mut	48	pharyngeal arch (contains muscle, early cartilage)	8	44.0	0.0017701293178770186	0.46502290968602233	0.6338619968951011	False
met-mut|pharyngeal arch (early)|48	met-mut	48	pharyngeal arch (early)	8	44.0	0.005316619311293982	0.09544181905473993	0.2215196952912144	False
met-mut|pharynx|48	met-mut	48	pharynx	3	20.0	-4.752860676619005e-05	0.30655357077369355	0.48570540719866323	False
met-mut|posterior lateral line primordium|48	met-mut	48	posterior lateral line primordium	8	42.0	-0.00011705335131235312	0.6070656919674238	0.748275185146268	False
met-mut|posterior spinal cord progenitors|48	met-mut	48	posterior spinal cord progenitors	8	39.0	0.0007304601543552901	0.18949366659942432	0.3487082288986914	False
met-mut|primordial germ cell|48	met-mut	48	primordial germ cell	6	37.0	4.348592241847429e-05	0.8190737772320444	0.8930623601260776	False
met-mut|pronephric duct|48	met-mut	48	pronephric duct	3	32.0	0.0001687298248232677	0.5605305236440432	0.714096113806493	False
met-mut|pronephric podocyte|48	met-mut	48	pronephric podocyte	8	35.0	-6.884766716691712e-05	0.7198397684434655	0.8282555324205174	False
met-mut|pronephros distal tubule|48	met-mut	48	pronephros distal tubule	7	44.0	0.0006626920307923664	0.25969200330337056	0.4322778962802849	False
met-mut|pronephros proximal tubule|48	met-mut	48	pronephros proximal tubule	8	44.0	0.0006455532085900954	0.2051340509645122	0.3665402856110467	False
met-mut|red blood cell|48	met-mut	48	red blood cell	7	37.0	-0.00016295428242023627	0.138420742566152	0.28319145146307884	False
met-mut|retinal neuron|48	met-mut	48	retinal neuron	8	44.0	-0.009482793742424403	0.041837302237731695	0.12503350148918332	False
met-mut|retinal pigmented epithelium (early)|48	met-mut	48	retinal pigmented epithelium (early)	8	44.0	0.0017431526643792222	0.04678956026804316	0.1351811426004986	False
met-mut|retinal pigmented epithelium (late)|48	met-mut	48	retinal pigmented epithelium (late)	5	21.0	-0.00014337792871156954	0.047153813762470645	0.13587905136670314	False
met-mut|roof plate, flexural + subcommissural organ|48	met-mut	48	roof plate, flexural + subcommissural organ	8	44.0	0.0001773360875738923	0.5541359633039586	0.7090695550880828	False
met-mut|satellite cells|48	met-mut	48	satellite cells	1	12.0	-1.789723993868335e-05			False
met-mut|support cells/otic vesicle|48	met-mut	48	support cells/otic vesicle	8	44.0	0.0028179923280961267	0.023833434272385965	0.08491859020911781	False
met-mut|thyroid follicle cell|48	met-mut	48	thyroid follicle cell	8	23.0	-0.00014728732452042221	0.07568472779621577	0.18836142929058192	False
met-mut|unknown|48	met-mut	48	unknown	5					False
met-mut|unknown (K+ channel, ciliated)|48	met-mut	48	unknown (K+ channel, ciliated)	4	2.0	-0.000146067435680725	0.5669986828053866	0.7186164881254613	False
met-mut|unknown (dcn+, col6+)|48	met-mut	48	unknown (dcn+, col6+)	8	39.0	-0.00013329762406695273	0.733886231863072	0.8384927803868834	False
met-mut|vascular smooth muscle|48	met-mut	48	vascular smooth muscle	1	8.0	-9.176306472031247e-05			False
met-mut|xanthophore|48	met-mut	48	xanthophore	8	44.0	-0.0007810033093863227	0.0556475891792067	0.15356238791355004	False
met-mut|KA neuron|72	met-mut	72	KA neuron	4	13.0	0.00026744855003703495	0.24723672804467545	0.418779914583065	False
met-mut|adrenal gland|72	met-mut	72	adrenal gland	3	9.0	1.2422518222821857e-05	0.8793872210031528	0.9318243904626846	False
met-mut|anterior migratory muscle|72	met-mut	72	anterior migratory muscle	8	16.0	-0.002202223706173175	0.033871606889967126	0.10862781263698434	False
met-mut|basal cell|72	met-mut	72	basal cell	8	16.0	-0.008668835487417717	0.09946362688423802	0.22736009654136966	False
met-mut|cardiomyocyte|72	met-mut	72	cardiomyocyte	8	16.0	0.0030761411082951247	0.04899867787996691	0.13962101823000864	False
met-mut|chondrocranium|72	met-mut	72	chondrocranium	8	16.0	0.0013374805268080193	0.26766313364886263	0.44167408072925063	False
met-mut|connective tissue-meninges-dermal FB|72	met-mut	72	connective tissue-meninges-dermal FB	8	16.0	0.002914430553954038	0.23611860574849589	0.4057429881558715	False
met-mut|contains head vasculature?|72	met-mut	72	contains head vasculature?	4	3.0	0.00015600691353495066	0.0400435789179971	0.12183588915297194	False
met-mut|cranial muscle (early)|72	met-mut	72	cranial muscle (early)	8	16.0	-0.0011422611540261689	0.05104233743397755	0.1440239202754908	False
met-mut|cranial muscle (late)|72	met-mut	72	cranial muscle (late)	8	16.0	-6.551237831146223e-05	0.9756509515648337	0.9880376960895588	False
met-mut|cranial muscle (mid)|72	met-mut	72	cranial muscle (mid)	8	16.0	-5.351528355583123e-05	0.8859924582928642	0.9358480186545991	False
met-mut|cranial muscle (non-somitic, fast-twitch)|72	met-mut	72	cranial muscle (non-somitic, fast-twitch)	8	16.0	-5.1357687320587736e-05	0.9522340551783367	0.974998882514264	False
met-mut|cranial neural crest|72	met-mut	72	cranial neural crest	8	16.0	-0.0009255599319002127	0.03154814524988135	0.1037809035571592	False
met-mut|differentiating neuron (hindbrain)|72	met-mut	72	differentiating neuron (hindbrain)	7	15.0	1.5361754022267127e-06	0.9893624887617527	0.9944507242205184	False
met-mut|differentiating neuron 1|72	met-mut	72	differentiating neuron 1	8	16.0	-0.00022815554624636874	0.06413777112826906	0.1687899426314607	False
met-mut|differentiating neuron 2|72	met-mut	72	differentiating neuron 2	4	7.0	-9.769620986778513e-07	0.9835553191598072	0.9914631516712559	False
met-mut|dorsal spinal cord neuron|72	met-mut	72	dorsal spinal cord neuron	6	13.0	4.4476721500996154e-05	0.65087310087355	0.7790078809986922	False
met-mut|endothelium (dorsal aorta)|72	met-mut	72	endothelium (dorsal aorta)	8	16.0	0.004485267023199508	0.004585377824401703	0.02617683474497364	True
met-mut|endothelium (f8+, clic2+)|72	met-mut	72	endothelium (f8+, clic2+)	8	16.0	0.0004292076752796686	0.12979047423270573	0.271469216643478	False
met-mut|endothelium (vein + early artery)|72	met-mut	72	endothelium (vein + early artery)	8	16.0	0.0015858715605735988	0.11363497091880284	0.24937397019664628	False
met-mut|eye, optic cup|72	met-mut	72	eye, optic cup	8	16.0	-0.001429428190245806	0.0014455346536876705	0.011028217880315236	True
met-mut|fast-committed myocyte|72	met-mut	72	fast-committed myocyte	4	4.0	0.00012454346434194198	0.2436158605407743	0.41381068335722015	False
met-mut|fin bud mesoderm (pectoral)|72	met-mut	72	fin bud mesoderm (pectoral)	8	16.0	-0.002013940852398737	0.0008877203876430898	0.007700916417608788	True
met-mut|fin fold|72	met-mut	72	fin fold	8	16.0	0.0025804929310666615	0.18393967708635967	0.34189626691996083	False
met-mut|fin mesenchyme|72	met-mut	72	fin mesenchyme	1	3.0	-2.446901129349999e-05			False
met-mut|floor plate|72	met-mut	72	floor plate	8	16.0	0.0023338459655803186	0.0049457752322409855	0.027710064516463507	True
met-mut|glia|72	met-mut	72	glia	8	16.0	0.0037128952879257136	0.06329113443546677	0.16784557681406165	False
met-mut|hair cell|72	met-mut	72	hair cell	8	16.0	0.0007952352688420936	0.25116014501798356	0.42284245341892596	False
met-mut|hatching gland|72	met-mut	72	hatching gland	8	16.0	-0.004706880720223419	0.031215412847136935	0.10313516464645982	False
met-mut|head mesenchyme|72	met-mut	72	head mesenchyme	8	16.0	-0.0021735212749123692	0.0172286795028477	0.06745580535255574	False
met-mut|head mesenchyme (maybe ventral, hand2+)|72	met-mut	72	head mesenchyme (maybe ventral, hand2+)	8	16.0	-0.0007037102446388922	0.6177797969259684	0.7557339378816383	False
met-mut|head mesenchyme/PA cartilage|72	met-mut	72	head mesenchyme/PA cartilage	8	16.0	-0.0002978070981403684	0.4410875403978757	0.6133138116643406	False
met-mut|head/eye connective tissue|72	met-mut	72	head/eye connective tissue	7	16.0	-2.278301135711432e-05	0.9303629146660497	0.9609988009770286	False
met-mut|hypochord|72	met-mut	72	hypochord	6	13.0	5.105743858808964e-05	0.7243323321011278	0.8311974312717989	False
met-mut|hypophysis/locus coeruleus|72	met-mut	72	hypophysis/locus coeruleus	7	16.0	0.0007048842544979535	0.0045639231261157855	0.02607675767243284	True
met-mut|intestine|72	met-mut	72	intestine	8	16.0	-0.002865170740101404	0.49178749299700164	0.6563088843545217	False
met-mut|ionocyte/goblet cell|72	met-mut	72	ionocyte/goblet cell	8	16.0	-0.00312065442869585	0.00019376013110859367	0.0024385152863950848	True
met-mut|iridophore|72	met-mut	72	iridophore	8	16.0	-0.0001976609536429065	0.7199845977695266	0.8282555324205174	False
met-mut|jaw chondrocyte|72	met-mut	72	jaw chondrocyte	8	16.0	-0.0022728690227187993	0.34723603758993726	0.5245245441657497	False
met-mut|lens|72	met-mut	72	lens	8	16.0	-0.0016341517868328622	0.09705610765310717	0.22385901956088067	False
met-mut|liver|72	met-mut	72	liver	8	16.0	0.00083744622591985	0.44888552330249587	0.6185906889973216	False
met-mut|mature fast muscle|72	met-mut	72	mature fast muscle	8	16.0	0.04429054471718158	0.0030579839125578837	0.019334256040863116	True
met-mut|mature slow muscle|72	met-mut	72	mature slow muscle	8	16.0	0.009892711595674474	0.004610521989016573	0.026185400527363355	True
met-mut|melanophore|72	met-mut	72	melanophore	8	16.0	0.004182344941297463	0.02175888943677245	0.07944385731173238	False
met-mut|mesodermal progenitor cells (contains PSM)|72	met-mut	72	mesodermal progenitor cells (contains PSM)	1					False
met-mut|mineralized tissue, bone|72	met-mut	72	mineralized tissue, bone	1	2.0	0.0001128674711112			False
met-mut|motor neuron|72	met-mut	72	motor neuron	8	16.0	0.00032931601403433756	0.49944498776364765	0.6633643701158182	False
met-mut|myeloid cell|72	met-mut	72	myeloid cell	8	16.0	-0.0011738719703766626	0.003226590285029415	0.01992629409295582	True
met-mut|neural crest + pigment cell progenitor|72	met-mut	72	neural crest + pigment cell progenitor	2	5.0	3.954879576134935e-05	0.47811103505211244	0.6453197545278413	False
met-mut|neural progenitor (MHB)|72	met-mut	72	neural progenitor (MHB)	8	16.0	-0.00010089569813808135	0.8479664246860883	0.9126073109464726	False
met-mut|neural progenitor (hindbrain R7/8)|72	met-mut	72	neural progenitor (hindbrain R7/8)	7	11.0	0.00014802998067775974	0.09315147085983266	0.2184554132945962	False
met-mut|neural progenitor (hindbrain)|72	met-mut	72	neural progenitor (hindbrain)	7	13.0	5.351311652909864e-05	0.45041036936690215	0.619663955371235	False
met-mut|neural progenitor (telencephalon/diencephalon)|72	met-mut	72	neural progenitor (telencephalon/diencephalon)	8	16.0	-0.0012402044955026371	0.5198718448345766	0.6805650923809617	False
met-mut|neural tube-like connective tissue (+ taste bud)|72	met-mut	72	neural tube-like connective tissue (+ taste bud)	8	16.0	-0.00039754922423155745	0.628203352221774	0.76342561732145	False
met-mut|neuromast support cell|72	met-mut	72	neuromast support cell	8	16.0	-0.0009763711140655376	0.1551017506564878	0.3055591856247736	False
met-mut|neuron (+ spinal cord)|72	met-mut	72	neuron (+ spinal cord)	5	14.0	7.161310920338559e-05	0.8032555073678259	0.8826910610979334	False
met-mut|neuron (cranial ganglia sensory, Rohon-Beard)|72	met-mut	72	neuron (cranial ganglia sensory, Rohon-Beard)	8	16.0	0.0011972493708011823	0.052242396222653247	0.1463535931279641	False
met-mut|neuron (dopaminergic)|72	met-mut	72	neuron (dopaminergic)	7	11.0	1.9533717743217905e-06	0.9677753956413311	0.9839148567987523	False
met-mut|neuron (telencephalon, glutamatergic)|72	met-mut	72	neuron (telencephalon, glutamatergic)	8	16.0	2.5720468784818165e-05	0.9755646318625565	0.9880376960895588	False
met-mut|neurons (differentiating, contains peripheral)|72	met-mut	72	neurons (differentiating, contains peripheral)	8	16.0	-0.00236193233714035	0.040032976342420305	0.12183588915297194	False
met-mut|neurons (gabaergic, glutamatergic)|72	met-mut	72	neurons (gabaergic, glutamatergic)	8	16.0	-0.005821496090783862	0.10718467356192726	0.2389272579064095	False
met-mut|neurons (gabaergic, glutamatergic; contains Purkinje)|72	met-mut	72	neurons (gabaergic, glutamatergic; contains Purkinje)	8	16.0	-5.1715202675287064e-05	0.9941090435315303	0.9964306402895109	False
met-mut|notochord|72	met-mut	72	notochord	8	16.0	0.0014044433618330548	0.6019974101220382	0.7442367981880826	False
met-mut|odontoblast|72	met-mut	72	odontoblast	7	15.0	0.0010561089391441475	0.03871617573763684	0.11888585387088578	False
met-mut|olfactory vesicle/bulb|72	met-mut	72	olfactory vesicle/bulb	8	16.0	0.0002837808394541685	0.626121539650923	0.7617315325852038	False
met-mut|osteoblast|72	met-mut	72	osteoblast	8	16.0	-0.0005301235112657376	0.09369165446576849	0.21906440672942704	False
met-mut|pancreas|72	met-mut	72	pancreas	8	16.0	-9.474901777466183e-05	0.9036391999399684	0.947110801829825	False
met-mut|pectoral fin bud (osteoblast+)|72	met-mut	72	pectoral fin bud (osteoblast+)	8	15.0	0.00013076706663654085	0.557248730884889	0.7119626642434316	False
met-mut|periderm|72	met-mut	72	periderm	8	16.0	-0.029425307677772045	0.24151613234472907	0.4110847078459848	False
met-mut|periocular mesenchyme|72	met-mut	72	periocular mesenchyme	8	16.0	-0.0004925876987188311	0.4768964771291082	0.643970146417989	False
met-mut|pharyngeal arch (contains muscle, early cartilage)|72	met-mut	72	pharyngeal arch (contains muscle, early cartilage)	8	16.0	-0.005997989317692708	0.05993096993925384	0.16175519709437117	False
met-mut|pharyngeal arch (early)|72	met-mut	72	pharyngeal arch (early)	8	16.0	-0.0017273120071677125	0.2582680153031688	0.4310106213289509	False
met-mut|pharynx|72	met-mut	72	pharynx	5	12.0	0.00010701666605973583	0.45447987490092573	0.6237130873020759	False
met-mut|posterior lateral line primordium|72	met-mut	72	posterior lateral line primordium	7	16.0	-1.4290033965222264e-05	0.9681144779654368	0.9839585050597013	False
met-mut|posterior spinal cord progenitors|72	met-mut	72	posterior spinal cord progenitors	8	16.0	0.00042175138934471255	0.10890985122642648	0.24123532046653462	False
met-mut|primordial germ cell|72	met-mut	72	primordial germ cell	8	14.0	0.0007300904304772838	0.0465373690394415	0.134804192357057	False
met-mut|pronephric duct|72	met-mut	72	pronephric duct	4	10.0	0.00017708005890077519	0.26675430345815376	0.4406120672332667	False
met-mut|pronephric podocyte|72	met-mut	72	pronephric podocyte	5	10.0	-0.0006795091172145101	0.009083511846410673	0.04268736649179556	True
met-mut|pronephros distal tubule|72	met-mut	72	pronephros distal tubule	8	16.0	9.683537166835666e-05	0.8467770713828275	0.9116908563187827	False
met-mut|pronephros proximal tubule|72	met-mut	72	pronephros proximal tubule	8	16.0	0.0005637695133172247	0.2205110946591323	0.3851891029036296	False
met-mut|red blood cell|72	met-mut	72	red blood cell	6	15.0	-0.00020607095397733326	0.2325882935795373	0.4010247044203491	False
met-mut|retinal neuron|72	met-mut	72	retinal neuron	8	16.0	-0.007159280757072034	0.25240186118736146	0.4241498878930238	False
met-mut|retinal pigmented epithelium (early)|72	met-mut	72	retinal pigmented epithelium (early)	8	16.0	0.001428151255207218	0.11447616648321769	0.25055801260901894	False
met-mut|retinal pigmented epithelium (late)|72	met-mut	72	retinal pigmented epithelium (late)	8	16.0	0.0005615373249346816	0.6451028124093974	0.7751732709693392	False
met-mut|roof plate, flexural + subcommissural organ|72	met-mut	72	roof plate, flexural + subcommissural organ	8	16.0	0.0004942767019333939	0.1914924177465695	0.3512191873933079	False
met-mut|support cells/otic vesicle|72	met-mut	72	support cells/otic vesicle	8	16.0	0.0008569102417205869	0.23241473955526498	0.4010247044203491	False
met-mut|swim bladder primordium|72	met-mut	72	swim bladder primordium	8	15.0	0.0003711862748978622	0.4537669672601494	0.6232495860776546	False
met-mut|thyroid follicle cell|72	met-mut	72	thyroid follicle cell	6	11.0	4.048721645128628e-05	0.6106546932114951	0.7504716915832043	False
met-mut|unknown|72	met-mut	72	unknown	6					False
met-mut|unknown (K+ channel, ciliated)|72	met-mut	72	unknown (K+ channel, ciliated)	6	15.0	-0.00013516853292747994	0.17314648122386916	0.3297673739560363	False
met-mut|unknown (dcn+, col6+)|72	met-mut	72	unknown (dcn+, col6+)	8	16.0	0.0014226853907914816	0.014834205593118937	0.061263701781401704	False
met-mut|vascular smooth muscle|72	met-mut	72	vascular smooth muscle	8	16.0	-0.0021481633171358807	0.01709764317944773	0.06725402651331763	False
met-mut|xanthophore|72	met-mut	72	xanthophore	8	15.0	0.0004996351674418583	0.3648564848001368	0.5410558673280315	False
noto|KA neuron|18	noto	18	KA neuron	4	17.0	-0.0005475046539089221	0.06591051720800224	0.1722278359603519	False
noto|anterior migratory muscle|18	noto	18	anterior migratory muscle	8	23.0	-0.0041119658204992904	0.035132843970836575	0.11154216349078311	False
noto|basal cell|18	noto	18	basal cell	3	14.0	0.00019227780975706666	0.19899893907989172	0.3594313536792282	False
noto|cardiomyocyte|18	noto	18	cardiomyocyte	8	23.0	-0.0008014458537400557	0.3464600088254636	0.5241132270274359	False
noto|connective tissue-meninges-dermal FB|18	noto	18	connective tissue-meninges-dermal FB	8	23.0	0.007187512263001294	0.10221066038927633	0.23160493621102152	False
noto|contains head vasculature?|18	noto	18	contains head vasculature?	8	23.0	0.0012410601917048729	0.4564970255390284	0.6254479865374936	False
noto|cranial muscle (early)|18	noto	18	cranial muscle (early)	1	5.0	0.00037777970269009997			False
noto|cranial muscle (mid)|18	noto	18	cranial muscle (mid)	2	7.0	-0.0001864344846757071	0.12214351046048261	0.2610626011611151	False
noto|cranial muscle (non-somitic, fast-twitch)|18	noto	18	cranial muscle (non-somitic, fast-twitch)	8	22.0	-0.0001914288164022093	0.7531515292903825	0.8500129093800208	False
noto|cranial muscle (progenitor)|18	noto	18	cranial muscle (progenitor)	8	23.0	0.004176484189637394	0.02165184475783311	0.0790964862098961	False
noto|cranial neural crest|18	noto	18	cranial neural crest	8	23.0	-0.001503776398476134	0.038366875346443084	0.1183052838408883	False
noto|differentiating neuron (hindbrain)|18	noto	18	differentiating neuron (hindbrain)	8	23.0	-0.0013614789795857946	0.11873748619910102	0.2565772417546072	False
noto|differentiating neuron 1|18	noto	18	differentiating neuron 1	8	23.0	0.003724248921304142	0.0006794224930099791	0.006305534170462725	True
noto|differentiating neuron 2|18	noto	18	differentiating neuron 2	8	23.0	0.0014023129027896921	0.040776208952894986	0.12306165892868956	False
noto|dorsal spinal cord neuron|18	noto	18	dorsal spinal cord neuron	2	8.0	-0.00011997441546671248	0.1262783104894253	0.2664287513191561	False
noto|endothelium (dorsal aorta)|18	noto	18	endothelium (dorsal aorta)	8	23.0	-0.0013758229101632803	0.015673331762539683	0.06347572084567907	False
noto|endothelium (f8+, clic2+)|18	noto	18	endothelium (f8+, clic2+)	8	18.0	0.00016055866172774323	0.712950007516524	0.8237897238734975	False
noto|endothelium (vein + early artery)|18	noto	18	endothelium (vein + early artery)	8	23.0	6.33882460301799e-05	0.9634738260671067	0.9809071054445572	False
noto|eye, optic cup|18	noto	18	eye, optic cup	8	23.0	0.003495853158450586	0.38944421257522277	0.5649302262499888	False
noto|fast-committed myocyte|18	noto	18	fast-committed myocyte	8	23.0	-0.008945988597810844	0.0374123102717962	0.11619202339844288	False
noto|fin bud mesoderm (pectoral)|18	noto	18	fin bud mesoderm (pectoral)	1	5.0	-0.00014725245302356008			False
noto|fin fold|18	noto	18	fin fold	2	11.0	-0.00019925847866300909	0.2802441311813094	0.45549406342618454	False
noto|fin mesenchyme|18	noto	18	fin mesenchyme	8	23.0	0.0078045451356845395	0.008621652367480807	0.041039312307958424	True
noto|floor plate|18	noto	18	floor plate	8	23.0	-0.00014312397330936127	0.816108751586895	0.890629439036774	False
noto|glia|18	noto	18	glia	4	13.0	4.675940584429627e-05	0.8778972226257142	0.9312942280248836	False
noto|hair cell|18	noto	18	hair cell	6	11.0	0.00017755094430112726	0.29656069607934615	0.47519793234802393	False
noto|hatching gland|18	noto	18	hatching gland	8	23.0	-0.0007294349117498494	0.28981005216354594	0.4669708527222994	False
noto|head mesenchyme|18	noto	18	head mesenchyme	7	23.0	-0.004120811503979575	0.00024520789567941947	0.0029464854733991723	True
noto|head mesenchyme (maybe ventral, hand2+)|18	noto	18	head mesenchyme (maybe ventral, hand2+)	8	23.0	0.0001431548087752997	0.9430461341395728	0.9693026390344102	False
noto|head mesenchyme/PA cartilage|18	noto	18	head mesenchyme/PA cartilage	8	23.0	-0.00023445012129747443	0.8467954800902222	0.9116908563187827	False
noto|head/eye connective tissue|18	noto	18	head/eye connective tissue	8	23.0	0.004791527182942477	0.08278915239949644	0.2004130847703657	False
noto|hypochord|18	noto	18	hypochord	7	22.0	-0.0007747770590041067	0.03609140918124378	0.11339823013375354	False
noto|hypophysis/locus coeruleus|18	noto	18	hypophysis/locus coeruleus	4	9.0	-0.00031516172753542513	0.11076876179184561	0.24445646698997478	False
noto|intestine|18	noto	18	intestine	8	23.0	-0.001638146173269523	0.009158080032424756	0.04285594494046655	True
noto|ionocyte/goblet cell|18	noto	18	ionocyte/goblet cell	8	23.0	0.002021052571301373	0.448213374250523	0.6181220721146874	False
noto|lens|18	noto	18	lens	8	23.0	0.0011165482121198566	0.5518607132634783	0.7073055600682613	False
noto|liver|18	noto	18	liver	1	1.0	6.186581737000841e-07			False
noto|mature fast muscle|18	noto	18	mature fast muscle	8	23.0	-0.012235099697766559	0.0016035319218724163	0.011945593745338797	True
noto|mature slow muscle|18	noto	18	mature slow muscle	8	23.0	-0.01721460213527216	0.00030607255043848424	0.003459936633312852	True
noto|melanophore|18	noto	18	melanophore	1	10.0	-0.0009692286155861299			False
noto|mesodermal progenitor cells (contains PSM)|18	noto	18	mesodermal progenitor cells (contains PSM)	8	23.0	0.019116059305021176	0.00035931577623760026	0.0039335310265219995	True
noto|motor neuron|18	noto	18	motor neuron	8	22.0	-0.0016540004303085532	0.007711581352543437	0.03818439499824973	True
noto|myeloid cell|18	noto	18	myeloid cell	8	23.0	0.003263321951859806	0.07498716405892042	0.18711592383459488	False
noto|myoblast|18	noto	18	myoblast	8	23.0	0.0011165801056265776	0.5926417263602457	0.7379349702046414	False
noto|neural crest + pigment cell progenitor|18	noto	18	neural crest + pigment cell progenitor	8	23.0	0.002655127476200503	0.10301776572312185	0.2322357297566422	False
noto|neural progenitor (MHB)|18	noto	18	neural progenitor (MHB)	8	23.0	0.023085546635417842	2.4085370009932857e-06	7.444059707721109e-05	True
noto|neural progenitor (hindbrain R7/8)|18	noto	18	neural progenitor (hindbrain R7/8)	8	23.0	0.011594321863298035	0.003897713074135599	0.02308404935617741	True
noto|neural progenitor (hindbrain)|18	noto	18	neural progenitor (hindbrain)	8	23.0	0.03586396373290364	3.715297111220648e-07	1.4872379098832053e-05	True
noto|neural progenitor (telencephalon/diencephalon)|18	noto	18	neural progenitor (telencephalon/diencephalon)	8	23.0	0.008317641047803262	0.13016442968005254	0.27190903339325656	False
noto|neural tube-like connective tissue (+ taste bud)|18	noto	18	neural tube-like connective tissue (+ taste bud)	8	23.0	0.0005073509860660606	0.674932635899937	0.7967765828279951	False
noto|neuromast support cell|18	noto	18	neuromast support cell	8	23.0	0.00027128137285507663	0.7551442618191344	0.8510742231662396	False
noto|neuron (+ spinal cord)|18	noto	18	neuron (+ spinal cord)	7	22.0	-0.0002288631218940625	0.4393590245640352	0.6125261334199982	False
noto|neuron (cranial ganglia sensory, Rohon-Beard)|18	noto	18	neuron (cranial ganglia sensory, Rohon-Beard)	8	23.0	0.0005679701907447317	0.5693051661239736	0.7196181907730274	False
noto|neuron (telencephalon, glutamatergic)|18	noto	18	neuron (telencephalon, glutamatergic)	6	15.0	-0.0005274448083045767	0.013677700032714828	0.057890647590694295	False
noto|neurons (differentiating, contains peripheral)|18	noto	18	neurons (differentiating, contains peripheral)	8	23.0	-0.0016960481366319682	0.04667536868257884	0.13496859220876256	False
noto|neurons (gabaergic, glutamatergic)|18	noto	18	neurons (gabaergic, glutamatergic)	8	23.0	5.110706461664352e-05	0.9402114522752659	0.9675863559499988	False
noto|neurons (gabaergic, glutamatergic; contains Purkinje)|18	noto	18	neurons (gabaergic, glutamatergic; contains Purkinje)	8	21.0	-0.0009000970963460686	0.04551844082745804	0.1324299646665756	False
noto|notochord|18	noto	18	notochord	8	23.0	-0.01753804441523415	5.920177831384959e-07	2.2225752366979124e-05	True
noto|olfactory vesicle/bulb|18	noto	18	olfactory vesicle/bulb	8	23.0	0.0011251578902471628	0.0027406105335346905	0.017889348718406698	True
noto|pancreas|18	noto	18	pancreas	1	15.0	-0.0003604288173721934			False
noto|pectoral fin bud (osteoblast+)|18	noto	18	pectoral fin bud (osteoblast+)	8	23.0	-0.0004010223530070533	0.7663205422319034	0.8585735968860223	False
noto|periderm|18	noto	18	periderm	8	23.0	-0.05730106540952315	5.8203218000539216e-06	0.0001534763427038028	True
noto|pharyngeal arch (NC-derived)|18	noto	18	pharyngeal arch (NC-derived)	8	23.0	0.010917256573174983	1.7076992466014462e-05	0.00036370709915598107	True
noto|pharyngeal arch (contains muscle, early cartilage)|18	noto	18	pharyngeal arch (contains muscle, early cartilage)	6	20.0	-0.0003445346510148417	0.1187707442644352	0.2565772417546072	False
noto|pharyngeal arch (early)|18	noto	18	pharyngeal arch (early)	8	23.0	0.0006260843360930144	0.570771425332171	0.721035711927248	False
noto|pharynx|18	noto	18	pharynx	8	23.0	-0.0004345493510797393	0.34405478803032186	0.5217456368753358	False
noto|posterior lateral line primordium|18	noto	18	posterior lateral line primordium	8	23.0	0.001536917785915123	0.007896309592499852	0.03869541094554684	True
noto|posterior spinal cord progenitors|18	noto	18	posterior spinal cord progenitors	8	23.0	-0.0012325794088534348	0.2242964645641176	0.39027232443795795	False
noto|primordial germ cell|18	noto	18	primordial germ cell	6	21.0	-0.0007560396231540212	0.26999341881387606	0.44452583449410465	False
noto|pronephric duct|18	noto	18	pronephric duct	5	16.0	-4.2772732418952476e-05	0.889157672512095	0.9379985289479078	False
noto|pronephric podocyte|18	noto	18	pronephric podocyte	1	7.0	-0.00038385773910432856			False
noto|pronephros distal tubule|18	noto	18	pronephros distal tubule	8	22.0	-0.001824754499688522	0.11109253726213522	0.24504283374616684	False
noto|pronephros proximal tubule|18	noto	18	pronephros proximal tubule	8	23.0	-0.0009397613727250998	0.37780272598419784	0.5535830461223803	False
noto|red blood cell|18	noto	18	red blood cell	8	21.0	-0.003804094260568317	0.009499627198765383	0.04408171978756702	True
noto|retinal neuron|18	noto	18	retinal neuron	8	23.0	-0.003662650113771879	0.011108868138496446	0.04981000592463487	True
noto|retinal pigmented epithelium (early)|18	noto	18	retinal pigmented epithelium (early)	8	23.0	-0.0009480504911209132	0.04077980029510525	0.12306165892868956	False
noto|retinal pigmented epithelium (late)|18	noto	18	retinal pigmented epithelium (late)	1					False
noto|roof plate, flexural + subcommissural organ|18	noto	18	roof plate, flexural + subcommissural organ	8	19.0	5.860422317411967e-05	0.8722620912611323	0.9272451682583668	False
noto|satellite cells|18	noto	18	satellite cells	7	22.0	-0.002149877275040968	0.00013346658338645205	0.0018223782394712353	True
noto|slow-committed myocyte|18	noto	18	slow-committed myocyte	8	23.0	-0.002939023141096942	0.02836961687051299	0.0958012704914678	False
noto|support cells/otic vesicle|18	noto	18	support cells/otic vesicle	8	23.0	1.9745860611191518e-05	0.9899011462903193	0.9948416692527483	False
noto|thyroid follicle cell|18	noto	18	thyroid follicle cell	8	12.0	-0.002352347484824117	0.006833562674172716	0.03553131766031119	True
noto|unknown|18	noto	18	unknown	3					False
noto|xanthophore|18	noto	18	xanthophore	8	19.0	-0.001636105457328803	0.04238050619807795	0.12628630658575246	False
noto|KA neuron|24	noto	24	KA neuron	7	31.0	-0.0002191406434929261	0.4106433970033321	0.5850611863394386	False
noto|anterior migratory muscle|24	noto	24	anterior migratory muscle	8	32.0	0.005765809129758284	0.06467616176908343	0.16962798638943247	False
noto|basal cell|24	noto	24	basal cell	7	23.0	-0.0006818901730232447	0.010330216945756974	0.047081132787760695	True
noto|cardiomyocyte|24	noto	24	cardiomyocyte	8	32.0	-0.00021136233627230003	0.6433094848740216	0.7738944187760406	False
noto|connective tissue-meninges-dermal FB|24	noto	24	connective tissue-meninges-dermal FB	8	32.0	0.001264634859604312	0.6984228658224256	0.8144998145647627	False
noto|contains head vasculature?|24	noto	24	contains head vasculature?	8	32.0	0.0013545170291105572	0.19744344568484434	0.3572521288424807	False
noto|cranial muscle (early)|24	noto	24	cranial muscle (early)	5	22.0	3.588882340918196e-05	0.806710734372553	0.8837694988620014	False
noto|cranial muscle (mid)|24	noto	24	cranial muscle (mid)	3	5.0	-5.552727773045331e-05	0.49129182060354804	0.655906995809821	False
noto|cranial muscle (non-somitic, fast-twitch)|24	noto	24	cranial muscle (non-somitic, fast-twitch)	8	32.0	-0.00012007071157870948	0.8389447469158554	0.9059894816854208	False
noto|cranial muscle (progenitor)|24	noto	24	cranial muscle (progenitor)	8	32.0	0.003224956522830726	0.0029448638734516476	0.018769121899881235	True
noto|cranial neural crest|24	noto	24	cranial neural crest	8	32.0	-0.0017404480429121369	0.013208930577272696	0.05640960391129632	False
noto|differentiating neuron (hindbrain)|24	noto	24	differentiating neuron (hindbrain)	8	32.0	-0.0007774904976375627	0.2935869533770321	0.4714560911528222	False
noto|differentiating neuron 1|24	noto	24	differentiating neuron 1	8	32.0	0.004251036946760062	0.010653879682643783	0.04826506374568882	True
noto|differentiating neuron 2|24	noto	24	differentiating neuron 2	8	32.0	0.002335498527190553	0.007124900796311297	0.03650344316999889	True
noto|dorsal spinal cord neuron|24	noto	24	dorsal spinal cord neuron	3	9.0	-0.00014075889072837783	0.5077410254222492	0.6710300544810751	False
noto|endothelium (dorsal aorta)|24	noto	24	endothelium (dorsal aorta)	8	32.0	-0.0023345761587938597	0.0038205330188295227	0.022687615648009096	True
noto|endothelium (f8+, clic2+)|24	noto	24	endothelium (f8+, clic2+)	8	31.0	0.0005579246426911557	0.10254437075029166	0.23179406766291966	False
noto|endothelium (vein + early artery)|24	noto	24	endothelium (vein + early artery)	8	32.0	0.004219397359170957	0.010069752830758661	0.046179094244576474	True
noto|eye, optic cup|24	noto	24	eye, optic cup	8	32.0	0.01370166155510831	0.00028233061086301004	0.003274148183568415	True
noto|fast-committed myocyte|24	noto	24	fast-committed myocyte	8	32.0	0.010034090004175246	0.04809995089583734	0.1374136602333788	False
noto|fin fold|24	noto	24	fin fold	5	11.0	-0.00015187740303928556	0.4903194852370931	0.6555056213059696	False
noto|fin mesenchyme|24	noto	24	fin mesenchyme	8	32.0	0.012124955693534535	0.0018396496404072763	0.013088299636516436	True
noto|floor plate|24	noto	24	floor plate	8	32.0	-0.0008231297795832935	0.3192089347597926	0.49845223326231836	False
noto|glia|24	noto	24	glia	8	28.0	0.00023761678293720005	0.45994092471674364	0.6286200848366551	False
noto|hair cell|24	noto	24	hair cell	5	23.0	-4.440244360652079e-05	0.8481960500233883	0.9126073109464726	False
noto|hatching gland|24	noto	24	hatching gland	8	32.0	-0.003341118448274616	0.0017041729060625083	0.01244420764921469	True
noto|head mesenchyme|24	noto	24	head mesenchyme	8	32.0	-0.0018863549340559244	0.34297992472439975	0.5208242227088543	False
noto|head mesenchyme (maybe ventral, hand2+)|24	noto	24	head mesenchyme (maybe ventral, hand2+)	8	32.0	-0.0003251807527314479	0.8540561484612476	0.9166163283881197	False
noto|head mesenchyme/PA cartilage|24	noto	24	head mesenchyme/PA cartilage	8	32.0	-0.0005492827036365656	0.7017086351875459	0.8168980169623761	False
noto|head/eye connective tissue|24	noto	24	head/eye connective tissue	8	32.0	0.005731454920822672	0.06376520521219421	0.16841009087242867	False
noto|hypochord|24	noto	24	hypochord	6	32.0	-0.00025999281961068153	0.6376379924341361	0.7701025917347937	False
noto|hypophysis/locus coeruleus|24	noto	24	hypophysis/locus coeruleus	5	22.0	0.00017954307443099815	0.4081594190410038	0.5828312965630871	False
noto|intestine|24	noto	24	intestine	8	32.0	-0.0026844978653351136	0.0005432005468165035	0.005355441592871908	True
noto|ionocyte/goblet cell|24	noto	24	ionocyte/goblet cell	8	32.0	0.006663775274628872	0.020405948233417005	0.07596500056641793	False
noto|iridophore|24	noto	24	iridophore	7	24.0	-0.0003992173761565005	0.03612702079656226	0.11339823013375354	False
noto|jaw chondrocyte|24	noto	24	jaw chondrocyte	1	4.0	9.085090618627496e-05			False
noto|lens|24	noto	24	lens	8	32.0	0.0027721148556651507	0.047902410135712656	0.13693967638343368	False
noto|liver|24	noto	24	liver	3					False
noto|mature fast muscle|24	noto	24	mature fast muscle	8	32.0	-0.03356145520312419	0.0006568219164930647	0.006173131936903555	True
noto|mature slow muscle|24	noto	24	mature slow muscle	8	32.0	-0.01636986749077246	0.01732715773101855	0.06772880183683427	False
noto|melanophore|24	noto	24	melanophore	8	32.0	-0.0015871914533444778	0.016162205458025124	0.06481463806190522	False
noto|mesodermal progenitor cells (contains PSM)|24	noto	24	mesodermal progenitor cells (contains PSM)	8	32.0	0.007930031896189838	0.0009831887076829915	0.008312072471442085	True
noto|mineralized tissue, bone|24	noto	24	mineralized tissue, bone	1					False
noto|motor neuron|24	noto	24	motor neuron	8	32.0	-0.0005292352275584906	0.30039079937368157	0.4795727780066279	False
noto|myeloid cell|24	noto	24	myeloid cell	8	32.0	0.0013948298794914946	0.13703288888853968	0.28095758922071773	False
noto|myoblast|24	noto	24	myoblast	8	32.0	0.00358313923987525	0.044445907055264564	0.1303942836124649	False
noto|neural crest + pigment cell progenitor|24	noto	24	neural crest + pigment cell progenitor	8	32.0	0.003118153663520456	0.0018819612993525275	0.013346459801704957	True
noto|neural progenitor (MHB)|24	noto	24	neural progenitor (MHB)	8	32.0	0.01928717025724025	0.0001086733697836631	0.0015453672927870888	True
noto|neural progenitor (hindbrain R7/8)|24	noto	24	neural progenitor (hindbrain R7/8)	8	32.0	0.011186873802209344	0.00035261160892367577	0.0038804741063059697	True
noto|neural progenitor (hindbrain)|24	noto	24	neural progenitor (hindbrain)	8	32.0	0.03769323579622447	7.052407654434251e-05	0.0011157916396122762	True
noto|neural progenitor (telencephalon/diencephalon)|24	noto	24	neural progenitor (telencephalon/diencephalon)	8	32.0	0.013543170656626642	0.00183880596640631	0.013088299636516436	True
noto|neural tube-like connective tissue (+ taste bud)|24	noto	24	neural tube-like connective tissue (+ taste bud)	8	32.0	-0.002515788102106297	0.1942821031148402	0.3537968142499625	False
noto|neuromast support cell|24	noto	24	neuromast support cell	8	32.0	1.6680488892725602e-05	0.9857485135932313	0.9923394091848715	False
noto|neuron (+ spinal cord)|24	noto	24	neuron (+ spinal cord)	8	30.0	1.1422829911085031e-05	0.9770684180387108	0.9889748115563188	False
noto|neuron (cranial ganglia sensory, Rohon-Beard)|24	noto	24	neuron (cranial ganglia sensory, Rohon-Beard)	8	32.0	0.0009812003149572215	0.49186128579165056	0.6563088843545217	False
noto|neuron (dopaminergic)|24	noto	24	neuron (dopaminergic)	4	10.0	0.00012246666285853998	0.5019392428150317	0.6661341415343273	False
noto|neuron (telencephalon, glutamatergic)|24	noto	24	neuron (telencephalon, glutamatergic)	8	29.0	-9.675814485073141e-06	0.9822612933187526	0.991361830817605	False
noto|neurons (differentiating, contains peripheral)|24	noto	24	neurons (differentiating, contains peripheral)	8	32.0	0.0030859760731885774	0.020576755297500506	0.07641357075469404	False
noto|neurons (gabaergic, glutamatergic)|24	noto	24	neurons (gabaergic, glutamatergic)	8	31.0	-0.0008553303371616715	0.33253724493077086	0.5119879911844137	False
noto|neurons (gabaergic, glutamatergic; contains Purkinje)|24	noto	24	neurons (gabaergic, glutamatergic; contains Purkinje)	8	31.0	0.001851975328082559	0.1308588382996431	0.27275940417224853	False
noto|notochord|24	noto	24	notochord	5	32.0	-0.015891205534332504	5.166139522883474e-08	2.7245235817111653e-06	True
noto|olfactory vesicle/bulb|24	noto	24	olfactory vesicle/bulb	8	32.0	0.0026654618905119997	1.6870831259301726e-06	5.5222148351327175e-05	True
noto|pancreas|24	noto	24	pancreas	5	27.0	-0.0002756321021803289	0.27639628141567135	0.4514880260587847	False
noto|pectoral fin bud (osteoblast+)|24	noto	24	pectoral fin bud (osteoblast+)	8	32.0	0.0009334574507173544	0.5335647194892387	0.694049195548183	False
noto|periderm|24	noto	24	periderm	8	32.0	-0.09727141281354106	1.6159724518367883e-05	0.00034977644763698563	True
noto|periocular mesenchyme|24	noto	24	periocular mesenchyme	3	8.0	0.00015428151747437502	0.17761292932046024	0.33453455650069686	False
noto|pharyngeal arch (NC-derived)|24	noto	24	pharyngeal arch (NC-derived)	8	32.0	0.003107085112076271	0.3316402960457405	0.5116912139875656	False
noto|pharyngeal arch (contains muscle, early cartilage)|24	noto	24	pharyngeal arch (contains muscle, early cartilage)	7	30.0	-0.0004278114377313577	0.022861398517638548	0.08255146961328587	False
noto|pharyngeal arch (early)|24	noto	24	pharyngeal arch (early)	8	32.0	0.0014344226167006778	0.18840637617670328	0.34767019430552437	False
noto|pharynx|24	noto	24	pharynx	7	31.0	-0.0006916336031439294	0.06337883395125284	0.16790928114993364	False
noto|posterior lateral line primordium|24	noto	24	posterior lateral line primordium	8	31.0	0.0035064174637411843	0.0008830365576363262	0.00770049596521442	True
noto|posterior spinal cord progenitors|24	noto	24	posterior spinal cord progenitors	8	32.0	2.669416878224931e-06	0.9979723892906913	0.998573486950255	False
noto|primordial germ cell|24	noto	24	primordial germ cell	8	27.0	-0.0005097399937917973	0.07515307587866109	0.1873891891983876	False
noto|pronephric duct|24	noto	24	pronephric duct	5	23.0	-0.0007469495555408783	0.0009771592897631753	0.008297323346113274	True
noto|pronephric podocyte|24	noto	24	pronephric podocyte	4	15.0	5.977351481691159e-05	0.6356414439640925	0.7686692256854222	False
noto|pronephros distal tubule|24	noto	24	pronephros distal tubule	8	32.0	0.0015970869423234096	0.032004060712980086	0.10471047928988314	False
noto|pronephros proximal tubule|24	noto	24	pronephros proximal tubule	8	32.0	0.0014268533171112908	0.19155057607196435	0.35122891225115976	False
noto|red blood cell|24	noto	24	red blood cell	8	31.0	-0.002602230630937308	0.07121278054756093	0.1807520728565861	False
noto|retinal neuron|24	noto	24	retinal neuron	8	30.0	-0.0021128812327046746	0.039830212265862676	0.12140906445259518	False
noto|retinal pigmented epithelium (early)|24	noto	24	retinal pigmented epithelium (early)	8	31.0	-0.00025667778202892845	0.508971101779103	0.672254615647414	False
noto|roof plate, flexural + subcommissural organ|24	noto	24	roof plate, flexural + subcommissural organ	8	31.0	7.258305279832147e-05	0.8825694624044549	0.9343116262032185	False
noto|satellite cells|24	noto	24	satellite cells	8	32.0	-0.0011957667497693874	0.005718425582755411	0.03101954122237527	True
noto|slow-committed myocyte|24	noto	24	slow-committed myocyte	5	31.0	-0.0005605859014794325	0.5906387472912012	0.7365246156633872	False
noto|support cells/otic vesicle|24	noto	24	support cells/otic vesicle	8	32.0	0.002440493437954494	0.07492305964538275	0.18709647927229175	False
noto|thyroid follicle cell|24	noto	24	thyroid follicle cell	7	19.0	-0.00034209534275697054	0.6022598506236085	0.7442843048900648	False
noto|unknown|24	noto	24	unknown	3					False
noto|unknown (dcn+, col6+)|24	noto	24	unknown (dcn+, col6+)	1	1.0	-0.00013191436262189997			False
noto|xanthophore|24	noto	24	xanthophore	8	31.0	-0.0014752910731448774	0.16969967377010853	0.32459825336855824	False
noto|KA neuron|36	noto	36	KA neuron	7	44.0	-0.0006111906511354697	0.008474241429561656	0.040556611518984084	True
noto|adrenal gland|36	noto	36	adrenal gland	1	15.0	-3.955376214579998e-05			False
noto|anterior migratory muscle|36	noto	36	anterior migratory muscle	8	44.0	-0.003988596640470479	0.0008574377360943018	0.007556596493828428	True
noto|basal cell|36	noto	36	basal cell	8	44.0	0.017087803226785755	0.0006143199924302761	0.005873606258559978	True
noto|cardiomyocyte|36	noto	36	cardiomyocyte	8	44.0	-0.0015238837334155741	0.0397446120500709	0.12125938800400418	False
noto|connective tissue-meninges-dermal FB|36	noto	36	connective tissue-meninges-dermal FB	8	44.0	-0.008317115250573416	0.041423834401274	0.124440045025527	False
noto|contains head vasculature?|36	noto	36	contains head vasculature?	8	31.0	0.0008733667871656351	0.018501697543235406	0.07069797594870574	False
noto|cranial muscle (early)|36	noto	36	cranial muscle (early)	8	44.0	0.0007384405663288639	0.282118972734468	0.45757397457176957	False
noto|cranial muscle (late)|36	noto	36	cranial muscle (late)	1	6.0	2.101835062159993e-05			False
noto|cranial muscle (mid)|36	noto	36	cranial muscle (mid)	4	36.0	-0.00041407737797491943	0.010389955615942494	0.04732094247288408	True
noto|cranial muscle (non-somitic, fast-twitch)|36	noto	36	cranial muscle (non-somitic, fast-twitch)	8	44.0	0.0008301077908464188	0.15126952993644144	0.300378514388773	False
noto|cranial muscle (progenitor)|36	noto	36	cranial muscle (progenitor)	8	37.0	0.0009191323185949085	0.01337904791336654	0.05705790583494947	False
noto|cranial neural crest|36	noto	36	cranial neural crest	8	44.0	-0.0004914979384301786	0.2630216331603297	0.43607254300159454	False
noto|differentiating neuron (hindbrain)|36	noto	36	differentiating neuron (hindbrain)	8	44.0	0.004442068096010044	0.05910282057951571	0.1601705720843727	False
noto|differentiating neuron 1|36	noto	36	differentiating neuron 1	8	43.0	0.0012872819694485834	0.37507334420187666	0.5507983143030873	False
noto|differentiating neuron 2|36	noto	36	differentiating neuron 2	8	43.0	0.00152825233752929	0.11425664716560448	0.2503433424981695	False
noto|dorsal spinal cord neuron|36	noto	36	dorsal spinal cord neuron	5	26.0	-3.130422012475692e-05	0.42173585396790314	0.5960090917942825	False
noto|endothelium (dorsal aorta)|36	noto	36	endothelium (dorsal aorta)	8	44.0	-0.0009833232192039722	0.2959429880388145	0.4745514371423558	False
noto|endothelium (f8+, clic2+)|36	noto	36	endothelium (f8+, clic2+)	8	44.0	0.0010779307311883479	0.06964003903813157	0.17849922836818566	False
noto|endothelium (vein + early artery)|36	noto	36	endothelium (vein + early artery)	8	44.0	0.0042309069522509304	0.018545997157715197	0.07079185331953061	False
noto|eye, optic cup|36	noto	36	eye, optic cup	8	44.0	0.013933045128792808	0.0012377257596970957	0.009838143149745456	True
noto|fast-committed myocyte|36	noto	36	fast-committed myocyte	5	24.0	-4.859827096965661e-05	0.8320776615721777	0.9018359258109804	False
noto|fin bud mesoderm (pectoral)|36	noto	36	fin bud mesoderm (pectoral)	8	40.0	-0.0001492058412355902	0.598107819039112	0.7423284380864587	False
noto|fin fold|36	noto	36	fin fold	8	44.0	0.0008624645944569076	0.6679045929947172	0.7914375641208136	False
noto|fin mesenchyme|36	noto	36	fin mesenchyme	8	30.0	0.0021936473272063575	0.10683312485151804	0.23825368501939528	False
noto|floor plate|36	noto	36	floor plate	8	44.0	-0.0014661246090503875	0.07707188543203887	0.19045841528296703	False
noto|glia|36	noto	36	glia	8	44.0	-0.0007634196999982544	0.0007418644599629892	0.006762262464271692	True
noto|hair cell|36	noto	36	hair cell	8	39.0	0.0003493866054349532	0.1777422311744769	0.3346832321208272	False
noto|hatching gland|36	noto	36	hatching gland	8	44.0	-0.003786042427759196	0.019254218367408968	0.07273694204174679	False
noto|head mesenchyme|36	noto	36	head mesenchyme	8	44.0	-0.0072886818916661385	0.0010183309696638553	0.00856558138407129	True
noto|head mesenchyme (maybe ventral, hand2+)|36	noto	36	head mesenchyme (maybe ventral, hand2+)	8	44.0	0.00012038157849815143	0.9300115036517567	0.9609588620379294	False
noto|head mesenchyme/PA cartilage|36	noto	36	head mesenchyme/PA cartilage	8	43.0	0.003167127956221318	0.018050032281329908	0.06961257371412492	False
noto|head/eye connective tissue|36	noto	36	head/eye connective tissue	8	44.0	0.007339721990383818	0.0002836014121787998	0.0032763214402532323	True
noto|hypochord|36	noto	36	hypochord	7	38.0	-0.0005497461015516239	0.010443199970394884	0.047530865618680834	True
noto|hypophysis/locus coeruleus|36	noto	36	hypophysis/locus coeruleus	8	41.0	0.00048519040244592623	0.09111451335167631	0.21477685038023733	False
noto|intestine|36	noto	36	intestine	8	44.0	0.0006095155300036986	0.42039546416904705	0.5946588331072443	False
noto|ionocyte/goblet cell|36	noto	36	ionocyte/goblet cell	8	44.0	0.001491552981785483	0.04380965361997419	0.1293339024270967	False
noto|iridophore|36	noto	36	iridophore	8	44.0	0.00015329082295366565	0.6937622113439739	0.8116285025318144	False
noto|lens|36	noto	36	lens	8	43.0	0.002358469504434681	0.16026819937772124	0.3125864939433395	False
noto|liver|36	noto	36	liver	5	36.0	-0.0003850706026426898	0.12989801671176196	0.2716086598645872	False
noto|mature fast muscle|36	noto	36	mature fast muscle	8	44.0	0.020827403330313007	0.031295641795658934	0.10321340497162346	False
noto|mature slow muscle|36	noto	36	mature slow muscle	8	44.0	-0.011228384793528674	0.0014390841910632334	0.010991625804155386	True
noto|melanophore|36	noto	36	melanophore	8	44.0	0.002430723960014566	0.0022781803636293912	0.01534462175753964	True
noto|mesodermal progenitor cells (contains PSM)|36	noto	36	mesodermal progenitor cells (contains PSM)	1	12.0	-7.321488446718335e-05			False
noto|motor neuron|36	noto	36	motor neuron	8	43.0	-0.001731354635564682	0.0015684415530015402	0.01171044283111824	True
noto|myeloid cell|36	noto	36	myeloid cell	8	43.0	0.0013416565305948112	0.014619748405427594	0.060641840295921574	False
noto|myoblast|36	noto	36	myoblast	1	1.0	-8.69854864159e-05			False
noto|neural crest + pigment cell progenitor|36	noto	36	neural crest + pigment cell progenitor	7	19.0	0.00015046786393964882	0.3708967244686344	0.546330647646614	False
noto|neural progenitor (MHB)|36	noto	36	neural progenitor (MHB)	8	43.0	0.007039856990996789	0.0011684232783297707	0.009480064327840447	True
noto|neural progenitor (hindbrain R7/8)|36	noto	36	neural progenitor (hindbrain R7/8)	8	44.0	-0.00010450871998008739	0.9397896760777477	0.9675863559499988	False
noto|neural progenitor (hindbrain)|36	noto	36	neural progenitor (hindbrain)	8	43.0	0.007698661293712777	0.0005797020974519247	0.005640376065280489	True
noto|neural progenitor (telencephalon/diencephalon)|36	noto	36	neural progenitor (telencephalon/diencephalon)	8	44.0	0.00343485530023541	0.012552664409493408	0.054375785528737744	False
noto|neural tube-like connective tissue (+ taste bud)|36	noto	36	neural tube-like connective tissue (+ taste bud)	8	44.0	0.0023090561567646085	0.20075972001020118	0.36095019200679074	False
noto|neuromast support cell|36	noto	36	neuromast support cell	8	44.0	0.0029472682030745757	0.001395657515539729	0.01078388859390872	True
noto|neuron (+ spinal cord)|36	noto	36	neuron (+ spinal cord)	8	42.0	-0.0001328675841411192	0.8267949777497614	0.89845504941082	False
noto|neuron (cranial ganglia sensory, Rohon-Beard)|36	noto	36	neuron (cranial ganglia sensory, Rohon-Beard)	8	44.0	0.0007163209034922822	0.3884444828236633	0.564076396058401	False
noto|neuron (dopaminergic)|36	noto	36	neuron (dopaminergic)	6	22.0	0.0002551527947227485	0.013851989635634684	0.05822041184616855	False
noto|neuron (telencephalon, glutamatergic)|36	noto	36	neuron (telencephalon, glutamatergic)	8	43.0	0.0013342414207291966	0.06526952221116651	0.17088887907533548	False
noto|neurons (differentiating, contains peripheral)|36	noto	36	neurons (differentiating, contains peripheral)	8	44.0	0.0006027972550719657	0.8332577205394175	0.9028204064869443	False
noto|neurons (gabaergic, glutamatergic)|36	noto	36	neurons (gabaergic, glutamatergic)	8	44.0	-0.0006768888972186523	0.7234723795939123	0.8310240211584352	False
noto|neurons (gabaergic, glutamatergic; contains Purkinje)|36	noto	36	neurons (gabaergic, glutamatergic; contains Purkinje)	8	44.0	0.0031367300320047226	0.03374774703266831	0.10843993183369482	False
noto|notochord|36	noto	36	notochord	5	44.0	-0.01815339755407903	3.3059366389721105e-13	7.086435150312798e-11	True
noto|olfactory vesicle/bulb|36	noto	36	olfactory vesicle/bulb	8	43.0	0.00017159612197327522	0.7475723385226277	0.846272263966416	False
noto|pancreas|36	noto	36	pancreas	4	37.0	1.81102881996176e-05	0.9622451110410963	0.9805426718092448	False
noto|pectoral fin bud (osteoblast+)|36	noto	36	pectoral fin bud (osteoblast+)	8	44.0	0.0013443005333565166	0.11903449187039569	0.2569799215330667	False
noto|periderm|36	noto	36	periderm	8	44.0	-0.07522118200536576	0.0001396686923194859	0.0018825526581399267	True
noto|periocular mesenchyme|36	noto	36	periocular mesenchyme	8	44.0	0.0011724063761144581	0.00012429018727165748	0.0017242344351151649	True
noto|pharyngeal arch (NC-derived)|36	noto	36	pharyngeal arch (NC-derived)	8	42.0	0.0017300101422684012	0.06346688807547092	0.16798628151077666	False
noto|pharyngeal arch (contains muscle, early cartilage)|36	noto	36	pharyngeal arch (contains muscle, early cartilage)	8	44.0	-0.00027217909558443706	0.7027437181718974	0.8175301133144709	False
noto|pharyngeal arch (early)|36	noto	36	pharyngeal arch (early)	8	44.0	0.008779292366722095	0.001042960106119016	0.008728551517834839	True
noto|pharynx|36	noto	36	pharynx	7	29.0	0.0007009365085192895	4.233713933893212e-05	0.0007403428708084315	True
noto|posterior lateral line primordium|36	noto	36	posterior lateral line primordium	8	40.0	0.00163427959991071	0.02481468815819667	0.08729147846014657	False
noto|posterior spinal cord progenitors|36	noto	36	posterior spinal cord progenitors	8	43.0	-0.0016024550660667341	0.000511901866729444	0.005130600157491939	True
noto|primordial germ cell|36	noto	36	primordial germ cell	6	34.0	-0.0003139841539626726	0.008732854207208632	0.041390739091941055	True
noto|pronephric duct|36	noto	36	pronephric duct	5	31.0	-7.191761199286839e-05	0.8725829920121957	0.9274334584006781	False
noto|pronephric podocyte|36	noto	36	pronephric podocyte	7	27.0	-0.00021820332582406026	0.009822937315221495	0.04520319837925681	True
noto|pronephros distal tubule|36	noto	36	pronephros distal tubule	8	44.0	0.0013554899437246528	0.12626065195436556	0.2664287513191561	False
noto|pronephros proximal tubule|36	noto	36	pronephros proximal tubule	8	44.0	0.00042166131346949194	0.6652568429421177	0.789821640405641	False
noto|red blood cell|36	noto	36	red blood cell	7	39.0	-0.0004035942252487945	0.010889288089563071	0.04902392910240285	True
noto|retinal neuron|36	noto	36	retinal neuron	8	44.0	-0.005760740494286355	0.026170236302729133	0.09076264103947551	False
noto|retinal pigmented epithelium (early)|36	noto	36	retinal pigmented epithelium (early)	8	43.0	0.002171998842720341	0.028909654676718362	0.09712065486693301	False
noto|retinal pigmented epithelium (late)|36	noto	36	retinal pigmented epithelium (late)	1	1.0	-0.00012445166909830002			False
noto|roof plate, flexural + subcommissural organ|36	noto	36	roof plate, flexural + subcommissural organ	8	43.0	0.001246612959524553	0.008048637584385555	0.03909590405573246	True
noto|satellite cells|36	noto	36	satellite cells	4	22.0	9.033017784535006e-05	0.33382406378843565	0.5128926945373768	False
noto|slow-committed myocyte|36	noto	36	slow-committed myocyte	1	3.0	2.7417418657900026e-05			False
noto|support cells/otic vesicle|36	noto	36	support cells/otic vesicle	8	44.0	0.004334339738971906	0.011383337804578769	0.05074946409574413	False
noto|thyroid follicle cell|36	noto	36	thyroid follicle cell	4	29.0	-0.0002137781948905647	0.5059114713501776	0.6694972343396386	False
noto|unknown|36	noto	36	unknown	4					False
noto|vascular smooth muscle|36	noto	36	vascular smooth muscle	1	2.0	0.00010240466989210002			False
noto|xanthophore|36	noto	36	xanthophore	8	44.0	-4.5500309611309214e-05	0.9506838178520967	0.974011251349091	False
noto-mut|KA neuron|18	noto-mut	18	KA neuron	4	17.0	-0.00034440801602514707	0.34680952367603296	0.5242547394494935	False
noto-mut|anterior migratory muscle|18	noto-mut	18	anterior migratory muscle	8	23.0	0.0004082438688928474	0.7458072145779651	0.8451379503530999	False
noto-mut|basal cell|18	noto-mut	18	basal cell	5	14.0	0.00035654615086521985	0.1234881036882498	0.262575787426385	False
noto-mut|cardiomyocyte|18	noto-mut	18	cardiomyocyte	8	23.0	-0.00035491654005888155	0.7238430440574953	0.8311974312717989	False
noto-mut|chondrocranium|18	noto-mut	18	chondrocranium	1	3.0	7.341086341173332e-05			False
noto-mut|connective tissue-meninges-dermal FB|18	noto-mut	18	connective tissue-meninges-dermal FB	8	23.0	-0.008733281090778727	0.028014702060270208	0.09502689902526572	False
noto-mut|contains head vasculature?|18	noto-mut	18	contains head vasculature?	8	23.0	0.00041108462197137277	0.7714925481855763	0.8624882095857723	False
noto-mut|cranial muscle (early)|18	noto-mut	18	cranial muscle (early)	5	5.0	-0.00013001624186806003	0.49037147381670054	0.6555056213059696	False
noto-mut|cranial muscle (mid)|18	noto-mut	18	cranial muscle (mid)	1	7.0	-6.854238796057078e-06			False
noto-mut|cranial muscle (non-somitic, fast-twitch)|18	noto-mut	18	cranial muscle (non-somitic, fast-twitch)	8	22.0	-6.962742321584524e-06	0.9935921055891053	0.9964306402895109	False
noto-mut|cranial muscle (progenitor)|18	noto-mut	18	cranial muscle (progenitor)	8	23.0	-0.00024800450664475525	0.9166583153453443	0.9541344776738429	False
noto-mut|cranial neural crest|18	noto-mut	18	cranial neural crest	8	23.0	0.00366139641267184	0.01727662039307854	0.06757100795291755	False
noto-mut|differentiating neuron (hindbrain)|18	noto-mut	18	differentiating neuron (hindbrain)	8	23.0	-0.0014416126042359196	0.08126974982282051	0.19803354879818197	False
noto-mut|differentiating neuron 1|18	noto-mut	18	differentiating neuron 1	8	23.0	0.001975798862874554	0.1972942330876444	0.3572521288424807	False
noto-mut|differentiating neuron 2|18	noto-mut	18	differentiating neuron 2	8	23.0	-0.0001296292023555451	0.7741078006307511	0.8645404165268642	False
noto-mut|dorsal spinal cord neuron|18	noto-mut	18	dorsal spinal cord neuron	1	8.0	0.00043105318955303747			False
noto-mut|endothelium (dorsal aorta)|18	noto-mut	18	endothelium (dorsal aorta)	8	23.0	-0.0011461131168873928	0.03364044267045457	0.10819977809543593	False
noto-mut|endothelium (f8+, clic2+)|18	noto-mut	18	endothelium (f8+, clic2+)	6	18.0	-0.0002791388428939445	0.45274258175727133	0.6225212904166689	False
noto-mut|endothelium (vein + early artery)|18	noto-mut	18	endothelium (vein + early artery)	8	23.0	0.0023675172233085795	0.2052515278794138	0.3665402856110467	False
noto-mut|enveloping layer (EVL)|18	noto-mut	18	enveloping layer (EVL)	2	8.0	-0.0007583019758692249	0.19890793267501963	0.35936465813635277	False
noto-mut|eye, optic cup|18	noto-mut	18	eye, optic cup	8	23.0	0.007230767285376798	0.027038933420172634	0.09282226088789511	False
noto-mut|fast-committed myocyte|18	noto-mut	18	fast-committed myocyte	8	23.0	-0.010523080804422866	0.001957739654840133	0.013766328049113952	True
noto-mut|fin fold|18	noto-mut	18	fin fold	1	11.0	-0.0002643767030510091			False
noto-mut|fin mesenchyme|18	noto-mut	18	fin mesenchyme	8	23.0	-0.004178162551233534	0.20444853189761608	0.3658929422191379	False
noto-mut|floor plate|18	noto-mut	18	floor plate	8	23.0	-0.001451930192275787	0.043282684155818804	0.12828431588555572	False
noto-mut|glia|18	noto-mut	18	glia	5	13.0	-0.0002577431435003538	0.11902393523948039	0.2569799215330667	False
noto-mut|hair cell|18	noto-mut	18	hair cell	4	11.0	-6.59401697997641e-07	0.9968485658215827	0.9980501310659058	False
noto-mut|hatching gland|18	noto-mut	18	hatching gland	8	23.0	-0.0005041741705993615	0.6322635511998949	0.7655596387979776	False
noto-mut|head mesenchyme|18	noto-mut	18	head mesenchyme	8	23.0	-0.004845785734625665	2.5134188918588652e-05	0.0004941322052189988	True
noto-mut|head mesenchyme (maybe ventral, hand2+)|18	noto-mut	18	head mesenchyme (maybe ventral, hand2+)	8	23.0	0.00470703709606466	0.023312889104815767	0.08364694821895291	False
noto-mut|head mesenchyme/PA cartilage|18	noto-mut	18	head mesenchyme/PA cartilage	8	23.0	-0.005359192384222374	9.889040214794038e-06	0.00023552929113729887	True
noto-mut|head/eye connective tissue|18	noto-mut	18	head/eye connective tissue	8	23.0	0.004270443187694727	0.1431203862071634	0.28968472931666184	False
noto-mut|hypochord|18	noto-mut	18	hypochord	2	22.0	-0.0011836670175643137	0.25828206081743904	0.4310106213289509	False
noto-mut|hypophysis/locus coeruleus|18	noto-mut	18	hypophysis/locus coeruleus	5	9.0	-0.00017477040619062007	0.44919887597869046	0.618862594199236	False
noto-mut|intestine|18	noto-mut	18	intestine	8	23.0	-0.0014068811962135233	0.3464555984422548	0.5241132270274359	False
noto-mut|ionocyte/goblet cell|18	noto-mut	18	ionocyte/goblet cell	8	23.0	-0.0023985405938317626	0.05140705352471755	0.1445913475519052	False
noto-mut|iridophore|18	noto-mut	18	iridophore	1	8.0	-0.00033533081650803745			False
noto-mut|jaw chondrocyte|18	noto-mut	18	jaw chondrocyte	1	5.0	-4.7018608725240044e-05			False
noto-mut|lens|18	noto-mut	18	lens	8	23.0	0.0018184969498014313	0.32440883503004014	0.5040207408872145	False
noto-mut|mature fast muscle|18	noto-mut	18	mature fast muscle	8	23.0	-0.008970885357555847	0.016878834686494256	0.06685187938675557	False
noto-mut|mature slow muscle|18	noto-mut	18	mature slow muscle	8	23.0	-0.029861661469440925	2.460463860782912e-10	2.7711495516783815e-08	True
noto-mut|melanophore|18	noto-mut	18	melanophore	1	10.0	-0.0009331510238375298			False
noto-mut|mesodermal progenitor cells (contains PSM)|18	noto-mut	18	mesodermal progenitor cells (contains PSM)	8	23.0	0.02177385744767676	2.9872815927984622e-05	0.0005575979265209489	True
noto-mut|motor neuron|18	noto-mut	18	motor neuron	8	22.0	-0.0014708614991272408	0.010848039319735502	0.04887133646077452	True
noto-mut|myeloid cell|18	noto-mut	18	myeloid cell	8	23.0	-0.0006415401049207712	0.44141255378836186	0.6135833231968605	False
noto-mut|myoblast|18	noto-mut	18	myoblast	8	23.0	0.01297358822830885	0.000123287685101243	0.0017181600492467647	True
noto-mut|neural crest + pigment cell progenitor|18	noto-mut	18	neural crest + pigment cell progenitor	8	23.0	0.0005876368191868164	0.6121920912267288	0.7512495745524678	False
noto-mut|neural progenitor (MHB)|18	noto-mut	18	neural progenitor (MHB)	8	23.0	0.012155990959039499	0.007212013988821168	0.03677324122870797	True
noto-mut|neural progenitor (hindbrain R7/8)|18	noto-mut	18	neural progenitor (hindbrain R7/8)	8	23.0	0.019193220282501894	2.066990251522303e-05	0.0004265574602908603	True
noto-mut|neural progenitor (hindbrain)|18	noto-mut	18	neural progenitor (hindbrain)	8	23.0	0.025605811196633646	0.0023294253952114694	0.015651194895025495	True
noto-mut|neural progenitor (telencephalon/diencephalon)|18	noto-mut	18	neural progenitor (telencephalon/diencephalon)	8	23.0	0.019853421667326843	9.30762917943996e-05	0.0013721891564291836	True
noto-mut|neural tube-like connective tissue (+ taste bud)|18	noto-mut	18	neural tube-like connective tissue (+ taste bud)	8	23.0	-9.825885059768814e-05	0.96339596861973	0.9809071054445572	False
noto-mut|neuromast support cell|18	noto-mut	18	neuromast support cell	8	23.0	2.5607624138577166e-05	0.9803951778764719	0.9907976917425363	False
noto-mut|neuron (+ spinal cord)|18	noto-mut	18	neuron (+ spinal cord)	6	22.0	-0.000497020514812891	0.05738568301196325	0.15691963913805415	False
noto-mut|neuron (cranial ganglia sensory, Rohon-Beard)|18	noto-mut	18	neuron (cranial ganglia sensory, Rohon-Beard)	8	23.0	0.0003172729654274068	0.7290544666410497	0.8346945091023044	False
noto-mut|neuron (telencephalon, glutamatergic)|18	noto-mut	18	neuron (telencephalon, glutamatergic)	3	15.0	-0.0005087864270404934	0.01842164072346047	0.07054569104507803	False
noto-mut|neurons (differentiating, contains peripheral)|18	noto-mut	18	neurons (differentiating, contains peripheral)	8	23.0	-0.002698930165499068	0.01024336900327291	0.046749441639250336	True
noto-mut|neurons (gabaergic, glutamatergic)|18	noto-mut	18	neurons (gabaergic, glutamatergic)	8	23.0	-0.0016785921841127815	0.0010260974524169218	0.008609113095088947	True
noto-mut|neurons (gabaergic, glutamatergic; contains Purkinje)|18	noto-mut	18	neurons (gabaergic, glutamatergic; contains Purkinje)	6	21.0	-0.0006939907771977476	0.1829827346839767	0.3410716050420828	False
noto-mut|notochord|18	noto-mut	18	notochord	5	23.0	-0.01699076629817735	0.010975193657376009	0.04934381722142327	True
noto-mut|odontoblast|18	noto-mut	18	odontoblast	1					False
noto-mut|olfactory vesicle/bulb|18	noto-mut	18	olfactory vesicle/bulb	8	23.0	-0.0006444167814737122	0.26938665134233664	0.4436367529541083	False
noto-mut|pancreas|18	noto-mut	18	pancreas	1	15.0	0.00011042209851740657			False
noto-mut|pectoral fin bud (osteoblast+)|18	noto-mut	18	pectoral fin bud (osteoblast+)	8	23.0	-0.0029168376227410777	0.026413028629186482	0.0911764027225684	False
noto-mut|periderm|18	noto-mut	18	periderm	8	23.0	-0.020234166505884776	0.10750440579979416	0.23947930826001748	False
noto-mut|pharyngeal arch (NC-derived)|18	noto-mut	18	pharyngeal arch (NC-derived)	8	23.0	-0.004320467764302175	0.10648221848182242	0.23784011489469242	False
noto-mut|pharyngeal arch (contains muscle, early cartilage)|18	noto-mut	18	pharyngeal arch (contains muscle, early cartilage)	6	20.0	0.0002262189109051916	0.6389051738256648	0.771072444618878	False
noto-mut|pharyngeal arch (early)|18	noto-mut	18	pharyngeal arch (early)	8	23.0	0.01538251668185769	7.677273093784638e-06	0.00019278291496639547	True
noto-mut|pharynx|18	noto-mut	18	pharynx	6	23.0	-0.001139679625956806	0.003732890222046746	0.022296647268372573	True
noto-mut|posterior lateral line primordium|18	noto-mut	18	posterior lateral line primordium	8	23.0	0.0006683894365005229	0.4709807644776066	0.6388379628401094	False
noto-mut|posterior spinal cord progenitors|18	noto-mut	18	posterior spinal cord progenitors	8	23.0	-0.003797540659746047	2.7067781213992178e-05	0.0005256899870562809	True
noto-mut|primordial germ cell|18	noto-mut	18	primordial germ cell	8	21.0	-0.000609305970823963	0.22412422046843206	0.3901769570376555	False
noto-mut|pronephric duct|18	noto-mut	18	pronephric duct	6	16.0	2.1339044569904184e-05	0.9494584068817641	0.9737263358407312	False
noto-mut|pronephros distal tubule|18	noto-mut	18	pronephros distal tubule	7	22.0	-0.0007185429280835865	0.31799906814053536	0.4970839350256075	False
noto-mut|pronephros proximal tubule|18	noto-mut	18	pronephros proximal tubule	8	23.0	-0.0005674943353121738	0.5932473172984308	0.7382169269271702	False
noto-mut|red blood cell|18	noto-mut	18	red blood cell	8	21.0	-0.0012881444599765913	0.5425499711894777	0.7001428502725725	False
noto-mut|retinal neuron|18	noto-mut	18	retinal neuron	8	23.0	-0.00038015240393771653	0.7931190324199517	0.8776686301396623	False
noto-mut|retinal pigmented epithelium (early)|18	noto-mut	18	retinal pigmented epithelium (early)	8	23.0	0.00041234454663541167	0.6161168542776492	0.7545330808468446	False
noto-mut|roof plate, flexural + subcommissural organ|18	noto-mut	18	roof plate, flexural + subcommissural organ	8	19.0	-8.635168765264286e-05	0.7908257104043601	0.876269311678892	False
noto-mut|satellite cells|18	noto-mut	18	satellite cells	6	22.0	-0.002498381959271635	0.00013187716673572492	0.001806853140121427	True
noto-mut|slow-committed myocyte|18	noto-mut	18	slow-committed myocyte	8	23.0	-0.00713273912874903	1.4871142345361029e-05	0.0003272143737911392	True
noto-mut|support cells/otic vesicle|18	noto-mut	18	support cells/otic vesicle	8	23.0	0.00500015655884329	0.002096296183606786	0.014486863980728053	True
noto-mut|thyroid follicle cell|18	noto-mut	18	thyroid follicle cell	6	12.0	-0.0002811585158627502	0.8103559585040273	0.8865352888144981	False
noto-mut|unknown|18	noto-mut	18	unknown	1					False
noto-mut|unknown (dcn+, col6+)|18	noto-mut	18	unknown (dcn+, col6+)	1					False
noto-mut|xanthophore|18	noto-mut	18	xanthophore	5	19.0	-0.0028496510037986957	0.0006119434356322004	0.005860410698717156	True
noto-mut|KA neuron|24	noto-mut	24	KA neuron	7	31.0	-0.0002455762823195546	0.5096678634881746	0.6727737292171078	False
noto-mut|anterior migratory muscle|24	noto-mut	24	anterior migratory muscle	8	32.0	0.008472888641258256	0.005708870563748829	0.030993010536038375	True
noto-mut|basal cell|24	noto-mut	24	basal cell	8	23.0	0.00973941286123597	0.00015520132182623016	0.0020414999862805867	True
noto-mut|cardiomyocyte|24	noto-mut	24	cardiomyocyte	8	32.0	0.0009337588948537994	0.3376521946092964	0.5158104032331188	False
noto-mut|connective tissue-meninges-dermal FB|24	noto-mut	24	connective tissue-meninges-dermal FB	8	32.0	-0.010964638520893986	0.05852718857456494	0.15899965988470321	False
noto-mut|contains head vasculature?|24	noto-mut	24	contains head vasculature?	8	32.0	0.000593388414887994	0.734991000297146	0.8387455258414109	False
noto-mut|cranial muscle (early)|24	noto-mut	24	cranial muscle (early)	7	22.0	0.001776576726983039	0.0075993167211305356	0.037911005714648956	True
noto-mut|cranial muscle (mid)|24	noto-mut	24	cranial muscle (mid)	4	5.0	0.00029823581603945497	0.21976893640578574	0.3845536652898198	False
noto-mut|cranial muscle (non-somitic, fast-twitch)|24	noto-mut	24	cranial muscle (non-somitic, fast-twitch)	8	32.0	0.0016101618179232653	0.07042831795758006	0.17992932442449808	False
noto-mut|cranial muscle (progenitor)|24	noto-mut	24	cranial muscle (progenitor)	8	32.0	-0.0059619606906909615	4.5648868741368447e-10	4.972733324367103e-08	True
noto-mut|cranial neural crest|24	noto-mut	24	cranial neural crest	8	32.0	0.0009590391286724495	0.5675599658884192	0.7188175887844436	False
noto-mut|differentiating neuron (hindbrain)|24	noto-mut	24	differentiating neuron (hindbrain)	8	32.0	0.002937452125380288	0.021289812531162824	0.07814230366527729	False
noto-mut|differentiating neuron 1|24	noto-mut	24	differentiating neuron 1	8	32.0	0.0034585699014267265	0.052028705613957435	0.14593953094332932	False
noto-mut|differentiating neuron 2|24	noto-mut	24	differentiating neuron 2	8	32.0	0.0004376686846817028	0.48731065399078577	0.6532405474011712	False
noto-mut|dorsal spinal cord neuron|24	noto-mut	24	dorsal spinal cord neuron	3	9.0	-7.058756550751115e-05	0.7452208450791928	0.8447616027893614	False
noto-mut|endothelium (dorsal aorta)|24	noto-mut	24	endothelium (dorsal aorta)	8	32.0	-0.0003982875983930094	0.6791508292321496	0.7995360540852993	False
noto-mut|endothelium (f8+, clic2+)|24	noto-mut	24	endothelium (f8+, clic2+)	7	31.0	0.00029521827334633784	0.24313598888688626	0.4132068148729819	False
noto-mut|endothelium (vein + early artery)|24	noto-mut	24	endothelium (vein + early artery)	8	32.0	0.002383911440101482	0.5054875406635455	0.6691595617764815	False
noto-mut|eye, optic cup|24	noto-mut	24	eye, optic cup	8	32.0	0.011925966373784007	0.003442127979815211	0.020965114964135726	True
noto-mut|fast-committed myocyte|24	noto-mut	24	fast-committed myocyte	8	32.0	-0.013198218659870291	4.2829296818543525e-05	0.0007469029412526623	True
noto-mut|fin fold|24	noto-mut	24	fin fold	7	11.0	0.0022413059929461978	0.010187710689276278	0.046623510695758166	True
noto-mut|fin mesenchyme|24	noto-mut	24	fin mesenchyme	8	32.0	-0.005091924968605256	0.037869116145860485	0.11718490972980075	False
noto-mut|floor plate|24	noto-mut	24	floor plate	8	32.0	0.0006581476635165312	0.5176929700259901	0.6788663292261725	False
noto-mut|glia|24	noto-mut	24	glia	6	28.0	0.00185033291104645	0.019441879840930456	0.07319619917449455	False
noto-mut|hair cell|24	noto-mut	24	hair cell	5	23.0	-8.156516533230082e-05	0.48991549584612604	0.6554234890069474	False
noto-mut|hatching gland|24	noto-mut	24	hatching gland	7	32.0	-0.0024936895583165127	0.008440372011829862	0.04046628572771243	True
noto-mut|head mesenchyme|24	noto-mut	24	head mesenchyme	8	32.0	-0.003963443366964026	0.04381198109306165	0.1293339024270967	False
noto-mut|head mesenchyme (maybe ventral, hand2+)|24	noto-mut	24	head mesenchyme (maybe ventral, hand2+)	8	32.0	0.003127343334088137	0.18098120230262282	0.338957184132167	False
noto-mut|head mesenchyme/PA cartilage|24	noto-mut	24	head mesenchyme/PA cartilage	8	32.0	-0.0013138059254690655	0.335873685080858	0.5144953059848552	False
noto-mut|head/eye connective tissue|24	noto-mut	24	head/eye connective tissue	8	32.0	0.003470733230820408	0.24825201571712624	0.4195408556562319	False
noto-mut|hypochord|24	noto-mut	24	hypochord	1	32.0	-0.0013936050984054314			False
noto-mut|hypophysis/locus coeruleus|24	noto-mut	24	hypophysis/locus coeruleus	5	22.0	0.0007583835298704183	0.034696286130467616	0.11068498383915377	False
noto-mut|intestine|24	noto-mut	24	intestine	8	32.0	-0.0021571514911589013	0.03803768865415008	0.11750834082139809	False
noto-mut|ionocyte/goblet cell|24	noto-mut	24	ionocyte/goblet cell	8	32.0	-0.005491764754184817	0.0006056204384449411	0.005840853140009629	True
noto-mut|iridophore|24	noto-mut	24	iridophore	7	24.0	-8.37490466727433e-05	0.757418715338819	0.8521922389817902	False
noto-mut|lens|24	noto-mut	24	lens	8	32.0	0.0029517926165333382	0.07011675181641708	0.17927118731053923	False
noto-mut|mature fast muscle|24	noto-mut	24	mature fast muscle	8	32.0	0.003733914833643187	0.7577352991883886	0.8524041075176642	False
noto-mut|mature slow muscle|24	noto-mut	24	mature slow muscle	8	32.0	-0.0250163100875972	5.4325260972766854e-05	0.0009024783979100894	True
noto-mut|melanophore|24	noto-mut	24	melanophore	8	32.0	5.457764297708487e-05	0.9210488977138008	0.95690586699628	False
noto-mut|mesodermal progenitor cells (contains PSM)|24	noto-mut	24	mesodermal progenitor cells (contains PSM)	7	32.0	0.0016662492443282875	0.07073947186247208	0.18015573002763657	False
noto-mut|motor neuron|24	noto-mut	24	motor neuron	8	32.0	0.0005644932511934468	0.41504865575231675	0.5893158798021677	False
noto-mut|myeloid cell|24	noto-mut	24	myeloid cell	8	32.0	0.0007204487125795191	0.33840395471602847	0.5164663020413435	False
noto-mut|myoblast|24	noto-mut	24	myoblast	8	32.0	0.001129241909488387	0.23596885388469713	0.4055905416616173	False
noto-mut|neural crest + pigment cell progenitor|24	noto-mut	24	neural crest + pigment cell progenitor	8	32.0	-0.0007416027380781438	0.20453553708408762	0.3659500926019823	False
noto-mut|neural progenitor (MHB)|24	noto-mut	24	neural progenitor (MHB)	8	32.0	0.010082758804616725	0.02345306130255597	0.0840137964180509	False
noto-mut|neural progenitor (hindbrain R7/8)|24	noto-mut	24	neural progenitor (hindbrain R7/8)	8	32.0	0.006697602308601048	0.11629272201092856	0.2532825754711964	False
noto-mut|neural progenitor (hindbrain)|24	noto-mut	24	neural progenitor (hindbrain)	8	32.0	0.0051638108954854545	0.5142985282513393	0.6768694236938303	False
noto-mut|neural progenitor (telencephalon/diencephalon)|24	noto-mut	24	neural progenitor (telencephalon/diencephalon)	8	32.0	0.01224256803253948	0.02005228879254249	0.07489095041817247	False
noto-mut|neural tube-like connective tissue (+ taste bud)|24	noto-mut	24	neural tube-like connective tissue (+ taste bud)	8	32.0	-0.000667321882398585	0.5823420007193576	0.7292993959253923	False
noto-mut|neuromast support cell|24	noto-mut	24	neuromast support cell	8	32.0	0.0005890895473082127	0.4808620556351668	0.647480732408909	False
noto-mut|neuron (+ spinal cord)|24	noto-mut	24	neuron (+ spinal cord)	7	30.0	0.0008331622672210599	0.09638535115479631	0.22294007349941186	False
noto-mut|neuron (cranial ganglia sensory, Rohon-Beard)|24	noto-mut	24	neuron (cranial ganglia sensory, Rohon-Beard)	8	32.0	0.0023468084184100346	0.03360952372348626	0.10819977809543593	False
noto-mut|neuron (dopaminergic)|24	noto-mut	24	neuron (dopaminergic)	3	10.0	-8.745158728497667e-05	0.2584736262444767	0.4312220051203986	False
noto-mut|neuron (telencephalon, glutamatergic)|24	noto-mut	24	neuron (telencephalon, glutamatergic)	7	29.0	0.001109995281036166	0.021013475239735437	0.07760451800272018	False
noto-mut|neurons (differentiating, contains peripheral)|24	noto-mut	24	neurons (differentiating, contains peripheral)	8	32.0	0.008067872158271214	0.009844950108750094	0.045273144271726205	True
noto-mut|neurons (gabaergic, glutamatergic)|24	noto-mut	24	neurons (gabaergic, glutamatergic)	8	31.0	0.0023164267185022775	0.06965364923381571	0.17849922836818566	False
noto-mut|neurons (gabaergic, glutamatergic; contains Purkinje)|24	noto-mut	24	neurons (gabaergic, glutamatergic; contains Purkinje)	8	31.0	0.006258493606872246	0.0012675807479456138	0.010015545862186212	True
noto-mut|notochord|24	noto-mut	24	notochord	3	32.0	-0.01875249365163175	7.448402203124539e-13	1.455724489404781e-10	True
noto-mut|olfactory vesicle/bulb|24	noto-mut	24	olfactory vesicle/bulb	7	32.0	0.00032470905313797304	0.6575742067967314	0.7840625523352377	False
noto-mut|pancreas|24	noto-mut	24	pancreas	2	27.0	-0.0005603896860835889	2.4015566349284934e-06	7.444059707721109e-05	True
noto-mut|pectoral fin bud (osteoblast+)|24	noto-mut	24	pectoral fin bud (osteoblast+)	8	32.0	-0.0030971755896826852	0.12057909155882646	0.25889231324026785	False
noto-mut|periderm|24	noto-mut	24	periderm	8	32.0	-0.04721272848403743	0.03717760956797267	0.1158198474386821	False
noto-mut|periocular mesenchyme|24	noto-mut	24	periocular mesenchyme	4	8.0	0.0009788822377890499	0.39492352595592867	0.5706168362637847	False
noto-mut|pharyngeal arch (NC-derived)|24	noto-mut	24	pharyngeal arch (NC-derived)	8	32.0	-0.013317235419635892	2.637152146390423e-07	1.0952422507977724e-05	True
noto-mut|pharyngeal arch (contains muscle, early cartilage)|24	noto-mut	24	pharyngeal arch (contains muscle, early cartilage)	7	30.0	0.0020942687216568565	0.002550296808893034	0.016946722295094207	True
noto-mut|pharyngeal arch (early)|24	noto-mut	24	pharyngeal arch (early)	8	32.0	0.029413542872777004	6.008027447799189e-05	0.0009686591795215283	True
noto-mut|pharynx|24	noto-mut	24	pharynx	7	31.0	-0.0003185466231903436	0.5996671907837439	0.7428330030991643	False
noto-mut|posterior lateral line primordium|24	noto-mut	24	posterior lateral line primordium	7	31.0	0.001836260712779938	0.047686724424725324	0.13676231497725497	False
noto-mut|posterior spinal cord progenitors|24	noto-mut	24	posterior spinal cord progenitors	8	32.0	-0.0030860723458312755	0.0001365941371013321	0.0018523837572211263	True
noto-mut|primordial germ cell|24	noto-mut	24	primordial germ cell	6	27.0	-0.0005865460166259555	0.023797271801956295	0.08484333836261003	False
noto-mut|pronephric duct|24	noto-mut	24	pronephric duct	6	23.0	0.000558784626857155	0.4060805231811743	0.5811770571912348	False
noto-mut|pronephric podocyte|24	noto-mut	24	pronephric podocyte	5	15.0	-0.0001260550895404533	0.13685598486392442	0.28076814431021235	False
noto-mut|pronephros distal tubule|24	noto-mut	24	pronephros distal tubule	8	32.0	-0.00026336996281514126	0.7048182221918323	0.8187966934378892	False
noto-mut|pronephros proximal tubule|24	noto-mut	24	pronephros proximal tubule	7	32.0	-0.0002824907091268612	0.7959139785122897	0.8786922058837291	False
noto-mut|red blood cell|24	noto-mut	24	red blood cell	8	31.0	-0.0005844352100668956	0.6402081334639609	0.7716422021214121	False
noto-mut|retinal neuron|24	noto-mut	24	retinal neuron	8	30.0	0.006021029142663273	0.0017740814235234592	0.012815849800887116	True
noto-mut|retinal pigmented epithelium (early)|24	noto-mut	24	retinal pigmented epithelium (early)	8	31.0	0.0028721441735153467	0.0010519888691546669	0.008781992506950704	True
noto-mut|roof plate, flexural + subcommissural organ|24	noto-mut	24	roof plate, flexural + subcommissural organ	7	31.0	0.001797664205282898	0.03264723944516251	0.10629147776242277	False
noto-mut|satellite cells|24	noto-mut	24	satellite cells	5	32.0	-0.0011105861821359773	0.0416063753812276	0.1248218498074346	False
noto-mut|support cells/otic vesicle|24	noto-mut	24	support cells/otic vesicle	8	32.0	0.004518543616908207	0.033209851762808655	0.10743888265037173	False
noto-mut|thyroid follicle cell|24	noto-mut	24	thyroid follicle cell	6	19.0	0.001654635568820225	0.12275371420153283	0.2619398120936261	False
noto-mut|unknown|24	noto-mut	24	unknown	1					False
noto-mut|vascular smooth muscle|24	noto-mut	24	vascular smooth muscle	1					False
noto-mut|xanthophore|24	noto-mut	24	xanthophore	8	31.0	0.0020509347085139965	0.3079259055895318	0.4868350327486174	False
noto-mut|KA neuron|36	noto-mut	36	KA neuron	7	44.0	-0.00017962254160704128	0.36086375947800187	0.5378241763307141	False
noto-mut|adrenal gland|36	noto-mut	36	adrenal gland	1	15.0	-1.348049975490002e-05			False
noto-mut|anterior migratory muscle|36	noto-mut	36	anterior migratory muscle	8	44.0	-0.004687036347882829	0.05140429194402899	0.1445913475519052	False
noto-mut|basal cell|36	noto-mut	36	basal cell	8	44.0	0.01999084397322877	0.0014313557846019982	0.010970425823160643	True
noto-mut|cardiomyocyte|36	noto-mut	36	cardiomyocyte	8	44.0	0.001952742288689564	0.08216782669430338	0.19919927339790075	False
noto-mut|connective tissue-meninges-dermal FB|36	noto-mut	36	connective tissue-meninges-dermal FB	8	44.0	-0.007745647212395804	0.047098304187880975	0.13577797454597357	False
noto-mut|contains head vasculature?|36	noto-mut	36	contains head vasculature?	7	31.0	0.0001844584075249942	0.29160277841172355	0.4686688142505546	False
noto-mut|cranial muscle (early)|36	noto-mut	36	cranial muscle (early)	8	44.0	0.0003769378685408763	0.7073936181647169	0.8201489448733739	False
noto-mut|cranial muscle (mid)|36	noto-mut	36	cranial muscle (mid)	8	36.0	-9.499694327553187e-05	0.652993246612285	0.7811233346064147	False
noto-mut|cranial muscle (non-somitic, fast-twitch)|36	noto-mut	36	cranial muscle (non-somitic, fast-twitch)	8	44.0	-0.00027761439082530596	0.643572694982152	0.7738944187760406	False
noto-mut|cranial muscle (progenitor)|36	noto-mut	36	cranial muscle (progenitor)	7	37.0	-0.000526056248693297	2.3778036024024833e-05	0.00047591882343266573	True
noto-mut|cranial neural crest|36	noto-mut	36	cranial neural crest	8	44.0	-0.0005816266866859902	0.3652968307887302	0.5413464408097931	False
noto-mut|differentiating neuron (hindbrain)|36	noto-mut	36	differentiating neuron (hindbrain)	8	44.0	0.0020785198805753427	0.4762252713135915	0.6436227263525388	False
noto-mut|differentiating neuron 1|36	noto-mut	36	differentiating neuron 1	8	43.0	0.0008177800340997722	0.6775373042695998	0.7984102477161714	False
noto-mut|differentiating neuron 2|36	noto-mut	36	differentiating neuron 2	8	43.0	0.0018574913057455775	0.09444580491233906	0.2201306115897906	False
noto-mut|dorsal spinal cord neuron|36	noto-mut	36	dorsal spinal cord neuron	4	26.0	0.00042501252753584807	0.45494558058851264	0.6242232878403193	False
noto-mut|endothelium (dorsal aorta)|36	noto-mut	36	endothelium (dorsal aorta)	8	44.0	-0.003621811519003722	8.407941348829965e-05	0.0012669108903168962	True
noto-mut|endothelium (f8+, clic2+)|36	noto-mut	36	endothelium (f8+, clic2+)	8	44.0	-5.638534958137746e-05	0.837460832324397	0.9057498748039743	False
noto-mut|endothelium (vein + early artery)|36	noto-mut	36	endothelium (vein + early artery)	8	44.0	0.006681783838540654	0.001873526598548121	0.013300837871102845	True
noto-mut|eye, optic cup|36	noto-mut	36	eye, optic cup	8	44.0	0.0015269864513466486	0.4468127454392048	0.6171421104642518	False
noto-mut|fast-committed myocyte|36	noto-mut	36	fast-committed myocyte	2	24.0	-0.0003034826847892666	0.05141751004742694	0.1445913475519052	False
noto-mut|fin bud mesoderm (pectoral)|36	noto-mut	36	fin bud mesoderm (pectoral)	8	40.0	0.00204823909599316	0.013790865949433885	0.058138997684225806	False
noto-mut|fin fold|36	noto-mut	36	fin fold	8	44.0	0.001686493661513657	0.23754038580933623	0.4069233987375714	False
noto-mut|fin mesenchyme|36	noto-mut	36	fin mesenchyme	7	30.0	0.0004640302071389701	0.20595182125736183	0.36729733018120486	False
noto-mut|floor plate|36	noto-mut	36	floor plate	8	44.0	-0.0012733514191467501	0.12248044505086537	0.26161445109707504	False
noto-mut|glia|36	noto-mut	36	glia	8	44.0	0.0002607565375405581	0.6538626950131488	0.7815116454442349	False
noto-mut|hair cell|36	noto-mut	36	hair cell	8	39.0	0.0005462295437599907	0.037433415544406844	0.11619202339844288	False
noto-mut|hatching gland|36	noto-mut	36	hatching gland	8	44.0	-0.0011535631407376956	0.6878870194862565	0.8067436012153503	False
noto-mut|head mesenchyme|36	noto-mut	36	head mesenchyme	8	44.0	-0.0026736995949177764	0.3406752296888911	0.5184087324801283	False
noto-mut|head mesenchyme (maybe ventral, hand2+)|36	noto-mut	36	head mesenchyme (maybe ventral, hand2+)	8	44.0	-0.002270129466525635	0.17733661227192943	0.33453455650069686	False
noto-mut|head mesenchyme/PA cartilage|36	noto-mut	36	head mesenchyme/PA cartilage	8	43.0	0.0009237440603389185	0.4379788314852453	0.6115506062659077	False
noto-mut|head/eye connective tissue|36	noto-mut	36	head/eye connective tissue	8	44.0	0.0025532902537396046	0.0004939639770732481	0.005011283400995013	True
noto-mut|hypochord|36	noto-mut	36	hypochord	2	38.0	-0.0008099156470711025	5.161229362835397e-07	1.9939749486070472e-05	True
noto-mut|hypophysis/locus coeruleus|36	noto-mut	36	hypophysis/locus coeruleus	8	41.0	0.00031736726042586375	0.27039846980318416	0.4449778799638549	False
noto-mut|intestine|36	noto-mut	36	intestine	8	44.0	-0.002433208382733902	9.487654383821741e-05	0.0013856145797911093	True
noto-mut|ionocyte/goblet cell|36	noto-mut	36	ionocyte/goblet cell	8	44.0	-2.4483800236518166e-05	0.9845431557004088	0.9919880050061362	False
noto-mut|iridophore|36	noto-mut	36	iridophore	8	44.0	0.00027970377491144064	0.4020017074691029	0.5769549343698032	False
noto-mut|lens|36	noto-mut	36	lens	8	43.0	0.001109959685311893	0.3356212789430698	0.5144644518054668	False
noto-mut|liver|36	noto-mut	36	liver	4	36.0	-0.00036198835178114983	0.29400215688449877	0.4720087780858889	False
noto-mut|mature fast muscle|36	noto-mut	36	mature fast muscle	8	44.0	0.024096756625767754	0.11843364495083758	0.2562593680722251	False
noto-mut|mature slow muscle|36	noto-mut	36	mature slow muscle	8	44.0	-0.012376103023161899	2.395685411209427e-05	0.0004766266334576839	True
noto-mut|melanophore|36	noto-mut	36	melanophore	8	44.0	0.004406269998309678	0.0095147209406863	0.04409018176489572	True
noto-mut|mesodermal progenitor cells (contains PSM)|36	noto-mut	36	mesodermal progenitor cells (contains PSM)	2	12.0	1.7203086062666628e-05	0.8229854577084692	0.8953842890418384	False
noto-mut|motor neuron|36	noto-mut	36	motor neuron	8	43.0	-0.0017322214296430446	0.007214805772520368	0.03677324122870797	True
noto-mut|myeloid cell|36	noto-mut	36	myeloid cell	8	43.0	0.00015501234495638588	0.6643023486025792	0.7892271587690795	False
noto-mut|neural crest + pigment cell progenitor|36	noto-mut	36	neural crest + pigment cell progenitor	4	19.0	-6.39803765454869e-05	0.5471890816254446	0.7030828215322195	False
noto-mut|neural progenitor (MHB)|36	noto-mut	36	neural progenitor (MHB)	8	43.0	0.0023251773720299775	0.2459116879937866	0.4171772189733755	False
noto-mut|neural progenitor (hindbrain R7/8)|36	noto-mut	36	neural progenitor (hindbrain R7/8)	8	44.0	-0.00029569139187773756	0.8530040995032019	0.9161487378695291	False
noto-mut|neural progenitor (hindbrain)|36	noto-mut	36	neural progenitor (hindbrain)	8	43.0	0.0007432008914670389	0.22515203294959116	0.391484544952916	False
noto-mut|neural progenitor (telencephalon/diencephalon)|36	noto-mut	36	neural progenitor (telencephalon/diencephalon)	8	44.0	0.003326836602199623	0.2574614054309662	0.43028949675270883	False
noto-mut|neural tube-like connective tissue (+ taste bud)|36	noto-mut	36	neural tube-like connective tissue (+ taste bud)	8	44.0	0.004716098302676858	0.04141681362792221	0.124440045025527	False
noto-mut|neuromast support cell|36	noto-mut	36	neuromast support cell	8	44.0	0.0019477072778564504	0.047343095578991565	0.13601161700060482	False
noto-mut|neuron (+ spinal cord)|36	noto-mut	36	neuron (+ spinal cord)	8	42.0	0.0008832059932250432	0.23329801678289178	0.4020397618055798	False
noto-mut|neuron (cranial ganglia sensory, Rohon-Beard)|36	noto-mut	36	neuron (cranial ganglia sensory, Rohon-Beard)	8	44.0	9.635191431959546e-05	0.907501797743135	0.9484664117651985	False
noto-mut|neuron (dopaminergic)|36	noto-mut	36	neuron (dopaminergic)	5	22.0	0.0002876611127091818	0.05178272866918524	0.1453940908144184	False
noto-mut|neuron (telencephalon, glutamatergic)|36	noto-mut	36	neuron (telencephalon, glutamatergic)	8	43.0	0.0008664145194645589	0.30640134627788873	0.48558000143490837	False
noto-mut|neurons (differentiating, contains peripheral)|36	noto-mut	36	neurons (differentiating, contains peripheral)	8	44.0	0.0028699522558166893	0.5695904003140506	0.7198121676744818	False
noto-mut|neurons (gabaergic, glutamatergic)|36	noto-mut	36	neurons (gabaergic, glutamatergic)	8	44.0	0.0013658110967409102	0.588754457992597	0.7355279889755231	False
noto-mut|neurons (gabaergic, glutamatergic; contains Purkinje)|36	noto-mut	36	neurons (gabaergic, glutamatergic; contains Purkinje)	8	44.0	-0.0005371955408284886	0.7942467310507807	0.8780185539564861	False
noto-mut|notochord|36	noto-mut	36	notochord	3	44.0	-0.0193966842732916	5.116149693206122e-20	4.249601838919335e-17	True
noto-mut|olfactory vesicle/bulb|36	noto-mut	36	olfactory vesicle/bulb	8	43.0	0.0010068963859430884	0.013509531169117907	0.057471725108059216	False
noto-mut|pancreas|36	noto-mut	36	pancreas	3	37.0	-0.000575550915536199	0.004949864045303564	0.027710064516463507	True
noto-mut|pectoral fin bud (osteoblast+)|36	noto-mut	36	pectoral fin bud (osteoblast+)	8	44.0	0.0006174033449263174	0.2731402723983445	0.44811757463625274	False
noto-mut|periderm|36	noto-mut	36	periderm	8	44.0	-0.050578851672866826	0.04240295007571028	0.12629655009103308	False
noto-mut|periocular mesenchyme|36	noto-mut	36	periocular mesenchyme	8	44.0	0.0009415262008994583	0.2197945554207277	0.3845536652898198	False
noto-mut|pharyngeal arch (NC-derived)|36	noto-mut	36	pharyngeal arch (NC-derived)	8	42.0	-0.00037905371849966153	0.3138813910863101	0.492850152119218	False
noto-mut|pharyngeal arch (contains muscle, early cartilage)|36	noto-mut	36	pharyngeal arch (contains muscle, early cartilage)	8	44.0	0.0005992902598103257	0.5442113735191196	0.7009661905474994	False
noto-mut|pharyngeal arch (early)|36	noto-mut	36	pharyngeal arch (early)	8	44.0	0.011167133135506515	0.006603537275242972	0.03455303491758225	True
noto-mut|pharynx|36	noto-mut	36	pharynx	8	29.0	0.00012315180774463968	0.47662962399464104	0.643970146417989	False
noto-mut|posterior lateral line primordium|36	noto-mut	36	posterior lateral line primordium	8	40.0	0.0003146414967499726	0.368937720204389	0.5445560086090991	False
noto-mut|posterior spinal cord progenitors|36	noto-mut	36	posterior spinal cord progenitors	8	43.0	-0.0016860802655074593	0.007333323691786524	0.037174011030478904	True
noto-mut|primordial germ cell|36	noto-mut	36	primordial germ cell	7	34.0	-0.00033115365226812015	0.007640990402215687	0.0380100729504335	True
noto-mut|pronephric duct|36	noto-mut	36	pronephric duct	7	31.0	-0.0001383527619375197	0.6476019594093816	0.7766314781222415	False
noto-mut|pronephric podocyte|36	noto-mut	36	pronephric podocyte	3	27.0	-0.0001978999750961222	0.005151314535149634	0.028620806928151606	True
noto-mut|pronephros distal tubule|36	noto-mut	36	pronephros distal tubule	8	44.0	0.0016878843933946777	0.025634399717260895	0.08945882477976583	False
noto-mut|pronephros proximal tubule|36	noto-mut	36	pronephros proximal tubule	8	44.0	0.0013480393123749676	0.09898756440327362	0.22645059271393617	False
noto-mut|red blood cell|36	noto-mut	36	red blood cell	6	39.0	-0.00010104670236057295	0.7616918695741212	0.8552623307401208	False
noto-mut|retinal neuron|36	noto-mut	36	retinal neuron	8	44.0	-0.00408585497670373	0.043046425786477896	0.12769799078176144	False
noto-mut|retinal pigmented epithelium (early)|36	noto-mut	36	retinal pigmented epithelium (early)	8	43.0	0.0024233968817760528	0.021556064279347056	0.07880757278300632	False
noto-mut|retinal pigmented epithelium (late)|36	noto-mut	36	retinal pigmented epithelium (late)	1	1.0	-5.870534807380002e-05			False
noto-mut|roof plate, flexural + subcommissural organ|36	noto-mut	36	roof plate, flexural + subcommissural organ	8	43.0	0.0005008435644573155	0.3557028068241871	0.5331686442568365	False
noto-mut|satellite cells|36	noto-mut	36	satellite cells	3	22.0	8.855986039256675e-05	0.554158393021169	0.7090695550880828	False
noto-mut|support cells/otic vesicle|36	noto-mut	36	support cells/otic vesicle	8	44.0	0.0030814686928650557	0.005635377593683957	0.030719511164913775	True
noto-mut|thyroid follicle cell|36	noto-mut	36	thyroid follicle cell	2	29.0	-0.00013366398800798967	0.6630192874366658	0.7882918527494442	False
noto-mut|unknown|36	noto-mut	36	unknown	7					False
noto-mut|unknown (K+ channel, ciliated)|36	noto-mut	36	unknown (K+ channel, ciliated)	1					False
noto-mut|unknown (dcn+, col6+)|36	noto-mut	36	unknown (dcn+, col6+)	1	33.0	-0.0007742870931330423			False
noto-mut|vascular smooth muscle|36	noto-mut	36	vascular smooth muscle	1	2.0	-1.8488739771800014e-05			False
noto-mut|xanthophore|36	noto-mut	36	xanthophore	8	44.0	0.002454164810004266	0.04018565123869319	0.1220446309328685	False
noto-mut|KA neuron|48	noto-mut	48	KA neuron	7	39.0	-0.000791863051876774	0.00010132368304711914	0.001460511656937325	True
noto-mut|adrenal gland|48	noto-mut	48	adrenal gland	1	23.0	-5.2441411015652145e-05			False
noto-mut|anterior migratory muscle|48	noto-mut	48	anterior migratory muscle	8	44.0	0.0009667095434079016	0.4399980639984722	0.6127253816211862	False
noto-mut|basal cell|48	noto-mut	48	basal cell	8	44.0	0.016397655454938195	0.0028155602673241623	0.018199803478958228	True
noto-mut|cardiomyocyte|48	noto-mut	48	cardiomyocyte	7	44.0	0.00031035916711277724	0.8135573567649	0.8890130958235095	False
noto-mut|chondrocranium|48	noto-mut	48	chondrocranium	8	44.0	-0.001433619114259206	4.648299979281191e-11	5.93999103121606e-09	True
noto-mut|connective tissue-meninges-dermal FB|48	noto-mut	48	connective tissue-meninges-dermal FB	8	44.0	-0.0173688987016824	0.0007819400572347501	0.00699325932748979	True
noto-mut|contains head vasculature?|48	noto-mut	48	contains head vasculature?	1	2.0	-0.00029454377553865			False
noto-mut|cranial muscle (early)|48	noto-mut	48	cranial muscle (early)	8	44.0	0.003985256728450685	0.002711320394669336	0.01773299608521431	True
noto-mut|cranial muscle (late)|48	noto-mut	48	cranial muscle (late)	5	33.0	-0.00029569641425814983	0.39405972318084653	0.5696164586766859	False
noto-mut|cranial muscle (mid)|48	noto-mut	48	cranial muscle (mid)	8	44.0	-0.0025369879417189408	0.004287429825093752	0.024991202796270158	True
noto-mut|cranial muscle (non-somitic, fast-twitch)|48	noto-mut	48	cranial muscle (non-somitic, fast-twitch)	8	44.0	-0.0015432360797445087	0.018728669454553554	0.07140103759352173	False
noto-mut|cranial muscle (progenitor)|48	noto-mut	48	cranial muscle (progenitor)	6	11.0	9.43884752092303e-05	0.5973862026605345	0.7418484987253321	False
noto-mut|cranial neural crest|48	noto-mut	48	cranial neural crest	8	44.0	0.002419745883978858	0.011495555130208106	0.05106147315523587	False
noto-mut|differentiating neuron (hindbrain)|48	noto-mut	48	differentiating neuron (hindbrain)	8	44.0	0.004481592015593942	0.016556817172632087	0.0660781081754596	False
noto-mut|differentiating neuron 1|48	noto-mut	48	differentiating neuron 1	8	44.0	0.004123487669473929	0.003006730497876638	0.019082831096838834	True
noto-mut|differentiating neuron 2|48	noto-mut	48	differentiating neuron 2	8	41.0	0.001223247451959051	0.007197818923321596	0.03677324122870797	True
noto-mut|dorsal spinal cord neuron|48	noto-mut	48	dorsal spinal cord neuron	8	41.0	0.00015360344742958295	0.6708308195891566	0.7936376677180613	False
noto-mut|endothelium (dorsal aorta)|48	noto-mut	48	endothelium (dorsal aorta)	8	44.0	0.002659781706954587	0.04484605411947012	0.1310475064309054	False
noto-mut|endothelium (f8+, clic2+)|48	noto-mut	48	endothelium (f8+, clic2+)	8	44.0	0.001703144229934024	0.09601330814957848	0.22242171119218454	False
noto-mut|endothelium (vein + early artery)|48	noto-mut	48	endothelium (vein + early artery)	8	44.0	0.006165483271259983	0.002651961661435702	0.017454175644487074	True
noto-mut|eye, optic cup|48	noto-mut	48	eye, optic cup	8	44.0	0.011218437340456206	0.001164022112448302	0.009458761759896302	True
noto-mut|fast-committed myocyte|48	noto-mut	48	fast-committed myocyte	1	13.0	-8.145715885686153e-05			False
noto-mut|fin bud mesoderm (pectoral)|48	noto-mut	48	fin bud mesoderm (pectoral)	6	44.0	-0.0015121917974949784	0.18070013380271963	0.33862165513792214	False
noto-mut|fin fold|48	noto-mut	48	fin fold	8	44.0	-0.014891448515585834	0.0002873804743903783	0.003303881059384193	True
noto-mut|fin mesenchyme|48	noto-mut	48	fin mesenchyme	1	3.0	-4.444588874693333e-05			False
noto-mut|floor plate|48	noto-mut	48	floor plate	8	44.0	-0.001089316689095966	0.2488512954127594	0.42023300076690884	False
noto-mut|glia|48	noto-mut	48	glia	8	43.0	-0.0011534473548476935	0.03343916119202837	0.10805834720526844	False
noto-mut|hair cell|48	noto-mut	48	hair cell	8	42.0	0.0005215126237351937	0.08062110640690406	0.19674155419532777	False
noto-mut|hatching gland|48	noto-mut	48	hatching gland	8	44.0	-0.004467306605648803	0.13684272267623412	0.28076814431021235	False
noto-mut|head mesenchyme|48	noto-mut	48	head mesenchyme	8	44.0	-0.0005694322391059277	0.7597058265492088	0.85404249998638	False
noto-mut|head mesenchyme (maybe ventral, hand2+)|48	noto-mut	48	head mesenchyme (maybe ventral, hand2+)	8	44.0	0.0040264818288037255	0.018193606684444134	0.06992279723431537	False
noto-mut|head mesenchyme/PA cartilage|48	noto-mut	48	head mesenchyme/PA cartilage	8	44.0	0.005799880047161299	0.0007676631873670839	0.006912089268366222	True
noto-mut|head/eye connective tissue|48	noto-mut	48	head/eye connective tissue	8	43.0	0.0012026123952487372	0.08401346936076107	0.2023448727445659	False
noto-mut|hypophysis/locus coeruleus|48	noto-mut	48	hypophysis/locus coeruleus	7	41.0	0.00048452630209354125	0.14343569897086256	0.2901461855894617	False
noto-mut|intestine|48	noto-mut	48	intestine	8	44.0	-0.0016689972542835024	0.07806723053472195	0.19234875636567902	False
noto-mut|ionocyte/goblet cell|48	noto-mut	48	ionocyte/goblet cell	8	44.0	-0.0005779262426403578	0.37638658970269456	0.5521167524446811	False
noto-mut|iridophore|48	noto-mut	48	iridophore	8	44.0	-0.00018489022996312238	0.582165744873269	0.7292993959253923	False
noto-mut|jaw chondrocyte|48	noto-mut	48	jaw chondrocyte	7	40.0	-0.0015685453032283606	9.588243154555043e-07	3.462710639240123e-05	True
noto-mut|lens|48	noto-mut	48	lens	8	44.0	0.0032000500941171675	0.027246588499411944	0.09327850622287087	False
noto-mut|liver|48	noto-mut	48	liver	8	44.0	-0.0006605469320111589	0.09756710132152151	0.2244700265354717	False
noto-mut|mature fast muscle|48	noto-mut	48	mature fast muscle	8	44.0	0.02779292882583237	0.005395525863572712	0.02967985874457009	True
noto-mut|mature slow muscle|48	noto-mut	48	mature slow muscle	8	44.0	0.0020584978731792575	0.24819198553436447	0.4195408556562319	False
noto-mut|melanophore|48	noto-mut	48	melanophore	8	44.0	0.0014262332937749443	0.13587073935643434	0.2798457578468494	False
noto-mut|motor neuron|48	noto-mut	48	motor neuron	8	44.0	-0.002192007521136876	0.0014621346199058874	0.011116572710840527	True
noto-mut|myeloid cell|48	noto-mut	48	myeloid cell	8	43.0	0.0011064400162118181	0.05109944601488553	0.14412386195624546	False
noto-mut|neural progenitor (MHB)|48	noto-mut	48	neural progenitor (MHB)	8	44.0	0.003958097751971428	0.0036624206858332426	0.02198444937431066	True
noto-mut|neural progenitor (hindbrain R7/8)|48	noto-mut	48	neural progenitor (hindbrain R7/8)	8	43.0	0.0026937749112503034	0.05893614154804302	0.15982773786037516	False
noto-mut|neural progenitor (hindbrain)|48	noto-mut	48	neural progenitor (hindbrain)	5	21.0	-9.453485794380483e-05	0.7374675030409727	0.8400015818168972	False
noto-mut|neural progenitor (telencephalon/diencephalon)|48	noto-mut	48	neural progenitor (telencephalon/diencephalon)	8	44.0	0.002903616192767855	0.2123849759066179	0.37554501460869505	False
noto-mut|neural tube-like connective tissue (+ taste bud)|48	noto-mut	48	neural tube-like connective tissue (+ taste bud)	8	44.0	0.009538665159031843	0.002846250923601645	0.018326877313307104	True
noto-mut|neuromast support cell|48	noto-mut	48	neuromast support cell	8	44.0	0.0025624593671666153	0.018264994851750326	0.07015263730281357	False
noto-mut|neuron (+ spinal cord)|48	noto-mut	48	neuron (+ spinal cord)	8	44.0	0.0017598471197086273	0.016915320300534994	0.06686633158658836	False
noto-mut|neuron (cranial ganglia sensory, Rohon-Beard)|48	noto-mut	48	neuron (cranial ganglia sensory, Rohon-Beard)	8	44.0	0.008088891782260745	0.002937794357895842	0.01876831869194479	True
noto-mut|neuron (dopaminergic)|48	noto-mut	48	neuron (dopaminergic)	5	25.0	0.000155429892629556	0.12735163274504027	0.2681405575382739	False
noto-mut|neuron (telencephalon, glutamatergic)|48	noto-mut	48	neuron (telencephalon, glutamatergic)	8	44.0	0.0009376577352356464	0.1507355266852827	0.29976035615811597	False
noto-mut|neurons (differentiating, contains peripheral)|48	noto-mut	48	neurons (differentiating, contains peripheral)	8	44.0	0.010837430446721141	0.03576328348323244	0.11268232278145073	False
noto-mut|neurons (gabaergic, glutamatergic)|48	noto-mut	48	neurons (gabaergic, glutamatergic)	8	44.0	-0.01039883502287247	0.014582321440936677	0.060562203734390134	False
noto-mut|neurons (gabaergic, glutamatergic; contains Purkinje)|48	noto-mut	48	neurons (gabaergic, glutamatergic; contains Purkinje)	8	44.0	-0.0066633943097693035	0.003075190988112206	0.01942444519178797	True
noto-mut|notochord|48	noto-mut	48	notochord	5	44.0	-0.01479519446474467	2.1363658666829193e-18	1.0920116295467691e-15	True
noto-mut|olfactory vesicle/bulb|48	noto-mut	48	olfactory vesicle/bulb	8	44.0	-0.00013710284240003433	0.8741926052402613	0.9286986189962487	False
noto-mut|osteoblast|48	noto-mut	48	osteoblast	7	33.0	-0.00032840151180720347	0.0364428054952529	0.11419818549239621	False
noto-mut|pancreas|48	noto-mut	48	pancreas	4	43.0	-0.0012437734650004788	0.0004071333612601894	0.00433557882303519	True
noto-mut|pectoral fin bud (osteoblast+)|48	noto-mut	48	pectoral fin bud (osteoblast+)	8	44.0	-0.0006112360407931365	0.1434272450708628	0.2901461855894617	False
noto-mut|periderm|48	noto-mut	48	periderm	8	44.0	-0.07462182920795313	0.02600155024800147	0.0902718398108515	False
noto-mut|periocular mesenchyme|48	noto-mut	48	periocular mesenchyme	8	44.0	0.00018667978515383076	0.6906393293654012	0.808972033074756	False
noto-mut|pharyngeal arch (NC-derived)|48	noto-mut	48	pharyngeal arch (NC-derived)	1	11.0	-0.0002007648105377727			False
noto-mut|pharyngeal arch (contains muscle, early cartilage)|48	noto-mut	48	pharyngeal arch (contains muscle, early cartilage)	8	44.0	0.005001882410000633	0.09662570917935843	0.2232537682534203	False
noto-mut|pharyngeal arch (early)|48	noto-mut	48	pharyngeal arch (early)	8	44.0	0.01186528828125213	0.007914424348789039	0.03874750880690566	True
noto-mut|pharynx|48	noto-mut	48	pharynx	2	20.0	-0.00010097783243084	0.1720474520582193	0.32814446582286666	False
noto-mut|posterior lateral line primordium|48	noto-mut	48	posterior lateral line primordium	8	42.0	0.0007527615692501969	0.047788118502463804	0.13684580632149151	False
noto-mut|posterior spinal cord progenitors|48	noto-mut	48	posterior spinal cord progenitors	7	39.0	-0.000810462253081669	0.01048120803039792	0.04763976010422738	True
noto-mut|primordial germ cell|48	noto-mut	48	primordial germ cell	2	37.0	-0.00021633140358752576	0.4661129093585573	0.6345018671495944	False
noto-mut|pronephric duct|48	noto-mut	48	pronephric duct	2	32.0	-5.088248734246557e-05	0.9097843895363151	0.9502542075556136	False
noto-mut|pronephric podocyte|48	noto-mut	48	pronephric podocyte	3	35.0	-8.391192091298377e-05	0.7200650430087778	0.8282555324205174	False
noto-mut|pronephros distal tubule|48	noto-mut	48	pronephros distal tubule	8	44.0	-0.0003515609311775924	0.5385761790773289	0.6973575038910466	False
noto-mut|pronephros proximal tubule|48	noto-mut	48	pronephros proximal tubule	8	44.0	0.0012025102780285827	0.06143549833181911	0.16428078255529463	False
noto-mut|red blood cell|48	noto-mut	48	red blood cell	6	37.0	-8.585032221436478e-05	0.42200819740071693	0.5960219591074172	False
noto-mut|retinal neuron|48	noto-mut	48	retinal neuron	8	44.0	-0.007953036942975951	0.07188344725370753	0.1820675975212861	False
noto-mut|retinal pigmented epithelium (early)|48	noto-mut	48	retinal pigmented epithelium (early)	8	44.0	0.0025304450124016614	0.03941936604893921	0.12065485370575822	False
noto-mut|retinal pigmented epithelium (late)|48	noto-mut	48	retinal pigmented epithelium (late)	3	21.0	-2.8792823753576234e-05	0.845575174216905	0.9111151342097183	False
noto-mut|roof plate, flexural + subcommissural organ|48	noto-mut	48	roof plate, flexural + subcommissural organ	8	44.0	0.0008202724135009296	0.12073258320267996	0.2589632070309259	False
noto-mut|satellite cells|48	noto-mut	48	satellite cells	3	12.0	-7.590550905361667e-05	0.4994401769735757	0.6633643701158182	False
noto-mut|support cells/otic vesicle|48	noto-mut	48	support cells/otic vesicle	8	44.0	0.0034114080137117534	0.003590072930917908	0.021647944306669237	True
noto-mut|thyroid follicle cell|48	noto-mut	48	thyroid follicle cell	6	23.0	0.00036895407483388193	0.0665120270843033	0.17311884840391517	False
noto-mut|unknown|48	noto-mut	48	unknown	6					False
noto-mut|xanthophore|48	noto-mut	48	xanthophore	8	44.0	0.0043860949650776524	0.006294226941096429	0.033439762119373405	True
phox2a|KA neuron|36	phox2a	36	KA neuron	8	44.0	0.0007450076748520286	0.009497723202772914	0.04408171978756702	True
phox2a|adrenal gland|36	phox2a	36	adrenal gland	5	15.0	0.00015529225693108005	0.4206433046739142	0.594772511274437	False
phox2a|anterior migratory muscle|36	phox2a	36	anterior migratory muscle	8	44.0	-0.0006369702634007428	0.6766499764533256	0.7980722565730118	False
phox2a|basal cell|36	phox2a	36	basal cell	8	44.0	0.01396538884309273	0.0005416098432854381	0.005355441592871908	True
phox2a|cardiomyocyte|36	phox2a	36	cardiomyocyte	8	44.0	-0.000741956062673574	0.23753598771396567	0.4069233987375714	False
phox2a|connective tissue-meninges-dermal FB|36	phox2a	36	connective tissue-meninges-dermal FB	8	44.0	0.003497669693159497	0.2294501602128025	0.39736677472350085	False
phox2a|contains head vasculature?|36	phox2a	36	contains head vasculature?	4	31.0	-7.970970350310231e-05	0.6316873005140553	0.7654459356571908	False
phox2a|cranial muscle (early)|36	phox2a	36	cranial muscle (early)	8	44.0	0.0008623823344739139	0.2647595462324152	0.43803421756783784	False
phox2a|cranial muscle (late)|36	phox2a	36	cranial muscle (late)	1	6.0	-0.00017211771165950005			False
phox2a|cranial muscle (mid)|36	phox2a	36	cranial muscle (mid)	8	36.0	0.00036486631891958056	0.2504091249494236	0.42211279434016225	False
phox2a|cranial muscle (non-somitic, fast-twitch)|36	phox2a	36	cranial muscle (non-somitic, fast-twitch)	8	44.0	0.0009238199027790687	0.09417651174996548	0.219811352503871	False
phox2a|cranial muscle (progenitor)|36	phox2a	36	cranial muscle (progenitor)	5	37.0	-0.000515327038678174	0.011664311790196776	0.05153082178705508	False
phox2a|cranial neural crest|36	phox2a	36	cranial neural crest	8	44.0	0.0007693431878323092	0.15039411316081816	0.29939151646304274	False
phox2a|differentiating neuron (hindbrain)|36	phox2a	36	differentiating neuron (hindbrain)	8	44.0	0.001510347251838292	0.3159781298820865	0.4950895244202935	False
phox2a|differentiating neuron 1|36	phox2a	36	differentiating neuron 1	8	43.0	0.0012346345696036091	0.47296085846225255	0.6410003884319128	False
phox2a|differentiating neuron 2|36	phox2a	36	differentiating neuron 2	8	43.0	0.00166485030554694	0.07204031846944858	0.18222608154910006	False
phox2a|dorsal spinal cord neuron|36	phox2a	36	dorsal spinal cord neuron	4	26.0	-6.284276888085191e-05	0.207035354067618	0.3686487297371396	False
phox2a|endothelium (dorsal aorta)|36	phox2a	36	endothelium (dorsal aorta)	8	44.0	-0.0008902249561381099	0.35936686353225167	0.5363466965021424	False
phox2a|endothelium (f8+, clic2+)|36	phox2a	36	endothelium (f8+, clic2+)	8	44.0	8.019631975163515e-05	0.8447879115166378	0.9105621528026047	False
phox2a|endothelium (vein + early artery)|36	phox2a	36	endothelium (vein + early artery)	8	44.0	0.0006059871163965787	0.5340468052388738	0.694469867086559	False
phox2a|eye, optic cup|36	phox2a	36	eye, optic cup	8	44.0	0.001658668741771896	0.37456681664185476	0.5501760602531223	False
phox2a|fast-committed myocyte|36	phox2a	36	fast-committed myocyte	2	24.0	-0.0003237425563787166	0.024522527941537475	0.08653860763224457	False
phox2a|fin bud mesoderm (pectoral)|36	phox2a	36	fin bud mesoderm (pectoral)	8	40.0	0.00048334250411340976	0.2645279623264484	0.4378053075116437	False
phox2a|fin fold|36	phox2a	36	fin fold	8	44.0	0.002448441450011732	0.14095334422228367	0.2865203341563399	False
phox2a|fin mesenchyme|36	phox2a	36	fin mesenchyme	5	30.0	-0.0002511741062796301	0.12151909987118137	0.26007113857985914	False
phox2a|floor plate|36	phox2a	36	floor plate	8	44.0	0.00044100084796909987	0.6507223211355262	0.7789677218421135	False
phox2a|glia|36	phox2a	36	glia	8	44.0	0.0005112235356873832	0.07379771228668215	0.1854711793286698	False
phox2a|hair cell|36	phox2a	36	hair cell	8	39.0	0.00024015543646159075	0.36578534082157266	0.5417079540359595	False
phox2a|hatching gland|36	phox2a	36	hatching gland	8	44.0	-0.002928444665314358	0.0790722348882344	0.193959025777895	False
phox2a|head mesenchyme|36	phox2a	36	head mesenchyme	8	44.0	0.0005858529970835975	0.8214196058980188	0.8948087346216942	False
phox2a|head mesenchyme (maybe ventral, hand2+)|36	phox2a	36	head mesenchyme (maybe ventral, hand2+)	8	44.0	-0.0022937289381076732	0.11048255690079314	0.24390584405507323	False
phox2a|head mesenchyme/PA cartilage|36	phox2a	36	head mesenchyme/PA cartilage	8	43.0	0.0006321261328456427	0.5960849447110416	0.740509339615792	False
phox2a|head/eye connective tissue|36	phox2a	36	head/eye connective tissue	8	44.0	-0.0017668642459452823	0.01901632771297791	0.07220771294442183	False
phox2a|hypochord|36	phox2a	36	hypochord	8	38.0	7.224320407620997e-05	0.7439343868472684	0.8441850209892311	False
phox2a|hypophysis/locus coeruleus|36	phox2a	36	hypophysis/locus coeruleus	8	41.0	1.3903567731251231e-05	0.9366268384133261	0.9659918269837888	False
phox2a|intestine|36	phox2a	36	intestine	8	44.0	-0.0013444647467179896	0.09019696462426212	0.21321907859417352	False
phox2a|ionocyte/goblet cell|36	phox2a	36	ionocyte/goblet cell	8	44.0	0.0004357755625059318	0.5906627553296766	0.7365246156633872	False
phox2a|iridophore|36	phox2a	36	iridophore	8	44.0	0.00011715983493826602	0.5270539566654728	0.6877992030718906	False
phox2a|lens|36	phox2a	36	lens	8	43.0	-0.0009137677257427821	0.148174786164295	0.2965727271270302	False
phox2a|liver|36	phox2a	36	liver	8	36.0	-0.00017167709799552474	0.35341713668363794	0.5308446820214227	False
phox2a|mature fast muscle|36	phox2a	36	mature fast muscle	8	44.0	-0.020386185777064428	0.0076560086725252765	0.038038681260998464	True
phox2a|mature slow muscle|36	phox2a	36	mature slow muscle	8	44.0	-0.01358672056590296	7.781205776173556e-08	3.858665103184573e-06	True
phox2a|melanophore|36	phox2a	36	melanophore	8	44.0	3.5454980180791434e-05	0.9646492728679475	0.9816377363258058	False
phox2a|mesodermal progenitor cells (contains PSM)|36	phox2a	36	mesodermal progenitor cells (contains PSM)	5	12.0	-0.00010123607563296337	0.22504212837946064	0.39146726258678427	False
phox2a|motor neuron|36	phox2a	36	motor neuron	8	43.0	0.0019076818002142556	0.026783500678226654	0.09216797618167588	False
phox2a|myeloid cell|36	phox2a	36	myeloid cell	8	43.0	0.0006695140703669488	0.188016240123877	0.3471948247363391	False
phox2a|neural crest + pigment cell progenitor|36	phox2a	36	neural crest + pigment cell progenitor	5	19.0	8.676488524831261e-07	0.9943554553618341	0.9964548334910855	False
phox2a|neural progenitor (MHB)|36	phox2a	36	neural progenitor (MHB)	8	43.0	0.0033963557284802035	0.021258857863890743	0.07814230366527729	False
phox2a|neural progenitor (hindbrain R7/8)|36	phox2a	36	neural progenitor (hindbrain R7/8)	8	44.0	0.0004485269042027746	0.7926686454484453	0.8774418039321872	False
phox2a|neural progenitor (hindbrain)|36	phox2a	36	neural progenitor (hindbrain)	8	43.0	0.00041648355260550133	0.4308294310434695	0.6057038499742987	False
phox2a|neural progenitor (telencephalon/diencephalon)|36	phox2a	36	neural progenitor (telencephalon/diencephalon)	8	44.0	0.004032553075983623	0.060685876841866285	0.16313011796690996	False
phox2a|neural tube-like connective tissue (+ taste bud)|36	phox2a	36	neural tube-like connective tissue (+ taste bud)	8	44.0	-0.005014704852999292	3.2402132581318546e-06	9.612150491199185e-05	True
phox2a|neuromast support cell|36	phox2a	36	neuromast support cell	8	44.0	-0.0008532491582135121	0.154722942608713	0.3051748155639352	False
phox2a|neuron (+ spinal cord)|36	phox2a	36	neuron (+ spinal cord)	8	42.0	0.0005880106404931307	0.4140857576373653	0.5890815370370996	False
phox2a|neuron (cranial ganglia sensory, Rohon-Beard)|36	phox2a	36	neuron (cranial ganglia sensory, Rohon-Beard)	8	44.0	-0.0012098655465585788	0.17035604887544167	0.3254789950481052	False
phox2a|neuron (dopaminergic)|36	phox2a	36	neuron (dopaminergic)	4	22.0	4.838442218883186e-05	0.25962590432620314	0.4322778962802849	False
phox2a|neuron (telencephalon, glutamatergic)|36	phox2a	36	neuron (telencephalon, glutamatergic)	8	43.0	0.002340016766459697	0.0005662702105930478	0.005533625807927651	True
phox2a|neurons (differentiating, contains peripheral)|36	phox2a	36	neurons (differentiating, contains peripheral)	8	44.0	0.01516601771168049	0.00027819656280608367	0.003236843496549372	True
phox2a|neurons (gabaergic, glutamatergic)|36	phox2a	36	neurons (gabaergic, glutamatergic)	8	44.0	0.007832445721041149	4.9522968644741455e-05	0.0008352287478281902	True
phox2a|neurons (gabaergic, glutamatergic; contains Purkinje)|36	phox2a	36	neurons (gabaergic, glutamatergic; contains Purkinje)	8	44.0	0.010025628655461638	4.4918848447934004e-07	1.7767008805745325e-05	True
phox2a|notochord|36	phox2a	36	notochord	8	44.0	0.0019555534082061933	0.3509396771696832	0.5281019507332319	False
phox2a|olfactory vesicle/bulb|36	phox2a	36	olfactory vesicle/bulb	8	43.0	-0.0002565909590531621	0.5817444935115292	0.7291007467718053	False
phox2a|pancreas|36	phox2a	36	pancreas	8	37.0	-0.0002071358044024199	0.5419752202034601	0.6999162685581101	False
phox2a|pectoral fin bud (osteoblast+)|36	phox2a	36	pectoral fin bud (osteoblast+)	8	44.0	-0.0006155998781383204	0.32913735317664294	0.5093427368092204	False
phox2a|periderm|36	phox2a	36	periderm	8	44.0	-0.03403058736965581	0.02188729577174076	0.07985589230656741	False
phox2a|periocular mesenchyme|36	phox2a	36	periocular mesenchyme	8	44.0	-0.0008007053716773669	0.22209278397507606	0.3874524939654451	False
phox2a|pharyngeal arch (NC-derived)|36	phox2a	36	pharyngeal arch (NC-derived)	6	42.0	-0.0015856072650257073	2.9329257351341938e-08	1.6904608465784204e-06	True
phox2a|pharyngeal arch (contains muscle, early cartilage)|36	phox2a	36	pharyngeal arch (contains muscle, early cartilage)	8	44.0	0.00019159079731697563	0.7688187413655017	0.8601287766378682	False
phox2a|pharyngeal arch (early)|36	phox2a	36	pharyngeal arch (early)	8	44.0	0.003445369260660417	0.11469848424187513	0.25086932253941413	False
phox2a|pharynx|36	phox2a	36	pharynx	5	29.0	-0.00013272065594195035	0.2505528598255424	0.4222195760279263	False
phox2a|posterior lateral line primordium|36	phox2a	36	posterior lateral line primordium	8	40.0	0.0003801623350637724	0.2088452327495194	0.37086493095151163	False
phox2a|posterior spinal cord progenitors|36	phox2a	36	posterior spinal cord progenitors	8	43.0	0.0004781620080472537	0.5582066211687847	0.7124236328484849	False
phox2a|primordial germ cell|36	phox2a	36	primordial germ cell	5	34.0	-0.00047198662194538585	3.50696350913672e-06	0.00010176319876949129	True
phox2a|pronephric duct|36	phox2a	36	pronephric duct	6	31.0	-0.00022273141978428166	0.420096503687863	0.5944508660574637	False
phox2a|pronephric podocyte|36	phox2a	36	pronephric podocyte	6	27.0	8.314814427812787e-05	0.7347007405369494	0.8385737474836404	False
phox2a|pronephros distal tubule|36	phox2a	36	pronephros distal tubule	8	44.0	-0.0001949228328497095	0.8543295853861841	0.9166163283881197	False
phox2a|pronephros proximal tubule|36	phox2a	36	pronephros proximal tubule	8	44.0	-0.00048213184193478253	0.6932124932562143	0.8112710492581091	False
phox2a|red blood cell|36	phox2a	36	red blood cell	7	39.0	0.00021610608632021983	0.5514222382068417	0.7069652272592056	False
phox2a|retinal neuron|36	phox2a	36	retinal neuron	8	44.0	0.0006328879763425714	0.8094223042906993	0.8858055355750489	False
phox2a|retinal pigmented epithelium (early)|36	phox2a	36	retinal pigmented epithelium (early)	8	43.0	0.0007332666947440902	0.2580549676195719	0.4310106213289509	False
phox2a|roof plate, flexural + subcommissural organ|36	phox2a	36	roof plate, flexural + subcommissural organ	8	43.0	0.0002227204473713028	0.5327816799876196	0.6935032837449034	False
phox2a|satellite cells|36	phox2a	36	satellite cells	1	22.0	-6.495152309769997e-05			False
phox2a|support cells/otic vesicle|36	phox2a	36	support cells/otic vesicle	8	44.0	0.00019466630086521775	0.8013376077861483	0.8815006766570516	False
phox2a|thyroid follicle cell|36	phox2a	36	thyroid follicle cell	4	29.0	-0.0005601514624273396	0.10260253834703652	0.23182382431691864	False
phox2a|unknown|36	phox2a	36	unknown	4					False
phox2a|unknown (K+ channel, ciliated)|36	phox2a	36	unknown (K+ channel, ciliated)	1					False
phox2a|unknown (dcn+, col6+)|36	phox2a	36	unknown (dcn+, col6+)	6	33.0	-9.287537901257563e-05	0.7559617806210674	0.8514018018155086	False
phox2a|vascular smooth muscle|36	phox2a	36	vascular smooth muscle	1	2.0	2.563707657180002e-05			False
phox2a|xanthophore|36	phox2a	36	xanthophore	8	44.0	0.0005941539992132408	0.33191824945582715	0.5118450625690966	False
phox2a|KA neuron|48	phox2a	48	KA neuron	8	39.0	-3.90043584680901e-05	0.8777184148319037	0.9312532119683857	False
phox2a|adrenal gland|48	phox2a	48	adrenal gland	7	23.0	-8.025405490966425e-06	0.922069096359948	0.9571578962471355	False
phox2a|anterior migratory muscle|48	phox2a	48	anterior migratory muscle	8	44.0	0.004091947850381651	0.011652967308010204	0.05153082178705508	False
phox2a|basal cell|48	phox2a	48	basal cell	8	44.0	-0.0021802292921259472	0.6203492159512487	0.7580850199268007	False
phox2a|cardiomyocyte|48	phox2a	48	cardiomyocyte	8	44.0	0.00046258891356695765	0.5669237887393698	0.7186164881254613	False
phox2a|chondrocranium|48	phox2a	48	chondrocranium	8	44.0	0.0015326131339946567	0.01713017813838533	0.06727543364631827	False
phox2a|connective tissue-meninges-dermal FB|48	phox2a	48	connective tissue-meninges-dermal FB	8	44.0	-0.004975551858348123	0.22402196809690758	0.39010114727566847	False
phox2a|cranial muscle (early)|48	phox2a	48	cranial muscle (early)	8	44.0	0.0010062793141664087	0.017395896414766465	0.06779944734830767	False
phox2a|cranial muscle (late)|48	phox2a	48	cranial muscle (late)	8	33.0	0.0004802831052396427	0.10654255742941253	0.23789492409894028	False
phox2a|cranial muscle (mid)|48	phox2a	48	cranial muscle (mid)	8	44.0	0.0032364571919875212	4.658168296034754e-05	0.0007936802135166907	True
phox2a|cranial muscle (non-somitic, fast-twitch)|48	phox2a	48	cranial muscle (non-somitic, fast-twitch)	8	44.0	0.00018330576004507888	0.7498403211484854	0.8484060844596775	False
phox2a|cranial muscle (progenitor)|48	phox2a	48	cranial muscle (progenitor)	1	11.0	-0.00011546802462813636			False
phox2a|cranial neural crest|48	phox2a	48	cranial neural crest	8	44.0	0.0012256312455019205	0.15181827379821064	0.30122132765132054	False
phox2a|differentiating neuron (hindbrain)|48	phox2a	48	differentiating neuron (hindbrain)	8	44.0	-0.0007672689516493316	0.08235154105951319	0.199571841845538	False
phox2a|differentiating neuron 1|48	phox2a	48	differentiating neuron 1	8	44.0	0.0021439528420246663	0.01285801776700483	0.055373640999188005	False
phox2a|differentiating neuron 2|48	phox2a	48	differentiating neuron 2	8	41.0	0.0003468958301137508	0.3008679304405934	0.4799009596201976	False
phox2a|dorsal spinal cord neuron|48	phox2a	48	dorsal spinal cord neuron	8	41.0	0.0002524820388736329	0.5397628467644222	0.6984857092014772	False
phox2a|endothelium (dorsal aorta)|48	phox2a	48	endothelium (dorsal aorta)	8	44.0	0.005832315130630898	2.3119297470569975e-06	7.246591117544222e-05	True
phox2a|endothelium (f8+, clic2+)|48	phox2a	48	endothelium (f8+, clic2+)	8	44.0	5.0872356819836465e-05	0.8503822684270537	0.9140348723997941	False
phox2a|endothelium (vein + early artery)|48	phox2a	48	endothelium (vein + early artery)	8	44.0	0.005525483425847445	0.00031110882398938984	0.0035039290430669413	True
phox2a|eye, optic cup|48	phox2a	48	eye, optic cup	8	44.0	-0.0005889699111670567	0.4751852252678326	0.64286738566372	False
phox2a|fast-committed myocyte|48	phox2a	48	fast-committed myocyte	3	13.0	-0.00015618261805376153	0.1369613577602315	0.28089759948047477	False
phox2a|fin bud mesoderm (pectoral)|48	phox2a	48	fin bud mesoderm (pectoral)	8	44.0	0.0016476467735930755	0.05670741669448026	0.15577649594073054	False
phox2a|fin fold|48	phox2a	48	fin fold	8	44.0	0.006010742894609639	0.024049799522047086	0.0852779710907166	False
phox2a|floor plate|48	phox2a	48	floor plate	8	44.0	0.00041366479376240845	0.3994911342747617	0.5753009657517247	False
phox2a|glia|48	phox2a	48	glia	8	43.0	0.0017401065486632563	0.0416587653686259	0.12486355249188955	False
phox2a|hair cell|48	phox2a	48	hair cell	8	42.0	0.00010227024977065599	0.6397731180840142	0.771559413732899	False
phox2a|hatching gland|48	phox2a	48	hatching gland	8	44.0	-0.011823089944840364	7.932568983212329e-08	3.8891709238910275e-06	True
phox2a|head mesenchyme|48	phox2a	48	head mesenchyme	8	44.0	0.003034867199043511	0.17181855397422952	0.32780197851241893	False
phox2a|head mesenchyme (maybe ventral, hand2+)|48	phox2a	48	head mesenchyme (maybe ventral, hand2+)	8	44.0	0.006693272085219103	0.0009433568336192447	0.008050755225005937	True
phox2a|head mesenchyme/PA cartilage|48	phox2a	48	head mesenchyme/PA cartilage	8	44.0	0.002198176661400499	0.0013393530247426085	0.01047058923460545	True
phox2a|head/eye connective tissue|48	phox2a	48	head/eye connective tissue	8	43.0	0.00036213871242132497	0.09488319266139214	0.22060840281138938	False
phox2a|hypochord|48	phox2a	48	hypochord	6	28.0	1.678308870535364e-05	0.9380382990183835	0.9670087379347513	False
phox2a|hypophysis/locus coeruleus|48	phox2a	48	hypophysis/locus coeruleus	8	41.0	-0.0003957422710106961	0.014707295171408043	0.060853036372357686	False
phox2a|intestine|48	phox2a	48	intestine	8	44.0	0.002235564634110022	0.0733293763221929	0.1845733733564287	False
phox2a|ionocyte/goblet cell|48	phox2a	48	ionocyte/goblet cell	8	44.0	0.00040661233022564174	0.5361463357610747	0.6961595464880289	False
phox2a|iridophore|48	phox2a	48	iridophore	8	44.0	0.0018138378856947025	0.017200878842140947	0.06745580535255574	False
phox2a|jaw chondrocyte|48	phox2a	48	jaw chondrocyte	8	40.0	0.0006999444823298949	0.07081334876878	0.1802201082223451	False
phox2a|lens|48	phox2a	48	lens	8	44.0	-9.66003770890957e-05	0.8930564827376164	0.9401711545930704	False
phox2a|liver|48	phox2a	48	liver	8	44.0	0.0005195746082090661	0.33419487980040363	0.5131065102295937	False
phox2a|mature fast muscle|48	phox2a	48	mature fast muscle	8	44.0	-0.005432514499376664	0.36506635697651235	0.5411255726319261	False
phox2a|mature slow muscle|48	phox2a	48	mature slow muscle	8	44.0	-0.00041569506742709234	0.7774856589811532	0.8672616961892345	False
phox2a|melanophore|48	phox2a	48	melanophore	8	44.0	0.0023057695656934947	0.03467930818706467	0.11068395912730294	False
phox2a|mesodermal progenitor cells (contains PSM)|48	phox2a	48	mesodermal progenitor cells (contains PSM)	1	2.0	-8.325655825119999e-05			False
phox2a|motor neuron|48	phox2a	48	motor neuron	8	44.0	-0.0013421964917158507	0.03374627726038753	0.10843993183369482	False
phox2a|myeloid cell|48	phox2a	48	myeloid cell	8	43.0	6.859029238680606e-05	0.737482201402525	0.8400015818168972	False
phox2a|neural crest + pigment cell progenitor|48	phox2a	48	neural crest + pigment cell progenitor	3	8.0	-0.00011110605903825833	0.10104289566250381	0.22994179509497872	False
phox2a|neural progenitor (MHB)|48	phox2a	48	neural progenitor (MHB)	8	44.0	0.00034257309060299005	0.5447813402940671	0.7014284065595962	False
phox2a|neural progenitor (hindbrain R7/8)|48	phox2a	48	neural progenitor (hindbrain R7/8)	8	43.0	4.861812726332862e-05	0.8902548575568252	0.9387346641005121	False
phox2a|neural progenitor (hindbrain)|48	phox2a	48	neural progenitor (hindbrain)	5	21.0	-0.0004290211709153247	0.07617346803337997	0.18917920740060548	False
phox2a|neural progenitor (telencephalon/diencephalon)|48	phox2a	48	neural progenitor (telencephalon/diencephalon)	8	44.0	-0.00037591548187053056	0.8038775594743438	0.8829795324658724	False
phox2a|neural tube-like connective tissue (+ taste bud)|48	phox2a	48	neural tube-like connective tissue (+ taste bud)	8	44.0	0.002658448954794319	0.17581831829983058	0.3327490084427731	False
phox2a|neuromast support cell|48	phox2a	48	neuromast support cell	8	44.0	-0.0008308700308215606	0.24097017732075918	0.41036566588837636	False
phox2a|neuron (+ spinal cord)|48	phox2a	48	neuron (+ spinal cord)	8	44.0	0.0002568389245378648	0.1278998526432944	0.2688350634251472	False
phox2a|neuron (cranial ganglia sensory, Rohon-Beard)|48	phox2a	48	neuron (cranial ganglia sensory, Rohon-Beard)	8	44.0	-0.0006025948282695794	0.6027491902903757	0.7446120783564876	False
phox2a|neuron (dopaminergic)|48	phox2a	48	neuron (dopaminergic)	4	25.0	-1.1246544382913985e-05	0.8638024476042152	0.9226759788345941	False
phox2a|neuron (telencephalon, glutamatergic)|48	phox2a	48	neuron (telencephalon, glutamatergic)	8	44.0	0.0010168680972356715	0.1552704633641096	0.3058008977636361	False
phox2a|neurons (differentiating, contains peripheral)|48	phox2a	48	neurons (differentiating, contains peripheral)	8	44.0	0.00210121702615014	0.5978045825007161	0.7421676796174188	False
phox2a|neurons (gabaergic, glutamatergic)|48	phox2a	48	neurons (gabaergic, glutamatergic)	8	44.0	0.004967384376912874	0.40163201725363185	0.5766734560610163	False
phox2a|neurons (gabaergic, glutamatergic; contains Purkinje)|48	phox2a	48	neurons (gabaergic, glutamatergic; contains Purkinje)	8	44.0	0.0015005644598670709	0.6929482408089629	0.8111294574810014	False
phox2a|notochord|48	phox2a	48	notochord	8	44.0	0.004417492910938526	0.15772223780026481	0.3096939473417427	False
phox2a|olfactory vesicle/bulb|48	phox2a	48	olfactory vesicle/bulb	8	44.0	-0.00025058124377095974	0.6101276895397613	0.7503160155171636	False
phox2a|osteoblast|48	phox2a	48	osteoblast	8	33.0	9.541113609056438e-05	0.6574739759600692	0.7840625523352377	False
phox2a|pancreas|48	phox2a	48	pancreas	8	43.0	3.756099136375895e-05	0.8626549624806852	0.9218948577813048	False
phox2a|pectoral fin bud (osteoblast+)|48	phox2a	48	pectoral fin bud (osteoblast+)	8	44.0	0.0005355162963389887	0.3266370396010845	0.5066533912579847	False
phox2a|periderm|48	phox2a	48	periderm	8	44.0	-0.08908877410195898	0.004032114885970558	0.02379520729775698	True
phox2a|periocular mesenchyme|48	phox2a	48	periocular mesenchyme	8	44.0	0.0006344594634834929	0.15268689336656513	0.30214544562859597	False
phox2a|pharyngeal arch (NC-derived)|48	phox2a	48	pharyngeal arch (NC-derived)	2	11.0	-0.0002062413153267227	0.014699943230026916	0.060853036372357686	False
phox2a|pharyngeal arch (contains muscle, early cartilage)|48	phox2a	48	pharyngeal arch (contains muscle, early cartilage)	8	44.0	0.008199666436644996	0.012099279350166369	0.05285977073100297	False
phox2a|pharyngeal arch (early)|48	phox2a	48	pharyngeal arch (early)	8	44.0	0.0032296559263578044	0.04132860669922546	0.12432258556647949	False
phox2a|pharynx|48	phox2a	48	pharynx	2	20.0	-0.00013823365511554	0.00474238570392399	0.026842549405941156	True
phox2a|posterior lateral line primordium|48	phox2a	48	posterior lateral line primordium	7	42.0	-0.00010550561075902635	0.5819284092646047	0.7291937166817458	False
phox2a|posterior spinal cord progenitors|48	phox2a	48	posterior spinal cord progenitors	8	39.0	0.0008787466219547649	0.012648106847485418	0.054611221573450684	False
phox2a|primordial germ cell|48	phox2a	48	primordial germ cell	5	37.0	-0.0001596241669602757	0.12639155607500088	0.2665413805516918	False
phox2a|pronephric duct|48	phox2a	48	pronephric duct	4	32.0	0.00022457196150155948	0.5812891128166104	0.7291007467718053	False
phox2a|pronephric podocyte|48	phox2a	48	pronephric podocyte	7	35.0	0.0004471195175789829	0.21849279620123285	0.38278002392754873	False
phox2a|pronephros distal tubule|48	phox2a	48	pronephros distal tubule	8	44.0	0.0007439526670576825	0.11557034755969614	0.252205241226332	False
phox2a|pronephros proximal tubule|48	phox2a	48	pronephros proximal tubule	8	44.0	0.0005296274611352697	0.3027595511055245	0.48187717774759525	False
phox2a|red blood cell|48	phox2a	48	red blood cell	4	37.0	-0.00012382604650241482	0.4447748479596674	0.6156069287006852	False
phox2a|retinal neuron|48	phox2a	48	retinal neuron	8	44.0	0.021997107338962887	0.033552943510209404	0.10812769622955455	False
phox2a|retinal pigmented epithelium (early)|48	phox2a	48	retinal pigmented epithelium (early)	8	44.0	0.0020324486871968602	0.022180105063232	0.08063329397265018	False
phox2a|retinal pigmented epithelium (late)|48	phox2a	48	retinal pigmented epithelium (late)	8	21.0	0.00023321754100267796	0.17047074181897223	0.32560450686607373	False
phox2a|roof plate, flexural + subcommissural organ|48	phox2a	48	roof plate, flexural + subcommissural organ	8	44.0	0.0007662013981298544	0.03477628247041431	0.1108869467446752	False
phox2a|satellite cells|48	phox2a	48	satellite cells	2	12.0	-0.00015906698990953333	0.160541755176037	0.3126611849779501	False
phox2a|slow-committed myocyte|48	phox2a	48	slow-committed myocyte	1	1.0	-6.69387964087e-05			False
phox2a|support cells/otic vesicle|48	phox2a	48	support cells/otic vesicle	8	44.0	0.0018077566729456651	0.03983010736717555	0.12140906445259518	False
phox2a|thyroid follicle cell|48	phox2a	48	thyroid follicle cell	4	23.0	-0.00013595543373500976	0.18458398915734747	0.3426970828769664	False
phox2a|unknown|48	phox2a	48	unknown	5					False
phox2a|unknown (K+ channel, ciliated)|48	phox2a	48	unknown (K+ channel, ciliated)	1	2.0	-0.000200469438118			False
phox2a|unknown (dcn+, col6+)|48	phox2a	48	unknown (dcn+, col6+)	8	39.0	-0.00016985482481993988	0.672057833098826	0.7946978944118819	False
phox2a|vascular smooth muscle|48	phox2a	48	vascular smooth muscle	3	8.0	-4.5430522271012466e-05	0.748909662353994	0.8474973954942593	False
phox2a|xanthophore|48	phox2a	48	xanthophore	8	44.0	0.0018386627637923024	0.004779994288268966	0.02698645883224068	True
smo|KA neuron|18	smo	18	KA neuron	1	17.0	-0.0007253502410363471			False
smo|anterior migratory muscle|18	smo	18	anterior migratory muscle	8	23.0	0.005751306294328724	0.014424938613063976	0.0601577650236662	False
smo|basal cell|18	smo	18	basal cell	2	14.0	-5.9255888636900096e-05	0.3393679915752521	0.5170221188127458	False
smo|cardiomyocyte|18	smo	18	cardiomyocyte	8	23.0	-0.0012612079181496807	0.15622983935242668	0.3072350643672315	False
smo|connective tissue-meninges-dermal FB|18	smo	18	connective tissue-meninges-dermal FB	8	23.0	0.0023600728891478573	0.25395618276994525	0.42551627647085616	False
smo|contains head vasculature?|18	smo	18	contains head vasculature?	8	23.0	-0.0034494672896469526	0.017564391037794544	0.06817487058770137	False
smo|cranial muscle (early)|18	smo	18	cranial muscle (early)	3	5.0	6.984374807710004e-05	0.8631241697701997	0.9222479672170729	False
smo|cranial muscle (mid)|18	smo	18	cranial muscle (mid)	2	7.0	-0.00015410681331170714	0.20638097818028336	0.367963938826934	False
smo|cranial muscle (non-somitic, fast-twitch)|18	smo	18	cranial muscle (non-somitic, fast-twitch)	8	22.0	-0.0006651380038676965	0.2622029264980011	0.4350408106315149	False
smo|cranial muscle (progenitor)|18	smo	18	cranial muscle (progenitor)	8	23.0	0.004453650036105445	0.04316859534713291	0.1280032646504677	False
smo|cranial neural crest|18	smo	18	cranial neural crest	8	23.0	-0.0014064067085681588	0.09899758793588932	0.22645059271393617	False
smo|differentiating neuron (hindbrain)|18	smo	18	differentiating neuron (hindbrain)	7	23.0	-0.0022763800083182	0.0009096120516632668	0.00783965250752582	True
smo|differentiating neuron 1|18	smo	18	differentiating neuron 1	8	23.0	0.0013925198282824288	0.14765138555446275	0.29588162153480246	False
smo|differentiating neuron 2|18	smo	18	differentiating neuron 2	8	23.0	0.0010484218710612426	0.09364324721083207	0.2190331028857555	False
smo|dorsal spinal cord neuron|18	smo	18	dorsal spinal cord neuron	5	8.0	0.00022481851965247752	0.3470498503990262	0.5243624956574645	False
smo|endothelium (dorsal aorta)|18	smo	18	endothelium (dorsal aorta)	8	23.0	-0.0020638376671156177	6.943795021071811e-05	0.0011012295445112694	True
smo|endothelium (f8+, clic2+)|18	smo	18	endothelium (f8+, clic2+)	7	18.0	-0.00043505737836527984	0.35494612866539643	0.5322990352023379	False
smo|endothelium (vein + early artery)|18	smo	18	endothelium (vein + early artery)	8	23.0	0.009121985595024917	7.549383007371478e-05	0.001163936196844164	True
smo|eye, optic cup|18	smo	18	eye, optic cup	8	23.0	0.006665654318137919	0.07534790358581972	0.18780450837500826	False
smo|fast-committed myocyte|18	smo	18	fast-committed myocyte	8	23.0	0.00830931856530339	0.10229653691186578	0.23160493621102152	False
smo|fin bud mesoderm (pectoral)|18	smo	18	fin bud mesoderm (pectoral)	1	5.0	-0.0001666041232841601			False
smo|fin fold|18	smo	18	fin fold	1	11.0	0.00023719232594819086			False
smo|fin mesenchyme|18	smo	18	fin mesenchyme	8	23.0	0.004604613260390519	0.05758515725553549	0.15721173786484524	False
smo|floor plate|18	smo	18	floor plate	8	23.0	-0.0003228921266913874	0.7890023951982561	0.8755712952726139	False
smo|glia|18	smo	18	glia	3	13.0	-0.0002950904682785204	0.0815219721952532	0.19826198271169024	False
smo|hair cell|18	smo	18	hair cell	5	11.0	0.00011827162505156745	0.5441783007773489	0.7009661905474994	False
smo|hatching gland|18	smo	18	hatching gland	8	23.0	-0.0011598270989808994	0.10548638453913589	0.2362511038970536	False
smo|head mesenchyme|18	smo	18	head mesenchyme	8	23.0	-0.005037812617778515	1.4466789684177868e-05	0.0003215110951550566	True
smo|head mesenchyme (maybe ventral, hand2+)|18	smo	18	head mesenchyme (maybe ventral, hand2+)	8	23.0	0.0020788784873983328	0.4428935623635367	0.6142825551879987	False
smo|head mesenchyme/PA cartilage|18	smo	18	head mesenchyme/PA cartilage	8	23.0	-0.004326719250533312	1.1129108987931599e-06	3.912853398137856e-05	True
smo|head/eye connective tissue|18	smo	18	head/eye connective tissue	8	23.0	0.003879479796800339	0.3074522479113709	0.48681042504265154	False
smo|hypochord|18	smo	18	hypochord	7	22.0	-0.0010096939365078065	0.07074006678474515	0.18015573002763657	False
smo|hypophysis/locus coeruleus|18	smo	18	hypophysis/locus coeruleus	4	9.0	-0.00015186845232325013	0.47604252989244855	0.6436017520112555	False
smo|intestine|18	smo	18	intestine	8	23.0	0.0006444637117616146	0.6692222447216214	0.7924058831388407	False
smo|ionocyte/goblet cell|18	smo	18	ionocyte/goblet cell	8	23.0	-0.0011377948889721382	0.4787307651888606	0.6459220171939043	False
smo|jaw chondrocyte|18	smo	18	jaw chondrocyte	1	5.0	0.00014655873804936			False
smo|lens|18	smo	18	lens	8	23.0	0.003783479503786857	0.020659832103730714	0.07648166257899197	False
smo|liver|18	smo	18	liver	1	1.0	-3.0378294474899935e-05			False
smo|mature fast muscle|18	smo	18	mature fast muscle	8	23.0	-0.010894953486309885	0.004337730043200905	0.025114847903424834	True
smo|mature slow muscle|18	smo	18	mature slow muscle	6	23.0	-0.03771977073909246	1.5126001994754006e-12	2.6775811185407486e-10	True
smo|mesodermal progenitor cells (contains PSM)|18	smo	18	mesodermal progenitor cells (contains PSM)	8	23.0	0.03213667501441682	8.308539154080706e-10	8.365188284676711e-08	True
smo|motor neuron|18	smo	18	motor neuron	7	22.0	-0.0021425350556415193	0.00010883850910825546	0.0015453672927870888	True
smo|myeloid cell|18	smo	18	myeloid cell	8	23.0	0.001779671486211342	0.04528986859701821	0.13188044558597106	False
smo|myoblast|18	smo	18	myoblast	8	23.0	0.011689062352550529	0.0011587262556010845	0.009435950941751479	True
smo|neural crest + pigment cell progenitor|18	smo	18	neural crest + pigment cell progenitor	8	23.0	0.002521000994896879	0.07650355156863967	0.18974584773725192	False
smo|neural progenitor (MHB)|18	smo	18	neural progenitor (MHB)	8	23.0	0.014948897325185923	1.608705968514344e-05	0.00034934154120188943	True
smo|neural progenitor (hindbrain R7/8)|18	smo	18	neural progenitor (hindbrain R7/8)	8	23.0	0.01613353759242929	0.00012023184572226495	0.0016819802417356853	True
smo|neural progenitor (hindbrain)|18	smo	18	neural progenitor (hindbrain)	8	23.0	0.01404384048807951	0.03246628700787797	0.1058579377661183	False
smo|neural progenitor (telencephalon/diencephalon)|18	smo	18	neural progenitor (telencephalon/diencephalon)	8	23.0	-0.0008495176074437422	0.8224915454834653	0.8953842890418384	False
smo|neural tube-like connective tissue (+ taste bud)|18	smo	18	neural tube-like connective tissue (+ taste bud)	8	23.0	0.0024164227867660495	0.17297209374845723	0.3295296912151658	False
smo|neuromast support cell|18	smo	18	neuromast support cell	8	23.0	-0.0020184995542657353	0.004917812704214136	0.027610558882483583	True
smo|neuron (+ spinal cord)|18	smo	18	neuron (+ spinal cord)	7	22.0	-0.00013324365544064827	0.7318698986920177	0.8366336058939906	False
smo|neuron (cranial ganglia sensory, Rohon-Beard)|18	smo	18	neuron (cranial ganglia sensory, Rohon-Beard)	8	23.0	0.0005270399329581933	0.5426173912032999	0.7001428502725725	False
smo|neuron (telencephalon, glutamatergic)|18	smo	18	neuron (telencephalon, glutamatergic)	3	15.0	-0.00040660604718706003	0.1359557405061073	0.2798457578468494	False
smo|neurons (differentiating, contains peripheral)|18	smo	18	neurons (differentiating, contains peripheral)	8	23.0	-0.0015859673022554054	0.052555684590921754	0.14698338556678242	False
smo|neurons (gabaergic, glutamatergic)|18	smo	18	neurons (gabaergic, glutamatergic)	7	23.0	-0.0018985281245374138	0.00042268412079154294	0.004444202504208549	True
smo|neurons (gabaergic, glutamatergic; contains Purkinje)|18	smo	18	neurons (gabaergic, glutamatergic; contains Purkinje)	6	21.0	-0.0008333964184970976	0.09277030907407859	0.21782993067040712	False
smo|notochord|18	smo	18	notochord	8	23.0	0.012209769379093877	0.0061407096275120825	0.03282784833050506	True
smo|olfactory vesicle/bulb|18	smo	18	olfactory vesicle/bulb	8	23.0	0.0009781441988798377	0.2362161051037051	0.4058055890419132	False
smo|osteoblast|18	smo	18	osteoblast	2					False
smo|pectoral fin bud (osteoblast+)|18	smo	18	pectoral fin bud (osteoblast+)	8	23.0	-0.0006389810842884272	0.6668682753930364	0.7907458404687235	False
smo|periderm|18	smo	18	periderm	8	23.0	-0.060543567300589234	1.3297882373229935e-06	4.5784677911975606e-05	True
smo|periocular mesenchyme|18	smo	18	periocular mesenchyme	1	4.0	-3.599055499980009e-05			False
smo|pharyngeal arch (NC-derived)|18	smo	18	pharyngeal arch (NC-derived)	8	23.0	0.006390461766340949	0.023652243575641607	0.08449954761297768	False
smo|pharyngeal arch (contains muscle, early cartilage)|18	smo	18	pharyngeal arch (contains muscle, early cartilage)	6	20.0	-0.0004840880826369416	0.06148477143943081	0.16428078255529463	False
smo|pharyngeal arch (early)|18	smo	18	pharyngeal arch (early)	8	23.0	0.0030968160480637774	0.04076374052753133	0.12306165892868956	False
smo|pharynx|18	smo	18	pharynx	1	23.0	-0.0017032586540730392			False
smo|posterior lateral line primordium|18	smo	18	posterior lateral line primordium	8	23.0	0.003152070508579848	0.004748126710182016	0.026852171905667653	True
smo|posterior spinal cord progenitors|18	smo	18	posterior spinal cord progenitors	8	23.0	-0.005984500202994285	6.493156834483438e-06	0.00016741789993035718	True
smo|primordial germ cell|18	smo	18	primordial germ cell	7	21.0	-0.0012460609432442095	0.0032085078887606772	0.01984292338864632	True
smo|pronephric duct|18	smo	18	pronephric duct	8	16.0	-0.0001101071989963124	0.7043549244900442	0.8185446787751564	False
smo|pronephric podocyte|18	smo	18	pronephric podocyte	1	7.0	-0.00034444414256492857			False
smo|pronephros distal tubule|18	smo	18	pronephros distal tubule	8	22.0	-0.0008085067879484223	0.4848546509915127	0.6509532940460442	False
smo|pronephros proximal tubule|18	smo	18	pronephros proximal tubule	8	23.0	0.0006831253134617493	0.5427292433038406	0.7001428502725725	False
smo|red blood cell|18	smo	18	red blood cell	8	21.0	-0.0019019188814662913	0.29247379046020255	0.4697820492163514	False
smo|retinal neuron|18	smo	18	retinal neuron	8	23.0	-0.0021336831852194673	0.06861676061670753	0.1764544792175006	False
smo|retinal pigmented epithelium (early)|18	smo	18	retinal pigmented epithelium (early)	7	23.0	-0.0011378410755414688	0.014332644782385556	0.05986198905025268	False
smo|roof plate, flexural + subcommissural organ|18	smo	18	roof plate, flexural + subcommissural organ	7	19.0	0.0005332502262418658	0.2663071062817494	0.4399827750477933	False
smo|satellite cells|18	smo	18	satellite cells	8	22.0	-0.0018138070056732433	0.0006895891938887149	0.0063678662087622885	True
smo|slow-committed myocyte|18	smo	18	slow-committed myocyte	2	23.0	-0.00901058672993318	1.4247412039534139e-11	2.103867844504541e-09	True
smo|support cells/otic vesicle|18	smo	18	support cells/otic vesicle	8	23.0	-0.0008563488453163844	0.6294144310832875	0.7641985920972859	False
smo|thyroid follicle cell|18	smo	18	thyroid follicle cell	8	12.0	-0.0019696854279992043	0.026299021493014045	0.0909718885065478	False
smo|unknown|18	smo	18	unknown	1					False
smo|xanthophore|18	smo	18	xanthophore	8	19.0	-0.002637043289474753	0.001270402515297436	0.01002592008806587	True
smo|KA neuron|24	smo	24	KA neuron	2	31.0	-0.0008920596533130546	0.017396246460325747	0.06779944734830767	False
smo|anterior migratory muscle|24	smo	24	anterior migratory muscle	8	32.0	0.019309717636132206	0.00022382884334105638	0.002739120928179226	True
smo|basal cell|24	smo	24	basal cell	8	23.0	-0.0005904099130572804	0.014281361894362608	0.05968531433210033	False
smo|cardiomyocyte|24	smo	24	cardiomyocyte	8	32.0	-0.0012218726591483127	0.0064754673828890325	0.03404231072729242	True
smo|connective tissue-meninges-dermal FB|24	smo	24	connective tissue-meninges-dermal FB	8	32.0	0.00036441519484830404	0.9109261130993564	0.9508477778756337	False
smo|contains head vasculature?|24	smo	24	contains head vasculature?	8	32.0	-0.003088719390156531	8.853034416666951e-05	0.0013243686210859995	True
smo|cranial muscle (early)|24	smo	24	cranial muscle (early)	8	22.0	-0.0001445075635783681	0.42619524391593955	0.6010839515443192	False
smo|cranial muscle (mid)|24	smo	24	cranial muscle (mid)	5	5.0	-5.9669225571259954e-05	0.36727734082779256	0.5431911706656313	False
smo|cranial muscle (non-somitic, fast-twitch)|24	smo	24	cranial muscle (non-somitic, fast-twitch)	8	32.0	0.0006074373532630158	0.4373759341554223	0.6110940038819977	False
smo|cranial muscle (progenitor)|24	smo	24	cranial muscle (progenitor)	8	32.0	0.0006906030186985875	0.47797146178482997	0.645290606168264	False
smo|cranial neural crest|24	smo	24	cranial neural crest	8	32.0	-0.0013560391641137372	0.16350739186700408	0.3168581565926632	False
smo|differentiating neuron (hindbrain)|24	smo	24	differentiating neuron (hindbrain)	8	32.0	0.0006279612345953499	0.4873990419887143	0.6532405474011712	False
smo|differentiating neuron 1|24	smo	24	differentiating neuron 1	8	32.0	0.004377247953178762	0.022129119762950837	0.08057424702729224	False
smo|differentiating neuron 2|24	smo	24	differentiating neuron 2	8	32.0	0.00128984335635359	0.006710161142096074	0.03497178101115953	True
smo|dorsal spinal cord neuron|24	smo	24	dorsal spinal cord neuron	5	9.0	-0.0001858045877883045	0.16395983452017326	0.31736472484315503	False
smo|endothelium (dorsal aorta)|24	smo	24	endothelium (dorsal aorta)	7	32.0	-0.0027347764403377827	7.688107218373934e-06	0.00019278291496639547	True
smo|endothelium (f8+, clic2+)|24	smo	24	endothelium (f8+, clic2+)	7	31.0	0.0005470729241368235	0.2402454925572859	0.4095350241211133	False
smo|endothelium (vein + early artery)|24	smo	24	endothelium (vein + early artery)	8	32.0	0.00803693915269367	3.747290469665071e-05	0.000671179115119256	True
smo|eye, optic cup|24	smo	24	eye, optic cup	8	32.0	0.01299020406763933	7.454166763955798e-05	0.001154613942808538	True
smo|fast-committed myocyte|24	smo	24	fast-committed myocyte	8	32.0	0.012415675040575856	0.006295431514121315	0.033439762119373405	True
smo|fin fold|24	smo	24	fin fold	5	11.0	-0.00014757696474572554	0.5451548741875185	0.7017348600987188	False
smo|fin mesenchyme|24	smo	24	fin mesenchyme	8	32.0	0.01243830265446598	0.005128017819269623	0.02853909414493019	True
smo|floor plate|24	smo	24	floor plate	8	32.0	0.0027450664922909814	0.0041864549924902714	0.02455339225516139	True
smo|glia|24	smo	24	glia	8	28.0	0.0006815194907422251	0.16121647243884404	0.3135157914416502	False
smo|hair cell|24	smo	24	hair cell	5	23.0	4.035154798125921e-05	0.7777510766406199	0.8672616961892345	False
smo|hatching gland|24	smo	24	hatching gland	8	32.0	-0.003111403077839116	0.0027664004103518792	0.01802228502626298	True
smo|head mesenchyme|24	smo	24	head mesenchyme	8	32.0	-0.004388236081139949	0.001347400111910394	0.010521120732837331	True
smo|head mesenchyme (maybe ventral, hand2+)|24	smo	24	head mesenchyme (maybe ventral, hand2+)	8	32.0	0.0037904857042401	0.04682125123683043	0.13521391328497967	False
smo|head mesenchyme/PA cartilage|24	smo	24	head mesenchyme/PA cartilage	8	32.0	-0.005637986242343291	2.394037157482477e-05	0.0004766266334576839	True
smo|head/eye connective tissue|24	smo	24	head/eye connective tissue	8	32.0	0.004616550214255687	0.1940487324302267	0.3535136272804085	False
smo|hypochord|24	smo	24	hypochord	8	32.0	0.00033519846174539353	0.41059704305542877	0.5850611863394386	False
smo|hypophysis/locus coeruleus|24	smo	24	hypophysis/locus coeruleus	5	22.0	-0.00015259342261080184	0.3367124927070858	0.5154237535219041	False
smo|intestine|24	smo	24	intestine	8	32.0	0.0014056556181145374	0.09461503031962562	0.22037044390953814	False
smo|ionocyte/goblet cell|24	smo	24	ionocyte/goblet cell	8	32.0	0.003846373576546821	0.02776664433706686	0.09442648496407845	False
smo|iridophore|24	smo	24	iridophore	7	24.0	-0.00013800871240998627	0.4843603774278916	0.650706459168454	False
smo|lens|24	smo	24	lens	8	32.0	0.005881823583206438	0.002574151372492781	0.017021186948334717	True
smo|liver|24	smo	24	liver	3					False
smo|mature fast muscle|24	smo	24	mature fast muscle	8	32.0	-0.012929029713870374	0.14388720331176116	0.290882405234759	False
smo|mature slow muscle|24	smo	24	mature slow muscle	8	32.0	-0.04410231415924922	1.0116525834977044e-18	5.602026181118539e-16	True
smo|melanophore|24	smo	24	melanophore	8	32.0	-0.002688338788731365	3.287021448567167e-05	0.0006050486849232361	True
smo|mesodermal progenitor cells (contains PSM)|24	smo	24	mesodermal progenitor cells (contains PSM)	8	32.0	0.010329799611698262	0.00030809232583908324	0.0034758463585750562	True
smo|motor neuron|24	smo	24	motor neuron	8	32.0	-0.0020106237031737154	0.00032264908744402256	0.0036094329731742925	True
smo|myeloid cell|24	smo	24	myeloid cell	8	32.0	-0.00014537443435115593	0.8274030392096181	0.898545184449459	False
smo|myoblast|24	smo	24	myoblast	8	32.0	0.0075311117995895	0.0009903255809394908	0.008361770629406502	True
smo|neural crest + pigment cell progenitor|24	smo	24	neural crest + pigment cell progenitor	8	32.0	0.0036055889079815197	0.01111696659765889	0.04981270602929422	True
smo|neural progenitor (MHB)|24	smo	24	neural progenitor (MHB)	8	32.0	0.017818140374755535	0.0004735471058143731	0.004811499263205672	True
smo|neural progenitor (hindbrain R7/8)|24	smo	24	neural progenitor (hindbrain R7/8)	8	32.0	0.013751060618725986	0.009653010246730247	0.04457557546179464	True
smo|neural progenitor (hindbrain)|24	smo	24	neural progenitor (hindbrain)	8	32.0	0.009930379872963052	0.2205635118959083	0.3851891029036296	False
smo|neural progenitor (telencephalon/diencephalon)|24	smo	24	neural progenitor (telencephalon/diencephalon)	8	32.0	0.008565814609279805	0.058485352513367665	0.15895149937823802	False
smo|neural tube-like connective tissue (+ taste bud)|24	smo	24	neural tube-like connective tissue (+ taste bud)	8	32.0	0.002512515279009102	0.09196677608606343	0.21624884185841878	False
smo|neuromast support cell|24	smo	24	neuromast support cell	8	32.0	0.001284040477654901	0.12311303106345091	0.2622070805822536	False
smo|neuron (+ spinal cord)|24	smo	24	neuron (+ spinal cord)	7	30.0	-0.00040958497639611126	0.05023014708425659	0.14239732396539465	False
smo|neuron (cranial ganglia sensory, Rohon-Beard)|24	smo	24	neuron (cranial ganglia sensory, Rohon-Beard)	8	32.0	-0.0001385951766937274	0.8782616883939743	0.9315321499406161	False
smo|neuron (telencephalon, glutamatergic)|24	smo	24	neuron (telencephalon, glutamatergic)	8	29.0	0.0007319619514268142	0.035221733057232495	0.11161107113271813	False
smo|neurons (differentiating, contains peripheral)|24	smo	24	neurons (differentiating, contains peripheral)	8	32.0	-0.0006208037453745603	0.672588543809499	0.7949752532220065	False
smo|neurons (gabaergic, glutamatergic)|24	smo	24	neurons (gabaergic, glutamatergic)	8	31.0	-0.0006240246165727841	0.3073244293523603	0.48681042504265154	False
smo|neurons (gabaergic, glutamatergic; contains Purkinje)|24	smo	24	neurons (gabaergic, glutamatergic; contains Purkinje)	8	31.0	-0.0016246520208758782	0.07148626145214872	0.18130771272882756	False
smo|notochord|24	smo	24	notochord	8	32.0	0.003331086083365728	0.15279337478836053	0.3021761831751951	False
smo|olfactory vesicle/bulb|24	smo	24	olfactory vesicle/bulb	8	32.0	0.001661674224260975	0.0013741588887217061	0.01069237214936269	True
smo|pancreas|24	smo	24	pancreas	2	27.0	-0.0005729139754651389	0.000389000083849009	0.004182695076337646	True
smo|pectoral fin bud (osteoblast+)|24	smo	24	pectoral fin bud (osteoblast+)	8	32.0	0.002222296811091866	0.19548190519085606	0.3552113042207965	False
smo|periderm|24	smo	24	periderm	8	32.0	-0.08416742043026877	0.002233933337989543	0.015162908101062833	True
smo|periocular mesenchyme|24	smo	24	periocular mesenchyme	2	8.0	0.00032808213904282494	0.5952269039610487	0.739719988184247	False
smo|pharyngeal arch (NC-derived)|24	smo	24	pharyngeal arch (NC-derived)	8	32.0	-0.001212498243550967	0.5696752731076147	0.7198121676744818	False
smo|pharyngeal arch (contains muscle, early cartilage)|24	smo	24	pharyngeal arch (contains muscle, early cartilage)	5	30.0	0.00041122335111065645	0.30350379493332963	0.4824839036679367	False
smo|pharyngeal arch (early)|24	smo	24	pharyngeal arch (early)	8	32.0	0.0023158075187677523	0.03940923669196876	0.12065485370575822	False
smo|posterior lateral line primordium|24	smo	24	posterior lateral line primordium	8	31.0	0.0017141947878474722	0.085917055746907	0.20566240469675684	False
smo|posterior spinal cord progenitors|24	smo	24	posterior spinal cord progenitors	8	32.0	-0.00420859828370285	4.3250918832498846e-07	1.7209721894727834e-05	True
smo|primordial germ cell|24	smo	24	primordial germ cell	8	27.0	-0.0005874160141020972	0.13034243944241056	0.27207631887979195	False
smo|pronephric duct|24	smo	24	pronephric duct	4	23.0	-0.0004063299341525283	0.23157929675836977	0.4003237322995232	False
smo|pronephric podocyte|24	smo	24	pronephric podocyte	2	15.0	-0.00026836202683941336	0.001651439758456362	0.012152621478341665	True
smo|pronephros distal tubule|24	smo	24	pronephros distal tubule	8	32.0	-0.0010655410069819408	0.25826439332307793	0.4310106213289509	False
smo|pronephros proximal tubule|24	smo	24	pronephros proximal tubule	8	32.0	0.001329136904716791	0.22794205056903377	0.39578649752579814	False
smo|red blood cell|24	smo	24	red blood cell	8	31.0	-0.0007267416953878961	0.5816001239999323	0.7291007467718053	False
smo|retinal neuron|24	smo	24	retinal neuron	8	30.0	-0.0009394905554187625	0.5230711508703378	0.6836338562450653	False
smo|retinal pigmented epithelium (early)|24	smo	24	retinal pigmented epithelium (early)	8	31.0	-0.00010098947882831609	0.8486889486882792	0.9128420304360012	False
smo|retinal pigmented epithelium (late)|24	smo	24	retinal pigmented epithelium (late)	1	1.0	-0.00039692035384789997			False
smo|roof plate, flexural + subcommissural organ|24	smo	24	roof plate, flexural + subcommissural organ	8	31.0	0.0009900369262881088	0.1068466488123097	0.23825368501939528	False
smo|satellite cells|24	smo	24	satellite cells	6	32.0	-0.0011618661388325374	0.002430455575687737	0.016215238253458848	True
smo|support cells/otic vesicle|24	smo	24	support cells/otic vesicle	8	32.0	0.002599795412382245	0.06118897882418666	0.16393744082199285	False
smo|thyroid follicle cell|24	smo	24	thyroid follicle cell	3	19.0	0.0011357664025221249	0.10769381623932321	0.23974050549758888	False
smo|xanthophore|24	smo	24	xanthophore	8	31.0	-0.0008853675474560273	0.3345273389858735	0.5133797153720854	False
smo|KA neuron|36	smo	36	KA neuron	5	44.0	-0.0011334824435304041	8.65616539810804e-09	6.184969792519132e-07	True
smo|anterior migratory muscle|36	smo	36	anterior migratory muscle	8	44.0	0.008664180716213644	2.7573963289585758e-05	0.0005295635435239807	True
smo|basal cell|36	smo	36	basal cell	8	44.0	0.0359483626684782	0.003746551987921623	0.022328105793488057	True
smo|cardiomyocyte|36	smo	36	cardiomyocyte	8	44.0	-0.0014065908987982243	0.050807984677806985	0.14369410228418905	False
smo|connective tissue-meninges-dermal FB|36	smo	36	connective tissue-meninges-dermal FB	8	44.0	0.00691647814607451	0.022958719540987525	0.08273356363875385	False
smo|contains head vasculature?|36	smo	36	contains head vasculature?	4	31.0	3.8224366849272644e-05	0.7447931849605647	0.8447091165835384	False
smo|cranial muscle (early)|36	smo	36	cranial muscle (early)	8	44.0	0.0011033285533917012	0.07392297611684084	0.1855592406581106	False
smo|cranial muscle (mid)|36	smo	36	cranial muscle (mid)	5	36.0	-0.0003189157884415294	0.053878787285062506	0.1499265249201174	False
smo|cranial muscle (non-somitic, fast-twitch)|36	smo	36	cranial muscle (non-somitic, fast-twitch)	8	44.0	0.0003972510885667064	0.6439448913049797	0.7740618311725018	False
smo|cranial muscle (progenitor)|36	smo	36	cranial muscle (progenitor)	7	37.0	0.00016177277455134594	0.5728539997513851	0.7225920327160125	False
smo|cranial neural crest|36	smo	36	cranial neural crest	8	44.0	-0.0015358983242670906	0.016363634012748072	0.0654643877270987	False
smo|differentiating neuron (hindbrain)|36	smo	36	differentiating neuron (hindbrain)	8	44.0	-0.0020442446541916945	0.26213384013378005	0.435034807115127	False
smo|differentiating neuron 1|36	smo	36	differentiating neuron 1	8	43.0	0.0010139774089090968	0.6042396102215671	0.7454831433201473	False
smo|differentiating neuron 2|36	smo	36	differentiating neuron 2	8	43.0	0.002222872300265615	0.007336049369226079	0.037174011030478904	True
smo|dorsal spinal cord neuron|36	smo	36	dorsal spinal cord neuron	3	26.0	0.0003528486492884231	0.21862863149893694	0.382917041726525	False
smo|endothelium (dorsal aorta)|36	smo	36	endothelium (dorsal aorta)	8	44.0	-0.004676418913461622	5.525901000809322e-07	2.1103225373780427e-05	True
smo|endothelium (f8+, clic2+)|36	smo	36	endothelium (f8+, clic2+)	8	44.0	0.001048603533662335	0.05469544650810977	0.15169083557862664	False
smo|endothelium (vein + early artery)|36	smo	36	endothelium (vein + early artery)	8	44.0	0.013599207576069017	5.121293947092135e-06	0.00014004526040505038	True
smo|eye, optic cup|36	smo	36	eye, optic cup	8	44.0	0.012588680504911673	0.002187074943007287	0.014890484627339573	True
smo|fast-committed myocyte|36	smo	36	fast-committed myocyte	3	24.0	-0.0003258742423604833	0.04023297324943142	0.12208649896802713	False
smo|fin bud mesoderm (pectoral)|36	smo	36	fin bud mesoderm (pectoral)	8	40.0	0.0010526785750686472	0.039124021267557485	0.12002729516293605	False
smo|fin fold|36	smo	36	fin fold	8	44.0	0.007394503953299457	0.007814601879586552	0.038492539940496395	True
smo|fin mesenchyme|36	smo	36	fin mesenchyme	7	30.0	0.002437861282683627	0.03401166997511134	0.10891929975162162	False
smo|floor plate|36	smo	36	floor plate	8	44.0	0.000902020562537225	0.4459570986931787	0.6162164526546418	False
smo|glia|36	smo	36	glia	8	44.0	0.0004224499525252081	0.44006063222845837	0.6127253816211862	False
smo|hair cell|36	smo	36	hair cell	8	39.0	-0.00012547317714917193	0.4790688419841821	0.6461157814054982	False
smo|hatching gland|36	smo	36	hatching gland	8	44.0	-0.006879890727402358	0.0012905444778473767	0.010160744141345756	True
smo|head mesenchyme|36	smo	36	head mesenchyme	8	44.0	-0.0056069645350261405	0.01771140012416523	0.06862522088925828	False
smo|head mesenchyme (maybe ventral, hand2+)|36	smo	36	head mesenchyme (maybe ventral, hand2+)	8	44.0	0.004302584827554939	0.07981303947603512	0.19541549274806683	False
smo|head mesenchyme/PA cartilage|36	smo	36	head mesenchyme/PA cartilage	8	43.0	-0.004297337880541745	2.190215905844467e-05	0.00044836368879133686	True
smo|head/eye connective tissue|36	smo	36	head/eye connective tissue	8	44.0	0.004522417037262068	0.0002846738910294268	0.0032784367519766745	True
smo|hypochord|36	smo	36	hypochord	7	38.0	0.00034082978288354744	0.34322301562125057	0.52106852611451	False
smo|hypophysis/locus coeruleus|36	smo	36	hypophysis/locus coeruleus	2	41.0	-0.00025285655583099883	0.40929322027073645	0.5836380791199665	False
smo|intestine|36	smo	36	intestine	8	44.0	0.004160838925394523	0.020214446775876055	0.07533651083886506	False
smo|ionocyte/goblet cell|36	smo	36	ionocyte/goblet cell	8	44.0	0.003879199583333196	0.0005166216227828903	0.0051701064508920275	True
smo|iridophore|36	smo	36	iridophore	8	44.0	0.001249849305251341	2.9476164344757994e-05	0.0005547864567253007	True
smo|jaw chondrocyte|36	smo	36	jaw chondrocyte	1	7.0	0.00011027145886130003			False
smo|lens|36	smo	36	lens	8	43.0	0.004899677531040318	0.018879020632940537	0.07185056821643176	False
smo|liver|36	smo	36	liver	5	36.0	-0.0006778886848102098	0.009595442635459535	0.04434055376399764	True
smo|mature fast muscle|36	smo	36	mature fast muscle	8	44.0	-0.008920048914603726	0.278736309556335	0.4540825636189865	False
smo|mature slow muscle|36	smo	36	mature slow muscle	8	44.0	-0.029103262371522224	7.444986800871131e-23	2.473596864589433e-19	True
smo|melanophore|36	smo	36	melanophore	8	44.0	0.00024237593463407887	0.755661815240008	0.8514018018155086	False
smo|mesodermal progenitor cells (contains PSM)|36	smo	36	mesodermal progenitor cells (contains PSM)	2	12.0	-0.00010226182797628332	0.4733755082837076	0.6411700474001707	False
smo|motor neuron|36	smo	36	motor neuron	7	43.0	-0.004494113137227593	1.70974108743221e-20	1.6230327894267193e-17	True
smo|myeloid cell|36	smo	36	myeloid cell	8	43.0	0.000316519891388986	0.3827369821708062	0.5586113297924328	False
smo|neural crest + pigment cell progenitor|36	smo	36	neural crest + pigment cell progenitor	8	19.0	0.00016682145021910066	0.28046696875272814	0.4555617226501781	False
smo|neural progenitor (MHB)|36	smo	36	neural progenitor (MHB)	8	43.0	0.0071933553427825266	0.006590708154151285	0.034538845176920574	True
smo|neural progenitor (hindbrain R7/8)|36	smo	36	neural progenitor (hindbrain R7/8)	8	44.0	0.0032816433903764142	0.19260212301215998	0.35218522493555393	False
smo|neural progenitor (hindbrain)|36	smo	36	neural progenitor (hindbrain)	8	43.0	0.001812980278855051	0.13251432806311658	0.2749165501028441	False
smo|neural progenitor (telencephalon/diencephalon)|36	smo	36	neural progenitor (telencephalon/diencephalon)	8	44.0	-0.002885359349141539	0.12258575438446805	0.26175524996297883	False
smo|neural tube-like connective tissue (+ taste bud)|36	smo	36	neural tube-like connective tissue (+ taste bud)	8	44.0	0.0012971106093552093	0.13571111877758163	0.2798457578468494	False
smo|neuromast support cell|36	smo	36	neuromast support cell	8	44.0	0.0011657466001727878	0.1227904461507367	0.2619398120936261	False
smo|neuron (+ spinal cord)|36	smo	36	neuron (+ spinal cord)	2	42.0	-0.0026934853958079192	3.1478376059562073e-10	3.4862301485964995e-08	True
smo|neuron (cranial ganglia sensory, Rohon-Beard)|36	smo	36	neuron (cranial ganglia sensory, Rohon-Beard)	8	44.0	-0.00035955877829764275	0.784939979813325	0.8728122767502584	False
smo|neuron (dopaminergic)|36	smo	36	neuron (dopaminergic)	4	22.0	0.00016536597806083181	0.19078912761764422	0.3504128670589402	False
smo|neuron (telencephalon, glutamatergic)|36	smo	36	neuron (telencephalon, glutamatergic)	8	43.0	0.0017966216794029215	0.06451993508953621	0.16945663302672664	False
smo|neurons (differentiating, contains peripheral)|36	smo	36	neurons (differentiating, contains peripheral)	8	44.0	-0.0018214276089060094	0.6268383770169423	0.762045557130915	False
smo|neurons (gabaergic, glutamatergic)|36	smo	36	neurons (gabaergic, glutamatergic)	8	44.0	-0.005287597433312139	0.0124542610088277	0.0540199506551306	False
smo|neurons (gabaergic, glutamatergic; contains Purkinje)|36	smo	36	neurons (gabaergic, glutamatergic; contains Purkinje)	8	44.0	-0.0020560196540542267	0.21423134521254017	0.3778044822020514	False
smo|notochord|36	smo	36	notochord	8	44.0	0.002526285235806884	0.329926306213414	0.5099698313068471	False
smo|olfactory vesicle/bulb|36	smo	36	olfactory vesicle/bulb	8	43.0	0.0002643595024544379	0.7129593230995461	0.8237897238734975	False
smo|pancreas|36	smo	36	pancreas	1	37.0	-0.0008499019670921324			False
smo|pectoral fin bud (osteoblast+)|36	smo	36	pectoral fin bud (osteoblast+)	8	44.0	0.0023959251198941546	0.056893247764847096	0.15614420458630884	False
smo|periderm|36	smo	36	periderm	8	44.0	-0.06360450980398838	0.0021232715570972493	0.014580101371842116	True
smo|periocular mesenchyme|36	smo	36	periocular mesenchyme	8	44.0	0.0010694981238249706	0.024165044457968996	0.085597096547678	False
smo|pharyngeal arch (NC-derived)|36	smo	36	pharyngeal arch (NC-derived)	7	42.0	0.00021990884258034013	0.7123529373503972	0.8237009765854976	False
smo|pharyngeal arch (contains muscle, early cartilage)|36	smo	36	pharyngeal arch (contains muscle, early cartilage)	8	44.0	0.0004002828204456134	0.6014817304023727	0.744014538072183	False
smo|pharyngeal arch (early)|36	smo	36	pharyngeal arch (early)	8	44.0	0.001679386831695856	0.3690598429089801	0.5446152911681484	False
smo|pharynx|36	smo	36	pharynx	1	29.0	-0.00035811025391261036			False
smo|posterior lateral line primordium|36	smo	36	posterior lateral line primordium	8	40.0	0.0009780836692281222	0.05300681468678569	0.14812038839095495	False
smo|posterior spinal cord progenitors|36	smo	36	posterior spinal cord progenitors	7	43.0	-0.0016576775298982127	0.03363139347742911	0.10819977809543593	False
smo|primordial germ cell|36	smo	36	primordial germ cell	5	34.0	-0.00012884638017266598	0.2942201636153082	0.4722405842656347	False
smo|pronephric duct|36	smo	36	pronephric duct	7	31.0	0.00021394526761925174	0.5104583474587937	0.6735495867481501	False
smo|pronephric podocyte|36	smo	36	pronephric podocyte	3	27.0	-0.00019169779923915555	0.006921418434287277	0.03584787645817533	True
smo|pronephros distal tubule|36	smo	36	pronephros distal tubule	8	44.0	0.0021517777526544905	0.017706636035597877	0.06862522088925828	False
smo|pronephros proximal tubule|36	smo	36	pronephros proximal tubule	8	44.0	0.0044710313134456794	2.7416086580740942e-05	0.0005283470595976102	True
smo|red blood cell|36	smo	36	red blood cell	4	39.0	0.00026529703222335187	0.7137045197826705	0.8239715203333804	False
smo|retinal neuron|36	smo	36	retinal neuron	8	44.0	-0.009760177244323605	2.972419931006436e-06	8.937434588931116e-05	True
smo|retinal pigmented epithelium (early)|36	smo	36	retinal pigmented epithelium (early)	8	43.0	-0.0011951623753473969	0.08468549361623895	0.20342089786448594	False
smo|roof plate, flexural + subcommissural organ|36	smo	36	roof plate, flexural + subcommissural organ	8	43.0	0.0021197384415122277	0.0017940527438878218	0.012896008861099813	True
smo|satellite cells|36	smo	36	satellite cells	2	22.0	-0.00011137579406919997	0.48008466205154454	0.6468891625143047	False
smo|slow-committed myocyte|36	smo	36	slow-committed myocyte	1	3.0	1.560874198370003e-05			False
smo|support cells/otic vesicle|36	smo	36	support cells/otic vesicle	8	44.0	0.006369756956385543	0.00010158745232618839	0.0014611442006656316	True
smo|thyroid follicle cell|36	smo	36	thyroid follicle cell	4	29.0	-0.0004767199238770146	0.061225044344525345	0.16393744082199285	False
smo|unknown|36	smo	36	unknown	5					False
smo|xanthophore|36	smo	36	xanthophore	8	44.0	0.0037872554765242287	0.0012899473501671627	0.010160744141345756	True
tbx1|KA neuron|24	tbx1	24	KA neuron	8	31.0	0.00024938661616947036	0.346541032986191	0.5241132270274359	False
tbx1|anterior migratory muscle|24	tbx1	24	anterior migratory muscle	8	32.0	0.005296215646112306	0.0001822850199883667	0.002316030512089286	True
tbx1|basal cell|24	tbx1	24	basal cell	8	23.0	0.0001848991811780195	0.7146390616105256	0.8242105178705643	False
tbx1|cardiomyocyte|24	tbx1	24	cardiomyocyte	8	32.0	-6.73987366823876e-05	0.9266903717260928	0.9590184582027544	False
tbx1|connective tissue-meninges-dermal FB|24	tbx1	24	connective tissue-meninges-dermal FB	8	32.0	-0.004244501222402157	0.1180071195018384	0.2560223163665376	False
tbx1|contains head vasculature?|24	tbx1	24	contains head vasculature?	8	32.0	0.0008622347544871315	0.34534483241202596	0.5233332751146893	False
tbx1|cranial muscle (early)|24	tbx1	24	cranial muscle (early)	7	22.0	-0.00015682887614387525	0.3803882210579489	0.5562675459793288	False
tbx1|cranial muscle (late)|24	tbx1	24	cranial muscle (late)	1	1.0	-2.296086697770001e-05			False
tbx1|cranial muscle (mid)|24	tbx1	24	cranial muscle (mid)	3	5.0	9.010430303878008e-05	0.5963743242468045	0.7407303522654235	False
tbx1|cranial muscle (non-somitic, fast-twitch)|24	tbx1	24	cranial muscle (non-somitic, fast-twitch)	8	32.0	-0.0004302596892023971	0.36454333130315475	0.5408065253328209	False
tbx1|cranial muscle (progenitor)|24	tbx1	24	cranial muscle (progenitor)	8	32.0	-0.0026888822102013998	0.009545036339830112	0.04419983726701818	True
tbx1|cranial neural crest|24	tbx1	24	cranial neural crest	8	32.0	0.0012117429110046	0.10794916574078983	0.23998735575361274	False
tbx1|differentiating neuron (hindbrain)|24	tbx1	24	differentiating neuron (hindbrain)	8	32.0	-0.002858669177389888	3.78924985934425e-05	0.0006750553703845187	True
tbx1|differentiating neuron 1|24	tbx1	24	differentiating neuron 1	8	32.0	-0.0010494890838418872	0.4576645886072095	0.6265120603224971	False
tbx1|differentiating neuron 2|24	tbx1	24	differentiating neuron 2	8	32.0	-0.000419980219248447	0.4394672491763222	0.6125261334199982	False
tbx1|dorsal spinal cord neuron|24	tbx1	24	dorsal spinal cord neuron	3	9.0	-0.0003199420979071778	0.024405843512728422	0.08626427135217041	False
tbx1|endothelium (dorsal aorta)|24	tbx1	24	endothelium (dorsal aorta)	8	32.0	0.00207935551893484	0.050817327369126294	0.14369410228418905	False
tbx1|endothelium (f8+, clic2+)|24	tbx1	24	endothelium (f8+, clic2+)	8	31.0	0.0005930273856259432	0.10060553276556004	0.2292605504894192	False
tbx1|endothelium (vein + early artery)|24	tbx1	24	endothelium (vein + early artery)	8	32.0	0.005870540410576108	0.0005889739917072323	0.0057051489429949835	True
tbx1|eye, optic cup|24	tbx1	24	eye, optic cup	8	32.0	-0.012483952685583555	3.8457662816525327e-05	0.0006814697851088288	True
tbx1|fast-committed myocyte|24	tbx1	24	fast-committed myocyte	8	32.0	-0.01541375593245229	1.7856442289964494e-06	5.733871308145279e-05	True
tbx1|fin bud mesoderm (pectoral)|24	tbx1	24	fin bud mesoderm (pectoral)	1	2.0	-7.489617469099948e-06			False
tbx1|fin fold|24	tbx1	24	fin fold	6	11.0	-0.00016002436350834553	0.4625957184598022	0.6314931087976904	False
tbx1|fin mesenchyme|24	tbx1	24	fin mesenchyme	8	32.0	-0.0017455981170673047	0.43434986151786015	0.6087193600325136	False
tbx1|floor plate|24	tbx1	24	floor plate	8	32.0	0.001170952375067806	0.025037862565720364	0.08789043674020698	False
tbx1|glia|24	tbx1	24	glia	8	28.0	0.0001998375860067876	0.3545420257077665	0.5319331137566287	False
tbx1|hair cell|24	tbx1	24	hair cell	4	23.0	-5.577078686736078e-05	0.7909500875018802	0.876269311678892	False
tbx1|hatching gland|24	tbx1	24	hatching gland	8	32.0	0.0015892687917267462	0.14545322641700886	0.29288990592152236	False
tbx1|head mesenchyme|24	tbx1	24	head mesenchyme	8	32.0	0.006457756191638936	0.0034884390383483877	0.02116470127025716	True
tbx1|head mesenchyme (maybe ventral, hand2+)|24	tbx1	24	head mesenchyme (maybe ventral, hand2+)	8	32.0	0.001011502680381974	0.5370323666236152	0.696444199104981	False
tbx1|head mesenchyme/PA cartilage|24	tbx1	24	head mesenchyme/PA cartilage	8	32.0	0.0014767423930791834	0.25473000743299057	0.42658288795166893	False
tbx1|head/eye connective tissue|24	tbx1	24	head/eye connective tissue	8	32.0	-0.003100903624517204	0.15991515988463967	0.31208112699953905	False
tbx1|hypochord|24	tbx1	24	hypochord	8	32.0	0.0007057668449035189	0.047710339160328234	0.13677101109593662	False
tbx1|hypophysis/locus coeruleus|24	tbx1	24	hypophysis/locus coeruleus	5	22.0	-0.00010166575346394176	0.582232377129323	0.7292993959253923	False
tbx1|intestine|24	tbx1	24	intestine	8	32.0	0.0005046870264780613	0.5579640386501523	0.7123287294582636	False
tbx1|ionocyte/goblet cell|24	tbx1	24	ionocyte/goblet cell	8	32.0	-0.0014334394758093675	0.13764057436567487	0.282116476452779	False
tbx1|iridophore|24	tbx1	24	iridophore	8	24.0	0.00028072416836505843	0.36407629639158723	0.5408065253328209	False
tbx1|jaw chondrocyte|24	tbx1	24	jaw chondrocyte	1	4.0	-4.416850334592503e-05			False
tbx1|lens|24	tbx1	24	lens	8	32.0	-0.0032775841898852742	0.004328743928447269	0.025114847903424834	True
tbx1|liver|24	tbx1	24	liver	1					False
tbx1|mature fast muscle|24	tbx1	24	mature fast muscle	8	32.0	0.014670200517455989	0.09748972181347916	0.22446957777219995	False
tbx1|mature slow muscle|24	tbx1	24	mature slow muscle	8	32.0	0.005222446948540564	0.1798126596499548	0.33743437542331256	False
tbx1|melanophore|24	tbx1	24	melanophore	8	32.0	0.0004085298145126851	0.5005034081717642	0.6646373196045909	False
tbx1|mesodermal progenitor cells (contains PSM)|24	tbx1	24	mesodermal progenitor cells (contains PSM)	8	32.0	-0.0011626255410817502	0.23733985995574883	0.40678962326694634	False
tbx1|motor neuron|24	tbx1	24	motor neuron	8	32.0	-0.0003153007376081778	0.4674990672469328	0.6360629201179092	False
tbx1|myeloid cell|24	tbx1	24	myeloid cell	8	32.0	2.1445649904644135e-05	0.9723534734458484	0.9860269787224918	False
tbx1|myoblast|24	tbx1	24	myoblast	8	32.0	0.00035036960265642444	0.6399742694145176	0.7716422021214121	False
tbx1|neural crest + pigment cell progenitor|24	tbx1	24	neural crest + pigment cell progenitor	8	32.0	-0.0005800551295093307	0.3199366210292538	0.4990560673097163	False
tbx1|neural progenitor (MHB)|24	tbx1	24	neural progenitor (MHB)	8	32.0	-0.0073237374042992645	0.00757506617811457	0.03789348993506023	True
tbx1|neural progenitor (hindbrain R7/8)|24	tbx1	24	neural progenitor (hindbrain R7/8)	8	32.0	-0.0054940098316598775	0.04299752629385654	0.12760989826827898	False
tbx1|neural progenitor (hindbrain)|24	tbx1	24	neural progenitor (hindbrain)	8	32.0	-0.019430634011073707	0.0008715732216956796	0.007630571881643993	True
tbx1|neural progenitor (telencephalon/diencephalon)|24	tbx1	24	neural progenitor (telencephalon/diencephalon)	8	32.0	-0.010940947754091532	0.00019427623723918184	0.0024403886511424637	True
tbx1|neural tube-like connective tissue (+ taste bud)|24	tbx1	24	neural tube-like connective tissue (+ taste bud)	8	32.0	-0.0005908546729157475	0.5307279967373364	0.6913717973573025	False
tbx1|neuromast support cell|24	tbx1	24	neuromast support cell	8	32.0	-0.00026639390558563705	0.7630899628410184	0.8561088642712422	False
tbx1|neuron (+ spinal cord)|24	tbx1	24	neuron (+ spinal cord)	7	30.0	-0.0003232375438300685	0.2793678748231626	0.4545864635526102	False
tbx1|neuron (cranial ganglia sensory, Rohon-Beard)|24	tbx1	24	neuron (cranial ganglia sensory, Rohon-Beard)	8	32.0	-0.0008100834683638144	0.24802906003343644	0.4194357292688271	False
tbx1|neuron (dopaminergic)|24	tbx1	24	neuron (dopaminergic)	2	10.0	-8.652625927776003e-05	0.6301903623309412	0.7643323645080902	False
tbx1|neuron (telencephalon, glutamatergic)|24	tbx1	24	neuron (telencephalon, glutamatergic)	8	29.0	-6.685304787467316e-05	0.7989957450727307	0.880531609244044	False
tbx1|neurons (differentiating, contains peripheral)|24	tbx1	24	neurons (differentiating, contains peripheral)	8	32.0	-0.0018558430776146606	0.029530158931647447	0.09899866645142809	False
tbx1|neurons (gabaergic, glutamatergic)|24	tbx1	24	neurons (gabaergic, glutamatergic)	8	31.0	-0.0011985200252908968	0.009667453849116176	0.044611271407900686	True
tbx1|neurons (gabaergic, glutamatergic; contains Purkinje)|24	tbx1	24	neurons (gabaergic, glutamatergic; contains Purkinje)	8	31.0	0.001229332563515934	0.042178307140099555	0.12574017539074092	False
tbx1|notochord|24	tbx1	24	notochord	8	32.0	0.010029013868728329	0.09361061487087523	0.2190331028857555	False
tbx1|olfactory vesicle/bulb|24	tbx1	24	olfactory vesicle/bulb	8	32.0	-0.00035942027121552535	0.27962127700704514	0.45485517398086045	False
tbx1|osteoblast|24	tbx1	24	osteoblast	1	1.0	2.3470505398200006e-05			False
tbx1|pancreas|24	tbx1	24	pancreas	8	27.0	-0.0001561796069928889	0.5347123546404178	0.6950633013665055	False
tbx1|pectoral fin bud (osteoblast+)|24	tbx1	24	pectoral fin bud (osteoblast+)	8	32.0	0.00046953003799124135	0.730161939099613	0.8354766412244445	False
tbx1|periderm|24	tbx1	24	periderm	8	32.0	0.03614174806632668	0.09381301156542433	0.2191379201556986	False
tbx1|periocular mesenchyme|24	tbx1	24	periocular mesenchyme	4	8.0	8.846482148300034e-06	0.9400585070910387	0.9675863559499988	False
tbx1|pharyngeal arch (NC-derived)|24	tbx1	24	pharyngeal arch (NC-derived)	8	32.0	-0.001909053822525545	0.44038772349477584	0.6127253816211862	False
tbx1|pharyngeal arch (contains muscle, early cartilage)|24	tbx1	24	pharyngeal arch (contains muscle, early cartilage)	8	30.0	-4.111988072118115e-05	0.8596955123692466	0.919931112871197	False
tbx1|pharyngeal arch (early)|24	tbx1	24	pharyngeal arch (early)	8	32.0	0.007858305573607104	1.4187425576509302e-05	0.00031732770810603394	True
tbx1|pharynx|24	tbx1	24	pharynx	7	31.0	-0.0006387327979701291	0.17963596393452677	0.33738863209297076	False
tbx1|posterior lateral line primordium|24	tbx1	24	posterior lateral line primordium	8	31.0	0.00027868836859535956	0.5768629413664832	0.7255828592429076	False
tbx1|posterior spinal cord progenitors|24	tbx1	24	posterior spinal cord progenitors	8	32.0	7.777631075719937e-05	0.9342063449648688	0.9642437344348482	False
tbx1|primordial germ cell|24	tbx1	24	primordial germ cell	6	27.0	-0.0005516606676529221	0.06347833752800003	0.16798628151077666	False
tbx1|pronephric duct|24	tbx1	24	pronephric duct	7	23.0	-0.0006299236906766212	0.006439484306413855	0.033949454823379625	True
tbx1|pronephric podocyte|24	tbx1	24	pronephric podocyte	5	15.0	-0.00014802524090043337	0.4372307316153167	0.6110940038819977	False
tbx1|pronephros distal tubule|24	tbx1	24	pronephros distal tubule	7	32.0	-0.0019210637918639804	0.010719473132206532	0.04840904326045076	True
tbx1|pronephros proximal tubule|24	tbx1	24	pronephros proximal tubule	8	32.0	0.0005789250614847662	0.5688278506893878	0.7196181907730274	False
tbx1|red blood cell|24	tbx1	24	red blood cell	8	31.0	-0.0005449450549647834	0.6841233474060602	0.8037523940810688	False
tbx1|retinal neuron|24	tbx1	24	retinal neuron	8	30.0	-0.0018764563071114251	0.04730982622850984	0.13601161700060482	False
tbx1|retinal pigmented epithelium (early)|24	tbx1	24	retinal pigmented epithelium (early)	8	31.0	0.00033046202345947146	0.4536881856497984	0.6232495860776546	False
tbx1|roof plate, flexural + subcommissural organ|24	tbx1	24	roof plate, flexural + subcommissural organ	8	31.0	0.00022354866313242143	0.5672401934958657	0.718785485465299	False
tbx1|satellite cells|24	tbx1	24	satellite cells	7	32.0	-0.0009811573755659374	0.13247770780598525	0.2749165501028441	False
tbx1|slow-committed myocyte|24	tbx1	24	slow-committed myocyte	8	31.0	-0.0014270889274785306	0.03275135096415702	0.10646691436066594	False
tbx1|support cells/otic vesicle|24	tbx1	24	support cells/otic vesicle	8	32.0	-0.0034725213316374303	0.0016764467645970927	0.012283474617243212	True
tbx1|swim bladder primordium|24	tbx1	24	swim bladder primordium	1					False
tbx1|thyroid follicle cell|24	tbx1	24	thyroid follicle cell	6	19.0	0.0003662332799107414	0.5692157087026122	0.7196181907730274	False
tbx1|unknown|24	tbx1	24	unknown	5					False
tbx1|xanthophore|24	tbx1	24	xanthophore	8	31.0	0.0026245008437547727	0.0040981462220616395	0.024120621475287506	True
tbx1|KA neuron|36	tbx1	36	KA neuron	8	44.0	0.0006410388808719535	0.11842452163264401	0.2562593680722251	False
tbx1|adrenal gland|36	tbx1	36	adrenal gland	2	15.0	0.0006176646528864501	0.5577380589316718	0.7123287294582636	False
tbx1|anterior migratory muscle|36	tbx1	36	anterior migratory muscle	8	44.0	0.00012448527384239724	0.9242610223523995	0.9576606757632983	False
tbx1|basal cell|36	tbx1	36	basal cell	8	44.0	0.0064535117980291795	0.019226359082731286	0.07271437456161035	False
tbx1|cardiomyocyte|36	tbx1	36	cardiomyocyte	8	44.0	-0.0012138014828693114	0.007093372298276385	0.036398037777642146	True
tbx1|chondrocranium|36	tbx1	36	chondrocranium	1	7.0	0.00042037427799815715			False
tbx1|connective tissue-meninges-dermal FB|36	tbx1	36	connective tissue-meninges-dermal FB	8	44.0	-0.005468120879913038	0.09776548481363212	0.22469073504789563	False
tbx1|contains head vasculature?|36	tbx1	36	contains head vasculature?	6	31.0	-0.00013724709732781064	0.14403477370619674	0.2910036701969223	False
tbx1|cranial muscle (early)|36	tbx1	36	cranial muscle (early)	8	44.0	0.0001495625471819766	0.8788629734552227	0.9316424315636085	False
tbx1|cranial muscle (mid)|36	tbx1	36	cranial muscle (mid)	7	36.0	0.0005816905236593736	0.004314747473992498	0.025114847903424834	True
tbx1|cranial muscle (non-somitic, fast-twitch)|36	tbx1	36	cranial muscle (non-somitic, fast-twitch)	8	44.0	-0.0014239422970476687	0.03354706981090178	0.10812769622955455	False
tbx1|cranial muscle (progenitor)|36	tbx1	36	cranial muscle (progenitor)	5	37.0	-0.0004168193344004941	0.02760265187224891	0.09410960579327554	False
tbx1|cranial neural crest|36	tbx1	36	cranial neural crest	8	44.0	0.0020390368881042465	0.02972989703277174	0.09947390019273324	False
tbx1|differentiating neuron (hindbrain)|36	tbx1	36	differentiating neuron (hindbrain)	8	44.0	0.003696949375385755	0.16724821205845647	0.3217615428860577	False
tbx1|differentiating neuron 1|36	tbx1	36	differentiating neuron 1	8	43.0	0.0008323664224373344	0.6306930867300047	0.7646333810109253	False
tbx1|differentiating neuron 2|36	tbx1	36	differentiating neuron 2	8	43.0	0.0022471880196629403	0.0211692099568353	0.07797638589976195	False
tbx1|dorsal spinal cord neuron|36	tbx1	36	dorsal spinal cord neuron	6	26.0	0.0001762373906091565	0.03008585055442806	0.1003616852079189	False
tbx1|endothelium (dorsal aorta)|36	tbx1	36	endothelium (dorsal aorta)	8	44.0	-0.002183427554102021	0.021106638697606327	0.07783219430943066	False
tbx1|endothelium (f8+, clic2+)|36	tbx1	36	endothelium (f8+, clic2+)	8	44.0	0.00012594069612356	0.7777944802342187	0.8672616961892345	False
tbx1|endothelium (vein + early artery)|36	tbx1	36	endothelium (vein + early artery)	8	44.0	-0.000395350230641283	0.752363923721382	0.8498144268449063	False
tbx1|eye, optic cup|36	tbx1	36	eye, optic cup	8	44.0	0.007643088693235794	0.008203900274547572	0.03960451273131489	True
tbx1|fast-committed myocyte|36	tbx1	36	fast-committed myocyte	4	24.0	-0.0003471978490920666	0.016157529016848006	0.06481463806190522	False
tbx1|fin bud mesoderm (pectoral)|36	tbx1	36	fin bud mesoderm (pectoral)	8	40.0	0.00030018316859046004	0.5427169132802254	0.7001428502725725	False
tbx1|fin fold|36	tbx1	36	fin fold	8	44.0	-0.001415370270569618	0.35576670709327507	0.5331686442568365	False
tbx1|fin mesenchyme|36	tbx1	36	fin mesenchyme	3	30.0	-9.90006438955967e-05	0.7510137939401751	0.8488665862786977	False
tbx1|floor plate|36	tbx1	36	floor plate	8	44.0	0.0004032072263967252	0.643159843274909	0.7738944187760406	False
tbx1|glia|36	tbx1	36	glia	8	44.0	0.001006040770335108	0.07495326682385985	0.18710159956594616	False
tbx1|hair cell|36	tbx1	36	hair cell	8	39.0	0.0005456916296849156	0.08175735313079474	0.1984938295776876	False
tbx1|hatching gland|36	tbx1	36	hatching gland	8	44.0	-0.004774684392953421	0.00850100482968349	0.04061047957817886	True
tbx1|head mesenchyme|36	tbx1	36	head mesenchyme	8	44.0	-0.002779642446614213	0.1503760944777601	0.29939151646304274	False
tbx1|head mesenchyme (maybe ventral, hand2+)|36	tbx1	36	head mesenchyme (maybe ventral, hand2+)	8	44.0	-0.0019330651851859476	0.1086647560335228	0.2410137863293588	False
tbx1|head mesenchyme/PA cartilage|36	tbx1	36	head mesenchyme/PA cartilage	8	43.0	-0.00012179705102125654	0.9068249498587517	0.9483556486955311	False
tbx1|head/eye connective tissue|36	tbx1	36	head/eye connective tissue	8	44.0	-0.001296498862839432	0.05234338269967273	0.1465129646332457	False
tbx1|hypochord|36	tbx1	36	hypochord	8	38.0	-6.972008717793989e-05	0.7948117846561884	0.8783509577649047	False
tbx1|hypophysis/locus coeruleus|36	tbx1	36	hypophysis/locus coeruleus	8	41.0	0.00041842238216385113	0.07075101234731705	0.18015573002763657	False
tbx1|intestine|36	tbx1	36	intestine	8	44.0	0.0026686435639506484	0.023935051433440834	0.08500441197810542	False
tbx1|ionocyte/goblet cell|36	tbx1	36	ionocyte/goblet cell	8	44.0	-0.00035212121366315526	0.6980116753794388	0.8142082569327861	False
tbx1|iridophore|36	tbx1	36	iridophore	8	44.0	0.00040150841241309073	0.09638928986663811	0.22294007349941186	False
tbx1|lens|36	tbx1	36	lens	8	43.0	-0.0012844972269788193	0.07062035502080626	0.1801429017709242	False
tbx1|liver|36	tbx1	36	liver	8	36.0	0.0011705639619421625	0.02394706685071683	0.08500441197810542	False
tbx1|mature fast muscle|36	tbx1	36	mature fast muscle	8	44.0	0.007870010050322215	0.43727121170626904	0.6110940038819977	False
tbx1|mature slow muscle|36	tbx1	36	mature slow muscle	8	44.0	-0.0009243106777451077	0.7505325742691752	0.8488665862786977	False
tbx1|melanophore|36	tbx1	36	melanophore	8	44.0	-1.3320962200595934e-05	0.9742849576904087	0.9872100554822759	False
tbx1|mesodermal progenitor cells (contains PSM)|36	tbx1	36	mesodermal progenitor cells (contains PSM)	1	12.0	7.441810259166469e-07			False
tbx1|motor neuron|36	tbx1	36	motor neuron	8	43.0	0.0019068754605331053	0.04122869012856823	0.1241906826402248	False
tbx1|myeloid cell|36	tbx1	36	myeloid cell	8	43.0	-0.00048332286047431377	0.2712811227273572	0.4457623789622376	False
tbx1|neural crest + pigment cell progenitor|36	tbx1	36	neural crest + pigment cell progenitor	6	19.0	5.3307410454029756e-05	0.7116921469539621	0.8234710632960262	False
tbx1|neural progenitor (MHB)|36	tbx1	36	neural progenitor (MHB)	8	43.0	0.004221599830910475	0.022121404945797216	0.08057424702729224	False
tbx1|neural progenitor (hindbrain R7/8)|36	tbx1	36	neural progenitor (hindbrain R7/8)	8	44.0	0.001090584057366388	0.3328717241463831	0.5120214367946101	False
tbx1|neural progenitor (hindbrain)|36	tbx1	36	neural progenitor (hindbrain)	8	43.0	0.0013162019094420763	0.13923810686959406	0.2839021847647906	False
tbx1|neural progenitor (telencephalon/diencephalon)|36	tbx1	36	neural progenitor (telencephalon/diencephalon)	8	44.0	0.004702907150966423	0.15003725033081458	0.29895944760763704	False
tbx1|neural tube-like connective tissue (+ taste bud)|36	tbx1	36	neural tube-like connective tissue (+ taste bud)	8	44.0	0.0013312608524025209	0.421969758245753	0.5960219591074172	False
tbx1|neuromast support cell|36	tbx1	36	neuromast support cell	8	44.0	7.047182273141241e-05	0.9065506624304657	0.9483556486955311	False
tbx1|neuron (+ spinal cord)|36	tbx1	36	neuron (+ spinal cord)	8	42.0	-0.00017873247256241934	0.623836511422357	0.7599255029150435	False
tbx1|neuron (cranial ganglia sensory, Rohon-Beard)|36	tbx1	36	neuron (cranial ganglia sensory, Rohon-Beard)	8	44.0	0.0001452737808597948	0.8854835609816261	0.9357520983926542	False
tbx1|neuron (dopaminergic)|36	tbx1	36	neuron (dopaminergic)	4	22.0	0.0002055533614476319	0.24735619698349126	0.418779914583065	False
tbx1|neuron (telencephalon, glutamatergic)|36	tbx1	36	neuron (telencephalon, glutamatergic)	8	43.0	0.0011885863735011473	0.1875754199253941	0.34700408279628164	False
tbx1|neurons (differentiating, contains peripheral)|36	tbx1	36	neurons (differentiating, contains peripheral)	8	44.0	0.011361292742275049	0.07052120225138811	0.1800281939917303	False
tbx1|neurons (gabaergic, glutamatergic)|36	tbx1	36	neurons (gabaergic, glutamatergic)	8	44.0	0.006826583296881761	0.10646368749862418	0.23784011489469242	False
tbx1|neurons (gabaergic, glutamatergic; contains Purkinje)|36	tbx1	36	neurons (gabaergic, glutamatergic; contains Purkinje)	8	44.0	0.008743147168545611	0.007305217982600636	0.03711251796206516	True
tbx1|notochord|36	tbx1	36	notochord	8	44.0	0.008026910696604331	0.006139883979299748	0.03282784833050506	True
tbx1|olfactory vesicle/bulb|36	tbx1	36	olfactory vesicle/bulb	8	43.0	0.0006396188586159377	0.3084316334944197	0.4872689243519476	False
tbx1|pancreas|36	tbx1	36	pancreas	8	37.0	-2.8917688535957465e-05	0.926430155064265	0.9589738967415525	False
tbx1|pectoral fin bud (osteoblast+)|36	tbx1	36	pectoral fin bud (osteoblast+)	8	44.0	-0.0006125408395546081	0.48607682237664374	0.6517313326660206	False
tbx1|periderm|36	tbx1	36	periderm	8	44.0	-0.07011961065295741	0.011401250905122888	0.05077809440238292	False
tbx1|periocular mesenchyme|36	tbx1	36	periocular mesenchyme	8	44.0	-0.00022613781969786683	0.6809967952030693	0.8007828179303478	False
tbx1|pharyngeal arch (NC-derived)|36	tbx1	36	pharyngeal arch (NC-derived)	7	42.0	-0.0012535285118561311	5.80853155634313e-05	0.0009527831175538525	True
tbx1|pharyngeal arch (contains muscle, early cartilage)|36	tbx1	36	pharyngeal arch (contains muscle, early cartilage)	8	44.0	-0.0002680454737970621	0.6766299264773867	0.7980722565730118	False
tbx1|pharyngeal arch (early)|36	tbx1	36	pharyngeal arch (early)	8	44.0	0.0032296865625966557	0.15813255996584807	0.309967805596773	False
tbx1|pharynx|36	tbx1	36	pharynx	5	29.0	-0.0002067410146249103	0.0015464582170507247	0.011559296796740233	True
tbx1|posterior lateral line primordium|36	tbx1	36	posterior lateral line primordium	8	40.0	0.0007865968053521351	0.22682456584953214	0.3940520889072264	False
tbx1|posterior spinal cord progenitors|36	tbx1	36	posterior spinal cord progenitors	8	43.0	0.0002970320489143535	0.6742070574268624	0.7963217022043194	False
tbx1|primordial germ cell|36	tbx1	36	primordial germ cell	4	34.0	-0.0004597962248933559	2.3616689463206e-06	7.367741853662152e-05	True
tbx1|pronephric duct|36	tbx1	36	pronephric duct	4	31.0	-0.00026817433485727324	0.5364551691962	0.6962250121233563	False
tbx1|pronephric podocyte|36	tbx1	36	pronephric podocyte	6	27.0	-4.65576061163055e-05	0.8188741673715285	0.8930606995213863	False
tbx1|pronephros distal tubule|36	tbx1	36	pronephros distal tubule	8	44.0	-0.00030314087826837244	0.6510891628082744	0.7791261456619817	False
tbx1|pronephros proximal tubule|36	tbx1	36	pronephros proximal tubule	8	44.0	-0.002139320945316845	0.003301833803026496	0.020315449649176913	True
tbx1|red blood cell|36	tbx1	36	red blood cell	6	39.0	-0.00024231744087035642	0.44421387765093356	0.6152562307165128	False
tbx1|retinal neuron|36	tbx1	36	retinal neuron	8	44.0	0.0018164659672459706	0.40105976376878216	0.5764635184822613	False
tbx1|retinal pigmented epithelium (early)|36	tbx1	36	retinal pigmented epithelium (early)	8	43.0	0.0019903446666203663	0.05313272998987974	0.14828517042534686	False
tbx1|roof plate, flexural + subcommissural organ|36	tbx1	36	roof plate, flexural + subcommissural organ	8	43.0	0.0008000042207590651	0.11445280097660944	0.25055801260901894	False
tbx1|satellite cells|36	tbx1	36	satellite cells	3	22.0	6.4172169597e-05	0.698982379650548	0.8146634763236074	False
tbx1|support cells/otic vesicle|36	tbx1	36	support cells/otic vesicle	8	44.0	-0.0006858514333717321	0.44530930883846664	0.6159617729457975	False
tbx1|thyroid follicle cell|36	tbx1	36	thyroid follicle cell	6	29.0	-0.00029620498002942306	0.2737447411538741	0.44848619761117087	False
tbx1|unknown|36	tbx1	36	unknown	7					False
tbx1|unknown (dcn+, col6+)|36	tbx1	36	unknown (dcn+, col6+)	5	33.0	-0.0002900780353214424	0.09329869778402072	0.21860713920127564	False
tbx1|xanthophore|36	tbx1	36	xanthophore	8	44.0	0.0012082497320855656	0.17758155400156975	0.33453455650069686	False
tbx1|KA neuron|48	tbx1	48	KA neuron	8	39.0	0.0001041423629504724	0.6460052463523505	0.7759407700592152	False
tbx1|adrenal gland|48	tbx1	48	adrenal gland	4	23.0	6.761820604782288e-05	0.39358269720282435	0.5691628058682937	False
tbx1|anterior migratory muscle|48	tbx1	48	anterior migratory muscle	8	44.0	0.004785493735747864	0.008519806508974668	0.040641862348985404	True
tbx1|basal cell|48	tbx1	48	basal cell	8	44.0	0.0051733026761438886	0.08899163500713433	0.2112857281031749	False
tbx1|cardiomyocyte|48	tbx1	48	cardiomyocyte	8	44.0	-0.00046451671664140496	0.6302147517140446	0.7643323645080902	False
tbx1|chondrocranium|48	tbx1	48	chondrocranium	8	44.0	0.0008469939014181568	0.0631403759000262	0.16755902470274525	False
tbx1|connective tissue-meninges-dermal FB|48	tbx1	48	connective tissue-meninges-dermal FB	8	44.0	0.005303951608022127	0.1668859183372694	0.32144060219338744	False
tbx1|cranial muscle (early)|48	tbx1	48	cranial muscle (early)	8	44.0	-0.0006150907988653406	0.2738943883104799	0.44848619761117087	False
tbx1|cranial muscle (late)|48	tbx1	48	cranial muscle (late)	8	33.0	-8.172313310931992e-05	0.6541929436877534	0.7815116454442349	False
tbx1|cranial muscle (mid)|48	tbx1	48	cranial muscle (mid)	8	44.0	0.003310349282971397	4.477397323941547e-05	0.0007668119901441129	True
tbx1|cranial muscle (non-somitic, fast-twitch)|48	tbx1	48	cranial muscle (non-somitic, fast-twitch)	8	44.0	-2.2178606523589467e-06	0.9964767309060791	0.9978281912102014	False
tbx1|cranial neural crest|48	tbx1	48	cranial neural crest	8	44.0	0.00337148863768717	0.0001477538372917698	0.001967583664937496	True
tbx1|differentiating neuron (hindbrain)|48	tbx1	48	differentiating neuron (hindbrain)	8	44.0	-0.00028167641320001914	0.46291226300644706	0.6316328516792281	False
tbx1|differentiating neuron 1|48	tbx1	48	differentiating neuron 1	8	44.0	0.0015217678115006785	0.028506407008332586	0.0962036945507212	False
tbx1|differentiating neuron 2|48	tbx1	48	differentiating neuron 2	8	41.0	0.0011610505553291634	0.0035085026851975256	0.02123315149648229	True
tbx1|dorsal spinal cord neuron|48	tbx1	48	dorsal spinal cord neuron	8	41.0	0.00018703878286815794	0.6637471300756109	0.7889879090064353	False
tbx1|endothelium (dorsal aorta)|48	tbx1	48	endothelium (dorsal aorta)	8	44.0	0.0053437262379022	0.0029826228844588463	0.01894792453845988	True
tbx1|endothelium (f8+, clic2+)|48	tbx1	48	endothelium (f8+, clic2+)	8	44.0	0.0013369555767079988	0.03958099893529484	0.12100422157676276	False
tbx1|endothelium (vein + early artery)|48	tbx1	48	endothelium (vein + early artery)	8	44.0	0.007031782476971383	2.4832106969579693e-06	7.63932179689153e-05	True
tbx1|eye, optic cup|48	tbx1	48	eye, optic cup	8	44.0	-0.0010294113557221818	0.2518797113866337	0.4236814283201631	False
tbx1|fin bud mesoderm (pectoral)|48	tbx1	48	fin bud mesoderm (pectoral)	8	44.0	0.0009492760470256258	0.15954631351757476	0.3115443001246795	False
tbx1|fin fold|48	tbx1	48	fin fold	8	44.0	0.0002517476038865797	0.8910175194459491	0.9389171291973251	False
tbx1|fin mesenchyme|48	tbx1	48	fin mesenchyme	1	3.0	5.705396374446666e-05			False
tbx1|floor plate|48	tbx1	48	floor plate	8	44.0	0.00042203314373244656	0.48095784727921365	0.647480732408909	False
tbx1|glia|48	tbx1	48	glia	8	43.0	0.0034494190882628445	0.0004014578884143714	0.0042888869268705755	True
tbx1|hair cell|48	tbx1	48	hair cell	8	42.0	0.0009033427525527936	0.040364201902508556	0.12208649896802713	False
tbx1|hatching gland|48	tbx1	48	hatching gland	8	44.0	-0.015510532326004578	4.915910196486054e-15	1.4202705763326012e-12	True
tbx1|head mesenchyme|48	tbx1	48	head mesenchyme	8	44.0	0.004377760845404161	0.15861671043666273	0.3105503950652987	False
tbx1|head mesenchyme (maybe ventral, hand2+)|48	tbx1	48	head mesenchyme (maybe ventral, hand2+)	8	44.0	0.008615039319933078	0.0005425387783651539	0.005355441592871908	True
tbx1|head mesenchyme/PA cartilage|48	tbx1	48	head mesenchyme/PA cartilage	8	44.0	0.0019369359866536996	0.024326817501741805	0.08607651879609919	False
tbx1|head/eye connective tissue|48	tbx1	48	head/eye connective tissue	8	43.0	-0.0003901446688679626	0.19629224297178616	0.3561539505999072	False
tbx1|hypochord|48	tbx1	48	hypochord	7	28.0	3.4724379430517904e-05	0.86348013858169	0.9224799872789919	False
tbx1|hypophysis/locus coeruleus|48	tbx1	48	hypophysis/locus coeruleus	8	41.0	0.00020193341382834145	0.5510426671547488	0.7067434116075738	False
tbx1|intestine|48	tbx1	48	intestine	8	44.0	0.006319739963822783	3.226159830146893e-05	0.0005986091872382416	True
tbx1|ionocyte/goblet cell|48	tbx1	48	ionocyte/goblet cell	8	44.0	0.0023101566022829664	0.005270762321614058	0.029186846355937844	True
tbx1|iridophore|48	tbx1	48	iridophore	8	44.0	0.001876021809935203	0.005337345059595848	0.02939270042000382	True
tbx1|jaw chondrocyte|48	tbx1	48	jaw chondrocyte	8	40.0	0.0006371037612088446	0.26333288871995214	0.43645780946944024	False
tbx1|lens|48	tbx1	48	lens	8	44.0	-0.000754555636151808	0.07302443297523165	0.18401492496033914	False
tbx1|liver|48	tbx1	48	liver	8	44.0	0.001034255726305991	0.12404618794897017	0.2632663426767508	False
tbx1|mature fast muscle|48	tbx1	48	mature fast muscle	8	44.0	-0.004019261747565311	0.5643252801847546	0.7164731321192168	False
tbx1|mature slow muscle|48	tbx1	48	mature slow muscle	8	44.0	0.0003365223695132348	0.8800401535346016	0.9322280918599438	False
tbx1|melanophore|48	tbx1	48	melanophore	8	44.0	0.0026051266647507693	0.004791826575029284	0.027030295068819685	True
tbx1|mesodermal progenitor cells (contains PSM)|48	tbx1	48	mesodermal progenitor cells (contains PSM)	1	2.0	-9.4225790679e-06			False
tbx1|motor neuron|48	tbx1	48	motor neuron	8	44.0	-0.00020841580390733826	0.7213505225617461	0.8295905542441682	False
tbx1|myeloid cell|48	tbx1	48	myeloid cell	8	43.0	0.000774939135947081	0.17486667820140042	0.3313737486111906	False
tbx1|neural crest + pigment cell progenitor|48	tbx1	48	neural crest + pigment cell progenitor	5	8.0	-6.569178363494501e-05	0.3718716007482097	0.5470637119707445	False
tbx1|neural progenitor (MHB)|48	tbx1	48	neural progenitor (MHB)	8	44.0	0.00026073551304022814	0.602493551998005	0.7444346695847421	False
tbx1|neural progenitor (hindbrain R7/8)|48	tbx1	48	neural progenitor (hindbrain R7/8)	8	43.0	-0.0002095719678037464	0.5839066062779237	0.7309833079722687	False
tbx1|neural progenitor (hindbrain)|48	tbx1	48	neural progenitor (hindbrain)	7	21.0	-0.0001903699886489333	0.4470218055740015	0.6173025557022528	False
tbx1|neural progenitor (telencephalon/diencephalon)|48	tbx1	48	neural progenitor (telencephalon/diencephalon)	8	44.0	0.003597092562503481	0.026521991311085933	0.09150500117454102	False
tbx1|neural tube-like connective tissue (+ taste bud)|48	tbx1	48	neural tube-like connective tissue (+ taste bud)	8	44.0	-0.0007732186184872935	0.5232448145767348	0.6836338562450653	False
tbx1|neuromast support cell|48	tbx1	48	neuromast support cell	8	44.0	0.00020560376069234023	0.7843360298062243	0.8728122767502584	False
tbx1|neuron (+ spinal cord)|48	tbx1	48	neuron (+ spinal cord)	8	44.0	1.0675197400527268e-05	0.9728205978186089	0.9860269787224918	False
tbx1|neuron (cranial ganglia sensory, Rohon-Beard)|48	tbx1	48	neuron (cranial ganglia sensory, Rohon-Beard)	8	44.0	0.0034256321437307457	0.013010797326013021	0.0558506125525559	False
tbx1|neuron (dopaminergic)|48	tbx1	48	neuron (dopaminergic)	7	25.0	-3.3304682390849724e-05	0.638634885164614	0.7709174111934319	False
tbx1|neuron (telencephalon, glutamatergic)|48	tbx1	48	neuron (telencephalon, glutamatergic)	8	44.0	0.001491275385690047	0.033454187441456396	0.10805834720526844	False
tbx1|neurons (differentiating, contains peripheral)|48	tbx1	48	neurons (differentiating, contains peripheral)	8	44.0	0.008197244187627378	0.005427871007289007	0.02983308754626588	True
tbx1|neurons (gabaergic, glutamatergic)|48	tbx1	48	neurons (gabaergic, glutamatergic)	8	44.0	0.016338569479967875	7.24464648197704e-05	0.0011300628139140243	True
tbx1|neurons (gabaergic, glutamatergic; contains Purkinje)|48	tbx1	48	neurons (gabaergic, glutamatergic; contains Purkinje)	8	44.0	0.012531597115385935	0.0010914067015941826	0.009035522199004404	True
tbx1|notochord|48	tbx1	48	notochord	8	44.0	0.007635572043918326	0.008537527149845087	0.040697179275983215	True
tbx1|olfactory vesicle/bulb|48	tbx1	48	olfactory vesicle/bulb	8	44.0	-0.0008170931144016471	0.2084753606214971	0.3706042726939134	False
tbx1|osteoblast|48	tbx1	48	osteoblast	8	33.0	0.00048515504404820185	0.09552579791530202	0.22157491465743942	False
tbx1|pancreas|48	tbx1	48	pancreas	8	43.0	0.0009641353802900337	0.07110429608156878	0.1806146970420583	False
tbx1|pectoral fin bud (osteoblast+)|48	tbx1	48	pectoral fin bud (osteoblast+)	8	44.0	0.0015335440723875508	0.013651616901753509	0.05785395045417862	False
tbx1|periderm|48	tbx1	48	periderm	8	44.0	-0.1362789673993133	2.2901157396355834e-07	9.669772397662436e-06	True
tbx1|periocular mesenchyme|48	tbx1	48	periocular mesenchyme	8	44.0	-0.0004608746513634445	0.5115590562799381	0.6744662557500375	False
tbx1|pharyngeal arch (contains muscle, early cartilage)|48	tbx1	48	pharyngeal arch (contains muscle, early cartilage)	8	44.0	0.004327222754789483	0.008919564098142803	0.04209552800579469	True
tbx1|pharyngeal arch (early)|48	tbx1	48	pharyngeal arch (early)	8	44.0	-0.0027326147717305453	0.11911216312612243	0.25702662549891114	False
tbx1|pharynx|48	tbx1	48	pharynx	2	20.0	-7.921284988309001e-05	0.4435514465239546	0.6148100463395241	False
tbx1|posterior lateral line primordium|48	tbx1	48	posterior lateral line primordium	8	42.0	-0.0004400612515366155	0.06708567761524732	0.17406670016843398	False
tbx1|posterior spinal cord progenitors|48	tbx1	48	posterior spinal cord progenitors	8	39.0	0.0003829965328237151	0.488707830286481	0.6542029678190303	False
tbx1|primordial germ cell|48	tbx1	48	primordial germ cell	6	37.0	-0.00020340523025207574	0.045109583086688866	0.13156006953985205	False
tbx1|pronephric duct|48	tbx1	48	pronephric duct	4	32.0	-4.721440491039055e-05	0.8541845302693003	0.9166163283881197	False
tbx1|pronephric podocyte|48	tbx1	48	pronephric podocyte	6	35.0	0.0008068939549335829	0.0033179285408251793	0.020381508753837794	True
tbx1|pronephros distal tubule|48	tbx1	48	pronephros distal tubule	8	44.0	0.0005158285908008699	0.23966784929906604	0.40927246365597597	False
tbx1|pronephros proximal tubule|48	tbx1	48	pronephros proximal tubule	8	44.0	0.0019939803456310323	0.007270254470152888	0.03699145555449153	True
tbx1|red blood cell|48	tbx1	48	red blood cell	4	37.0	-0.00011679758034766481	0.5091549916585201	0.6723638552406331	False
tbx1|retinal neuron|48	tbx1	48	retinal neuron	8	44.0	0.016008982896611623	0.20121352208952498	0.3615640492928322	False
tbx1|retinal pigmented epithelium (early)|48	tbx1	48	retinal pigmented epithelium (early)	8	44.0	0.002253246399286298	0.02670154490062734	0.09193611012765956	False
tbx1|retinal pigmented epithelium (late)|48	tbx1	48	retinal pigmented epithelium (late)	7	21.0	0.0003624206241702333	0.06922004038705917	0.17759350130193366	False
tbx1|roof plate, flexural + subcommissural organ|48	tbx1	48	roof plate, flexural + subcommissural organ	8	44.0	0.0013482829099873673	0.0079330584299761	0.03874750880690566	True
tbx1|satellite cells|48	tbx1	48	satellite cells	2	12.0	-5.0205375091983296e-05	0.7041914642668475	0.8184978625246111	False
tbx1|support cells/otic vesicle|48	tbx1	48	support cells/otic vesicle	8	44.0	0.0004497405539248406	0.4697813091006289	0.6379923970925157	False
tbx1|swim bladder primordium|48	tbx1	48	swim bladder primordium	2	4.0	1.2648087437225027e-05	0.9132002838022006	0.9520263391693792	False
tbx1|thyroid follicle cell|48	tbx1	48	thyroid follicle cell	4	23.0	-0.00021159236616110976	0.016341037281654706	0.06541336911843104	False
tbx1|unknown|48	tbx1	48	unknown	7					False
tbx1|unknown (K+ channel, ciliated)|48	tbx1	48	unknown (K+ channel, ciliated)	1	2.0	-0.000180623662679			False
tbx1|unknown (dcn+, col6+)|48	tbx1	48	unknown (dcn+, col6+)	8	39.0	-0.001011373660030615	0.005545461880989568	0.03035386672090254	True
tbx1|vascular smooth muscle|48	tbx1	48	vascular smooth muscle	5	8.0	9.252066217326751e-05	0.5919992811607078	0.7376402068840996	False
tbx1|xanthophore|48	tbx1	48	xanthophore	8	44.0	0.00258730265221569	0.000511206225674849	0.005130600157491939	True
tbx16|KA neuron|18	tbx16	18	KA neuron	7	17.0	-0.00027130930066111836	0.26003614928368635	0.432742352113723	False
tbx16|anterior migratory muscle|18	tbx16	18	anterior migratory muscle	8	23.0	-0.011915006326633377	1.3883173169616934e-14	3.690147428484181e-12	True
tbx16|basal cell|18	tbx16	18	basal cell	3	14.0	-0.00015923193823306673	0.031105050929666873	0.10288355571310918	False
tbx16|cardiomyocyte|18	tbx16	18	cardiomyocyte	8	23.0	-0.0011896973768911563	0.06147143269193955	0.16428078255529463	False
tbx16|connective tissue-meninges-dermal FB|18	tbx16	18	connective tissue-meninges-dermal FB	8	23.0	0.0008461265634876966	0.7845106908051157	0.8728122767502584	False
tbx16|contains head vasculature?|18	tbx16	18	contains head vasculature?	8	23.0	0.003125897667423423	0.02478226684744449	0.08724984258525463	False
tbx16|cranial muscle (early)|18	tbx16	18	cranial muscle (early)	3	5.0	-0.00011644504115609997	0.6266954315985623	0.7620111881010881	False
tbx16|cranial muscle (mid)|18	tbx16	18	cranial muscle (mid)	2	7.0	8.617985571889291e-05	0.7682649887841225	0.8600270974512289	False
tbx16|cranial muscle (non-somitic, fast-twitch)|18	tbx16	18	cranial muscle (non-somitic, fast-twitch)	8	22.0	-0.0008323288662179843	0.12877521398184055	0.27002565380540566	False
tbx16|cranial muscle (progenitor)|18	tbx16	18	cranial muscle (progenitor)	8	23.0	0.003179766508389144	0.13049595467445502	0.2722592209770027	False
tbx16|cranial neural crest|18	tbx16	18	cranial neural crest	8	23.0	-0.001908418151407609	0.01736552815688455	0.06775920998385075	False
tbx16|differentiating neuron (hindbrain)|18	tbx16	18	differentiating neuron (hindbrain)	8	23.0	0.00031824876010590544	0.7352926633441155	0.8387883430492182	False
tbx16|differentiating neuron 1|18	tbx16	18	differentiating neuron 1	8	23.0	0.0073054208141318765	0.0004101559385846258	0.004349809708057218	True
tbx16|differentiating neuron 2|18	tbx16	18	differentiating neuron 2	8	23.0	0.0009582976914779798	0.11806911302844696	0.2560223163665376	False
tbx16|dorsal spinal cord neuron|18	tbx16	18	dorsal spinal cord neuron	5	8.0	-3.306809054928251e-05	0.7075131470714315	0.8201489448733739	False
tbx16|endothelium (dorsal aorta)|18	tbx16	18	endothelium (dorsal aorta)	8	23.0	-0.0017505728027242175	0.0005395492175783723	0.005343225858134551	True
tbx16|endothelium (f8+, clic2+)|18	tbx16	18	endothelium (f8+, clic2+)	6	18.0	-0.00044994516654509433	0.3010555979949368	0.48008506087745506	False
tbx16|endothelium (vein + early artery)|18	tbx16	18	endothelium (vein + early artery)	8	23.0	0.00034934091706738044	0.8681563627870178	0.9249976922914284	False
tbx16|eye, optic cup|18	tbx16	18	eye, optic cup	8	23.0	0.014049372382198395	0.00171188997477881	0.012486837412080343	True
tbx16|fast-committed myocyte|18	tbx16	18	fast-committed myocyte	7	23.0	-0.060645960330137895	4.909756057100858e-18	2.3303806428168003e-15	True
tbx16|fin bud mesoderm (pectoral)|18	tbx16	18	fin bud mesoderm (pectoral)	1	5.0	-7.510355212186009e-05			False
tbx16|fin fold|18	tbx16	18	fin fold	2	11.0	9.307485890019094e-05	0.5875064179230454	0.7345861650808982	False
tbx16|fin mesenchyme|18	tbx16	18	fin mesenchyme	8	23.0	0.002813287174142646	0.46728487756897963	0.6359017021187527	False
tbx16|floor plate|18	tbx16	18	floor plate	8	23.0	-9.044617642399617e-06	0.9917410607572303	0.9960091450224384	False
tbx16|glia|18	tbx16	18	glia	7	13.0	9.922599932608899e-05	0.6555263349862421	0.7827443838245426	False
tbx16|hair cell|18	tbx16	18	hair cell	7	11.0	-3.985643263987261e-05	0.7676529395701044	0.8595632911701855	False
tbx16|hatching gland|18	tbx16	18	hatching gland	7	23.0	-0.0005909384530013869	0.4972740838769335	0.661936355641471	False
tbx16|head mesenchyme|18	tbx16	18	head mesenchyme	6	23.0	-0.006582241458771724	7.959777963117829e-08	3.8891709238910275e-06	True
tbx16|head mesenchyme (maybe ventral, hand2+)|18	tbx16	18	head mesenchyme (maybe ventral, hand2+)	8	23.0	-0.007163267577696652	0.0005042040995900608	0.005076418548145384	True
tbx16|head mesenchyme/PA cartilage|18	tbx16	18	head mesenchyme/PA cartilage	8	23.0	-0.0009023898268319241	0.4403791375198405	0.6127253816211862	False
tbx16|head/eye connective tissue|18	tbx16	18	head/eye connective tissue	8	23.0	0.007857043402143347	0.017058670916664336	0.06725402651331763	False
tbx16|hypochord|18	tbx16	18	hypochord	6	22.0	-0.0007552282431766472	0.20116154033390587	0.3615640492928322	False
tbx16|hypophysis/locus coeruleus|18	tbx16	18	hypophysis/locus coeruleus	6	9.0	-0.00015593406455503345	0.4973889403257522	0.6619566409903112	False
tbx16|intestine|18	tbx16	18	intestine	8	23.0	-0.004326316768293448	4.33504932054214e-08	2.323096994758268e-06	True
tbx16|ionocyte/goblet cell|18	tbx16	18	ionocyte/goblet cell	8	23.0	0.0032247839951734247	0.05306318726316721	0.14821558611338634	False
tbx16|iridophore|18	tbx16	18	iridophore	2	8.0	-0.0003395712461276374	0.020868874312387292	0.07712662391869496	False
tbx16|jaw chondrocyte|18	tbx16	18	jaw chondrocyte	1	5.0	-0.00026319933222204006			False
tbx16|lens|18	tbx16	18	lens	8	23.0	0.005061275283475258	0.0008147797848099502	0.007228587009428729	True
tbx16|liver|18	tbx16	18	liver	1	1.0	-8.125592106359998e-05			False
tbx16|mature fast muscle|18	tbx16	18	mature fast muscle	8	23.0	-0.012036572668196372	0.0019810109049625256	0.013856649961553667	True
tbx16|mature slow muscle|18	tbx16	18	mature slow muscle	8	23.0	-0.0358180996807205	3.3908235419298405e-12	5.364767246696141e-10	True
tbx16|mesodermal progenitor cells (contains PSM)|18	tbx16	18	mesodermal progenitor cells (contains PSM)	8	23.0	0.08932957679536299	6.059190747880459e-09	4.793252680912577e-07	True
tbx16|motor neuron|18	tbx16	18	motor neuron	8	22.0	-0.0011561233089335907	0.06050357399513402	0.16283768699783943	False
tbx16|myeloid cell|18	tbx16	18	myeloid cell	8	23.0	-0.0019722564857573704	0.037502899674624376	0.11634302910265125	False
tbx16|myoblast|18	tbx16	18	myoblast	8	23.0	-0.007056022573515884	9.54778562090897e-06	0.0002290434492813722	True
tbx16|neural crest + pigment cell progenitor|18	tbx16	18	neural crest + pigment cell progenitor	8	23.0	0.0006108428342102533	0.6235008652990037	0.7599255029150435	False
tbx16|neural progenitor (MHB)|18	tbx16	18	neural progenitor (MHB)	8	23.0	0.021220563770909716	1.7294009933815467e-09	1.6416956572886254e-07	True
tbx16|neural progenitor (hindbrain R7/8)|18	tbx16	18	neural progenitor (hindbrain R7/8)	8	23.0	0.00013749391246792309	0.9613344527894124	0.9800446296289237	False
tbx16|neural progenitor (hindbrain)|18	tbx16	18	neural progenitor (hindbrain)	8	23.0	0.02933606723100307	6.130913735526044e-05	0.000984056081463057	True
tbx16|neural progenitor (telencephalon/diencephalon)|18	tbx16	18	neural progenitor (telencephalon/diencephalon)	8	23.0	0.017521047582516033	0.00020317692220840806	0.002523571304812844	True
tbx16|neural tube-like connective tissue (+ taste bud)|18	tbx16	18	neural tube-like connective tissue (+ taste bud)	8	23.0	-0.0003658923913287763	0.8567607044538798	0.9180998740029437	False
tbx16|neuromast support cell|18	tbx16	18	neuromast support cell	8	23.0	-0.001307146560442173	0.024440909840545692	0.08634228914961516	False
tbx16|neuron (+ spinal cord)|18	tbx16	18	neuron (+ spinal cord)	7	22.0	-0.0002299115276994195	0.48206701334956403	0.6487110781101363	False
tbx16|neuron (cranial ganglia sensory, Rohon-Beard)|18	tbx16	18	neuron (cranial ganglia sensory, Rohon-Beard)	8	23.0	0.001826184533505545	0.1005623314111035	0.229240717745037	False
tbx16|neuron (dopaminergic)|18	tbx16	18	neuron (dopaminergic)	1	2.0	-0.00011446250440709993			False
tbx16|neuron (telencephalon, glutamatergic)|18	tbx16	18	neuron (telencephalon, glutamatergic)	5	15.0	-0.0005884133552604866	0.008945338033627095	0.04216247092005516	True
tbx16|neurons (differentiating, contains peripheral)|18	tbx16	18	neurons (differentiating, contains peripheral)	8	23.0	-0.0013460164664119059	0.2088225374151873	0.37086493095151163	False
tbx16|neurons (gabaergic, glutamatergic)|18	tbx16	18	neurons (gabaergic, glutamatergic)	8	23.0	-0.00036445589085126913	0.5660474260400998	0.7179586077565305	False
tbx16|neurons (gabaergic, glutamatergic; contains Purkinje)|18	tbx16	18	neurons (gabaergic, glutamatergic; contains Purkinje)	8	21.0	-0.0010268795448313184	0.015592015745973221	0.0632690918382628	False
tbx16|notochord|18	tbx16	18	notochord	8	23.0	0.006028593986372441	0.07890164256827552	0.19373591646602878	False
tbx16|olfactory vesicle/bulb|18	tbx16	18	olfactory vesicle/bulb	8	23.0	0.002438653244762425	0.0032101042351835654	0.01984292338864632	True
tbx16|pancreas|18	tbx16	18	pancreas	1	15.0	-0.0003543943801016934			False
tbx16|pectoral fin bud (osteoblast+)|18	tbx16	18	pectoral fin bud (osteoblast+)	8	23.0	0.0005273427160783217	0.639685564688973	0.771559413732899	False
tbx16|periderm|18	tbx16	18	periderm	8	23.0	-0.05396231522577827	9.653332233469022e-06	0.00023074241975324337	True
tbx16|pharyngeal arch (NC-derived)|18	tbx16	18	pharyngeal arch (NC-derived)	8	23.0	0.013461278790424486	2.7730210425060806e-05	0.0005310295339323604	True
tbx16|pharyngeal arch (contains muscle, early cartilage)|18	tbx16	18	pharyngeal arch (contains muscle, early cartilage)	8	20.0	-0.0004739140751664	0.12906613960085156	0.2702945154893346	False
tbx16|pharyngeal arch (early)|18	tbx16	18	pharyngeal arch (early)	8	23.0	0.001273420463153715	0.286749526625705	0.46348380027202407	False
tbx16|pharynx|18	tbx16	18	pharynx	8	23.0	0.001159175754097398	0.1259500599452128	0.2660324692739794	False
tbx16|posterior lateral line primordium|18	tbx16	18	posterior lateral line primordium	8	23.0	0.002465753440812198	0.06081699055106905	0.16335040509775822	False
tbx16|posterior spinal cord progenitors|18	tbx16	18	posterior spinal cord progenitors	8	23.0	0.0076712462896908265	0.000159346062703551	0.0020761854640492087	True
tbx16|primordial germ cell|18	tbx16	18	primordial germ cell	7	21.0	-0.0007102099355188664	0.1379017839145351	0.2824776060764752	False
tbx16|pronephric duct|18	tbx16	18	pronephric duct	5	16.0	-0.00027361481737039244	0.11426506513121867	0.2503433424981695	False
tbx16|pronephros distal tubule|18	tbx16	18	pronephros distal tubule	7	22.0	-0.0007900462801259433	0.4933315115504039	0.6580064018973172	False
tbx16|pronephros proximal tubule|18	tbx16	18	pronephros proximal tubule	8	23.0	-0.0028783262517598114	0.014886310548477643	0.061288434693081754	False
tbx16|red blood cell|18	tbx16	18	red blood cell	1	21.0	-0.008120724643205667			False
tbx16|retinal neuron|18	tbx16	18	retinal neuron	8	23.0	-0.002010672141530766	0.15781349082119986	0.3096939473417427	False
tbx16|retinal pigmented epithelium (early)|18	tbx16	18	retinal pigmented epithelium (early)	8	23.0	0.0006328812816870115	0.31422365639956285	0.4930215043926445	False
tbx16|retinal pigmented epithelium (late)|18	tbx16	18	retinal pigmented epithelium (late)	1					False
tbx16|roof plate, flexural + subcommissural organ|18	tbx16	18	roof plate, flexural + subcommissural organ	7	19.0	-0.0003774472364441769	0.3079078166206318	0.4868350327486174	False
tbx16|satellite cells|18	tbx16	18	satellite cells	3	22.0	-0.002880629405150635	2.497634261652399e-06	7.648285561603774e-05	True
tbx16|slow-committed myocyte|18	tbx16	18	slow-committed myocyte	8	23.0	-0.006232699962206117	9.824547458173174e-09	6.872012406269552e-07	True
tbx16|support cells/otic vesicle|18	tbx16	18	support cells/otic vesicle	8	23.0	0.00046965193795971485	0.7034478828237325	0.8179197167740512	False
tbx16|thyroid follicle cell|18	tbx16	18	thyroid follicle cell	5	12.0	-0.0026072404822960965	0.002979878092739746	0.01894792453845988	True
tbx16|unknown|18	tbx16	18	unknown	5					False
tbx16|xanthophore|18	tbx16	18	xanthophore	7	19.0	-0.0012851816993222583	0.13582744891526388	0.2798457578468494	False
tbx16|KA neuron|24	tbx16	24	KA neuron	8	31.0	0.0003913422977591453	0.38693207632197657	0.5628641959631204	False
tbx16|anterior migratory muscle|24	tbx16	24	anterior migratory muscle	8	32.0	-0.011000537303988131	1.2324877713035973e-07	5.727189678540142e-06	True
tbx16|basal cell|24	tbx16	24	basal cell	6	23.0	-0.0007125449741126137	0.00884528670218522	0.041834113975815504	True
tbx16|cardiomyocyte|24	tbx16	24	cardiomyocyte	8	32.0	-0.00016934689981830007	0.8052653045811162	0.8834386575766084	False
tbx16|connective tissue-meninges-dermal FB|24	tbx16	24	connective tissue-meninges-dermal FB	8	32.0	0.003915000508266056	0.09126900454155734	0.2148361796594575	False
tbx16|contains head vasculature?|24	tbx16	24	contains head vasculature?	8	32.0	0.003987104310604282	0.0006523280260810121	0.006157272348449327	True
tbx16|cranial muscle (early)|24	tbx16	24	cranial muscle (early)	4	22.0	-9.455667422341818e-05	0.6979547406821163	0.8142082569327861	False
tbx16|cranial muscle (late)|24	tbx16	24	cranial muscle (late)	1	1.0	-8.389622347890002e-05			False
tbx16|cranial muscle (mid)|24	tbx16	24	cranial muscle (mid)	4	5.0	5.623636483718009e-05	0.6016653019502567	0.7441030953767832	False
tbx16|cranial muscle (non-somitic, fast-twitch)|24	tbx16	24	cranial muscle (non-somitic, fast-twitch)	8	32.0	0.0007661861627004654	0.35596730207477156	0.5333240550690506	False
tbx16|cranial muscle (progenitor)|24	tbx16	24	cranial muscle (progenitor)	8	32.0	0.0025063901685161514	0.08153857244341153	0.19826198271169024	False
tbx16|cranial neural crest|24	tbx16	24	cranial neural crest	8	32.0	0.0019224164633683373	0.08412196940680494	0.2025327850392097	False
tbx16|differentiating neuron (hindbrain)|24	tbx16	24	differentiating neuron (hindbrain)	8	32.0	-0.0005646505351497126	0.6117433558617471	0.7511150405952162	False
tbx16|differentiating neuron 1|24	tbx16	24	differentiating neuron 1	8	32.0	0.005508573330524888	0.00018466278722245415	0.002332859735918646	True
tbx16|differentiating neuron 2|24	tbx16	24	differentiating neuron 2	8	32.0	0.0017678195611264404	0.0019795773321003413	0.013856649961553667	True
tbx16|dorsal spinal cord neuron|24	tbx16	24	dorsal spinal cord neuron	3	9.0	-0.0001177121885449112	0.38396555841057134	0.560020003432451	False
tbx16|endothelium (dorsal aorta)|24	tbx16	24	endothelium (dorsal aorta)	8	32.0	-0.0014954799935147844	0.006467595217228961	0.03404231072729242	True
tbx16|endothelium (f8+, clic2+)|24	tbx16	24	endothelium (f8+, clic2+)	6	31.0	0.0004945137737750471	0.11571096843681745	0.2524292138091438	False
tbx16|endothelium (vein + early artery)|24	tbx16	24	endothelium (vein + early artery)	8	32.0	0.0012795663416052955	0.362240857197601	0.5394267334203022	False
tbx16|eye, optic cup|24	tbx16	24	eye, optic cup	8	32.0	0.021417887668308433	6.331627664612738e-05	0.0010089608113033968	True
tbx16|fast-committed myocyte|24	tbx16	24	fast-committed myocyte	8	32.0	-0.02468292168885764	4.884288475372128e-11	6.0103883183051466e-09	True
tbx16|fin fold|24	tbx16	24	fin fold	3	11.0	-0.00022364699968117885	0.2905590055315163	0.46783731324374267	False
tbx16|fin mesenchyme|24	tbx16	24	fin mesenchyme	8	32.0	0.01359347137794982	0.0001143674754698908	0.0016135283959605614	True
tbx16|floor plate|24	tbx16	24	floor plate	8	32.0	0.005490456895806406	0.00024962330384507885	0.0029726646129938153	True
tbx16|glia|24	tbx16	24	glia	7	28.0	0.00032750106569455007	0.35081985768027585	0.5281019507332319	False
tbx16|hair cell|24	tbx16	24	hair cell	4	23.0	0.0005944268723969641	0.21714095265903308	0.38091384118777055	False
tbx16|hatching gland|24	tbx16	24	hatching gland	7	32.0	-0.0032225164777763553	0.0014951480162364674	0.011290066554421961	True
tbx16|head mesenchyme|24	tbx16	24	head mesenchyme	8	32.0	-0.01082543870379025	3.3747665785591415e-09	2.9189813183447013e-07	True
tbx16|head mesenchyme (maybe ventral, hand2+)|24	tbx16	24	head mesenchyme (maybe ventral, hand2+)	8	32.0	-0.003241621112744786	0.03647243803327596	0.11421270062729441	False
tbx16|head mesenchyme/PA cartilage|24	tbx16	24	head mesenchyme/PA cartilage	8	32.0	-0.001154313261174265	0.3435905355388784	0.52136837721263	False
tbx16|head/eye connective tissue|24	tbx16	24	head/eye connective tissue	8	32.0	0.008259827614342671	0.005293857979605669	0.029217347404052883	True
tbx16|hypochord|24	tbx16	24	hypochord	8	32.0	0.00012673013571549356	0.7003540602133429	0.8158928348733632	False
tbx16|hypophysis/locus coeruleus|24	tbx16	24	hypophysis/locus coeruleus	7	22.0	0.000634762075829804	0.13836809085958965	0.2831709158490832	False
tbx16|intestine|24	tbx16	24	intestine	8	32.0	-0.0034070695830538886	0.00024732567259109177	0.0029640332697712483	True
tbx16|ionocyte/goblet cell|24	tbx16	24	ionocyte/goblet cell	8	32.0	0.007170192199287346	0.001838811504664213	0.013088299636516436	True
tbx16|iridophore|24	tbx16	24	iridophore	7	24.0	-1.3897949439400491e-05	0.961111830489876	0.9800446296289237	False
tbx16|lens|24	tbx16	24	lens	8	32.0	0.0031993207540243745	0.08017703143575211	0.1959457057339363	False
tbx16|mature fast muscle|24	tbx16	24	mature fast muscle	8	32.0	-0.06659112358195393	9.366882233532448e-21	1.3106372239927463e-17	True
tbx16|mature slow muscle|24	tbx16	24	mature slow muscle	8	32.0	-0.03397670282125866	5.367745907341044e-16	1.6985081692514874e-13	True
tbx16|melanophore|24	tbx16	24	melanophore	7	32.0	-0.002469407464799674	0.0010365968894645388	0.008686237491162497	True
tbx16|mesodermal progenitor cells (contains PSM)|24	tbx16	24	mesodermal progenitor cells (contains PSM)	8	32.0	0.05510119570784733	4.158068046910866e-06	0.0001180784708193278	True
tbx16|motor neuron|24	tbx16	24	motor neuron	8	32.0	0.0006169713949171966	0.17687373221524075	0.33408924120815087	False
tbx16|myeloid cell|24	tbx16	24	myeloid cell	8	32.0	-0.0006223082830468058	0.422014043280722	0.5960219591074172	False
tbx16|myoblast|24	tbx16	24	myoblast	8	32.0	0.0028175150907288494	0.03933919497006309	0.12057608421405407	False
tbx16|neural crest + pigment cell progenitor|24	tbx16	24	neural crest + pigment cell progenitor	8	32.0	0.0017212350337584567	0.15936069330235003	0.3114564138217988	False
tbx16|neural progenitor (MHB)|24	tbx16	24	neural progenitor (MHB)	8	32.0	0.02079097267452259	1.2798824621676154e-07	5.906124278544308e-06	True
tbx16|neural progenitor (hindbrain R7/8)|24	tbx16	24	neural progenitor (hindbrain R7/8)	8	32.0	0.00632010661809455	0.029558066853217956	0.09899866645142809	False
tbx16|neural progenitor (hindbrain)|24	tbx16	24	neural progenitor (hindbrain)	8	32.0	0.03090303428126555	2.231551330884419e-05	0.0004548668280284345	True
tbx16|neural progenitor (telencephalon/diencephalon)|24	tbx16	24	neural progenitor (telencephalon/diencephalon)	8	32.0	0.017682067095035052	9.171053259768895e-05	0.0013603046631956318	True
tbx16|neural tube-like connective tissue (+ taste bud)|24	tbx16	24	neural tube-like connective tissue (+ taste bud)	8	32.0	-0.000493791175654297	0.6000967195853891	0.7429928641037657	False
tbx16|neuromast support cell|24	tbx16	24	neuromast support cell	8	32.0	0.0014770054613126122	0.04245546471257096	0.1263963095945493	False
tbx16|neuron (+ spinal cord)|24	tbx16	24	neuron (+ spinal cord)	8	30.0	0.00031515861215143507	0.4355794907493965	0.6093527823220505	False
tbx16|neuron (cranial ganglia sensory, Rohon-Beard)|24	tbx16	24	neuron (cranial ganglia sensory, Rohon-Beard)	8	32.0	0.002954081010938872	0.008357466349861144	0.0401778090027358	True
tbx16|neuron (dopaminergic)|24	tbx16	24	neuron (dopaminergic)	3	10.0	-7.629888235257662e-05	0.5078633076537376	0.6710581983215522	False
tbx16|neuron (telencephalon, glutamatergic)|24	tbx16	24	neuron (telencephalon, glutamatergic)	8	29.0	0.0011175712807697268	0.04273395395855102	0.12699781934462054	False
tbx16|neurons (differentiating, contains peripheral)|24	tbx16	24	neurons (differentiating, contains peripheral)	8	32.0	0.0017344488921987398	0.0709187683322679	0.18041930151911187	False
tbx16|neurons (gabaergic, glutamatergic)|24	tbx16	24	neurons (gabaergic, glutamatergic)	8	31.0	-4.71817089766095e-05	0.9499599979641634	0.9739984858003187	False
tbx16|neurons (gabaergic, glutamatergic; contains Purkinje)|24	tbx16	24	neurons (gabaergic, glutamatergic; contains Purkinje)	8	31.0	0.0007367304597706214	0.4967483995070797	0.6613690873020527	False
tbx16|notochord|24	tbx16	24	notochord	8	32.0	0.0074530492374029166	0.0180713649886473	0.06965442015635806	False
tbx16|olfactory vesicle/bulb|24	tbx16	24	olfactory vesicle/bulb	8	32.0	0.0019055161506348751	0.009556504611365202	0.04422212614381739	True
tbx16|pancreas|24	tbx16	24	pancreas	3	27.0	-0.0004182093121236889	0.00015545507796207327	0.0020414999862805867	True
tbx16|pectoral fin bud (osteoblast+)|24	tbx16	24	pectoral fin bud (osteoblast+)	8	32.0	0.003496676976247417	0.033839965739358865	0.10862151600865305	False
tbx16|periderm|24	tbx16	24	periderm	8	32.0	-0.08862613809967784	0.00013867814779564542	0.001873000593703382	True
tbx16|periocular mesenchyme|24	tbx16	24	periocular mesenchyme	3	8.0	-2.8510244497858357e-05	0.8620894916931822	0.9214707537692278	False
tbx16|pharyngeal arch (NC-derived)|24	tbx16	24	pharyngeal arch (NC-derived)	8	32.0	0.010833766255550284	0.008306002980568949	0.03996624895429447	True
tbx16|pharyngeal arch (contains muscle, early cartilage)|24	tbx16	24	pharyngeal arch (contains muscle, early cartilage)	6	30.0	-0.0003595816807383602	0.1322993151294499	0.27464197095757403	False
tbx16|pharyngeal arch (early)|24	tbx16	24	pharyngeal arch (early)	8	32.0	0.003524791295509878	0.033511228091162734	0.10809811197367786	False
tbx16|pharynx|24	tbx16	24	pharynx	8	31.0	0.0005562249257267419	0.24216064299653048	0.4118652348891592	False
tbx16|posterior lateral line primordium|24	tbx16	24	posterior lateral line primordium	8	31.0	0.002308090011833372	0.00782015484118437	0.038492539940496395	True
tbx16|posterior spinal cord progenitors|24	tbx16	24	posterior spinal cord progenitors	8	32.0	0.005521292609186762	0.0023263624548455018	0.015646435741344493	True
tbx16|primordial germ cell|24	tbx16	24	primordial germ cell	7	27.0	-0.0009364876862050079	5.127428072349104e-05	0.000858490346120752	True
tbx16|pronephric duct|24	tbx16	24	pronephric duct	5	23.0	-0.0001736867497558784	0.6279693659880932	0.7632808554949477	False
tbx16|pronephric podocyte|24	tbx16	24	pronephric podocyte	1	15.0	-0.0003182065232583134			False
tbx16|pronephros distal tubule|24	tbx16	24	pronephros distal tubule	8	32.0	0.0009047910202612964	0.13869320426900075	0.28338333458043363	False
tbx16|pronephros proximal tubule|24	tbx16	24	pronephros proximal tubule	8	32.0	-0.0010753703375173968	0.25257503482207605	0.4241498878930238	False
tbx16|red blood cell|24	tbx16	24	red blood cell	2	31.0	-0.005502356631277158	4.073732173071993e-09	3.3830007326963674e-07	True
tbx16|retinal neuron|24	tbx16	24	retinal neuron	8	30.0	-0.0012440264167683374	0.13514833705373316	0.278900838422999	False
tbx16|retinal pigmented epithelium (early)|24	tbx16	24	retinal pigmented epithelium (early)	8	31.0	0.0012880797670725215	0.003091729123938271	0.019473497657412145	True
tbx16|retinal pigmented epithelium (late)|24	tbx16	24	retinal pigmented epithelium (late)	1	1.0	-0.00043555040351969996			False
tbx16|roof plate, flexural + subcommissural organ|24	tbx16	24	roof plate, flexural + subcommissural organ	8	31.0	0.0014253563868942714	0.010481464149342427	0.04763976010422738	True
tbx16|satellite cells|24	tbx16	24	satellite cells	4	32.0	-0.002189804820332112	4.0701360826352595e-08	2.2168896941894508e-06	True
tbx16|slow-committed myocyte|24	tbx16	24	slow-committed myocyte	8	31.0	0.0006516400092520195	0.541653674355959	0.6999162685581101	False
tbx16|support cells/otic vesicle|24	tbx16	24	support cells/otic vesicle	8	32.0	5.2714602148144427e-05	0.9663854901315995	0.9828025071815852	False
tbx16|thyroid follicle cell|24	tbx16	24	thyroid follicle cell	3	19.0	-0.001092049475099742	0.07442681572624768	0.1864171812001116	False
tbx16|unknown|24	tbx16	24	unknown	1					False
tbx16|unknown (dcn+, col6+)|24	tbx16	24	unknown (dcn+, col6+)	1	1.0	-0.0003312377051126			False
tbx16|xanthophore|24	tbx16	24	xanthophore	8	31.0	-0.0014465119924014147	0.17147104696984058	0.32728808865216946	False
tbx16|KA neuron|36	tbx16	36	KA neuron	8	44.0	0.001047898693175116	0.010083716067739905	0.046211236738021834	True
tbx16|adrenal gland|36	tbx16	36	adrenal gland	1	15.0	-6.604115598889999e-05			False
tbx16|anterior migratory muscle|36	tbx16	36	anterior migratory muscle	8	44.0	0.0003502140961651329	0.8590364706401683	0.9196548006128432	False
tbx16|basal cell|36	tbx16	36	basal cell	8	44.0	0.02460783036507838	0.0002925351663026139	0.0033515451380704644	True
tbx16|cardiomyocyte|36	tbx16	36	cardiomyocyte	8	44.0	-0.0004488516753541117	0.702658225092224	0.8175301133144709	False
tbx16|connective tissue-meninges-dermal FB|36	tbx16	36	connective tissue-meninges-dermal FB	8	44.0	-0.0005485528291012537	0.8813684982635239	0.9331889214405857	False
tbx16|contains head vasculature?|36	tbx16	36	contains head vasculature?	7	31.0	0.000654113700638337	0.009125228695671143	0.042792621512162836	True
tbx16|cranial muscle (early)|36	tbx16	36	cranial muscle (early)	8	44.0	-0.002310447699670786	0.0004971502311372895	0.005026555796566727	True
tbx16|cranial muscle (mid)|36	tbx16	36	cranial muscle (mid)	6	36.0	-0.0003593255789808027	0.024989204109941994	0.08781240682737416	False
tbx16|cranial muscle (non-somitic, fast-twitch)|36	tbx16	36	cranial muscle (non-somitic, fast-twitch)	8	44.0	0.0014257591204952938	0.042650027508192453	0.12680511534314937	False
tbx16|cranial muscle (progenitor)|36	tbx16	36	cranial muscle (progenitor)	7	37.0	9.225307607301728e-05	0.827609941230594	0.898545184449459	False
tbx16|cranial neural crest|36	tbx16	36	cranial neural crest	8	44.0	0.0020144774983867093	0.012504925277601409	0.054204323854965014	False
tbx16|differentiating neuron (hindbrain)|36	tbx16	36	differentiating neuron (hindbrain)	8	44.0	0.0017815323621343943	0.5544507762584918	0.7090695550880828	False
tbx16|differentiating neuron 1|36	tbx16	36	differentiating neuron 1	8	43.0	6.969970304314746e-05	0.9671217576162876	0.9834007772548173	False
tbx16|differentiating neuron 2|36	tbx16	36	differentiating neuron 2	8	43.0	0.0016791417331923526	0.1575022436379256	0.3094625691821454	False
tbx16|dorsal spinal cord neuron|36	tbx16	36	dorsal spinal cord neuron	5	26.0	0.00015088917633256316	0.16816479234203185	0.3224555672316476	False
tbx16|endothelium (dorsal aorta)|36	tbx16	36	endothelium (dorsal aorta)	8	44.0	-0.0016317020656050722	0.06750292407160674	0.17474940402804362	False
tbx16|endothelium (f8+, clic2+)|36	tbx16	36	endothelium (f8+, clic2+)	6	44.0	-0.0003372817686343357	0.319579081967796	0.4987325034466896	False
tbx16|endothelium (vein + early artery)|36	tbx16	36	endothelium (vein + early artery)	8	44.0	0.0007374629123762296	0.4978391294482315	0.6619992761680714	False
tbx16|eye, optic cup|36	tbx16	36	eye, optic cup	8	44.0	0.007153013617921273	0.03548964096224777	0.11224591346698545	False
tbx16|fast-committed myocyte|36	tbx16	36	fast-committed myocyte	7	24.0	0.0003421869261955548	0.4012455653413024	0.5764635184822613	False
tbx16|fin bud mesoderm (pectoral)|36	tbx16	36	fin bud mesoderm (pectoral)	8	40.0	0.002765005779875847	0.0030970896966394036	0.01948878885811443	True
tbx16|fin fold|36	tbx16	36	fin fold	8	44.0	0.012727982286252423	0.0006874639830970849	0.0063623929911979515	True
tbx16|fin mesenchyme|36	tbx16	36	fin mesenchyme	8	30.0	0.001516419154224145	0.008200940344788932	0.03960451273131489	True
tbx16|floor plate|36	tbx16	36	floor plate	8	44.0	0.001980759499137938	0.028281973996868687	0.0956405685542964	False
tbx16|glia|36	tbx16	36	glia	8	44.0	0.0009516606188983332	0.031432247641735314	0.10355343856188952	False
tbx16|hair cell|36	tbx16	36	hair cell	8	39.0	0.00041280354543131556	0.15782392681979857	0.3096939473417427	False
tbx16|hatching gland|36	tbx16	36	hatching gland	8	44.0	0.0014104081657324054	0.4342993728288689	0.6087193600325136	False
tbx16|head mesenchyme|36	tbx16	36	head mesenchyme	8	44.0	-0.004949550827889136	0.007763956468638379	0.03838652584382591	True
tbx16|head mesenchyme (maybe ventral, hand2+)|36	tbx16	36	head mesenchyme (maybe ventral, hand2+)	8	44.0	-0.00208001608255811	0.20704244685914294	0.3686487297371396	False
tbx16|head mesenchyme/PA cartilage|36	tbx16	36	head mesenchyme/PA cartilage	8	43.0	0.0007532067555582559	0.4847553109940054	0.6509532940460442	False
tbx16|head/eye connective tissue|36	tbx16	36	head/eye connective tissue	8	44.0	0.0037759034831718304	0.001715058501945772	0.0124962321770062	True
tbx16|hypochord|36	tbx16	36	hypochord	7	38.0	-0.00045948507696535253	0.03715821996468763	0.1158198474386821	False
tbx16|hypophysis/locus coeruleus|36	tbx16	36	hypophysis/locus coeruleus	6	41.0	0.00023807333182201778	0.32897198817211193	0.5093240590409328	False
tbx16|intestine|36	tbx16	36	intestine	8	44.0	-0.0009270968150725143	0.34081545588504025	0.5184795568580798	False
tbx16|ionocyte/goblet cell|36	tbx16	36	ionocyte/goblet cell	8	44.0	0.002207992595045458	0.06905435584537696	0.17730533021349687	False
tbx16|iridophore|36	tbx16	36	iridophore	8	44.0	0.0011824211443242408	0.02015509444410032	0.07515746497252897	False
tbx16|lens|36	tbx16	36	lens	8	43.0	0.0038372216525899812	0.010221785413001573	0.04670459759259567	True
tbx16|liver|36	tbx16	36	liver	6	36.0	-0.0004184934911696499	0.0630443602359883	0.16743795913994497	False
tbx16|mature fast muscle|36	tbx16	36	mature fast muscle	8	44.0	-0.0801999660421223	1.2348269205828497e-17	5.128390554545648e-15	True
tbx16|mature slow muscle|36	tbx16	36	mature slow muscle	8	44.0	-0.010317354686407425	0.0014898755977625282	0.011275880805389521	True
tbx16|melanophore|36	tbx16	36	melanophore	8	44.0	-0.0015107864159136343	0.022426643559460453	0.08134554937369798	False
tbx16|mesodermal progenitor cells (contains PSM)|36	tbx16	36	mesodermal progenitor cells (contains PSM)	4	12.0	0.00014656322707824163	0.33586444743359545	0.5144953059848552	False
tbx16|motor neuron|36	tbx16	36	motor neuron	8	43.0	-0.0011031010308369072	0.06855729734441932	0.17636981837153168	False
tbx16|myeloid cell|36	tbx16	36	myeloid cell	7	43.0	0.00020805101420655727	0.6317088805333384	0.7654459356571908	False
tbx16|myoblast|36	tbx16	36	myoblast	1	1.0	-0.00012229680194410003			False
tbx16|neural crest + pigment cell progenitor|36	tbx16	36	neural crest + pigment cell progenitor	5	19.0	-9.973727360285687e-05	0.38518076272625634	0.5611765332856771	False
tbx16|neural progenitor (MHB)|36	tbx16	36	neural progenitor (MHB)	8	43.0	0.0056925347929846284	0.00827484133588774	0.03987405415299059	True
tbx16|neural progenitor (hindbrain R7/8)|36	tbx16	36	neural progenitor (hindbrain R7/8)	8	44.0	0.00012349643844277586	0.9429939170879093	0.9693026390344102	False
tbx16|neural progenitor (hindbrain)|36	tbx16	36	neural progenitor (hindbrain)	8	43.0	0.006763307018178939	0.0016141960867291237	0.011998135342634258	True
tbx16|neural progenitor (telencephalon/diencephalon)|36	tbx16	36	neural progenitor (telencephalon/diencephalon)	8	44.0	0.0015096930173908348	0.47321732778516357	0.6411235320761473	False
tbx16|neural tube-like connective tissue (+ taste bud)|36	tbx16	36	neural tube-like connective tissue (+ taste bud)	8	44.0	0.0023288906640129958	0.1882952476237211	0.3475616445721185	False
tbx16|neuromast support cell|36	tbx16	36	neuromast support cell	8	44.0	0.0007678939641975122	0.20807736044238512	0.3701938581364522	False
tbx16|neuron (+ spinal cord)|36	tbx16	36	neuron (+ spinal cord)	8	42.0	-0.00024225685442606911	0.5736910236244543	0.7232359802664579	False
tbx16|neuron (cranial ganglia sensory, Rohon-Beard)|36	tbx16	36	neuron (cranial ganglia sensory, Rohon-Beard)	8	44.0	0.0033923648532736706	0.0008712397093839043	0.007630571881643993	True
tbx16|neuron (dopaminergic)|36	tbx16	36	neuron (dopaminergic)	6	22.0	5.7771757079565136e-05	0.40051171031562516	0.5761687410066157	False
tbx16|neuron (telencephalon, glutamatergic)|36	tbx16	36	neuron (telencephalon, glutamatergic)	8	43.0	0.0008457280447493969	0.28939480580589283	0.4665280166375929	False
tbx16|neurons (differentiating, contains peripheral)|36	tbx16	36	neurons (differentiating, contains peripheral)	8	44.0	-0.0012962406898887613	0.6770248177050566	0.7983726554836027	False
tbx16|neurons (gabaergic, glutamatergic)|36	tbx16	36	neurons (gabaergic, glutamatergic)	8	44.0	-0.001207125751653191	0.5586317702541309	0.7124257497095593	False
tbx16|neurons (gabaergic, glutamatergic; contains Purkinje)|36	tbx16	36	neurons (gabaergic, glutamatergic; contains Purkinje)	8	44.0	0.0036007767534887228	0.07413902426226572	0.18583697330168078	False
tbx16|notochord|36	tbx16	36	notochord	8	44.0	0.0028813489789179074	0.17668009157021597	0.33381837033951806	False
tbx16|odontoblast|36	tbx16	36	odontoblast	1					False
tbx16|olfactory vesicle/bulb|36	tbx16	36	olfactory vesicle/bulb	8	43.0	0.000420444983913513	0.616516967754295	0.754744887753738	False
tbx16|pancreas|36	tbx16	36	pancreas	3	37.0	-0.0003806150653200658	0.4449377151226707	0.6157041059954492	False
tbx16|pectoral fin bud (osteoblast+)|36	tbx16	36	pectoral fin bud (osteoblast+)	8	44.0	0.0014011144138715292	0.2103824523640698	0.37279770558913167	False
tbx16|periderm|36	tbx16	36	periderm	8	44.0	-0.0024865378959719464	0.9221284570161629	0.9571578962471355	False
tbx16|periocular mesenchyme|36	tbx16	36	periocular mesenchyme	8	44.0	-5.5240260177168675e-06	0.9937118615021335	0.9964306402895109	False
tbx16|pharyngeal arch (NC-derived)|36	tbx16	36	pharyngeal arch (NC-derived)	8	42.0	0.00015588456226467602	0.638365718658757	0.7708413956909759	False
tbx16|pharyngeal arch (contains muscle, early cartilage)|36	tbx16	36	pharyngeal arch (contains muscle, early cartilage)	8	44.0	-0.0021485573488417118	2.7141400961071088e-06	8.235370291612666e-05	True
tbx16|pharyngeal arch (early)|36	tbx16	36	pharyngeal arch (early)	8	44.0	0.0016133774869245172	0.6119773847910257	0.7511248101101525	False
tbx16|pharynx|36	tbx16	36	pharynx	8	29.0	0.0004267877702767396	0.058412321045183915	0.15888246964602828	False
tbx16|posterior lateral line primordium|36	tbx16	36	posterior lateral line primordium	8	40.0	0.0009880499403795227	0.04958189138779461	0.1409792253993485	False
tbx16|posterior spinal cord progenitors|36	tbx16	36	posterior spinal cord progenitors	8	43.0	0.0031147133965097537	0.03574330703121226	0.11268232278145073	False
tbx16|primordial germ cell|36	tbx16	36	primordial germ cell	5	34.0	-0.0001529454527418459	0.27781770884352214	0.45288330470519905	False
tbx16|pronephric duct|36	tbx16	36	pronephric duct	5	31.0	0.00043665548300009173	0.4852440591150293	0.6510209906577116	False
tbx16|pronephric podocyte|36	tbx16	36	pronephric podocyte	3	27.0	-0.00015931543806565552	0.1854532118830125	0.3436521452768037	False
tbx16|pronephros distal tubule|36	tbx16	36	pronephros distal tubule	8	44.0	0.0020789451686385645	0.10620689499952468	0.23754453627460165	False
tbx16|pronephros proximal tubule|36	tbx16	36	pronephros proximal tubule	8	44.0	-0.0008050687200995702	0.4456116837287134	0.6161235202616107	False
tbx16|red blood cell|36	tbx16	36	red blood cell	1	39.0	-0.0009593468340989231			False
tbx16|retinal neuron|36	tbx16	36	retinal neuron	8	44.0	-0.005824736463233468	0.004131120751575412	0.024271704150502758	True
tbx16|retinal pigmented epithelium (early)|36	tbx16	36	retinal pigmented epithelium (early)	8	43.0	0.002059608033189903	0.15494087881255153	0.30542335796778547	False
tbx16|roof plate, flexural + subcommissural organ|36	tbx16	36	roof plate, flexural + subcommissural organ	7	43.0	0.0008446435839116794	0.09213248264969136	0.2165618490297839	False
tbx16|satellite cells|36	tbx16	36	satellite cells	2	22.0	0.00021584671319930003	0.06708575156228133	0.17406670016843398	False
tbx16|slow-committed myocyte|36	tbx16	36	slow-committed myocyte	1	3.0	-2.7416399466999677e-06			False
tbx16|support cells/otic vesicle|36	tbx16	36	support cells/otic vesicle	8	44.0	0.004050270727973518	0.005277348805555624	0.02919335426471187	True
tbx16|thyroid follicle cell|36	tbx16	36	thyroid follicle cell	7	29.0	3.071904539728165e-05	0.9556316721268604	0.9769496094281519	False
tbx16|unknown|36	tbx16	36	unknown	5					False
tbx16|unknown (dcn+, col6+)|36	tbx16	36	unknown (dcn+, col6+)	5	33.0	-1.339948022566228e-05	0.9687511809632541	0.9841540433421225	False
tbx16|xanthophore|36	tbx16	36	xanthophore	8	44.0	4.626417304705397e-05	0.9459315479966897	0.9711627260229369	False
tbx16-msgn1|KA neuron|18	tbx16-msgn1	18	KA neuron	5	17.0	-0.000646707290595987	0.006378713689556851	0.033774145392115755	True
tbx16-msgn1|anterior migratory muscle|18	tbx16-msgn1	18	anterior migratory muscle	8	23.0	-0.01171311686786419	1.5985177832581978e-10	1.8460522944423904e-08	True
tbx16-msgn1|basal cell|18	tbx16-msgn1	18	basal cell	3	14.0	0.00014964679616109996	0.20246783866238474	0.3631498519897935	False
tbx16-msgn1|cardiomyocyte|18	tbx16-msgn1	18	cardiomyocyte	8	23.0	-0.002041947746413281	0.0026308309139273464	0.017360348980185916	True
tbx16-msgn1|connective tissue-meninges-dermal FB|18	tbx16-msgn1	18	connective tissue-meninges-dermal FB	8	23.0	0.0009389315400956735	0.806763849525493	0.8837694988620014	False
tbx16-msgn1|contains head vasculature?|18	tbx16-msgn1	18	contains head vasculature?	8	23.0	0.003809756795332934	0.027549845761559513	0.09407437054756576	False
tbx16-msgn1|cranial muscle (early)|18	tbx16-msgn1	18	cranial muscle (early)	2	5.0	-0.00032557131951825005	0.0938429176930843	0.2191379201556986	False
tbx16-msgn1|cranial muscle (mid)|18	tbx16-msgn1	18	cranial muscle (mid)	1	7.0	-0.0001140778506362571			False
tbx16-msgn1|cranial muscle (non-somitic, fast-twitch)|18	tbx16-msgn1	18	cranial muscle (non-somitic, fast-twitch)	8	22.0	-0.0007637789537542714	0.30940757585235323	0.48848024270346574	False
tbx16-msgn1|cranial muscle (progenitor)|18	tbx16-msgn1	18	cranial muscle (progenitor)	8	23.0	0.0038771585783797698	0.033957392854057154	0.10879791490607993	False
tbx16-msgn1|cranial neural crest|18	tbx16-msgn1	18	cranial neural crest	8	23.0	-0.001640051413985159	0.05868761443306602	0.1593052279034819	False
tbx16-msgn1|differentiating neuron (hindbrain)|18	tbx16-msgn1	18	differentiating neuron (hindbrain)	8	23.0	-0.0012697867923522317	0.08005077295875837	0.1957811506481227	False
tbx16-msgn1|differentiating neuron 1|18	tbx16-msgn1	18	differentiating neuron 1	8	23.0	0.003870461872732142	0.0013544513782916521	0.01056376691167609	True
tbx16-msgn1|differentiating neuron 2|18	tbx16-msgn1	18	differentiating neuron 2	8	23.0	0.0003777842109443175	0.3460497056927211	0.5238041672729229	False
tbx16-msgn1|dorsal spinal cord neuron|18	tbx16-msgn1	18	dorsal spinal cord neuron	5	8.0	-7.206832131936245e-05	0.26479811165839046	0.43803421756783784	False
tbx16-msgn1|endothelium (dorsal aorta)|18	tbx16-msgn1	18	endothelium (dorsal aorta)	8	23.0	-0.0016585539914438802	0.004125801660337209	0.024261904453929867	True
tbx16-msgn1|endothelium (f8+, clic2+)|18	tbx16-msgn1	18	endothelium (f8+, clic2+)	8	18.0	-0.0004334154480635194	0.22856388403281908	0.3966589212321971	False
tbx16-msgn1|endothelium (vein + early artery)|18	tbx16-msgn1	18	endothelium (vein + early artery)	8	23.0	-2.5248759602698734e-06	0.9986953894766706	0.9988457048573866	False
tbx16-msgn1|eye, optic cup|18	tbx16-msgn1	18	eye, optic cup	8	23.0	0.015282828712011552	0.0002174679097132203	0.002676063444526572	True
tbx16-msgn1|fast-committed myocyte|18	tbx16-msgn1	18	fast-committed myocyte	7	23.0	-0.05852854848987855	6.79121974925367e-19	4.102514112162785e-16	True
tbx16-msgn1|fin fold|18	tbx16-msgn1	18	fin fold	5	11.0	-0.00022041409095784916	0.20010535909249358	0.3602547036493145	False
tbx16-msgn1|fin mesenchyme|18	tbx16-msgn1	18	fin mesenchyme	8	23.0	0.003677911031798233	0.3683719356875138	0.5441473725385537	False
tbx16-msgn1|floor plate|18	tbx16-msgn1	18	floor plate	8	23.0	0.002068759770432439	0.14926664375211207	0.29777149436589156	False
tbx16-msgn1|glia|18	tbx16-msgn1	18	glia	5	13.0	0.00014819943120766605	0.5708606291120017	0.721035711927248	False
tbx16-msgn1|hair cell|18	tbx16-msgn1	18	hair cell	6	11.0	-0.00020328181721862267	0.03526853592050616	0.11170611114955359	False
tbx16-msgn1|hatching gland|18	tbx16-msgn1	18	hatching gland	8	23.0	-1.0999470294149362e-05	0.9911946002534884	0.9958403566199623	False
tbx16-msgn1|head mesenchyme|18	tbx16-msgn1	18	head mesenchyme	8	23.0	-0.006526249732711778	8.351371750478965e-08	4.050720093571732e-06	True
tbx16-msgn1|head mesenchyme (maybe ventral, hand2+)|18	tbx16-msgn1	18	head mesenchyme (maybe ventral, hand2+)	8	23.0	-0.009184108546470091	5.741512536293796e-05	0.0009467084566668058	True
tbx16-msgn1|head mesenchyme/PA cartilage|18	tbx16-msgn1	18	head mesenchyme/PA cartilage	8	23.0	-0.0017542438266391364	0.0707609413652568	0.18015573002763657	False
tbx16-msgn1|head/eye connective tissue|18	tbx16-msgn1	18	head/eye connective tissue	8	23.0	0.0102606907667179	0.0006116021869583639	0.005860410698717156	True
tbx16-msgn1|hypochord|18	tbx16-msgn1	18	hypochord	8	22.0	-0.0009023876606510137	0.040355923673046044	0.12208649896802713	False
tbx16-msgn1|hypophysis/locus coeruleus|18	tbx16-msgn1	18	hypophysis/locus coeruleus	7	9.0	-0.00018112795237851427	0.4184667749382913	0.5927186145071432	False
tbx16-msgn1|intestine|18	tbx16-msgn1	18	intestine	8	23.0	-0.0030029635684355226	0.0002288484029808601	0.002790270895060212	True
tbx16-msgn1|ionocyte/goblet cell|18	tbx16-msgn1	18	ionocyte/goblet cell	8	23.0	0.0010770521500809496	0.5109679482689923	0.6738206025496037	False
tbx16-msgn1|lens|18	tbx16-msgn1	18	lens	8	23.0	0.0027055932502121315	0.14235808441162615	0.28875746975435157	False
tbx16-msgn1|liver|18	tbx16-msgn1	18	liver	1	1.0	-0.00017578075069789995			False
tbx16-msgn1|mature fast muscle|18	tbx16-msgn1	18	mature fast muscle	8	23.0	-0.01110072368550916	0.003716255825912512	0.02223894161482031	True
tbx16-msgn1|mature slow muscle|18	tbx16-msgn1	18	mature slow muscle	8	23.0	-0.03272441498017996	8.187854646465248e-12	1.2365521392218539e-09	True
tbx16-msgn1|melanophore|18	tbx16-msgn1	18	melanophore	2	10.0	-0.0010922292947912798	0.0073396993938281896	0.037174011030478904	True
tbx16-msgn1|mesodermal progenitor cells (contains PSM)|18	tbx16-msgn1	18	mesodermal progenitor cells (contains PSM)	8	23.0	0.09901666847452385	4.0435348818993574e-12	6.248671927958426e-10	True
tbx16-msgn1|motor neuron|18	tbx16-msgn1	18	motor neuron	8	22.0	0.0003076507885081967	0.5632193054839799	0.7159761361685587	False
tbx16-msgn1|myeloid cell|18	tbx16-msgn1	18	myeloid cell	8	23.0	-0.001369377670390283	0.09893761459193905	0.22645059271393617	False
tbx16-msgn1|myoblast|18	tbx16-msgn1	18	myoblast	7	23.0	-0.008324144831670119	3.387891690932227e-06	9.874732913911152e-05	True
tbx16-msgn1|neural crest + pigment cell progenitor|18	tbx16-msgn1	18	neural crest + pigment cell progenitor	8	23.0	0.00011641775759931548	0.9181592638755294	0.9546709110237946	False
tbx16-msgn1|neural progenitor (MHB)|18	tbx16-msgn1	18	neural progenitor (MHB)	8	23.0	0.019016363208439573	0.0003300107493069509	0.003673235224697971	True
tbx16-msgn1|neural progenitor (hindbrain R7/8)|18	tbx16-msgn1	18	neural progenitor (hindbrain R7/8)	8	23.0	-0.0040277904624419145	0.13958168368833787	0.2844281778929792	False
tbx16-msgn1|neural progenitor (hindbrain)|18	tbx16-msgn1	18	neural progenitor (hindbrain)	8	23.0	0.015341187273560791	0.007553548325738221	0.03782466362059569	True
tbx16-msgn1|neural progenitor (telencephalon/diencephalon)|18	tbx16-msgn1	18	neural progenitor (telencephalon/diencephalon)	8	23.0	0.014906417398498115	0.002136428564602073	0.014620564172791737	True
tbx16-msgn1|neural tube-like connective tissue (+ taste bud)|18	tbx16-msgn1	18	neural tube-like connective tissue (+ taste bud)	8	23.0	-5.548162526750056e-06	0.9962872992793141	0.9978281912102014	False
tbx16-msgn1|neuromast support cell|18	tbx16-msgn1	18	neuromast support cell	8	23.0	-0.0010624772029813232	0.039609762771793434	0.12101465453727236	False
tbx16-msgn1|neuron (+ spinal cord)|18	tbx16-msgn1	18	neuron (+ spinal cord)	8	22.0	-0.000640526513437641	0.01695354451311281	0.0669510912779079	False
tbx16-msgn1|neuron (cranial ganglia sensory, Rohon-Beard)|18	tbx16-msgn1	18	neuron (cranial ganglia sensory, Rohon-Beard)	8	23.0	0.0015374834265056824	0.1996044027997434	0.3598402758014907	False
tbx16-msgn1|neuron (dopaminergic)|18	tbx16-msgn1	18	neuron (dopaminergic)	2	2.0	-0.0001701055030865499	0.0635187731507944	0.16800194015539024	False
tbx16-msgn1|neuron (telencephalon, glutamatergic)|18	tbx16-msgn1	18	neuron (telencephalon, glutamatergic)	4	15.0	-0.00036541937430420164	0.12104964454633325	0.2593920954564284	False
tbx16-msgn1|neurons (differentiating, contains peripheral)|18	tbx16-msgn1	18	neurons (differentiating, contains peripheral)	8	23.0	-0.00013591208484635582	0.895136377575196	0.941763969123999	False
tbx16-msgn1|neurons (gabaergic, glutamatergic)|18	tbx16-msgn1	18	neurons (gabaergic, glutamatergic)	8	23.0	-0.001038895980941144	0.09521256981840008	0.22109521332182402	False
tbx16-msgn1|neurons (gabaergic, glutamatergic; contains Purkinje)|18	tbx16-msgn1	18	neurons (gabaergic, glutamatergic; contains Purkinje)	7	21.0	-0.0008845202370241811	0.0351674627486446	0.11159875356482492	False
tbx16-msgn1|notochord|18	tbx16-msgn1	18	notochord	8	23.0	0.007575884221658641	0.014477911384620294	0.060317066552226864	False
tbx16-msgn1|odontoblast|18	tbx16-msgn1	18	odontoblast	1					False
tbx16-msgn1|olfactory vesicle/bulb|18	tbx16-msgn1	18	olfactory vesicle/bulb	8	23.0	0.003164759459674675	0.005859661735152709	0.031611133354396026	True
tbx16-msgn1|pancreas|18	tbx16-msgn1	18	pancreas	4	15.0	-0.00013268610415091838	0.4299908574084484	0.6047806328773366	False
tbx16-msgn1|pectoral fin bud (osteoblast+)|18	tbx16-msgn1	18	pectoral fin bud (osteoblast+)	8	23.0	0.0005466766672355718	0.6700480203856429	0.7929597676692071	False
tbx16-msgn1|periderm|18	tbx16-msgn1	18	periderm	8	23.0	-0.050242304319498825	0.000226365463759252	0.002765070784338657	True
tbx16-msgn1|periocular mesenchyme|18	tbx16-msgn1	18	periocular mesenchyme	2	4.0	5.87729921434e-05	0.7952288165335168	0.8783846759916376	False
tbx16-msgn1|pharyngeal arch (NC-derived)|18	tbx16-msgn1	18	pharyngeal arch (NC-derived)	8	23.0	0.013207057612688134	0.0016738220703186367	0.012283474617243212	True
tbx16-msgn1|pharyngeal arch (contains muscle, early cartilage)|18	tbx16-msgn1	18	pharyngeal arch (contains muscle, early cartilage)	7	20.0	-0.00032545939706325354	0.1708282563687161	0.3261936102212984	False
tbx16-msgn1|pharyngeal arch (early)|18	tbx16-msgn1	18	pharyngeal arch (early)	8	23.0	0.0025791647260189395	0.015186881673186286	0.06217919206304551	False
tbx16-msgn1|pharynx|18	tbx16-msgn1	18	pharynx	8	23.0	0.0005063998134546732	0.3568908688459277	0.5337488371245855	False
tbx16-msgn1|posterior lateral line primordium|18	tbx16-msgn1	18	posterior lateral line primordium	8	23.0	0.002795087719952886	0.004709833651027221	0.026681026948913795	True
tbx16-msgn1|posterior spinal cord progenitors|18	tbx16-msgn1	18	posterior spinal cord progenitors	8	23.0	0.00925940827800344	1.1708183058668468e-05	0.00026781728090631915	True
tbx16-msgn1|primordial germ cell|18	tbx16-msgn1	18	primordial germ cell	8	21.0	-0.000752977542809063	0.12266823978474074	0.2618472384740129	False
tbx16-msgn1|pronephric duct|18	tbx16-msgn1	18	pronephric duct	7	16.0	-0.00033937067329508394	0.1795281758568306	0.3372815178311109	False
tbx16-msgn1|pronephric podocyte|18	tbx16-msgn1	18	pronephric podocyte	2	7.0	-0.00018870610970507865	0.4570620873259723	0.6260930880810319	False
tbx16-msgn1|pronephros distal tubule|18	tbx16-msgn1	18	pronephros distal tubule	8	22.0	-0.0031336701300175096	0.00021873332782663322	0.0026817028845165644	True
tbx16-msgn1|pronephros proximal tubule|18	tbx16-msgn1	18	pronephros proximal tubule	8	23.0	-0.0011912885465004495	0.35603092675489967	0.5333240550690506	False
tbx16-msgn1|red blood cell|18	tbx16-msgn1	18	red blood cell	3	21.0	-0.0077588474566917	2.638452179162565e-08	1.5795058315797519e-06	True
tbx16-msgn1|retinal neuron|18	tbx16-msgn1	18	retinal neuron	8	23.0	-0.0020634140996690295	0.1199225896847444	0.25821860847404027	False
tbx16-msgn1|retinal pigmented epithelium (early)|18	tbx16-msgn1	18	retinal pigmented epithelium (early)	8	23.0	0.0003144709722163867	0.6263168681848121	0.7618296886487418	False
tbx16-msgn1|roof plate, flexural + subcommissural organ|18	tbx16-msgn1	18	roof plate, flexural + subcommissural organ	8	19.0	-0.0001512890970093053	0.6697929871113373	0.7927991448797358	False
tbx16-msgn1|satellite cells|18	tbx16-msgn1	18	satellite cells	1	22.0	-0.003181411340120468			False
tbx16-msgn1|slow-committed myocyte|18	tbx16-msgn1	18	slow-committed myocyte	8	23.0	-0.006056784810870443	6.020409949471651e-05	0.0009686591795215283	True
tbx16-msgn1|support cells/otic vesicle|18	tbx16-msgn1	18	support cells/otic vesicle	8	23.0	0.0014414823654097658	0.17948820144949568	0.3372815178311109	False
tbx16-msgn1|thyroid follicle cell|18	tbx16-msgn1	18	thyroid follicle cell	7	12.0	-0.0027386079919688028	0.0020575308808950554	0.014301561405384565	True
tbx16-msgn1|unknown|18	tbx16-msgn1	18	unknown	2					False
tbx16-msgn1|unknown (K+ channel, ciliated)|18	tbx16-msgn1	18	unknown (K+ channel, ciliated)	1	1.0	-5.5113242403899984e-05			False
tbx16-msgn1|vascular smooth muscle|18	tbx16-msgn1	18	vascular smooth muscle	1					False
tbx16-msgn1|xanthophore|18	tbx16-msgn1	18	xanthophore	8	19.0	-0.0018167763364548154	0.01922353139648001	0.07271437456161035	False
tbx16-msgn1|KA neuron|24	tbx16-msgn1	24	KA neuron	8	31.0	0.0010181896869095452	0.014145055706611955	0.05922740716473626	False
tbx16-msgn1|anterior migratory muscle|24	tbx16-msgn1	24	anterior migratory muscle	8	32.0	-0.012684167561106742	1.2420490844627455e-12	2.2926156017374842e-10	True
tbx16-msgn1|basal cell|24	tbx16-msgn1	24	basal cell	5	23.0	-0.0006990404325511704	0.022152892308446467	0.08061663164820743	False
tbx16-msgn1|cardiomyocyte|24	tbx16-msgn1	24	cardiomyocyte	8	32.0	-5.8991635987450195e-05	0.9232160940516662	0.9574979168118484	False
tbx16-msgn1|connective tissue-meninges-dermal FB|24	tbx16-msgn1	24	connective tissue-meninges-dermal FB	8	32.0	-0.002554660289745894	0.21792961856971457	0.38199480754306336	False
tbx16-msgn1|contains head vasculature?|24	tbx16-msgn1	24	contains head vasculature?	8	32.0	0.0026677623905172684	0.0010249490393558817	0.008609113095088947	True
tbx16-msgn1|cranial muscle (early)|24	tbx16-msgn1	24	cranial muscle (early)	3	22.0	-0.00028631350700581814	0.19325540067844432	0.3526035523086937	False
tbx16-msgn1|cranial muscle (non-somitic, fast-twitch)|24	tbx16-msgn1	24	cranial muscle (non-somitic, fast-twitch)	8	32.0	6.064201029578036e-06	0.9928213224445566	0.996420131044265	False
tbx16-msgn1|cranial muscle (progenitor)|24	tbx16-msgn1	24	cranial muscle (progenitor)	8	32.0	0.0007271299505537	0.4913626824892836	0.655906995809821	False
tbx16-msgn1|cranial neural crest|24	tbx16-msgn1	24	cranial neural crest	8	32.0	0.0012751259197833625	0.21247379521500445	0.3756021200329089	False
tbx16-msgn1|differentiating neuron (hindbrain)|24	tbx16-msgn1	24	differentiating neuron (hindbrain)	8	32.0	-0.0012042433690137508	0.06391380912746761	0.168567230641989	False
tbx16-msgn1|differentiating neuron 1|24	tbx16-msgn1	24	differentiating neuron 1	8	32.0	0.007978954943197138	2.6688402164330227e-06	8.135065705595154e-05	True
tbx16-msgn1|differentiating neuron 2|24	tbx16-msgn1	24	differentiating neuron 2	8	32.0	0.0023314569292030786	0.020529096989341633	0.07629521783790556	False
tbx16-msgn1|dorsal spinal cord neuron|24	tbx16-msgn1	24	dorsal spinal cord neuron	3	9.0	-0.0002555292355521112	0.05714363156941464	0.15645629657138865	False
tbx16-msgn1|endothelium (dorsal aorta)|24	tbx16-msgn1	24	endothelium (dorsal aorta)	8	32.0	-0.0018380505253505468	0.0034007108403445955	0.020764915498643396	True
tbx16-msgn1|endothelium (f8+, clic2+)|24	tbx16-msgn1	24	endothelium (f8+, clic2+)	8	31.0	0.00026966938717710564	0.34406160734201985	0.5217456368753358	False
tbx16-msgn1|endothelium (vein + early artery)|24	tbx16-msgn1	24	endothelium (vein + early artery)	8	32.0	-0.0030286384941277927	0.022424883592499282	0.08134554937369798	False
tbx16-msgn1|eye, optic cup|24	tbx16-msgn1	24	eye, optic cup	8	32.0	0.01807087533856687	4.1927096448885235e-05	0.0007351070076592147	True
tbx16-msgn1|fast-committed myocyte|24	tbx16-msgn1	24	fast-committed myocyte	8	32.0	-0.030487345447959738	7.217455736975648e-15	1.9983330571751324e-12	True
tbx16-msgn1|fin fold|24	tbx16-msgn1	24	fin fold	2	11.0	-0.00029740140343669554	0.11505226529505877	0.25148759963344264	False
tbx16-msgn1|fin mesenchyme|24	tbx16-msgn1	24	fin mesenchyme	8	32.0	0.012025657466814957	0.00297328497297545	0.01892478797454202	True
tbx16-msgn1|floor plate|24	tbx16-msgn1	24	floor plate	8	32.0	0.005707793096537031	0.010714508385660439	0.04840904326045076	True
tbx16-msgn1|glia|24	tbx16-msgn1	24	glia	7	28.0	-0.0003457366775988928	0.21273072323675854	0.3758563296751557	False
tbx16-msgn1|hair cell|24	tbx16-msgn1	24	hair cell	5	23.0	0.00013299658117995922	0.5021318156426554	0.6661341415343273	False
tbx16-msgn1|hatching gland|24	tbx16-msgn1	24	hatching gland	8	32.0	-0.003347449625604666	0.00012513815408625751	0.0017323813206316274	True
tbx16-msgn1|head mesenchyme|24	tbx16-msgn1	24	head mesenchyme	8	32.0	-0.0091685228607662	1.176275050282912e-10	1.3957763766303482e-08	True
tbx16-msgn1|head mesenchyme (maybe ventral, hand2+)|24	tbx16-msgn1	24	head mesenchyme (maybe ventral, hand2+)	8	32.0	-0.006830598487984186	0.00029167669491513004	0.0033474812395700155	True
tbx16-msgn1|head mesenchyme/PA cartilage|24	tbx16-msgn1	24	head mesenchyme/PA cartilage	8	32.0	-0.004018181356022128	0.0013898162981536362	0.010751256462434123	True
tbx16-msgn1|head/eye connective tissue|24	tbx16-msgn1	24	head/eye connective tissue	8	32.0	0.008948212266233824	6.979517673180941e-06	0.00017769691547236534	True
tbx16-msgn1|hypochord|24	tbx16-msgn1	24	hypochord	7	32.0	-0.00034073124275303115	0.5629786701950321	0.7159761361685587	False
tbx16-msgn1|hypophysis/locus coeruleus|24	tbx16-msgn1	24	hypophysis/locus coeruleus	7	22.0	0.00030648712643374686	0.18282674901142013	0.3408834213566635	False
tbx16-msgn1|intestine|24	tbx16-msgn1	24	intestine	8	32.0	-0.0031493416719183508	0.007033449753027177	0.03619427896207753	True
tbx16-msgn1|ionocyte/goblet cell|24	tbx16-msgn1	24	ionocyte/goblet cell	8	32.0	0.00676550513434317	0.002177831929172439	0.014842762224975239	True
tbx16-msgn1|iridophore|24	tbx16-msgn1	24	iridophore	8	24.0	5.831991313908326e-06	0.9814286631173947	0.9907976917425363	False
tbx16-msgn1|jaw chondrocyte|24	tbx16-msgn1	24	jaw chondrocyte	3	4.0	7.877676355083044e-07	0.9880777196759484	0.9934853415023173	False
tbx16-msgn1|lens|24	tbx16-msgn1	24	lens	8	32.0	0.003919617579465339	0.005538990239214348	0.030343437872695254	True
tbx16-msgn1|liver|24	tbx16-msgn1	24	liver	1					False
tbx16-msgn1|mature fast muscle|24	tbx16-msgn1	24	mature fast muscle	8	32.0	-0.0636178910420495	5.815511190675637e-20	4.293785762448845e-17	True
tbx16-msgn1|mature slow muscle|24	tbx16-msgn1	24	mature slow muscle	8	32.0	-0.03245501257924821	2.7149424689841294e-08	1.5965303279999591e-06	True
tbx16-msgn1|melanophore|24	tbx16-msgn1	24	melanophore	8	32.0	-0.0031403227894561026	8.356649106565889e-07	3.0510952369851832e-05	True
tbx16-msgn1|mesodermal progenitor cells (contains PSM)|24	tbx16-msgn1	24	mesodermal progenitor cells (contains PSM)	8	32.0	0.07989635343686986	4.523207228955271e-05	0.0007726661191878606	True
tbx16-msgn1|motor neuron|24	tbx16-msgn1	24	motor neuron	8	32.0	0.0013829232584096599	0.054761950283332146	0.15181191474040137	False
tbx16-msgn1|myeloid cell|24	tbx16-msgn1	24	myeloid cell	8	32.0	-0.00021327493317223074	0.6956160065140811	0.8129385091955801	False
tbx16-msgn1|myoblast|24	tbx16-msgn1	24	myoblast	7	32.0	-0.001854072293336197	0.0036686345262048844	0.022001874031255825	True
tbx16-msgn1|neural crest + pigment cell progenitor|24	tbx16-msgn1	24	neural crest + pigment cell progenitor	8	32.0	0.001115265601155319	0.13011982209576642	0.271901326360493	False
tbx16-msgn1|neural progenitor (MHB)|24	tbx16-msgn1	24	neural progenitor (MHB)	8	32.0	0.024169933769231572	2.2992084858249285e-07	9.669772397662436e-06	True
tbx16-msgn1|neural progenitor (hindbrain R7/8)|24	tbx16-msgn1	24	neural progenitor (hindbrain R7/8)	8	32.0	0.005063001071195287	0.10932331323114214	0.24198981226546953	False
tbx16-msgn1|neural progenitor (hindbrain)|24	tbx16-msgn1	24	neural progenitor (hindbrain)	8	32.0	0.030551333309021822	0.00032622695711441094	0.003643324588277749	True
tbx16-msgn1|neural progenitor (telencephalon/diencephalon)|24	tbx16-msgn1	24	neural progenitor (telencephalon/diencephalon)	8	32.0	0.017623401884545503	0.0006646279391880722	0.006202882943686433	True
tbx16-msgn1|neural tube-like connective tissue (+ taste bud)|24	tbx16-msgn1	24	neural tube-like connective tissue (+ taste bud)	8	32.0	-0.0010579277688791341	0.420422452661826	0.5946588331072443	False
tbx16-msgn1|neuromast support cell|24	tbx16-msgn1	24	neuromast support cell	8	32.0	0.0005304042714308508	0.43950458986769037	0.6125261334199982	False
tbx16-msgn1|neuron (+ spinal cord)|24	tbx16-msgn1	24	neuron (+ spinal cord)	8	30.0	0.00047877115518502283	0.03132279819790908	0.10324404465531042	False
tbx16-msgn1|neuron (cranial ganglia sensory, Rohon-Beard)|24	tbx16-msgn1	24	neuron (cranial ganglia sensory, Rohon-Beard)	8	32.0	0.0012440505699618971	0.30079016384398893	0.4798921101424505	False
tbx16-msgn1|neuron (dopaminergic)|24	tbx16-msgn1	24	neuron (dopaminergic)	3	10.0	0.00020100750723128996	0.25059954971469395	0.4222195760279263	False
tbx16-msgn1|neuron (telencephalon, glutamatergic)|24	tbx16-msgn1	24	neuron (telencephalon, glutamatergic)	8	29.0	0.000734345412322427	0.1863978410192862	0.3452100483760192	False
tbx16-msgn1|neurons (differentiating, contains peripheral)|24	tbx16-msgn1	24	neurons (differentiating, contains peripheral)	8	32.0	0.0022616524259502415	0.030606962435725204	0.10169163269269699	False
tbx16-msgn1|neurons (gabaergic, glutamatergic)|24	tbx16-msgn1	24	neurons (gabaergic, glutamatergic)	8	31.0	0.00018972791126786563	0.7957233098793228	0.8786276826434197	False
tbx16-msgn1|neurons (gabaergic, glutamatergic; contains Purkinje)|24	tbx16-msgn1	24	neurons (gabaergic, glutamatergic; contains Purkinje)	8	31.0	0.0005919683053723221	0.3379808296837965	0.5160575857648961	False
tbx16-msgn1|notochord|24	tbx16-msgn1	24	notochord	8	32.0	0.009917318989487504	0.013386226140521864	0.05705790583494947	False
tbx16-msgn1|olfactory vesicle/bulb|24	tbx16-msgn1	24	olfactory vesicle/bulb	8	32.0	0.0021319398085535876	0.014556372825918283	0.06049224354485741	False
tbx16-msgn1|pancreas|24	tbx16-msgn1	24	pancreas	5	27.0	-0.00013159528452660885	0.6150404087423557	0.7533686510570738	False
tbx16-msgn1|pectoral fin bud (osteoblast+)|24	tbx16-msgn1	24	pectoral fin bud (osteoblast+)	8	32.0	0.004326244554486904	0.00580239365810481	0.031347077933419884	True
tbx16-msgn1|periderm|24	tbx16-msgn1	24	periderm	8	32.0	-0.08071029313494069	0.000674279847579905	0.006266558863172684	True
tbx16-msgn1|periocular mesenchyme|24	tbx16-msgn1	24	periocular mesenchyme	2	8.0	-8.842496284392496e-05	0.2356690709668411	0.40532931271624556	False
tbx16-msgn1|pharyngeal arch (NC-derived)|24	tbx16-msgn1	24	pharyngeal arch (NC-derived)	8	32.0	0.005069644817526933	0.07577637976268636	0.18844836958198014	False
tbx16-msgn1|pharyngeal arch (contains muscle, early cartilage)|24	tbx16-msgn1	24	pharyngeal arch (contains muscle, early cartilage)	7	30.0	3.202347760885649e-05	0.935478054899332	0.9651066099683374	False
tbx16-msgn1|pharyngeal arch (early)|24	tbx16-msgn1	24	pharyngeal arch (early)	8	32.0	0.00156453130614209	0.14277744799422423	0.28916676071978664	False
tbx16-msgn1|pharynx|24	tbx16-msgn1	24	pharynx	8	31.0	0.0005057272074278796	0.3535635644540197	0.5308767582513688	False
tbx16-msgn1|posterior lateral line primordium|24	tbx16-msgn1	24	posterior lateral line primordium	8	31.0	0.0030508829041094097	0.0034212236390349813	0.020856909248979313	True
tbx16-msgn1|posterior spinal cord progenitors|24	tbx16-msgn1	24	posterior spinal cord progenitors	8	32.0	0.009863059109035111	3.2368337788471143e-05	0.0005986091872382416	True
tbx16-msgn1|primordial germ cell|24	tbx16-msgn1	24	primordial germ cell	7	27.0	-0.0006801597927241364	0.0016422560817144843	0.012115787372529453	True
tbx16-msgn1|pronephric duct|24	tbx16-msgn1	24	pronephric duct	5	23.0	-0.0003206396870797584	0.297036599813091	0.47582682850223185	False
tbx16-msgn1|pronephric podocyte|24	tbx16-msgn1	24	pronephric podocyte	2	15.0	-0.00026183132273611335	0.0013853367423452994	0.010751256462434123	True
tbx16-msgn1|pronephros distal tubule|24	tbx16-msgn1	24	pronephros distal tubule	8	32.0	-0.0005754025668781287	0.5270520982490097	0.6877992030718906	False
tbx16-msgn1|pronephros proximal tubule|24	tbx16-msgn1	24	pronephros proximal tubule	8	32.0	-0.0016905550491216718	0.10052632300153115	0.229240717745037	False
tbx16-msgn1|red blood cell|24	tbx16-msgn1	24	red blood cell	3	31.0	-0.005475176237288425	4.688250167268891e-09	3.7534243809038284e-07	True
tbx16-msgn1|retinal neuron|24	tbx16-msgn1	24	retinal neuron	8	30.0	-0.0013816978754174125	0.19313450529754073	0.35257659002806546	False
tbx16-msgn1|retinal pigmented epithelium (early)|24	tbx16-msgn1	24	retinal pigmented epithelium (early)	8	31.0	0.0015308829145142095	0.07461725270634549	0.18662986081080063	False
tbx16-msgn1|roof plate, flexural + subcommissural organ|24	tbx16-msgn1	24	roof plate, flexural + subcommissural organ	8	31.0	0.00016409585737868406	0.7604580400357692	0.854309771043535	False
tbx16-msgn1|satellite cells|24	tbx16-msgn1	24	satellite cells	3	32.0	-0.0019511089898039706	3.906386789178907e-06	0.00011188767333661136	True
tbx16-msgn1|slow-committed myocyte|24	tbx16-msgn1	24	slow-committed myocyte	8	31.0	-0.00014911384451245496	0.8236829251262099	0.8958057344457716	False
tbx16-msgn1|support cells/otic vesicle|24	tbx16-msgn1	24	support cells/otic vesicle	8	32.0	0.0010799022679012452	0.47625176004144976	0.6436227263525388	False
tbx16-msgn1|thyroid follicle cell|24	tbx16-msgn1	24	thyroid follicle cell	7	19.0	-0.0007219638026622276	0.24033227131146273	0.4095350241211133	False
tbx16-msgn1|unknown|24	tbx16-msgn1	24	unknown	1					False
tbx16-msgn1|xanthophore|24	tbx16-msgn1	24	xanthophore	8	31.0	-0.0023160041219840773	0.006315700047976564	0.03352062844952418	True
tbx16-msgn1|KA neuron|36	tbx16-msgn1	36	KA neuron	8	44.0	0.0016387246277052036	0.008680483487611733	0.04126023803660942	True
tbx16-msgn1|anterior migratory muscle|36	tbx16-msgn1	36	anterior migratory muscle	8	44.0	-0.004443644225044804	0.017341114740121014	0.06774350819994365	False
tbx16-msgn1|basal cell|36	tbx16-msgn1	36	basal cell	8	44.0	0.025145020088595163	0.0075786979870120464	0.03789348993506023	True
tbx16-msgn1|cardiomyocyte|36	tbx16-msgn1	36	cardiomyocyte	8	44.0	0.00019123717691613834	0.8678674990751795	0.9249976922914284	False
tbx16-msgn1|chondrocranium|36	tbx16-msgn1	36	chondrocranium	1	7.0	1.6131195799457118e-05			False
tbx16-msgn1|connective tissue-meninges-dermal FB|36	tbx16-msgn1	36	connective tissue-meninges-dermal FB	8	44.0	-0.0034122377400153253	0.3333147279851909	0.5122285771187773	False
tbx16-msgn1|contains head vasculature?|36	tbx16-msgn1	36	contains head vasculature?	8	31.0	0.0014079602699926478	0.025879083328780212	0.09006165706578911	False
tbx16-msgn1|cranial muscle (early)|36	tbx16-msgn1	36	cranial muscle (early)	8	44.0	-0.001829948964341411	0.07202276225834318	0.18222608154910006	False
tbx16-msgn1|cranial muscle (mid)|36	tbx16-msgn1	36	cranial muscle (mid)	4	36.0	-0.00031789304226211945	0.004225652094080385	0.024717832891869858	True
tbx16-msgn1|cranial muscle (non-somitic, fast-twitch)|36	tbx16-msgn1	36	cranial muscle (non-somitic, fast-twitch)	8	44.0	-0.0007308672939765563	0.4937419222469046	0.6582895411979697	False
tbx16-msgn1|cranial muscle (progenitor)|36	tbx16-msgn1	36	cranial muscle (progenitor)	8	37.0	0.0012849686404813084	0.09435610980472262	0.2199987191762743	False
tbx16-msgn1|cranial neural crest|36	tbx16-msgn1	36	cranial neural crest	8	44.0	0.0023101030675400343	0.006629908098960835	0.03460780779072643	True
tbx16-msgn1|differentiating neuron (hindbrain)|36	tbx16-msgn1	36	differentiating neuron (hindbrain)	8	44.0	0.0032073056624273427	0.21599134457290833	0.3795986471004961	False
tbx16-msgn1|differentiating neuron 1|36	tbx16-msgn1	36	differentiating neuron 1	8	43.0	0.0016120279441752972	0.3503553664390354	0.5277783274830249	False
tbx16-msgn1|differentiating neuron 2|36	tbx16-msgn1	36	differentiating neuron 2	8	43.0	0.0017613715847870151	0.08205968765943839	0.1990823747707076	False
tbx16-msgn1|dorsal spinal cord neuron|36	tbx16-msgn1	36	dorsal spinal cord neuron	5	26.0	1.1389346296283148e-05	0.8460140536234488	0.9112924925154511	False
tbx16-msgn1|endothelium (dorsal aorta)|36	tbx16-msgn1	36	endothelium (dorsal aorta)	8	44.0	-0.002995983816445059	0.043746323649184106	0.12925492247613535	False
tbx16-msgn1|endothelium (f8+, clic2+)|36	tbx16-msgn1	36	endothelium (f8+, clic2+)	8	44.0	0.00014492808685758504	0.8039247635936314	0.8829795324658724	False
tbx16-msgn1|endothelium (vein + early artery)|36	tbx16-msgn1	36	endothelium (vein + early artery)	8	44.0	-0.00028381574804970874	0.7415218913469113	0.8425808768810235	False
tbx16-msgn1|eye, optic cup|36	tbx16-msgn1	36	eye, optic cup	8	44.0	0.01576702870154021	0.00010806397072835197	0.0015409551190770363	True
tbx16-msgn1|fast-committed myocyte|36	tbx16-msgn1	36	fast-committed myocyte	5	24.0	8.75089354088434e-05	0.6774060735564624	0.7984102477161714	False
tbx16-msgn1|fin bud mesoderm (pectoral)|36	tbx16-msgn1	36	fin bud mesoderm (pectoral)	7	40.0	0.01196272002565792	2.302161278556787e-05	0.00046498059866291333	True
tbx16-msgn1|fin fold|36	tbx16-msgn1	36	fin fold	8	44.0	0.010520466686461866	0.04182527020010298	0.12503350148918332	False
tbx16-msgn1|fin mesenchyme|36	tbx16-msgn1	36	fin mesenchyme	7	30.0	0.001573895305759427	0.0001719672346576187	0.0022183985890606	True
tbx16-msgn1|floor plate|36	tbx16-msgn1	36	floor plate	8	44.0	0.0041049355462689004	0.0007722381183591476	0.006939690061097153	True
tbx16-msgn1|glia|36	tbx16-msgn1	36	glia	8	44.0	0.0005638842815793581	0.17480091581153354	0.3313737486111906	False
tbx16-msgn1|hair cell|36	tbx16-msgn1	36	hair cell	8	39.0	0.0003983851404521031	0.13062530481611484	0.2724435500637423	False
tbx16-msgn1|hatching gland|36	tbx16-msgn1	36	hatching gland	8	44.0	-0.0005103203635327958	0.8210422903474477	0.8945443547071307	False
tbx16-msgn1|head mesenchyme|36	tbx16-msgn1	36	head mesenchyme	8	44.0	-0.0011155655737002251	0.6544630359777226	0.781615182255925	False
tbx16-msgn1|head mesenchyme (maybe ventral, hand2+)|36	tbx16-msgn1	36	head mesenchyme (maybe ventral, hand2+)	8	44.0	-0.0015615208845520603	0.3547642111287792	0.5321463166931688	False
tbx16-msgn1|head mesenchyme/PA cartilage|36	tbx16-msgn1	36	head mesenchyme/PA cartilage	8	43.0	0.0033386809934201813	0.014430621135850103	0.0601577650236662	False
tbx16-msgn1|head/eye connective tissue|36	tbx16-msgn1	36	head/eye connective tissue	8	44.0	0.004374981495037769	0.003803000573493127	0.022603701977515052	True
tbx16-msgn1|hypochord|36	tbx16-msgn1	36	hypochord	8	38.0	0.000743282658714385	0.28622204096241677	0.46313390667972404	False
tbx16-msgn1|hypophysis/locus coeruleus|36	tbx16-msgn1	36	hypophysis/locus coeruleus	6	41.0	0.0003988436694692012	0.09092331848138574	0.2144783284731304	False
tbx16-msgn1|intestine|36	tbx16-msgn1	36	intestine	8	44.0	-0.0010966457376966141	0.45768823008859183	0.6265120603224971	False
tbx16-msgn1|ionocyte/goblet cell|36	tbx16-msgn1	36	ionocyte/goblet cell	8	44.0	0.0028042779485013946	0.0006097738940650248	0.005860410698717156	True
tbx16-msgn1|iridophore|36	tbx16-msgn1	36	iridophore	8	44.0	0.00010312510237994081	0.7450975025665612	0.8447616027893614	False
tbx16-msgn1|jaw chondrocyte|36	tbx16-msgn1	36	jaw chondrocyte	2	7.0	0.00019541685978730002	0.4584917070340108	0.6271659109020223	False
tbx16-msgn1|lens|36	tbx16-msgn1	36	lens	8	43.0	0.004310236092786243	0.06407051722461762	0.16873824045601402	False
tbx16-msgn1|liver|36	tbx16-msgn1	36	liver	5	36.0	-0.00047751611174080984	0.03236838143207167	0.10562949571404782	False
tbx16-msgn1|mature fast muscle|36	tbx16-msgn1	36	mature fast muscle	8	44.0	-0.09925566255604429	9.861830127861146e-21	1.3106372239927463e-17	True
tbx16-msgn1|mature slow muscle|36	tbx16-msgn1	36	mature slow muscle	8	44.0	-0.017215907872990575	7.338344148591738e-08	3.6664132983001575e-06	True
tbx16-msgn1|melanophore|36	tbx16-msgn1	36	melanophore	8	44.0	-0.002509336066711821	8.059321317752108e-05	0.0012283071136803385	True
tbx16-msgn1|mesodermal progenitor cells (contains PSM)|36	tbx16-msgn1	36	mesodermal progenitor cells (contains PSM)	7	12.0	0.00024875600973083093	0.10346179991208226	0.23273651334319115	False
tbx16-msgn1|motor neuron|36	tbx16-msgn1	36	motor neuron	8	43.0	0.0014140939991490057	0.2054171389621156	0.36666948433468954	False
tbx16-msgn1|myeloid cell|36	tbx16-msgn1	36	myeloid cell	8	43.0	-0.0002700757524029388	0.44006029798854684	0.6127253816211862	False
tbx16-msgn1|myoblast|36	tbx16-msgn1	36	myoblast	3	1.0	3.801375688299968e-06			False
tbx16-msgn1|neural crest + pigment cell progenitor|36	tbx16-msgn1	36	neural crest + pigment cell progenitor	6	19.0	0.0001301756264106798	0.46889466201530994	0.6373243379726036	False
tbx16-msgn1|neural progenitor (MHB)|36	tbx16-msgn1	36	neural progenitor (MHB)	8	43.0	0.011125496111214578	0.00019677001764157958	0.002462404458057055	True
tbx16-msgn1|neural progenitor (hindbrain R7/8)|36	tbx16-msgn1	36	neural progenitor (hindbrain R7/8)	8	44.0	0.0038745837535087858	0.12071981965456947	0.2589632070309259	False
tbx16-msgn1|neural progenitor (hindbrain)|36	tbx16-msgn1	36	neural progenitor (hindbrain)	8	43.0	0.009521198306816539	4.293708405696268e-05	0.0007469029412526623	True
tbx16-msgn1|neural progenitor (telencephalon/diencephalon)|36	tbx16-msgn1	36	neural progenitor (telencephalon/diencephalon)	8	44.0	0.006641894380678484	0.012919591843557914	0.05560277707282535	False
tbx16-msgn1|neural tube-like connective tissue (+ taste bud)|36	tbx16-msgn1	36	neural tube-like connective tissue (+ taste bud)	8	44.0	0.005050351240312657	0.06801509674539923	0.17572329621818736	False
tbx16-msgn1|neuromast support cell|36	tbx16-msgn1	36	neuromast support cell	8	44.0	0.0032030258412983	0.11035422957104078	0.243784526429377	False
tbx16-msgn1|neuron (+ spinal cord)|36	tbx16-msgn1	36	neuron (+ spinal cord)	8	42.0	-0.0003641234797341691	0.44936222979854235	0.618862594199236	False
tbx16-msgn1|neuron (cranial ganglia sensory, Rohon-Beard)|36	tbx16-msgn1	36	neuron (cranial ganglia sensory, Rohon-Beard)	8	44.0	0.0032040171817226196	0.07387053845777271	0.18551388059406637	False
tbx16-msgn1|neuron (dopaminergic)|36	tbx16-msgn1	36	neuron (dopaminergic)	7	22.0	0.0002111738349556104	0.3124858264590123	0.4910069323291882	False
tbx16-msgn1|neuron (telencephalon, glutamatergic)|36	tbx16-msgn1	36	neuron (telencephalon, glutamatergic)	8	43.0	0.0014785769312951097	0.19275181687789145	0.35224568033664705	False
tbx16-msgn1|neurons (differentiating, contains peripheral)|36	tbx16-msgn1	36	neurons (differentiating, contains peripheral)	8	44.0	-0.004188883502123784	0.15851527648359873	0.31044326915222914	False
tbx16-msgn1|neurons (gabaergic, glutamatergic)|36	tbx16-msgn1	36	neurons (gabaergic, glutamatergic)	8	44.0	-0.0019400718554630145	0.3324920916208769	0.5119879911844137	False
tbx16-msgn1|neurons (gabaergic, glutamatergic; contains Purkinje)|36	tbx16-msgn1	36	neurons (gabaergic, glutamatergic; contains Purkinje)	8	44.0	0.005543437591157663	0.07810519883592	0.19236806755548125	False
tbx16-msgn1|notochord|36	tbx16-msgn1	36	notochord	8	44.0	0.009258572899789694	0.2304382882718267	0.39897405564520283	False
tbx16-msgn1|olfactory vesicle/bulb|36	tbx16-msgn1	36	olfactory vesicle/bulb	8	43.0	-0.00042127594119989974	0.5566330806105008	0.7114989279708143	False
tbx16-msgn1|pancreas|36	tbx16-msgn1	36	pancreas	4	37.0	-0.00038790247912538246	0.41477044528771695	0.5893158798021677	False
tbx16-msgn1|pectoral fin bud (osteoblast+)|36	tbx16-msgn1	36	pectoral fin bud (osteoblast+)	8	44.0	0.001382272329766867	0.20515342318580712	0.3665402856110467	False
tbx16-msgn1|periderm|36	tbx16-msgn1	36	periderm	8	44.0	-0.03806284098134377	0.07894020320923197	0.19373591646602878	False
tbx16-msgn1|periocular mesenchyme|36	tbx16-msgn1	36	periocular mesenchyme	8	44.0	8.737750711539528e-05	0.8806284317649322	0.9325539329207928	False
tbx16-msgn1|pharyngeal arch (NC-derived)|36	tbx16-msgn1	36	pharyngeal arch (NC-derived)	8	42.0	5.65763107143887e-05	0.907383878342899	0.9484664117651985	False
tbx16-msgn1|pharyngeal arch (contains muscle, early cartilage)|36	tbx16-msgn1	36	pharyngeal arch (contains muscle, early cartilage)	8	44.0	-0.0014342879637343122	0.14482602097024008	0.29189534333523276	False
tbx16-msgn1|pharyngeal arch (early)|36	tbx16-msgn1	36	pharyngeal arch (early)	8	44.0	0.006298357463805804	0.0781535569787722	0.19236832949487995	False
tbx16-msgn1|pharynx|36	tbx16-msgn1	36	pharynx	7	29.0	0.0007621719356454611	0.034119064077232246	0.10915800712239204	False
tbx16-msgn1|posterior lateral line primordium|36	tbx16-msgn1	36	posterior lateral line primordium	8	40.0	0.0020289621120022474	0.044058610545387344	0.12977369994419277	False
tbx16-msgn1|posterior spinal cord progenitors|36	tbx16-msgn1	36	posterior spinal cord progenitors	8	43.0	0.008283980721658316	0.0009791316664014282	0.008297323346113274	True
tbx16-msgn1|primordial germ cell|36	tbx16-msgn1	36	primordial germ cell	6	34.0	-0.0002487159480062892	0.12119393984936808	0.2596175790777082	False
tbx16-msgn1|pronephric duct|36	tbx16-msgn1	36	pronephric duct	6	31.0	0.00020058107070055177	0.6733666601962209	0.795611923364845	False
tbx16-msgn1|pronephric podocyte|36	tbx16-msgn1	36	pronephric podocyte	6	27.0	0.00033174778521294444	0.33090691064455047	0.5111288752285071	False
tbx16-msgn1|pronephros distal tubule|36	tbx16-msgn1	36	pronephros distal tubule	8	44.0	0.0018219308217045527	0.30170480187324766	0.48054936984756	False
tbx16-msgn1|pronephros proximal tubule|36	tbx16-msgn1	36	pronephros proximal tubule	8	44.0	-0.0009541367388213821	0.2537500883240906	0.42551627647085616	False
tbx16-msgn1|red blood cell|36	tbx16-msgn1	36	red blood cell	2	39.0	-0.0009077129850742731	1.8093566591321536e-08	1.1342617924465246e-06	True
tbx16-msgn1|retinal neuron|36	tbx16-msgn1	36	retinal neuron	8	44.0	-0.0028413241946268555	0.3382540573222653	0.5163561247200673	False
tbx16-msgn1|retinal pigmented epithelium (early)|36	tbx16-msgn1	36	retinal pigmented epithelium (early)	8	43.0	0.002701972698852065	0.0032646191348336324	0.020105091891537988	True
tbx16-msgn1|roof plate, flexural + subcommissural organ|36	tbx16-msgn1	36	roof plate, flexural + subcommissural organ	8	43.0	0.0017854894350314778	0.037064034901519625	0.11562934831952953	False
tbx16-msgn1|satellite cells|36	tbx16-msgn1	36	satellite cells	1	22.0	-8.625915645799997e-05			False
tbx16-msgn1|support cells/otic vesicle|36	tbx16-msgn1	36	support cells/otic vesicle	8	44.0	0.003890795285568018	0.019574078410330677	0.07356886370851094	False
tbx16-msgn1|thyroid follicle cell|36	tbx16-msgn1	36	thyroid follicle cell	6	29.0	-0.0002988179527104398	0.35359827419421497	0.5308767582513688	False
tbx16-msgn1|unknown|36	tbx16-msgn1	36	unknown	5					False
tbx16-msgn1|unknown (dcn+, col6+)|36	tbx16-msgn1	36	unknown (dcn+, col6+)	4	33.0	-0.0005153855533910423	0.03434102904565995	0.10981527334379709	False
tbx16-msgn1|xanthophore|36	tbx16-msgn1	36	xanthophore	8	44.0	-0.0009711458431259836	0.08350156804697373	0.20140396358335405	False
tbx16-mut|KA neuron|18	tbx16-mut	18	KA neuron	4	17.0	0.00021486539695870295	0.49852857775239234	0.6625444798329294	False
tbx16-mut|anterior migratory muscle|18	tbx16-mut	18	anterior migratory muscle	4	23.0	-0.011255702998248778	1.7020795013041402e-12	2.865391452954003e-10	True
tbx16-mut|cardiomyocyte|18	tbx16-mut	18	cardiomyocyte	4	23.0	-0.001263270584553394	0.08992056326917847	0.21271703201270592	False
tbx16-mut|connective tissue-meninges-dermal FB|18	tbx16-mut	18	connective tissue-meninges-dermal FB	4	23.0	0.00163065382164021	0.7073926512975076	0.8201489448733739	False
tbx16-mut|contains head vasculature?|18	tbx16-mut	18	contains head vasculature?	4	23.0	0.004285420629945124	0.19203169453357063	0.3517228804232571	False
tbx16-mut|cranial muscle (early)|18	tbx16-mut	18	cranial muscle (early)	2	5.0	-0.00026284922635940003	0.16046020066729746	0.3125939705172066	False
tbx16-mut|cranial muscle (non-somitic, fast-twitch)|18	tbx16-mut	18	cranial muscle (non-somitic, fast-twitch)	4	22.0	-0.00048389767023903404	0.6461280645416347	0.7759407700592152	False
tbx16-mut|cranial muscle (progenitor)|18	tbx16-mut	18	cranial muscle (progenitor)	4	23.0	0.00018558782799413254	0.9169002695773102	0.9542368506407558	False
tbx16-mut|cranial neural crest|18	tbx16-mut	18	cranial neural crest	4	23.0	-0.002009637168871959	0.006603815552344538	0.03455303491758225	True
tbx16-mut|differentiating neuron (hindbrain)|18	tbx16-mut	18	differentiating neuron (hindbrain)	4	23.0	0.0026163680531617927	0.0036522284720303506	0.021967792847081377	True
tbx16-mut|differentiating neuron 1|18	tbx16-mut	18	differentiating neuron 1	4	23.0	0.007675859527259278	0.0033741338895596253	0.020664626448040287	True
tbx16-mut|differentiating neuron 2|18	tbx16-mut	18	differentiating neuron 2	4	23.0	0.0010349198497682927	0.21474193181771348	0.3782030577600599	False
tbx16-mut|dorsal spinal cord neuron|18	tbx16-mut	18	dorsal spinal cord neuron	2	8.0	-0.00011534776245416254	0.06510500050630907	0.17059255850332167	False
tbx16-mut|endothelium (dorsal aorta)|18	tbx16-mut	18	endothelium (dorsal aorta)	4	23.0	-0.0026789369250487054	7.497918472534845e-07	2.7834451536309524e-05	True
tbx16-mut|endothelium (f8+, clic2+)|18	tbx16-mut	18	endothelium (f8+, clic2+)	3	18.0	-0.0008187544685478609	0.058396299629686566	0.15888246964602828	False
tbx16-mut|endothelium (vein + early artery)|18	tbx16-mut	18	endothelium (vein + early artery)	4	23.0	0.003184996463483792	0.1889021850328141	0.3480219589007382	False
tbx16-mut|enveloping layer (EVL)|18	tbx16-mut	18	enveloping layer (EVL)	1	8.0	-0.0011576069047843749			False
tbx16-mut|eye, optic cup|18	tbx16-mut	18	eye, optic cup	4	23.0	0.016585453514256242	0.05550071939823336	0.15334814153898574	False
tbx16-mut|fast-committed myocyte|18	tbx16-mut	18	fast-committed myocyte	4	23.0	-0.05795375328250583	1.6410550224331335e-17	6.4145944847459836e-15	True
tbx16-mut|fin mesenchyme|18	tbx16-mut	18	fin mesenchyme	4	23.0	0.006533217133434081	0.12476260307706757	0.2643646356655338	False
tbx16-mut|floor plate|18	tbx16-mut	18	floor plate	4	23.0	0.00267182340525205	0.11382548331814632	0.24962717381157834	False
tbx16-mut|glia|18	tbx16-mut	18	glia	2	13.0	0.00045362127928204625	0.6721146977569263	0.7946978944118819	False
tbx16-mut|hair cell|18	tbx16-mut	18	hair cell	2	11.0	6.3385712304773545e-06	0.9872528345020574	0.9932316556042652	False
tbx16-mut|hatching gland|18	tbx16-mut	18	hatching gland	4	23.0	-0.0010493990657740116	0.22393484610059475	0.39005165198910935	False
tbx16-mut|head mesenchyme|18	tbx16-mut	18	head mesenchyme	4	23.0	-0.007300393848466541	1.2559324745423665e-08	8.429971003367702e-07	True
tbx16-mut|head mesenchyme (maybe ventral, hand2+)|18	tbx16-mut	18	head mesenchyme (maybe ventral, hand2+)	4	23.0	-0.01062640886036644	1.3066412457333021e-05	0.00029432647721687433	True
tbx16-mut|head mesenchyme/PA cartilage|18	tbx16-mut	18	head mesenchyme/PA cartilage	4	23.0	-0.0025313591377206235	0.021337586264608556	0.07824959201342375	False
tbx16-mut|head/eye connective tissue|18	tbx16-mut	18	head/eye connective tissue	4	23.0	0.0097535541175508	0.0014159348072568067	0.010889915271089677	True
tbx16-mut|hypochord|18	tbx16-mut	18	hypochord	4	22.0	-0.0010390281605718137	0.1206899998707115	0.2589632070309259	False
tbx16-mut|hypophysis/locus coeruleus|18	tbx16-mut	18	hypophysis/locus coeruleus	3	9.0	-0.0002818085798472668	0.34556934292680097	0.5234347580917694	False
tbx16-mut|intestine|18	tbx16-mut	18	intestine	4	23.0	-0.005179568662991148	3.4619561494294426e-09	2.9493203349946984e-07	True
tbx16-mut|ionocyte/goblet cell|18	tbx16-mut	18	ionocyte/goblet cell	4	23.0	0.008384215145156124	0.027577175626399462	0.09410960579327554	False
tbx16-mut|lens|18	tbx16-mut	18	lens	4	23.0	0.00595747396149247	0.22326513333526762	0.38929331173257764	False
tbx16-mut|liver|18	tbx16-mut	18	liver	1	1.0	-5.030319619199995e-05			False
tbx16-mut|mature fast muscle|18	tbx16-mut	18	mature fast muscle	4	23.0	-0.013375217245506499	0.0007095265599613121	0.006494220373199613	True
tbx16-mut|mature slow muscle|18	tbx16-mut	18	mature slow muscle	4	23.0	-0.03557472440050361	2.369393378180058e-12	3.840150975123533e-10	True
tbx16-mut|mesodermal progenitor cells (contains PSM)|18	tbx16-mut	18	mesodermal progenitor cells (contains PSM)	4	23.0	0.08403139944683474	3.3386948435413994e-08	1.8801379012993727e-06	True
tbx16-mut|motor neuron|18	tbx16-mut	18	motor neuron	4	22.0	-0.0006277113985347408	0.5624389596183581	0.7155670853272046	False
tbx16-mut|myeloid cell|18	tbx16-mut	18	myeloid cell	4	23.0	-0.0020486398676565205	0.0061841892151297505	0.033007178581957584	True
tbx16-mut|myoblast|18	tbx16-mut	18	myoblast	4	23.0	0.0025577080270024026	0.4018426511408072	0.5768512458048528	False
tbx16-mut|neural crest + pigment cell progenitor|18	tbx16-mut	18	neural crest + pigment cell progenitor	4	23.0	-0.002387908032195409	0.02458214079981116	0.0867029329165314	False
tbx16-mut|neural progenitor (MHB)|18	tbx16-mut	18	neural progenitor (MHB)	4	23.0	0.0011770183337502169	0.7144031450320596	0.8242105178705643	False
tbx16-mut|neural progenitor (hindbrain R7/8)|18	tbx16-mut	18	neural progenitor (hindbrain R7/8)	4	23.0	0.0025547801764980865	0.5643356683433354	0.7164731321192168	False
tbx16-mut|neural progenitor (hindbrain)|18	tbx16-mut	18	neural progenitor (hindbrain)	4	23.0	0.021384087052658693	0.04760585147444273	0.13664832961022547	False
tbx16-mut|neural progenitor (telencephalon/diencephalon)|18	tbx16-mut	18	neural progenitor (telencephalon/diencephalon)	4	23.0	0.011420087485633446	0.15602308902555656	0.30691930922878136	False
tbx16-mut|neural tube-like connective tissue (+ taste bud)|18	tbx16-mut	18	neural tube-like connective tissue (+ taste bud)	4	23.0	-0.002071188003561788	0.28452301053397266	0.46102301999469597	False
tbx16-mut|neuromast support cell|18	tbx16-mut	18	neuromast support cell	4	23.0	-0.000774249468141361	0.35649180209614034	0.533653531184693	False
tbx16-mut|neuron (+ spinal cord)|18	tbx16-mut	18	neuron (+ spinal cord)	2	22.0	-0.00033254090236394104	0.3203323809705396	0.499438918711693	False
tbx16-mut|neuron (cranial ganglia sensory, Rohon-Beard)|18	tbx16-mut	18	neuron (cranial ganglia sensory, Rohon-Beard)	4	23.0	0.000424701392714456	0.7167194348640584	0.8258367686269583	False
tbx16-mut|neuron (telencephalon, glutamatergic)|18	tbx16-mut	18	neuron (telencephalon, glutamatergic)	3	15.0	-0.00043956936340636	0.12058265003440616	0.25889231324026785	False
tbx16-mut|neurons (differentiating, contains peripheral)|18	tbx16-mut	18	neurons (differentiating, contains peripheral)	4	23.0	-0.0010427164870086564	0.1630341200115677	0.31621766709774296	False
tbx16-mut|neurons (gabaergic, glutamatergic)|18	tbx16-mut	18	neurons (gabaergic, glutamatergic)	4	23.0	-0.0019075298006278316	0.003249059146031673	0.020046423421894582	True
tbx16-mut|neurons (gabaergic, glutamatergic; contains Purkinje)|18	tbx16-mut	18	neurons (gabaergic, glutamatergic; contains Purkinje)	4	21.0	-0.000894350375886031	0.05779575850248947	0.15772189537948358	False
tbx16-mut|notochord|18	tbx16-mut	18	notochord	4	23.0	-0.006947970901671673	0.02874185776909133	0.09680164464045206	False
tbx16-mut|olfactory vesicle/bulb|18	tbx16-mut	18	olfactory vesicle/bulb	4	23.0	0.0007427903525707622	0.5466236195030256	0.7027111533367393	False
tbx16-mut|pancreas|18	tbx16-mut	18	pancreas	2	15.0	-0.0002627889002533934	0.026234579348266878	0.09085883666264168	False
tbx16-mut|pectoral fin bud (osteoblast+)|18	tbx16-mut	18	pectoral fin bud (osteoblast+)	4	23.0	0.0021240347200088706	0.42792792472133845	0.6025812798841479	False
tbx16-mut|periderm|18	tbx16-mut	18	periderm	4	23.0	-0.011704369828414538	0.5566716217487229	0.7114989279708143	False
tbx16-mut|pharyngeal arch (NC-derived)|18	tbx16-mut	18	pharyngeal arch (NC-derived)	4	23.0	-0.0007992651528412123	0.6297608485627955	0.7643323645080902	False
tbx16-mut|pharyngeal arch (contains muscle, early cartilage)|18	tbx16-mut	18	pharyngeal arch (contains muscle, early cartilage)	2	20.0	-0.000877265948625075	4.8158668243866155e-05	0.0008163631389808434	True
tbx16-mut|pharyngeal arch (early)|18	tbx16-mut	18	pharyngeal arch (early)	4	23.0	-0.00015233618755732328	0.890182431138455	0.9387346641005121	False
tbx16-mut|pharynx|18	tbx16-mut	18	pharynx	4	23.0	0.0004938124608018604	0.44795881293692336	0.6180321200564788	False
tbx16-mut|posterior lateral line primordium|18	tbx16-mut	18	posterior lateral line primordium	4	23.0	0.0007159750344748364	0.47677055179726213	0.643970146417989	False
tbx16-mut|posterior spinal cord progenitors|18	tbx16-mut	18	posterior spinal cord progenitors	4	23.0	0.011033845320899002	0.01229676586564752	0.05351146638980207	False
tbx16-mut|primordial germ cell|18	tbx16-mut	18	primordial germ cell	4	21.0	-0.0007949893178097879	0.06272935612919533	0.16693495053203966	False
tbx16-mut|pronephric duct|18	tbx16-mut	18	pronephric duct	4	16.0	0.00037810532297111264	0.6501258014726291	0.778393865006418	False
tbx16-mut|pronephros distal tubule|18	tbx16-mut	18	pronephros distal tubule	4	22.0	-0.0009550099556296472	0.19234881320189579	0.3519157113784685	False
tbx16-mut|pronephros proximal tubule|18	tbx16-mut	18	pronephros proximal tubule	4	23.0	-0.002519245494703899	0.0490716189188701	0.1397689274393021	False
tbx16-mut|red blood cell|18	tbx16-mut	18	red blood cell	3	21.0	-0.007848494709549434	2.036826836315501e-08	1.2629589024705275e-06	True
tbx16-mut|retinal neuron|18	tbx16-mut	18	retinal neuron	4	23.0	-0.0032356109695539917	0.018308065517452007	0.07022274100443882	False
tbx16-mut|retinal pigmented epithelium (early)|18	tbx16-mut	18	retinal pigmented epithelium (early)	4	23.0	0.0007213397569614238	0.42077401196490977	0.5947762836645024	False
tbx16-mut|roof plate, flexural + subcommissural organ|18	tbx16-mut	18	roof plate, flexural + subcommissural organ	4	19.0	-0.0009149408067480554	0.002574310441395996	0.017021186948334717	True
tbx16-mut|satellite cells|18	tbx16-mut	18	satellite cells	3	22.0	-0.002907229730537735	2.263503068595559e-05	0.0004599687428384553	True
tbx16-mut|slow-committed myocyte|18	tbx16-mut	18	slow-committed myocyte	4	23.0	-0.0033594161981473306	0.13603575765072845	0.2798457578468494	False
tbx16-mut|support cells/otic vesicle|18	tbx16-mut	18	support cells/otic vesicle	4	23.0	0.0005344913486400663	0.8017742798668501	0.8815006766570516	False
tbx16-mut|thyroid follicle cell|18	tbx16-mut	18	thyroid follicle cell	2	12.0	-0.002733850036618617	0.003122532462960179	0.019587625311695615	True
tbx16-mut|unknown|18	tbx16-mut	18	unknown	2					False
tbx16-mut|xanthophore|18	tbx16-mut	18	xanthophore	4	19.0	-0.0015053052764894656	0.21544130840698386	0.37893263482382417	False
tbx16-mut|KA neuron|24	tbx16-mut	24	KA neuron	4	31.0	0.0010520200041383703	0.006487316323246924	0.03405285771910449	True
tbx16-mut|anterior migratory muscle|24	tbx16-mut	24	anterior migratory muscle	4	32.0	-0.0069740423224788056	0.008024892789549671	0.039037637325444775	True
tbx16-mut|basal cell|24	tbx16-mut	24	basal cell	4	23.0	0.0014714761177722446	0.13861196426331496	0.28338333458043363	False
tbx16-mut|cardiomyocyte|24	tbx16-mut	24	cardiomyocyte	4	32.0	-0.0004721759257275502	0.41218706078734	0.5868830124130865	False
tbx16-mut|connective tissue-meninges-dermal FB|24	tbx16-mut	24	connective tissue-meninges-dermal FB	4	32.0	0.020349649412170358	0.11824528374557113	0.25619168910639717	False
tbx16-mut|contains head vasculature?|24	tbx16-mut	24	contains head vasculature?	4	32.0	0.004973947146655519	0.10067753446115404	0.22932893520886657	False
tbx16-mut|cranial muscle (early)|24	tbx16-mut	24	cranial muscle (early)	3	22.0	-0.0003320063178531515	0.051732931836665	0.14535532010766974	False
tbx16-mut|cranial muscle (mid)|24	tbx16-mut	24	cranial muscle (mid)	2	5.0	0.00035508555846507995	0.09355474047865125	0.2190331028857555	False
tbx16-mut|cranial muscle (non-somitic, fast-twitch)|24	tbx16-mut	24	cranial muscle (non-somitic, fast-twitch)	4	32.0	0.000480761492985178	0.3817001989969443	0.5578721928026353	False
tbx16-mut|cranial muscle (progenitor)|24	tbx16-mut	24	cranial muscle (progenitor)	4	32.0	0.0019693047693782138	0.1944404882544912	0.3539882313564641	False
tbx16-mut|cranial neural crest|24	tbx16-mut	24	cranial neural crest	4	32.0	0.0009885671461261373	0.0275935963640619	0.09410960579327554	False
tbx16-mut|differentiating neuron (hindbrain)|24	tbx16-mut	24	differentiating neuron (hindbrain)	4	32.0	4.802567014728677e-05	0.9811471729619463	0.9907976917425363	False
tbx16-mut|differentiating neuron 1|24	tbx16-mut	24	differentiating neuron 1	4	32.0	0.007019481975763599	0.17364859063090668	0.3300508677869859	False
tbx16-mut|differentiating neuron 2|24	tbx16-mut	24	differentiating neuron 2	4	32.0	0.0024151823944984032	0.19171001593267464	0.3513273733791018	False
tbx16-mut|endothelium (dorsal aorta)|24	tbx16-mut	24	endothelium (dorsal aorta)	4	32.0	-0.0012250789336627718	0.2961029145666485	0.47457883919328975	False
tbx16-mut|endothelium (f8+, clic2+)|24	tbx16-mut	24	endothelium (f8+, clic2+)	4	31.0	1.1574374521705622e-05	0.9801907361678028	0.9907976917425363	False
tbx16-mut|endothelium (vein + early artery)|24	tbx16-mut	24	endothelium (vein + early artery)	4	32.0	0.00016186859073533122	0.8690976767149282	0.9255087607890856	False
tbx16-mut|eye, optic cup|24	tbx16-mut	24	eye, optic cup	4	32.0	0.00449943711637682	0.4085503053455936	0.5829540002193407	False
tbx16-mut|fast-committed myocyte|24	tbx16-mut	24	fast-committed myocyte	4	32.0	-0.022133198316668892	0.00019919541474559664	0.002478751930682565	True
tbx16-mut|fin bud mesoderm (pectoral)|24	tbx16-mut	24	fin bud mesoderm (pectoral)	4	2.0	0.0011287993831641252	0.03772008084769091	0.11687830468620444	False
tbx16-mut|fin fold|24	tbx16-mut	24	fin fold	3	11.0	-0.0002498965613506456	0.17991782164156367	0.33753639887300696	False
tbx16-mut|fin mesenchyme|24	tbx16-mut	24	fin mesenchyme	4	32.0	0.01660234180728623	0.03971401983139798	0.12125156869201241	False
tbx16-mut|floor plate|24	tbx16-mut	24	floor plate	4	32.0	0.0057996004420327926	0.034848378649512055	0.11095710403737787	False
tbx16-mut|glia|24	tbx16-mut	24	glia	3	28.0	9.535485167528343e-05	0.6003968222946382	0.7432259471214364	False
tbx16-mut|hair cell|24	tbx16-mut	24	hair cell	3	23.0	0.0003889085788630059	0.1907595540948723	0.3504128670589402	False
tbx16-mut|hatching gland|24	tbx16-mut	24	hatching gland	4	32.0	0.0010282958936779843	0.7188310301449734	0.8276957538231413	False
tbx16-mut|head mesenchyme|24	tbx16-mut	24	head mesenchyme	4	32.0	-0.0048278657450489745	0.0160239035245413	0.06449354265328706	False
tbx16-mut|head mesenchyme (maybe ventral, hand2+)|24	tbx16-mut	24	head mesenchyme (maybe ventral, hand2+)	4	32.0	-0.003042519279505135	0.11302085952160479	0.2481902219170733	False
tbx16-mut|head mesenchyme/PA cartilage|24	tbx16-mut	24	head mesenchyme/PA cartilage	4	32.0	-0.0012331436337557032	0.5716475077419965	0.7213440351206925	False
tbx16-mut|head/eye connective tissue|24	tbx16-mut	24	head/eye connective tissue	4	32.0	0.01572814955864972	0.001946454873068575	0.01371600491149595	True
tbx16-mut|hypochord|24	tbx16-mut	24	hypochord	3	32.0	-0.001271315814975298	0.0003319047721362701	0.0036881391485710955	True
tbx16-mut|hypophysis/locus coeruleus|24	tbx16-mut	24	hypophysis/locus coeruleus	3	22.0	1.3453521029951573e-05	0.9690514540663664	0.9842436062576078	False
tbx16-mut|intestine|24	tbx16-mut	24	intestine	4	32.0	-0.004882657783070288	8.937752464100173e-07	3.245429788193752e-05	True
tbx16-mut|ionocyte/goblet cell|24	tbx16-mut	24	ionocyte/goblet cell	4	32.0	0.0074786229156755465	0.027941019522882943	0.09482537013766965	False
tbx16-mut|iridophore|24	tbx16-mut	24	iridophore	4	24.0	-0.0005095062663507041	0.0075844564417405225	0.03789376921456073	True
tbx16-mut|lens|24	tbx16-mut	24	lens	4	32.0	0.006686707870741536	0.1775688401142453	0.33453455650069686	False
tbx16-mut|mature fast muscle|24	tbx16-mut	24	mature fast muscle	4	32.0	-0.06481643074956545	1.5890941833908125e-20	1.6230327894267193e-17	True
tbx16-mut|mature slow muscle|24	tbx16-mut	24	mature slow muscle	4	32.0	-0.02998509109441764	0.0011078389329979884	0.009155272682990502	True
tbx16-mut|melanophore|24	tbx16-mut	24	melanophore	4	32.0	-0.0026948245857811776	0.05434500134117373	0.15109729452389098	False
tbx16-mut|mesodermal progenitor cells (contains PSM)|24	tbx16-mut	24	mesodermal progenitor cells (contains PSM)	4	32.0	0.05685021392556042	0.009771353482669127	0.04502818577831924	True
tbx16-mut|motor neuron|24	tbx16-mut	24	motor neuron	4	32.0	0.0018838762889484971	0.04399775113958397	0.12965190967739934	False
tbx16-mut|myeloid cell|24	tbx16-mut	24	myeloid cell	4	32.0	-0.001199708618724731	0.3356008972741797	0.5144644518054668	False
tbx16-mut|myoblast|24	tbx16-mut	24	myoblast	4	32.0	0.008792650079794448	0.1010845475814522	0.22994925517148757	False
tbx16-mut|neural crest + pigment cell progenitor|24	tbx16-mut	24	neural crest + pigment cell progenitor	4	32.0	-0.0014412596366618312	0.10299937932002995	0.2322357297566422	False
tbx16-mut|neural progenitor (MHB)|24	tbx16-mut	24	neural progenitor (MHB)	4	32.0	-0.0005594622709946262	0.8595186083621764	0.919931112871197	False
tbx16-mut|neural progenitor (hindbrain R7/8)|24	tbx16-mut	24	neural progenitor (hindbrain R7/8)	4	32.0	-0.0014349977921201164	0.8055794235012499	0.8836373834872574	False
tbx16-mut|neural progenitor (hindbrain)|24	tbx16-mut	24	neural progenitor (hindbrain)	4	32.0	-0.003080082344070298	0.7394568247145286	0.841385376751377	False
tbx16-mut|neural progenitor (telencephalon/diencephalon)|24	tbx16-mut	24	neural progenitor (telencephalon/diencephalon)	4	32.0	-0.005411235890165369	0.3346314483536919	0.5134209130247709	False
tbx16-mut|neural tube-like connective tissue (+ taste bud)|24	tbx16-mut	24	neural tube-like connective tissue (+ taste bud)	4	32.0	-0.0004986070557934479	0.7903145481967255	0.8760597047157335	False
tbx16-mut|neuromast support cell|24	tbx16-mut	24	neuromast support cell	4	32.0	-0.0008791779915575003	0.3120570219008127	0.4907973752735859	False
tbx16-mut|neuron (+ spinal cord)|24	tbx16-mut	24	neuron (+ spinal cord)	2	30.0	-0.0006271358950071899	0.42704211755415733	0.6017164697089431	False
tbx16-mut|neuron (cranial ganglia sensory, Rohon-Beard)|24	tbx16-mut	24	neuron (cranial ganglia sensory, Rohon-Beard)	4	32.0	0.004165826567317961	0.1963804477047494	0.3561539505999072	False
tbx16-mut|neuron (dopaminergic)|24	tbx16-mut	24	neuron (dopaminergic)	2	10.0	9.927404598833998e-05	0.6659974332066223	0.7902509424284654	False
tbx16-mut|neuron (telencephalon, glutamatergic)|24	tbx16-mut	24	neuron (telencephalon, glutamatergic)	4	29.0	0.0013492548904929518	0.027645127070184468	0.09420608686224399	False
tbx16-mut|neurons (differentiating, contains peripheral)|24	tbx16-mut	24	neurons (differentiating, contains peripheral)	4	32.0	0.005361062647540276	0.021496545958617125	0.07865889201267115	False
tbx16-mut|neurons (gabaergic, glutamatergic)|24	tbx16-mut	24	neurons (gabaergic, glutamatergic)	4	31.0	0.0010324185967461779	0.18525687139441147	0.3434798857187121	False
tbx16-mut|neurons (gabaergic, glutamatergic; contains Purkinje)|24	tbx16-mut	24	neurons (gabaergic, glutamatergic; contains Purkinje)	4	31.0	0.0018201184532121344	0.3509553370109785	0.5281019507332319	False
tbx16-mut|notochord|24	tbx16-mut	24	notochord	4	32.0	0.0009093439087846898	0.7562036770978378	0.8514018018155086	False
tbx16-mut|olfactory vesicle/bulb|24	tbx16-mut	24	olfactory vesicle/bulb	4	32.0	-0.00022524789082121284	0.6081755887930129	0.7490874490323579	False
tbx16-mut|pancreas|24	tbx16-mut	24	pancreas	2	27.0	-0.0005955938571083389	2.1523737204731584e-06	6.84331261844217e-05	True
tbx16-mut|pectoral fin bud (osteoblast+)|24	tbx16-mut	24	pectoral fin bud (osteoblast+)	4	32.0	0.01212096118824189	0.016509428172929514	0.06596822020993183	False
tbx16-mut|periderm|24	tbx16-mut	24	periderm	4	32.0	-0.031499587663490605	0.13804157082394658	0.2826768068182203	False
tbx16-mut|periocular mesenchyme|24	tbx16-mut	24	periocular mesenchyme	3	8.0	0.0004425147978024083	0.2706083975305347	0.44511075608470974	False
tbx16-mut|pharyngeal arch (NC-derived)|24	tbx16-mut	24	pharyngeal arch (NC-derived)	4	32.0	-0.0003794440367130905	0.9108732330795066	0.9508477778756337	False
tbx16-mut|pharyngeal arch (contains muscle, early cartilage)|24	tbx16-mut	24	pharyngeal arch (contains muscle, early cartilage)	4	30.0	0.0001482465753409564	0.5217339018795676	0.6825992868654709	False
tbx16-mut|pharyngeal arch (early)|24	tbx16-mut	24	pharyngeal arch (early)	4	32.0	0.003439250196273641	0.01854757210373255	0.07079185331953061	False
tbx16-mut|pharynx|24	tbx16-mut	24	pharynx	4	31.0	0.001259570921287042	0.06329887366381316	0.16784557681406165	False
tbx16-mut|posterior lateral line primordium|24	tbx16-mut	24	posterior lateral line primordium	4	31.0	0.0014671050387786845	0.35942089383356507	0.5363466965021424	False
tbx16-mut|posterior spinal cord progenitors|24	tbx16-mut	24	posterior spinal cord progenitors	4	32.0	0.004120309484473887	0.002223597199109845	0.01512364727541957	True
tbx16-mut|primordial germ cell|24	tbx16-mut	24	primordial germ cell	2	27.0	0.0007824246284410779	0.5465337789611061	0.7027111533367393	False
tbx16-mut|pronephric duct|24	tbx16-mut	24	pronephric duct	3	23.0	-0.0004783381112823783	0.1303509664304072	0.27207631887979195	False
tbx16-mut|pronephros distal tubule|24	tbx16-mut	24	pronephros distal tubule	4	32.0	0.003136865203162635	0.09745362423519292	0.22446424022282738	False
tbx16-mut|pronephros proximal tubule|24	tbx16-mut	24	pronephros proximal tubule	4	32.0	-0.0035076380699293466	0.0020275495721152905	0.014130528304907975	True
tbx16-mut|red blood cell|24	tbx16-mut	24	red blood cell	1	31.0	-0.005132251116663658			False
tbx16-mut|retinal neuron|24	tbx16-mut	24	retinal neuron	4	30.0	-0.0018556721257779497	0.12888080195018659	0.27016180724258354	False
tbx16-mut|retinal pigmented epithelium (early)|24	tbx16-mut	24	retinal pigmented epithelium (early)	4	31.0	0.0016870155568798092	0.13429674217444804	0.2778337022880471	False
tbx16-mut|roof plate, flexural + subcommissural organ|24	tbx16-mut	24	roof plate, flexural + subcommissural organ	3	31.0	-0.00035799422092228257	0.6878729843763328	0.8067436012153503	False
tbx16-mut|satellite cells|24	tbx16-mut	24	satellite cells	3	32.0	-0.0010856278293577039	0.11006489717928368	0.24322621940683076	False
tbx16-mut|slow-committed myocyte|24	tbx16-mut	24	slow-committed myocyte	4	31.0	-0.0007146254583669429	0.5676982251227629	0.7188175887844436	False
tbx16-mut|support cells/otic vesicle|24	tbx16-mut	24	support cells/otic vesicle	4	32.0	-0.0022928604433290305	0.09110636794442428	0.21477685038023733	False
tbx16-mut|xanthophore|24	tbx16-mut	24	xanthophore	4	31.0	-0.002521155058585865	0.03610326721979244	0.11339823013375354	False
tbx16-tbx16l|KA neuron|18	tbx16-tbx16l	18	KA neuron	4	17.0	-0.00013751963950567195	0.8304813029732094	0.9006933667793335	False
tbx16-tbx16l|anterior migratory muscle|18	tbx16-tbx16l	18	anterior migratory muscle	8	23.0	-0.012344344005948152	3.0369546391844043e-13	6.972287322945365e-11	True
tbx16-tbx16l|basal cell|18	tbx16-tbx16l	18	basal cell	3	14.0	0.00042657107747209996	0.2739786561394026	0.44848619761117087	False
tbx16-tbx16l|cardiomyocyte|18	tbx16-tbx16l	18	cardiomyocyte	8	23.0	-0.0011284419744680054	0.0610723237151369	0.16390371207071272	False
tbx16-tbx16l|connective tissue-meninges-dermal FB|18	tbx16-tbx16l	18	connective tissue-meninges-dermal FB	8	23.0	-0.002402536313846189	0.2588306670396185	0.43149266996444174	False
tbx16-tbx16l|contains head vasculature?|18	tbx16-tbx16l	18	contains head vasculature?	8	23.0	0.0025606408527815098	0.09066091066892205	0.21401127935878758	False
tbx16-tbx16l|cranial muscle (early)|18	tbx16-tbx16l	18	cranial muscle (early)	1	5.0	-0.0002810382197606			False
tbx16-tbx16l|cranial muscle (mid)|18	tbx16-tbx16l	18	cranial muscle (mid)	1	7.0	0.0001267668939000429			False
tbx16-tbx16l|cranial muscle (non-somitic, fast-twitch)|18	tbx16-tbx16l	18	cranial muscle (non-somitic, fast-twitch)	8	22.0	-0.0014462551276765842	0.011004279472842547	0.04944113393985038	True
tbx16-tbx16l|cranial muscle (progenitor)|18	tbx16-tbx16l	18	cranial muscle (progenitor)	8	23.0	0.003457767708371768	0.14176810538761955	0.2878252621666682	False
tbx16-tbx16l|cranial neural crest|18	tbx16-tbx16l	18	cranial neural crest	8	23.0	-0.002120555777579334	0.008508432683039508	0.04061676377787179	True
tbx16-tbx16l|differentiating neuron (hindbrain)|18	tbx16-tbx16l	18	differentiating neuron (hindbrain)	8	23.0	-0.0012917313305583571	0.02837274647512545	0.0958012704914678	False
tbx16-tbx16l|differentiating neuron 1|18	tbx16-tbx16l	18	differentiating neuron 1	8	23.0	0.003653098078503154	0.007675107397757656	0.038060513923954944	True
tbx16-tbx16l|differentiating neuron 2|18	tbx16-tbx16l	18	differentiating neuron 2	8	23.0	0.000948716664261755	0.06076614646580336	0.16327983957349912	False
tbx16-tbx16l|dorsal spinal cord neuron|18	tbx16-tbx16l	18	dorsal spinal cord neuron	7	8.0	9.254575560780883e-05	0.4124503971564516	0.587025191216026	False
tbx16-tbx16l|endothelium (dorsal aorta)|18	tbx16-tbx16l	18	endothelium (dorsal aorta)	7	23.0	-0.0007008662645751592	0.3201367282893266	0.49925101137821526	False
tbx16-tbx16l|endothelium (f8+, clic2+)|18	tbx16-tbx16l	18	endothelium (f8+, clic2+)	8	18.0	-0.0001727707925231693	0.6449241284039127	0.7750987218744799	False
tbx16-tbx16l|endothelium (vein + early artery)|18	tbx16-tbx16l	18	endothelium (vein + early artery)	8	23.0	0.0019443839798280182	0.4856654649626657	0.6514426755504469	False
tbx16-tbx16l|enveloping layer (EVL)|18	tbx16-tbx16l	18	enveloping layer (EVL)	1	8.0	-0.000994509982039475			False
tbx16-tbx16l|eye, optic cup|18	tbx16-tbx16l	18	eye, optic cup	8	23.0	0.006233957778883574	0.03782648995069427	0.11712815737295593	False
tbx16-tbx16l|fast-committed myocyte|18	tbx16-tbx16l	18	fast-committed myocyte	8	23.0	-0.06023070766779454	9.280637400031975e-18	4.111322368214165e-15	True
tbx16-tbx16l|fin fold|18	tbx16-tbx16l	18	fin fold	2	11.0	-0.00026479998478045913	0.16808310621284436	0.3224555672316476	False
tbx16-tbx16l|fin mesenchyme|18	tbx16-tbx16l	18	fin mesenchyme	8	23.0	0.0005299648127258527	0.8584251565291742	0.9192965616658119	False
tbx16-tbx16l|floor plate|18	tbx16-tbx16l	18	floor plate	8	23.0	0.0029944866120632753	0.011843273232013935	0.05215278371552856	False
tbx16-tbx16l|glia|18	tbx16-tbx16l	18	glia	7	13.0	-3.5289678524680216e-06	0.9855900405424733	0.9923394091848715	False
tbx16-tbx16l|hair cell|18	tbx16-tbx16l	18	hair cell	6	11.0	-0.00011675894700962264	0.322134474260213	0.5015425448592117	False
tbx16-tbx16l|hatching gland|18	tbx16-tbx16l	18	hatching gland	6	23.0	-0.00152322534981322	0.06164522434265897	0.16460360908482877	False
tbx16-tbx16l|head mesenchyme|18	tbx16-tbx16l	18	head mesenchyme	8	23.0	-0.006721316176632302	4.781898725403091e-08	2.5420573624242834e-06	True
tbx16-tbx16l|head mesenchyme (maybe ventral, hand2+)|18	tbx16-tbx16l	18	head mesenchyme (maybe ventral, hand2+)	8	23.0	-0.0070853399683191015	9.313127306991149e-05	0.0013721891564291836	True
tbx16-tbx16l|head mesenchyme/PA cartilage|18	tbx16-tbx16l	18	head mesenchyme/PA cartilage	8	23.0	-0.002256107204535511	0.013806371459098318	0.058138997684225806	False
tbx16-tbx16l|head/eye connective tissue|18	tbx16-tbx16l	18	head/eye connective tissue	8	23.0	0.012878484217175523	0.00027021758313960757	0.0031612602816244585	True
tbx16-tbx16l|hypochord|18	tbx16-tbx16l	18	hypochord	6	22.0	-0.0012721836040642304	0.0011430496729225553	0.009342638470566274	True
tbx16-tbx16l|hypophysis/locus coeruleus|18	tbx16-tbx16l	18	hypophysis/locus coeruleus	6	9.0	9.735325175726662e-05	0.7891372796627552	0.875574757615463	False
tbx16-tbx16l|intestine|18	tbx16-tbx16l	18	intestine	8	23.0	-0.004273123964102248	0.001297410576104632	0.010190653993162269	True
tbx16-tbx16l|ionocyte/goblet cell|18	tbx16-tbx16l	18	ionocyte/goblet cell	8	23.0	0.003620768774549324	0.030381894748440892	0.10119683739518281	False
tbx16-tbx16l|lens|18	tbx16-tbx16l	18	lens	8	23.0	0.004846207394046058	0.011279736820133947	0.05044000751668243	False
tbx16-tbx16l|liver|18	tbx16-tbx16l	18	liver	1	1.0	-0.00011746016041349998			False
tbx16-tbx16l|mature fast muscle|18	tbx16-tbx16l	18	mature fast muscle	8	23.0	-0.012033723327928784	0.0019308723221486436	0.013664160362809092	True
tbx16-tbx16l|mature slow muscle|18	tbx16-tbx16l	18	mature slow muscle	8	23.0	-0.036277496865887826	1.724840603734539e-12	2.865391452954003e-10	True
tbx16-tbx16l|mesodermal progenitor cells (contains PSM)|18	tbx16-tbx16l	18	mesodermal progenitor cells (contains PSM)	8	23.0	0.13151597742844484	8.620613320283505e-09	6.184969792519132e-07	True
tbx16-tbx16l|motor neuron|18	tbx16-tbx16l	18	motor neuron	8	22.0	-0.0009524617724991536	0.08627393127313339	0.2063679889524735	False
tbx16-tbx16l|myeloid cell|18	tbx16-tbx16l	18	myeloid cell	8	23.0	-0.001122385037907808	0.30491174511093655	0.48414302180697094	False
tbx16-tbx16l|myoblast|18	tbx16-tbx16l	18	myoblast	8	23.0	-0.009560605134177022	1.6113022284072032e-10	1.8460522944423904e-08	True
tbx16-tbx16l|neural crest + pigment cell progenitor|18	tbx16-tbx16l	18	neural crest + pigment cell progenitor	8	23.0	0.00034995362643760325	0.739746598268432	0.8415709887850935	False
tbx16-tbx16l|neural progenitor (MHB)|18	tbx16-tbx16l	18	neural progenitor (MHB)	8	23.0	0.01599463146610846	0.0008394877521026798	0.007418079937130728	True
tbx16-tbx16l|neural progenitor (hindbrain R7/8)|18	tbx16-tbx16l	18	neural progenitor (hindbrain R7/8)	8	23.0	-0.0019048659359938783	0.5668167433924544	0.7186164881254613	False
tbx16-tbx16l|neural progenitor (hindbrain)|18	tbx16-tbx16l	18	neural progenitor (hindbrain)	8	23.0	0.018865363250903405	0.0016202765374702275	0.012029874403899063	True
tbx16-tbx16l|neural progenitor (telencephalon/diencephalon)|18	tbx16-tbx16l	18	neural progenitor (telencephalon/diencephalon)	8	23.0	0.012128896252435573	0.0008086885267882031	0.0071937553688187555	True
tbx16-tbx16l|neural tube-like connective tissue (+ taste bud)|18	tbx16-tbx16l	18	neural tube-like connective tissue (+ taste bud)	8	23.0	-0.0011513673286279377	0.3177496614818692	0.49681094130518133	False
tbx16-tbx16l|neuromast support cell|18	tbx16-tbx16l	18	neuromast support cell	8	23.0	-0.00032188510123899814	0.6367249379036952	0.7694193875922994	False
tbx16-tbx16l|neuron (+ spinal cord)|18	tbx16-tbx16l	18	neuron (+ spinal cord)	5	22.0	-0.0006174253324556711	0.040383163992734936	0.12208649896802713	False
tbx16-tbx16l|neuron (cranial ganglia sensory, Rohon-Beard)|18	tbx16-tbx16l	18	neuron (cranial ganglia sensory, Rohon-Beard)	8	23.0	0.0018543080302814811	0.1207940001683608	0.2590113362758172	False
tbx16-tbx16l|neuron (telencephalon, glutamatergic)|18	tbx16-tbx16l	18	neuron (telencephalon, glutamatergic)	3	15.0	-0.00038039491088525995	0.24413228524228295	0.4145819155213315	False
tbx16-tbx16l|neurons (differentiating, contains peripheral)|18	tbx16-tbx16l	18	neurons (differentiating, contains peripheral)	8	23.0	-0.001319475478169456	0.23973190732906965	0.40927246365597597	False
tbx16-tbx16l|neurons (gabaergic, glutamatergic)|18	tbx16-tbx16l	18	neurons (gabaergic, glutamatergic)	8	23.0	-0.0013626370994079817	0.011521096490950618	0.05110659958769484	False
tbx16-tbx16l|neurons (gabaergic, glutamatergic; contains Purkinje)|18	tbx16-tbx16l	18	neurons (gabaergic, glutamatergic; contains Purkinje)	7	21.0	-0.0010673232070217383	0.010750726580523505	0.04849869526651643	True
tbx16-tbx16l|notochord|18	tbx16-tbx16l	18	notochord	8	23.0	0.011402641049926839	0.0003539407168468126	0.0038874976255323466	True
tbx16-tbx16l|olfactory vesicle/bulb|18	tbx16-tbx16l	18	olfactory vesicle/bulb	8	23.0	0.0019147088775289625	0.02631673223880787	0.0909857886196037	False
tbx16-tbx16l|pancreas|18	tbx16-tbx16l	18	pancreas	1	15.0	-7.400203473993368e-06			False
tbx16-tbx16l|pectoral fin bud (osteoblast+)|18	tbx16-tbx16l	18	pectoral fin bud (osteoblast+)	8	23.0	0.0012084136714486712	0.39219673560794566	0.567788084556601	False
tbx16-tbx16l|periderm|18	tbx16-tbx16l	18	periderm	8	23.0	-0.06014689480566829	1.6953074888895023e-06	5.5222148351327175e-05	True
tbx16-tbx16l|pharyngeal arch (NC-derived)|18	tbx16-tbx16l	18	pharyngeal arch (NC-derived)	8	23.0	0.011604551448945611	0.0005550402074024214	0.0054559795535341574	True
tbx16-tbx16l|pharyngeal arch (contains muscle, early cartilage)|18	tbx16-tbx16l	18	pharyngeal arch (contains muscle, early cartilage)	7	20.0	-0.0005348721374089393	0.018816621329135023	0.07165412534790959	False
tbx16-tbx16l|pharyngeal arch (early)|18	tbx16-tbx16l	18	pharyngeal arch (early)	8	23.0	0.002063129937534377	0.06353481950496549	0.16800194015539024	False
tbx16-tbx16l|pharynx|18	tbx16-tbx16l	18	pharynx	8	23.0	-0.00041252798342005176	0.3474126951840353	0.524672127158617	False
tbx16-tbx16l|posterior lateral line primordium|18	tbx16-tbx16l	18	posterior lateral line primordium	8	23.0	0.003068871380785511	0.019826803737563844	0.07439249623721725	False
tbx16-tbx16l|posterior spinal cord progenitors|18	tbx16-tbx16l	18	posterior spinal cord progenitors	8	23.0	0.009131513089048214	0.0016784642516865069	0.012283474617243212	True
tbx16-tbx16l|primordial germ cell|18	tbx16-tbx16l	18	primordial germ cell	6	21.0	-0.0013673460367313712	0.0013315219730849737	0.010433919234846286	True
tbx16-tbx16l|pronephric duct|18	tbx16-tbx16l	18	pronephric duct	5	16.0	0.00011946731358496751	0.6558602170257328	0.7830023611455255	False
tbx16-tbx16l|pronephric podocyte|18	tbx16-tbx16l	18	pronephric podocyte	1	7.0	-6.79559528831286e-05			False
tbx16-tbx16l|pronephros distal tubule|18	tbx16-tbx16l	18	pronephros distal tubule	5	22.0	-0.00045300284008143246	0.744948890670549	0.844741532168225	False
tbx16-tbx16l|pronephros proximal tubule|18	tbx16-tbx16l	18	pronephros proximal tubule	8	23.0	-0.0035987027792671374	0.006962212555104684	0.03592817196238251	True
tbx16-tbx16l|red blood cell|18	tbx16-tbx16l	18	red blood cell	4	21.0	-0.008033091917660442	1.6949898829745478e-08	1.0726864545110352e-06	True
tbx16-tbx16l|retinal neuron|18	tbx16-tbx16l	18	retinal neuron	8	23.0	-0.0023145857008886415	0.06677591168057456	0.17353380254885334	False
tbx16-tbx16l|retinal pigmented epithelium (early)|18	tbx16-tbx16l	18	retinal pigmented epithelium (early)	8	23.0	-0.0006679560712876884	0.11518174160433933	0.25160508644340396	False
tbx16-tbx16l|roof plate, flexural + subcommissural organ|18	tbx16-tbx16l	18	roof plate, flexural + subcommissural organ	7	19.0	-5.0980692154248145e-05	0.8789264715533878	0.9316424315636085	False
tbx16-tbx16l|satellite cells|18	tbx16-tbx16l	18	satellite cells	1	22.0	-0.003252167614903668			False
tbx16-tbx16l|slow-committed myocyte|18	tbx16-tbx16l	18	slow-committed myocyte	8	23.0	-0.007414590801750243	6.167864632500745e-10	6.403978200463663e-08	True
tbx16-tbx16l|support cells/otic vesicle|18	tbx16-tbx16l	18	support cells/otic vesicle	8	23.0	0.003638493198393277	0.007195711999398606	0.03677324122870797	True
tbx16-tbx16l|thyroid follicle cell|18	tbx16-tbx16l	18	thyroid follicle cell	1	12.0	-0.0020609154701748166			False
tbx16-tbx16l|unknown|18	tbx16-tbx16l	18	unknown	1					False
tbx16-tbx16l|xanthophore|18	tbx16-tbx16l	18	xanthophore	6	19.0	-0.0019825210101862157	0.01710173776573774	0.06725402651331763	False
tbx16-tbx16l|KA neuron|24	tbx16-tbx16l	24	KA neuron	8	31.0	0.0009323781335184827	0.008384621194507027	0.04025708658778843	True
tbx16-tbx16l|anterior migratory muscle|24	tbx16-tbx16l	24	anterior migratory muscle	6	32.0	-0.014371240175328814	7.331367274448501e-09	5.599647763070148e-07	True
tbx16-tbx16l|basal cell|24	tbx16-tbx16l	24	basal cell	6	23.0	-0.000650875383680147	0.05486908025734027	0.1520454705212786	False
tbx16-tbx16l|cardiomyocyte|24	tbx16-tbx16l	24	cardiomyocyte	8	32.0	0.00010861184775419995	0.8836955399465284	0.9349922962878731	False
tbx16-tbx16l|chondrocranium|24	tbx16-tbx16l	24	chondrocranium	1	1.0	-0.00011690983913210007			False
tbx16-tbx16l|connective tissue-meninges-dermal FB|24	tbx16-tbx16l	24	connective tissue-meninges-dermal FB	8	32.0	-0.004060456851513496	0.2802882205191375	0.45549406342618454	False
tbx16-tbx16l|contains head vasculature?|24	tbx16-tbx16l	24	contains head vasculature?	8	32.0	0.002775899737177394	0.04671886288492842	0.13503559976961696	False
tbx16-tbx16l|cranial muscle (early)|24	tbx16-tbx16l	24	cranial muscle (early)	2	22.0	-0.00022666643412476819	0.1779101139671274	0.3349044496633318	False
tbx16-tbx16l|cranial muscle (mid)|24	tbx16-tbx16l	24	cranial muscle (mid)	3	5.0	0.00012139133947374674	0.5797201397731274	0.7280741502159198	False
tbx16-tbx16l|cranial muscle (non-somitic, fast-twitch)|24	tbx16-tbx16l	24	cranial muscle (non-somitic, fast-twitch)	8	32.0	-0.00017677171629848455	0.7605863966130253	0.854309771043535	False
tbx16-tbx16l|cranial muscle (progenitor)|24	tbx16-tbx16l	24	cranial muscle (progenitor)	8	32.0	0.002240273831040163	0.14242384972016445	0.28880271021986353	False
tbx16-tbx16l|cranial neural crest|24	tbx16-tbx16l	24	cranial neural crest	8	32.0	-0.0007735973066560374	0.12395187245332927	0.26315022123079007	False
tbx16-tbx16l|differentiating neuron (hindbrain)|24	tbx16-tbx16l	24	differentiating neuron (hindbrain)	8	32.0	-0.001207335514122363	0.09306521542085494	0.21836806372584078	False
tbx16-tbx16l|differentiating neuron 1|24	tbx16-tbx16l	24	differentiating neuron 1	8	32.0	0.007345828211450751	4.42442405046912e-05	0.0007596976179681474	True
tbx16-tbx16l|differentiating neuron 2|24	tbx16-tbx16l	24	differentiating neuron 2	8	32.0	0.002309259089810128	0.0020707345421781373	0.014378297839888948	True
tbx16-tbx16l|dorsal spinal cord neuron|24	tbx16-tbx16l	24	dorsal spinal cord neuron	4	9.0	-0.0002426796916697945	0.08059923007613796	0.19674155419532777	False
tbx16-tbx16l|endothelium (dorsal aorta)|24	tbx16-tbx16l	24	endothelium (dorsal aorta)	8	32.0	-0.002492717918786997	1.6446703278266906e-05	0.00035363098559611266	True
tbx16-tbx16l|endothelium (f8+, clic2+)|24	tbx16-tbx16l	24	endothelium (f8+, clic2+)	7	31.0	0.00040027625797845216	0.1772912044947685	0.33453455650069686	False
tbx16-tbx16l|endothelium (vein + early artery)|24	tbx16-tbx16l	24	endothelium (vein + early artery)	8	32.0	0.0005439347424678314	0.7144580890626309	0.8242105178705643	False
tbx16-tbx16l|eye, optic cup|24	tbx16-tbx16l	24	eye, optic cup	8	32.0	0.01862143384883202	0.0006490924513150107	0.006135447139385841	True
tbx16-tbx16l|fast-committed myocyte|24	tbx16-tbx16l	24	fast-committed myocyte	8	32.0	-0.03323264282996582	7.533583965894576e-16	2.275484793334975e-13	True
tbx16-tbx16l|fin bud mesoderm (pectoral)|24	tbx16-tbx16l	24	fin bud mesoderm (pectoral)	2	2.0	0.0005258395936067501	0.30475868268630985	0.4840156420770863	False
tbx16-tbx16l|fin fold|24	tbx16-tbx16l	24	fin fold	2	11.0	0.00027024056446580443	0.7074173099693757	0.8201489448733739	False
tbx16-tbx16l|fin mesenchyme|24	tbx16-tbx16l	24	fin mesenchyme	8	32.0	0.017852770361289835	0.0015149242342119712	0.011374770097557682	True
tbx16-tbx16l|floor plate|24	tbx16-tbx16l	24	floor plate	8	32.0	0.008116488161816393	0.00021264589390732847	0.0026264534665691405	True
tbx16-tbx16l|glia|24	tbx16-tbx16l	24	glia	8	28.0	0.0001250951777314001	0.7129070132026047	0.8237897238734975	False
tbx16-tbx16l|hair cell|24	tbx16-tbx16l	24	hair cell	5	23.0	0.0002836552343595194	0.11929563141488933	0.25712600413621134	False
tbx16-tbx16l|hatching gland|24	tbx16-tbx16l	24	hatching gland	6	32.0	-0.003526053025794308	8.642589794728429e-05	0.0012963884692092644	True
tbx16-tbx16l|head mesenchyme|24	tbx16-tbx16l	24	head mesenchyme	8	32.0	-0.00949375207048485	5.50023250782501e-08	2.855394141757593e-06	True
tbx16-tbx16l|head mesenchyme (maybe ventral, hand2+)|24	tbx16-tbx16l	24	head mesenchyme (maybe ventral, hand2+)	8	32.0	-0.004260088496246187	0.012768226016289639	0.05502260822194854	False
tbx16-tbx16l|head mesenchyme/PA cartilage|24	tbx16-tbx16l	24	head mesenchyme/PA cartilage	8	32.0	-0.001832045273869827	0.05812358100844809	0.1584213272359055	False
tbx16-tbx16l|head/eye connective tissue|24	tbx16-tbx16l	24	head/eye connective tissue	8	32.0	0.011263290329069163	5.822022904682706e-05	0.0009527831175538525	True
tbx16-tbx16l|hypochord|24	tbx16-tbx16l	24	hypochord	5	32.0	-0.00020016583152101153	0.6250444275053599	0.7606996741342705	False
tbx16-tbx16l|hypophysis/locus coeruleus|24	tbx16-tbx16l	24	hypophysis/locus coeruleus	6	22.0	0.00044911629997541837	0.258997515699802	0.43166252616633666	False
tbx16-tbx16l|intestine|24	tbx16-tbx16l	24	intestine	8	32.0	-0.004719838645881025	2.501034280277947e-07	1.04524357185201e-05	True
tbx16-tbx16l|ionocyte/goblet cell|24	tbx16-tbx16l	24	ionocyte/goblet cell	8	32.0	0.010963090531395096	0.000861241881600577	0.0075700427291479295	True
tbx16-tbx16l|iridophore|24	tbx16-tbx16l	24	iridophore	8	24.0	7.240222497914605e-05	0.7080828501576861	0.820580840477472	False
tbx16-tbx16l|lens|24	tbx16-tbx16l	24	lens	8	32.0	0.006651900144245439	0.02328880135027008	0.08364170652742273	False
tbx16-tbx16l|liver|24	tbx16-tbx16l	24	liver	2					False
tbx16-tbx16l|mature fast muscle|24	tbx16-tbx16l	24	mature fast muscle	8	32.0	-0.06678218326204718	3.2078243554918645e-21	7.10533094741448e-18	True
tbx16-tbx16l|mature slow muscle|24	tbx16-tbx16l	24	mature slow muscle	8	32.0	-0.03798644652722338	2.1463239959342017e-17	7.923512751657095e-15	True
tbx16-tbx16l|melanophore|24	tbx16-tbx16l	24	melanophore	8	32.0	-0.0040521639120545405	4.224827796801893e-11	5.614796141949717e-09	True
tbx16-tbx16l|mesodermal progenitor cells (contains PSM)|24	tbx16-tbx16l	24	mesodermal progenitor cells (contains PSM)	8	32.0	0.10415811856858187	5.200079729016073e-07	1.9973716647001043e-05	True
tbx16-tbx16l|motor neuron|24	tbx16-tbx16l	24	motor neuron	8	32.0	0.001624057041914572	0.08754999216797914	0.2087440609817802	False
tbx16-tbx16l|myeloid cell|24	tbx16-tbx16l	24	myeloid cell	8	32.0	-0.0006086775819596183	0.4585059435909744	0.6271659109020223	False
tbx16-tbx16l|myoblast|24	tbx16-tbx16l	24	myoblast	7	32.0	-0.003741294998033225	3.183169723815084e-08	1.8078771636539515e-06	True
tbx16-tbx16l|neural crest + pigment cell progenitor|24	tbx16-tbx16l	24	neural crest + pigment cell progenitor	8	32.0	0.001522407033958069	0.0014518758004903576	0.011063892998002783	True
tbx16-tbx16l|neural progenitor (MHB)|24	tbx16-tbx16l	24	neural progenitor (MHB)	8	32.0	0.023858638935933388	1.852110997719949e-11	2.675495126054144e-09	True
tbx16-tbx16l|neural progenitor (hindbrain R7/8)|24	tbx16-tbx16l	24	neural progenitor (hindbrain R7/8)	8	32.0	0.0006069925396619096	0.8694961363442215	0.9256331025324178	False
tbx16-tbx16l|neural progenitor (hindbrain)|24	tbx16-tbx16l	24	neural progenitor (hindbrain)	8	32.0	0.028706157106075825	1.217600582653474e-05	0.00027614183862567697	True
tbx16-tbx16l|neural progenitor (telencephalon/diencephalon)|24	tbx16-tbx16l	24	neural progenitor (telencephalon/diencephalon)	8	32.0	0.0187625752645207	3.6511208509975356e-06	0.00010548564371686358	True
tbx16-tbx16l|neural tube-like connective tissue (+ taste bud)|24	tbx16-tbx16l	24	neural tube-like connective tissue (+ taste bud)	8	32.0	-0.0020743043361529344	0.04589796181247981	0.13336206068558515	False
tbx16-tbx16l|neuromast support cell|24	tbx16-tbx16l	24	neuromast support cell	8	32.0	-0.0006275582394287367	0.593350881372162	0.7382169269271702	False
tbx16-tbx16l|neuron (+ spinal cord)|24	tbx16-tbx16l	24	neuron (+ spinal cord)	8	30.0	-0.00025006724211582747	0.2974088751453278	0.4759604767244186	False
tbx16-tbx16l|neuron (cranial ganglia sensory, Rohon-Beard)|24	tbx16-tbx16l	24	neuron (cranial ganglia sensory, Rohon-Beard)	8	32.0	0.0027607450641410607	0.01711385569549017	0.06725402651331763	False
tbx16-tbx16l|neuron (dopaminergic)|24	tbx16-tbx16l	24	neuron (dopaminergic)	5	10.0	0.00014531673735677009	0.38712384064642613	0.563019899561283	False
tbx16-tbx16l|neuron (telencephalon, glutamatergic)|24	tbx16-tbx16l	24	neuron (telencephalon, glutamatergic)	8	29.0	0.0014674947951947145	0.025314855184891735	0.08867202440464468	False
tbx16-tbx16l|neurons (differentiating, contains peripheral)|24	tbx16-tbx16l	24	neurons (differentiating, contains peripheral)	8	32.0	0.0021396500299357274	0.05058840683343626	0.14322963928767957	False
tbx16-tbx16l|neurons (gabaergic, glutamatergic)|24	tbx16-tbx16l	24	neurons (gabaergic, glutamatergic)	8	31.0	0.00026322884875852864	0.7009441761665478	0.8162940852833351	False
tbx16-tbx16l|neurons (gabaergic, glutamatergic; contains Purkinje)|24	tbx16-tbx16l	24	neurons (gabaergic, glutamatergic; contains Purkinje)	8	31.0	0.0005264771746298089	0.33766369511874594	0.5158104032331188	False
tbx16-tbx16l|notochord|24	tbx16-tbx16l	24	notochord	8	32.0	0.01020227642913783	0.0012608449637457832	0.009974184266774678	True
tbx16-tbx16l|olfactory vesicle/bulb|24	tbx16-tbx16l	24	olfactory vesicle/bulb	8	32.0	0.0037431346815924873	0.001148399681952311	0.009363332376163321	True
tbx16-tbx16l|pancreas|24	tbx16-tbx16l	24	pancreas	4	27.0	-0.0003824339025609889	0.0019634049323656528	0.013791570587283048	True
tbx16-tbx16l|pectoral fin bud (osteoblast+)|24	tbx16-tbx16l	24	pectoral fin bud (osteoblast+)	8	32.0	0.002159496071250242	0.09429327774626091	0.2199987191762743	False
tbx16-tbx16l|periderm|24	tbx16-tbx16l	24	periderm	8	32.0	-0.10113547398532242	8.564241513106209e-06	0.00021234845094996553	True
tbx16-tbx16l|pharyngeal arch (NC-derived)|24	tbx16-tbx16l	24	pharyngeal arch (NC-derived)	8	32.0	0.0022631332697724688	0.2910999545042066	0.46814114174260724	False
tbx16-tbx16l|pharyngeal arch (contains muscle, early cartilage)|24	tbx16-tbx16l	24	pharyngeal arch (contains muscle, early cartilage)	7	30.0	7.807243266299917e-05	0.8377044876564008	0.9058367697440781	False
tbx16-tbx16l|pharyngeal arch (early)|24	tbx16-tbx16l	24	pharyngeal arch (early)	8	32.0	0.0012897701945999533	0.25191351742557777	0.4236814283201631	False
tbx16-tbx16l|pharynx|24	tbx16-tbx16l	24	pharynx	8	31.0	-0.00016255533865639545	0.7055833510145537	0.819399050592749	False
tbx16-tbx16l|posterior lateral line primordium|24	tbx16-tbx16l	24	posterior lateral line primordium	8	31.0	0.0026709714042123596	0.019509162715240315	0.0733663759155472	False
tbx16-tbx16l|posterior spinal cord progenitors|24	tbx16-tbx16l	24	posterior spinal cord progenitors	8	32.0	0.011855603195268224	0.0006604352071349442	0.006173131936903555	True
tbx16-tbx16l|primordial germ cell|24	tbx16-tbx16l	24	primordial germ cell	6	27.0	-0.0006508525937009222	0.015408114130818289	0.0627755477616723	False
tbx16-tbx16l|pronephric duct|24	tbx16-tbx16l	24	pronephric duct	4	23.0	-0.0004367682690136033	0.06409259878269065	0.16873824045601402	False
tbx16-tbx16l|pronephric podocyte|24	tbx16-tbx16l	24	pronephric podocyte	2	15.0	-0.00018334024441876338	0.0146409209574357	0.06069177776803508	False
tbx16-tbx16l|pronephros distal tubule|24	tbx16-tbx16l	24	pronephros distal tubule	8	32.0	0.0014029767914862466	0.20143188690626818	0.3618585802898492	False
tbx16-tbx16l|pronephros proximal tubule|24	tbx16-tbx16l	24	pronephros proximal tubule	8	32.0	-0.002774210166581634	0.00010434807448242321	0.0014911676450230155	True
tbx16-tbx16l|retinal neuron|24	tbx16-tbx16l	24	retinal neuron	8	30.0	0.0003720673716738126	0.6817420352472263	0.8015173078941646	False
tbx16-tbx16l|retinal pigmented epithelium (early)|24	tbx16-tbx16l	24	retinal pigmented epithelium (early)	8	31.0	0.0007082892864471841	0.37036918299168253	0.5456991620797629	False
tbx16-tbx16l|roof plate, flexural + subcommissural organ|24	tbx16-tbx16l	24	roof plate, flexural + subcommissural organ	8	31.0	0.0013655544444094838	0.04335602204100495	0.12844438986289697	False
tbx16-tbx16l|satellite cells|24	tbx16-tbx16l	24	satellite cells	1	32.0	-0.0019597078495816374			False
tbx16-tbx16l|slow-committed myocyte|24	tbx16-tbx16l	24	slow-committed myocyte	7	31.0	-0.0033747975449284645	1.9493777273741128e-07	8.466415031634628e-06	True
tbx16-tbx16l|support cells/otic vesicle|24	tbx16-tbx16l	24	support cells/otic vesicle	8	32.0	0.003047849075157769	0.007670982478524613	0.038060513923954944	True
tbx16-tbx16l|thyroid follicle cell|24	tbx16-tbx16l	24	thyroid follicle cell	5	19.0	-0.001198905376324362	0.05336485645003986	0.14880800298385014	False
tbx16-tbx16l|unknown|24	tbx16-tbx16l	24	unknown	2					False
tbx16-tbx16l|xanthophore|24	tbx16-tbx16l	24	xanthophore	8	31.0	-0.0033695426862905276	0.00020369193466104703	0.002525247958624361	True
tbx16-tbx16l|KA neuron|36	tbx16-tbx16l	36	KA neuron	8	44.0	0.0012656856700318537	0.0020059486333956164	0.014016328779089243	True
tbx16-tbx16l|anterior migratory muscle|36	tbx16-tbx16l	36	anterior migratory muscle	8	44.0	-0.00018745217672729367	0.9157133416171881	0.9537484569037954	False
tbx16-tbx16l|basal cell|36	tbx16-tbx16l	36	basal cell	8	44.0	0.035768379140992096	1.4956907165426776e-05	0.00032801534031109215	True
tbx16-tbx16l|cardiomyocyte|36	tbx16-tbx16l	36	cardiomyocyte	8	44.0	-6.78110483234495e-05	0.9582840191837175	0.9786072395075769	False
tbx16-tbx16l|chondrocranium|36	tbx16-tbx16l	36	chondrocranium	1	7.0	-1.5034975899842849e-05			False
tbx16-tbx16l|connective tissue-meninges-dermal FB|36	tbx16-tbx16l	36	connective tissue-meninges-dermal FB	8	44.0	-0.0010260663258086292	0.8171703081455914	0.891641493863293	False
tbx16-tbx16l|contains head vasculature?|36	tbx16-tbx16l	36	contains head vasculature?	8	31.0	0.00200910107444006	0.007037322561174443	0.03619427896207753	True
tbx16-tbx16l|cranial muscle (early)|36	tbx16-tbx16l	36	cranial muscle (early)	8	44.0	-0.002621844144212536	0.00033463286708948313	0.003712246079815719	True
tbx16-tbx16l|cranial muscle (mid)|36	tbx16-tbx16l	36	cranial muscle (mid)	5	36.0	-0.00034499880988192943	0.041763217051241454	0.1250074672547295	False
tbx16-tbx16l|cranial muscle (non-somitic, fast-twitch)|36	tbx16-tbx16l	36	cranial muscle (non-somitic, fast-twitch)	8	44.0	0.0026831357142418927	6.310257685708686e-05	0.0010079726519599571	True
tbx16-tbx16l|cranial muscle (progenitor)|36	tbx16-tbx16l	36	cranial muscle (progenitor)	8	37.0	0.001793986550875146	0.016055975149878395	0.06458350779112708	False
tbx16-tbx16l|cranial neural crest|36	tbx16-tbx16l	36	cranial neural crest	8	44.0	0.0013133298332517465	0.06536009253154074	0.17105861160775432	False
tbx16-tbx16l|differentiating neuron (hindbrain)|36	tbx16-tbx16l	36	differentiating neuron (hindbrain)	8	44.0	0.002498093026704694	0.3958815064346365	0.5717523604125536	False
tbx16-tbx16l|differentiating neuron 1|36	tbx16-tbx16l	36	differentiating neuron 1	8	43.0	0.0027303967237663224	0.07227713363472238	0.18275553767227176	False
tbx16-tbx16l|differentiating neuron 2|36	tbx16-tbx16l	36	differentiating neuron 2	8	43.0	0.0010992912953334405	0.1916880662948721	0.3513273733791018	False
tbx16-tbx16l|dorsal spinal cord neuron|36	tbx16-tbx16l	36	dorsal spinal cord neuron	6	26.0	-2.1295605848126935e-05	0.6093232268590818	0.7500838907889216	False
tbx16-tbx16l|endothelium (dorsal aorta)|36	tbx16-tbx16l	36	endothelium (dorsal aorta)	8	44.0	-0.0028323720994192347	0.003653593719257091	0.021967792847081377	True
tbx16-tbx16l|endothelium (f8+, clic2+)|36	tbx16-tbx16l	36	endothelium (f8+, clic2+)	7	44.0	0.0009819139164848332	0.08168112349873646	0.19838123744484787	False
tbx16-tbx16l|endothelium (vein + early artery)|36	tbx16-tbx16l	36	endothelium (vein + early artery)	8	44.0	0.002717692592459617	0.035513730547418	0.11226866769152836	False
tbx16-tbx16l|eye, optic cup|36	tbx16-tbx16l	36	eye, optic cup	8	44.0	0.019653210621392386	3.7506549660635235e-06	0.00010789221753026889	True
tbx16-tbx16l|fast-committed myocyte|36	tbx16-tbx16l	36	fast-committed myocyte	5	24.0	-0.0002662170004040166	0.06117405007905542	0.16393744082199285	False
tbx16-tbx16l|fin bud mesoderm (pectoral)|36	tbx16-tbx16l	36	fin bud mesoderm (pectoral)	8	40.0	0.011520512060057773	8.127902634998024e-05	0.0012312795755487905	True
tbx16-tbx16l|fin fold|36	tbx16-tbx16l	36	fin fold	8	44.0	0.017489476794040934	0.00035271728520824765	0.0038804741063059697	True
tbx16-tbx16l|fin mesenchyme|36	tbx16-tbx16l	36	fin mesenchyme	8	30.0	0.002778271683571707	0.0076139109857311935	0.03795531770456397	True
tbx16-tbx16l|floor plate|36	tbx16-tbx16l	36	floor plate	8	44.0	0.006834499515109725	0.002277349928430653	0.01534462175753964	True
tbx16-tbx16l|glia|36	tbx16-tbx16l	36	glia	8	44.0	0.000548817811393083	0.2866908752493394	0.46348380027202407	False
tbx16-tbx16l|hair cell|36	tbx16-tbx16l	36	hair cell	7	39.0	0.0002809272570285853	0.13456915416024381	0.27822402905874927	False
tbx16-tbx16l|hatching gland|36	tbx16-tbx16l	36	hatching gland	8	44.0	-0.00732399549438607	1.1728341421179665e-05	0.00026781728090631915	True
tbx16-tbx16l|head mesenchyme|36	tbx16-tbx16l	36	head mesenchyme	8	44.0	0.0045432483597025106	0.13679870417300258	0.28076814431021235	False
tbx16-tbx16l|head mesenchyme (maybe ventral, hand2+)|36	tbx16-tbx16l	36	head mesenchyme (maybe ventral, hand2+)	8	44.0	-0.0017877069609568974	0.459741084253282	0.628596605938901	False
tbx16-tbx16l|head mesenchyme/PA cartilage|36	tbx16-tbx16l	36	head mesenchyme/PA cartilage	8	43.0	0.0033601943586748055	0.049625023106068276	0.14098259022651718	False
tbx16-tbx16l|head/eye connective tissue|36	tbx16-tbx16l	36	head/eye connective tissue	8	44.0	0.010315390185224545	2.341181127009108e-05	0.0004714287451204704	True
tbx16-tbx16l|hypochord|36	tbx16-tbx16l	36	hypochord	8	38.0	-0.00014817990233388992	0.5420269553047455	0.6999162685581101	False
tbx16-tbx16l|hypophysis/locus coeruleus|36	tbx16-tbx16l	36	hypophysis/locus coeruleus	8	41.0	0.00044160913701300124	0.013022344205906497	0.05586409118673252	False
tbx16-tbx16l|intestine|36	tbx16-tbx16l	36	intestine	8	44.0	-0.004849119154797477	1.5728084669253203e-08	1.0146905109435683e-06	True
tbx16-tbx16l|ionocyte/goblet cell|36	tbx16-tbx16l	36	ionocyte/goblet cell	8	44.0	0.004503588705347733	0.007933220205310515	0.03874750880690566	True
tbx16-tbx16l|iridophore|36	tbx16-tbx16l	36	iridophore	8	44.0	0.0002682423855504285	0.49367141825340677	0.6582895411979697	False
tbx16-tbx16l|jaw chondrocyte|36	tbx16-tbx16l	36	jaw chondrocyte	1	7.0	0.00026638820296250005			False
tbx16-tbx16l|lens|36	tbx16-tbx16l	36	lens	8	43.0	0.003583744841538555	0.011327458624335597	0.05058532430020836	False
tbx16-tbx16l|liver|36	tbx16-tbx16l	36	liver	2	36.0	-0.0006854171463155998	0.00015745620043349328	0.0020624046451090125	True
tbx16-tbx16l|mature fast muscle|36	tbx16-tbx16l	36	mature fast muscle	8	44.0	-0.10572642938477705	3.031421040344521e-24	2.014379281308934e-20	True
tbx16-tbx16l|mature slow muscle|36	tbx16-tbx16l	36	mature slow muscle	8	44.0	-0.0225980493985649	3.230407619891961e-13	7.086435150312798e-11	True
tbx16-tbx16l|melanophore|36	tbx16-tbx16l	36	melanophore	8	44.0	-0.0006833130868917963	0.427521978935288	0.6021372509590904	False
tbx16-tbx16l|mesodermal progenitor cells (contains PSM)|36	tbx16-tbx16l	36	mesodermal progenitor cells (contains PSM)	8	12.0	0.0013792067349981667	0.041047621934773224	0.12375746268446829	False
tbx16-tbx16l|motor neuron|36	tbx16-tbx16l	36	motor neuron	8	43.0	0.0010820410487416806	0.1469959827043099	0.29483498492910937	False
tbx16-tbx16l|myeloid cell|36	tbx16-tbx16l	36	myeloid cell	8	43.0	-0.00034345275488167643	0.5711083366832317	0.7212114970087561	False
tbx16-tbx16l|myoblast|36	tbx16-tbx16l	36	myoblast	4	1.0	0.0017642383728573249			False
tbx16-tbx16l|neural crest + pigment cell progenitor|36	tbx16-tbx16l	36	neural crest + pigment cell progenitor	7	19.0	3.5247350237163134e-05	0.793874621615382	0.8777957654982154	False
tbx16-tbx16l|neural progenitor (MHB)|36	tbx16-tbx16l	36	neural progenitor (MHB)	8	43.0	0.011013123295453602	0.0020994507168459165	0.014486863980728053	True
tbx16-tbx16l|neural progenitor (hindbrain R7/8)|36	tbx16-tbx16l	36	neural progenitor (hindbrain R7/8)	8	44.0	0.0013048742459692113	0.381811383077152	0.5578721928026353	False
tbx16-tbx16l|neural progenitor (hindbrain)|36	tbx16-tbx16l	36	neural progenitor (hindbrain)	8	43.0	0.015157881958815162	8.621136912923955e-06	0.00021262371941917706	True
tbx16-tbx16l|neural progenitor (telencephalon/diencephalon)|36	tbx16-tbx16l	36	neural progenitor (telencephalon/diencephalon)	8	44.0	0.010422556088633347	0.00023296865219370435	0.0028353053000497535	True
tbx16-tbx16l|neural tube-like connective tissue (+ taste bud)|36	tbx16-tbx16l	36	neural tube-like connective tissue (+ taste bud)	8	44.0	0.002093846369637784	0.029782077941812694	0.09954824342220592	False
tbx16-tbx16l|neuromast support cell|36	tbx16-tbx16l	36	neuromast support cell	8	44.0	0.0021623361503906756	0.006423544835891251	0.033949454823379625	True
tbx16-tbx16l|neuron (+ spinal cord)|36	tbx16-tbx16l	36	neuron (+ spinal cord)	8	42.0	0.0005678306934728808	0.279799172974237	0.45503316309686853	False
tbx16-tbx16l|neuron (cranial ganglia sensory, Rohon-Beard)|36	tbx16-tbx16l	36	neuron (cranial ganglia sensory, Rohon-Beard)	8	44.0	0.0035034049441596445	2.963167247315513e-05	0.0005547864567253007	True
tbx16-tbx16l|neuron (dopaminergic)|36	tbx16-tbx16l	36	neuron (dopaminergic)	4	22.0	0.0004342039277982819	0.0384267668226892	0.11843500256807503	False
tbx16-tbx16l|neuron (telencephalon, glutamatergic)|36	tbx16-tbx16l	36	neuron (telencephalon, glutamatergic)	8	43.0	0.0023347501260228463	0.0008869179620012715	0.007700916417608788	True
tbx16-tbx16l|neurons (differentiating, contains peripheral)|36	tbx16-tbx16l	36	neurons (differentiating, contains peripheral)	8	44.0	-0.0018614572826708108	0.4978339148290758	0.6619992761680714	False
tbx16-tbx16l|neurons (gabaergic, glutamatergic)|36	tbx16-tbx16l	36	neurons (gabaergic, glutamatergic)	8	44.0	-0.00297649715993489	0.07114912916925518	0.180659519805006	False
tbx16-tbx16l|neurons (gabaergic, glutamatergic; contains Purkinje)|36	tbx16-tbx16l	36	neurons (gabaergic, glutamatergic; contains Purkinje)	8	44.0	0.003172328829324611	0.07473406662562705	0.18683516656406762	False
tbx16-tbx16l|notochord|36	tbx16-tbx16l	36	notochord	8	44.0	0.008652033497906057	0.00594487391095332	0.03196091192417865	True
tbx16-tbx16l|odontoblast|36	tbx16-tbx16l	36	odontoblast	1					False
tbx16-tbx16l|olfactory vesicle/bulb|36	tbx16-tbx16l	36	olfactory vesicle/bulb	8	43.0	0.0009392112595438132	0.1403808749876871	0.28570625246345505	False
tbx16-tbx16l|pancreas|36	tbx16-tbx16l	36	pancreas	1	37.0	-0.0001370539810378324			False
tbx16-tbx16l|pectoral fin bud (osteoblast+)|36	tbx16-tbx16l	36	pectoral fin bud (osteoblast+)	8	44.0	0.003909843944835054	3.388170209739267e-06	9.874732913911152e-05	True
tbx16-tbx16l|periderm|36	tbx16-tbx16l	36	periderm	8	44.0	-0.08851877094271024	2.795578262804576e-05	0.0005338108493200117	True
tbx16-tbx16l|periocular mesenchyme|36	tbx16-tbx16l	36	periocular mesenchyme	8	44.0	8.088988521867072e-05	0.8459197904432489	0.9112924925154511	False
tbx16-tbx16l|pharyngeal arch (NC-derived)|36	tbx16-tbx16l	36	pharyngeal arch (NC-derived)	8	42.0	0.001835491314321651	0.008794642931015006	0.04162421814572273	True
tbx16-tbx16l|pharyngeal arch (contains muscle, early cartilage)|36	tbx16-tbx16l	36	pharyngeal arch (contains muscle, early cartilage)	8	44.0	-0.0014627631029736866	0.06595136975202959	0.17226684434050182	False
tbx16-tbx16l|pharyngeal arch (early)|36	tbx16-tbx16l	36	pharyngeal arch (early)	8	44.0	0.0015830909742702189	0.44151312042339785	0.6135833231968605	False
tbx16-tbx16l|pharynx|36	tbx16-tbx16l	36	pharynx	7	29.0	0.0004178128466861325	0.1024604724982922	0.23177831702979074	False
tbx16-tbx16l|posterior lateral line primordium|36	tbx16-tbx16l	36	posterior lateral line primordium	8	40.0	0.00228183254415396	0.000258989282473917	0.0030568095595722524	True
tbx16-tbx16l|posterior spinal cord progenitors|36	tbx16-tbx16l	36	posterior spinal cord progenitors	8	43.0	0.01641513960231389	0.00015802211018934947	0.002062980200802018	True
tbx16-tbx16l|primordial germ cell|36	tbx16-tbx16l	36	primordial germ cell	3	34.0	-0.0001849401901724059	0.24988458024148458	0.4215493870791229	False
tbx16-tbx16l|pronephric duct|36	tbx16-tbx16l	36	pronephric duct	6	31.0	0.00028451682716308527	0.4898062633121526	0.6554093072310218	False
tbx16-tbx16l|pronephros distal tubule|36	tbx16-tbx16l	36	pronephros distal tubule	8	44.0	0.0036350764124939523	0.0024062744280720777	0.01607004379350649	True
tbx16-tbx16l|pronephros proximal tubule|36	tbx16-tbx16l	36	pronephros proximal tubule	8	44.0	-0.00256494672416617	0.002897611688859553	0.01854973956885523	True
tbx16-tbx16l|red blood cell|36	tbx16-tbx16l	36	red blood cell	3	39.0	-0.0008687294505573232	2.882677914357964e-08	1.6802977842902344e-06	True
tbx16-tbx16l|retinal neuron|36	tbx16-tbx16l	36	retinal neuron	8	44.0	-6.045034919091932e-05	0.9825594274820393	0.9913648166961228	False
tbx16-tbx16l|retinal pigmented epithelium (early)|36	tbx16-tbx16l	36	retinal pigmented epithelium (early)	8	43.0	0.0039079276299376145	0.0014290849294926041	0.010965669002861842	True
tbx16-tbx16l|roof plate, flexural + subcommissural organ|36	tbx16-tbx16l	36	roof plate, flexural + subcommissural organ	8	43.0	0.0015973521883428034	0.0008215258775280513	0.007274332704045659	True
tbx16-tbx16l|satellite cells|36	tbx16-tbx16l	36	satellite cells	3	22.0	5.04955344657334e-05	0.6976294241388318	0.8142082569327861	False
tbx16-tbx16l|slow-committed myocyte|36	tbx16-tbx16l	36	slow-committed myocyte	2	3.0	0.0011354748552058	0.3192011766952695	0.49845223326231836	False
tbx16-tbx16l|support cells/otic vesicle|36	tbx16-tbx16l	36	support cells/otic vesicle	8	44.0	0.0053414655106698555	0.00528072412734141	0.02919335426471187	True
tbx16-tbx16l|thyroid follicle cell|36	tbx16-tbx16l	36	thyroid follicle cell	6	29.0	-0.000659647880435473	0.01198706285734354	0.052542237920216235	False
tbx16-tbx16l|unknown|36	tbx16-tbx16l	36	unknown	4					False
tbx16-tbx16l|unknown (K+ channel, ciliated)|36	tbx16-tbx16l	36	unknown (K+ channel, ciliated)	1					False
tbx16-tbx16l|unknown (dcn+, col6+)|36	tbx16-tbx16l	36	unknown (dcn+, col6+)	4	33.0	-0.0005567792168415173	0.007104485378927589	0.03642693313501067	True
tbx16-tbx16l|vascular smooth muscle|36	tbx16-tbx16l	36	vascular smooth muscle	1	2.0	0.00012591083953130002			False
tbx16-tbx16l|xanthophore|36	tbx16-tbx16l	36	xanthophore	8	44.0	0.0012209045015704034	0.1442470143979218	0.29114665824067937	False
tbxta|KA neuron|18	tbxta	18	KA neuron	6	17.0	-0.0001900205773621472	0.6110210641909124	0.7507830938514447	False
tbxta|anterior migratory muscle|18	tbxta	18	anterior migratory muscle	8	23.0	-0.0019799044708905273	0.1888943780932817	0.3480219589007382	False
tbxta|basal cell|18	tbxta	18	basal cell	3	14.0	0.00020198459635253332	0.26300845532406963	0.43607254300159454	False
tbxta|cardiomyocyte|18	tbxta	18	cardiomyocyte	8	23.0	-0.0009818859420786686	0.2477817365950557	0.4192792563468666	False
tbxta|chondrocranium|18	tbxta	18	chondrocranium	1	3.0	0.0007608995662832334			False
tbxta|connective tissue-meninges-dermal FB|18	tbxta	18	connective tissue-meninges-dermal FB	8	23.0	0.0033262168987442872	0.37096220950812975	0.546330647646614	False
tbxta|contains head vasculature?|18	tbxta	18	contains head vasculature?	8	23.0	0.007090542512631871	0.00025539232085322237	0.0030251015544913774	True
tbxta|cranial muscle (early)|18	tbxta	18	cranial muscle (early)	2	5.0	9.536013022374992e-05	0.8275775075237566	0.898545184449459	False
tbxta|cranial muscle (mid)|18	tbxta	18	cranial muscle (mid)	1	7.0	0.00011235648546784288			False
tbxta|cranial muscle (non-somitic, fast-twitch)|18	tbxta	18	cranial muscle (non-somitic, fast-twitch)	8	22.0	-0.0010754858759776595	0.10506847208608185	0.23555330533468752	False
tbxta|cranial muscle (progenitor)|18	tbxta	18	cranial muscle (progenitor)	8	23.0	0.014050115728209595	4.709140470140402e-05	0.0008003130031734776	True
tbxta|cranial neural crest|18	tbxta	18	cranial neural crest	8	23.0	-0.0027285623534023216	0.001183086088003215	0.009575648056980954	True
tbxta|differentiating neuron (hindbrain)|18	tbxta	18	differentiating neuron (hindbrain)	8	23.0	-0.0018888954777057693	0.00031278208446368496	0.003516813792320113	True
tbxta|differentiating neuron 1|18	tbxta	18	differentiating neuron 1	8	23.0	0.0037999686120308903	0.004973473503212394	0.027818797499028915	True
tbxta|differentiating neuron 2|18	tbxta	18	differentiating neuron 2	7	23.0	0.00018461242874953177	0.7778600013977182	0.8672616961892345	False
tbxta|dorsal spinal cord neuron|18	tbxta	18	dorsal spinal cord neuron	1	8.0	0.0002673113266780375			False
tbxta|endothelium (dorsal aorta)|18	tbxta	18	endothelium (dorsal aorta)	8	23.0	-0.0011439559073676427	0.03158149616308074	0.10383920930414225	False
tbxta|endothelium (f8+, clic2+)|18	tbxta	18	endothelium (f8+, clic2+)	6	18.0	0.0006334455666054391	0.45400540976643056	0.6234482223388987	False
tbxta|endothelium (vein + early artery)|18	tbxta	18	endothelium (vein + early artery)	8	23.0	0.006390019514088508	0.003209734091469926	0.01984292338864632	True
tbxta|enveloping layer (EVL)|18	tbxta	18	enveloping layer (EVL)	1	8.0	-0.001044282646159475			False
tbxta|eye, optic cup|18	tbxta	18	eye, optic cup	8	23.0	-0.0007447183940574656	0.8792526483075018	0.9318243904626846	False
tbxta|fast-committed myocyte|18	tbxta	18	fast-committed myocyte	8	23.0	-0.016207251336704302	2.9525157691202916e-05	0.0005547864567253007	True
tbxta|fin bud mesoderm (pectoral)|18	tbxta	18	fin bud mesoderm (pectoral)	1	5.0	0.0001499223620415399			False
tbxta|fin mesenchyme|18	tbxta	18	fin mesenchyme	8	23.0	0.011635001012668882	0.011804032528394279	0.05201445368115384	False
tbxta|floor plate|18	tbxta	18	floor plate	8	23.0	0.009714310896755889	1.2981914772931969e-06	4.538635333392341e-05	True
tbxta|glia|18	tbxta	18	glia	2	13.0	0.0004177098449414463	0.01775416443677197	0.06869186742648259	False
tbxta|hair cell|18	tbxta	18	hair cell	4	11.0	0.0011021831196029025	0.12373243369010946	0.2627683035700791	False
tbxta|hatching gland|18	tbxta	18	hatching gland	7	23.0	0.003219319423981141	0.024789722016698382	0.08724984258525463	False
tbxta|head mesenchyme|18	tbxta	18	head mesenchyme	8	23.0	-0.0006040632284127403	0.648188651688236	0.7770347300897049	False
tbxta|head mesenchyme (maybe ventral, hand2+)|18	tbxta	18	head mesenchyme (maybe ventral, hand2+)	8	23.0	0.005504061323177736	0.08255783038212934	0.19999882715612446	False
tbxta|head mesenchyme/PA cartilage|18	tbxta	18	head mesenchyme/PA cartilage	8	23.0	0.0021666722369958133	0.11637385670957451	0.2533762378227794	False
tbxta|head/eye connective tissue|18	tbxta	18	head/eye connective tissue	8	23.0	0.005086720321035271	0.16097413511894162	0.31313616155309343	False
tbxta|hypochord|18	tbxta	18	hypochord	6	22.0	-2.68669261747137e-05	0.9656109857686659	0.9823155236424961	False
tbxta|hypophysis/locus coeruleus|18	tbxta	18	hypophysis/locus coeruleus	3	9.0	0.0006245848749279999	0.331045341020103	0.5111465357605038	False
tbxta|intestine|18	tbxta	18	intestine	8	23.0	0.007589530178958177	0.0183139217698559	0.07022274100443882	False
tbxta|ionocyte/goblet cell|18	tbxta	18	ionocyte/goblet cell	8	23.0	0.004733516929681325	0.04032218919880882	0.12208649896802713	False
tbxta|jaw chondrocyte|18	tbxta	18	jaw chondrocyte	1	5.0	-0.00014871685250184008			False
tbxta|lens|18	tbxta	18	lens	8	23.0	0.0046170532367177455	0.006432621064691684	0.033949454823379625	True
tbxta|liver|18	tbxta	18	liver	2	1.0	0.0009022402186311501			False
tbxta|mature fast muscle|18	tbxta	18	mature fast muscle	7	23.0	-0.013592831647122265	0.0006120579420481123	0.005860410698717156	True
tbxta|mature slow muscle|18	tbxta	18	mature slow muscle	8	23.0	-0.02725924116481175	6.119492731442233e-10	6.403978200463663e-08	True
tbxta|mesodermal progenitor cells (contains PSM)|18	tbxta	18	mesodermal progenitor cells (contains PSM)	7	23.0	-0.021160278514333157	1.2750294337592038e-08	8.472570587329909e-07	True
tbxta|motor neuron|18	tbxta	18	motor neuron	7	22.0	0.0002624172722333947	0.7151916891032217	0.8246484077895034	False
tbxta|myeloid cell|18	tbxta	18	myeloid cell	8	23.0	0.005429218219515754	0.03519333071370804	0.11161107113271813	False
tbxta|myoblast|18	tbxta	18	myoblast	8	23.0	0.0030877299630696405	0.13598174774630925	0.2798457578468494	False
tbxta|neural crest + pigment cell progenitor|18	tbxta	18	neural crest + pigment cell progenitor	8	23.0	0.0022455607610301163	0.16437198525351301	0.3179513117013244	False
tbxta|neural progenitor (MHB)|18	tbxta	18	neural progenitor (MHB)	8	23.0	0.008280937009420293	0.08454299026911703	0.20332543262333794	False
tbxta|neural progenitor (hindbrain R7/8)|18	tbxta	18	neural progenitor (hindbrain R7/8)	8	23.0	0.012851731332330148	0.06269849011696216	0.1669196581839798	False
tbxta|neural progenitor (hindbrain)|18	tbxta	18	neural progenitor (hindbrain)	8	23.0	0.0002511212645628924	0.9828379517849666	0.9914631516712559	False
tbxta|neural progenitor (telencephalon/diencephalon)|18	tbxta	18	neural progenitor (telencephalon/diencephalon)	8	23.0	-0.0013839251416292997	0.8027696829264757	0.8824040909929696	False
tbxta|neural tube-like connective tissue (+ taste bud)|18	tbxta	18	neural tube-like connective tissue (+ taste bud)	8	23.0	0.002180996544732649	0.1466828331926544	0.2944735427689391	False
tbxta|neuromast support cell|18	tbxta	18	neuromast support cell	8	23.0	-0.0005660078680723608	0.5916829570456923	0.7373843303767114	False
tbxta|neuron (+ spinal cord)|18	tbxta	18	neuron (+ spinal cord)	5	22.0	-0.000428785526241451	0.33728958265230075	0.5157131331625722	False
tbxta|neuron (cranial ganglia sensory, Rohon-Beard)|18	tbxta	18	neuron (cranial ganglia sensory, Rohon-Beard)	8	23.0	0.0012109076542641574	0.2909669961008192	0.46808816549979365	False
tbxta|neuron (dopaminergic)|18	tbxta	18	neuron (dopaminergic)	1	2.0	-9.694496818549994e-05			False
tbxta|neuron (telencephalon, glutamatergic)|18	tbxta	18	neuron (telencephalon, glutamatergic)	3	15.0	-0.0005238421658708267	0.0570376600996687	0.1563594271296611	False
tbxta|neurons (differentiating, contains peripheral)|18	tbxta	18	neurons (differentiating, contains peripheral)	7	23.0	-0.002105926935607013	0.08915247964791327	0.21135149028197778	False
tbxta|neurons (gabaergic, glutamatergic)|18	tbxta	18	neurons (gabaergic, glutamatergic)	7	23.0	-0.0025107281966763994	6.52424718383517e-06	0.00016741789993035718	True
tbxta|neurons (gabaergic, glutamatergic; contains Purkinje)|18	tbxta	18	neurons (gabaergic, glutamatergic; contains Purkinje)	6	21.0	-0.0007120642034947643	0.12156072830273713	0.26007113857985914	False
tbxta|notochord|18	tbxta	18	notochord	1	23.0	-0.02091164060205325			False
tbxta|olfactory vesicle/bulb|18	tbxta	18	olfactory vesicle/bulb	8	23.0	0.00043676201119847513	0.4289431176988695	0.6037549284280848	False
tbxta|pancreas|18	tbxta	18	pancreas	4	15.0	0.0003426007774782817	0.18719118368104917	0.34648618817843224	False
tbxta|pectoral fin bud (osteoblast+)|18	tbxta	18	pectoral fin bud (osteoblast+)	7	23.0	-0.005656325520361704	0.0027573507574950623	0.01798095758935691	True
tbxta|periderm|18	tbxta	18	periderm	8	23.0	0.010275216498020476	0.7241600055009833	0.8311974312717989	False
tbxta|pharyngeal arch (NC-derived)|18	tbxta	18	pharyngeal arch (NC-derived)	8	23.0	-0.0013428141534645513	0.6645190106020356	0.78922767210912	False
tbxta|pharyngeal arch (contains muscle, early cartilage)|18	tbxta	18	pharyngeal arch (contains muscle, early cartilage)	4	20.0	-0.0001586107925300752	0.6953060776226437	0.8129385091955801	False
tbxta|pharyngeal arch (early)|18	tbxta	18	pharyngeal arch (early)	8	23.0	0.0031745371190680643	0.05603298132112626	0.15449757712816764	False
tbxta|pharynx|18	tbxta	18	pharynx	8	23.0	0.0012705989334339481	0.3350071630306658	0.5137601196258422	False
tbxta|posterior lateral line primordium|18	tbxta	18	posterior lateral line primordium	8	23.0	0.0015511756411064359	0.1578037582593252	0.3096939473417427	False
tbxta|posterior spinal cord progenitors|18	tbxta	18	posterior spinal cord progenitors	8	23.0	-0.0014185768151682345	0.16613972859207676	0.3206501587262126	False
tbxta|primordial germ cell|18	tbxta	18	primordial germ cell	5	21.0	-0.0002724490885206779	0.5984774746436853	0.742371256114857	False
tbxta|pronephros distal tubule|18	tbxta	18	pronephros distal tubule	8	22.0	0.0015401475949529397	0.3934935563507789	0.5691628058682937	False
tbxta|pronephros proximal tubule|18	tbxta	18	pronephros proximal tubule	8	23.0	0.0033255308096532387	0.019403853308150816	0.07314598775731884	False
tbxta|red blood cell|18	tbxta	18	red blood cell	7	21.0	0.0011330910640828754	0.5984189643863362	0.742371256114857	False
tbxta|retinal neuron|18	tbxta	18	retinal neuron	8	23.0	-0.004628528506975767	0.0009159591865462366	0.007884130562953034	True
tbxta|retinal pigmented epithelium (early)|18	tbxta	18	retinal pigmented epithelium (early)	8	23.0	0.0003842336258695865	0.6466372455552554	0.7760611446899492	False
tbxta|roof plate, flexural + subcommissural organ|18	tbxta	18	roof plate, flexural + subcommissural organ	5	19.0	-0.00041584510797104527	0.4004444414444842	0.5761687410066157	False
tbxta|satellite cells|18	tbxta	18	satellite cells	7	22.0	-0.0007205487253696824	0.5419080991985448	0.6999162685581101	False
tbxta|slow-committed myocyte|18	tbxta	18	slow-committed myocyte	7	23.0	-0.006297531387947802	2.2296084422441893e-08	1.3592429448360217e-06	True
tbxta|support cells/otic vesicle|18	tbxta	18	support cells/otic vesicle	8	23.0	-0.0001856784441897838	0.9425596005986526	0.9692523283779089	False
tbxta|thyroid follicle cell|18	tbxta	18	thyroid follicle cell	6	12.0	0.003418382985287916	0.20669589416431325	0.3684265602794693	False
tbxta|unknown|18	tbxta	18	unknown	1					False
tbxta|xanthophore|18	tbxta	18	xanthophore	2	19.0	-0.0023421126725235654	0.05354074758139822	0.1492358505362379	False
tbxta|KA neuron|24	tbxta	24	KA neuron	5	31.0	0.0005059535215705651	0.4623638382559486	0.6314031453371924	False
tbxta|anterior migratory muscle|24	tbxta	24	anterior migratory muscle	8	32.0	-0.004797437599094356	0.019947057013859747	0.07467503879273128	False
tbxta|basal cell|24	tbxta	24	basal cell	3	23.0	-0.0003019252851423303	0.5132830318450419	0.676267294482949	False
tbxta|cardiomyocyte|24	tbxta	24	cardiomyocyte	8	32.0	0.0005285969041643247	0.547632778583408	0.7034239566992938	False
tbxta|connective tissue-meninges-dermal FB|24	tbxta	24	connective tissue-meninges-dermal FB	8	32.0	-0.0007144377342069366	0.9229716721813366	0.9574979168118484	False
tbxta|contains head vasculature?|24	tbxta	24	contains head vasculature?	8	32.0	0.006579245598843032	0.009109987945177655	0.04278153349519825	True
tbxta|cranial muscle (early)|24	tbxta	24	cranial muscle (early)	2	22.0	0.00011016257740673182	0.7368588076941016	0.839723336842275	False
tbxta|cranial muscle (mid)|24	tbxta	24	cranial muscle (mid)	1	5.0	4.2628239681180027e-05			False
tbxta|cranial muscle (non-somitic, fast-twitch)|24	tbxta	24	cranial muscle (non-somitic, fast-twitch)	8	32.0	-0.0010151206984381346	0.05135652994716162	0.1445913475519052	False
tbxta|cranial muscle (progenitor)|24	tbxta	24	cranial muscle (progenitor)	8	32.0	0.00747531576496	0.01226835828267106	0.053422831447148884	False
tbxta|cranial neural crest|24	tbxta	24	cranial neural crest	8	32.0	-0.0022228334589784625	0.006969362476976833	0.03592817196238251	True
tbxta|differentiating neuron (hindbrain)|24	tbxta	24	differentiating neuron (hindbrain)	7	32.0	-0.0027180389677140095	0.028925107126715862	0.09712346480900805	False
tbxta|differentiating neuron 1|24	tbxta	24	differentiating neuron 1	8	32.0	-0.003777673121632412	0.014922206452213328	0.061360186803810376	False
tbxta|differentiating neuron 2|24	tbxta	24	differentiating neuron 2	6	32.0	0.0004055574971039196	0.7546888999231618	0.8508113898392701	False
tbxta|dorsal spinal cord neuron|24	tbxta	24	dorsal spinal cord neuron	1	9.0	5.590453298775556e-05			False
tbxta|endothelium (dorsal aorta)|24	tbxta	24	endothelium (dorsal aorta)	7	32.0	-0.0016651984931367828	0.032999145857259646	0.10701772778013195	False
tbxta|endothelium (f8+, clic2+)|24	tbxta	24	endothelium (f8+, clic2+)	8	31.0	0.0009874078141588055	0.015563766159224264	0.06321590839122569	False
tbxta|endothelium (vein + early artery)|24	tbxta	24	endothelium (vein + early artery)	8	32.0	0.005921710113381894	0.09759125758630216	0.2244700265354717	False
tbxta|enveloping layer (EVL)|24	tbxta	24	enveloping layer (EVL)	1					False
tbxta|eye, optic cup|24	tbxta	24	eye, optic cup	8	32.0	-0.010541793065667094	0.02818691892867795	0.09556228381686988	False
tbxta|fast-committed myocyte|24	tbxta	24	fast-committed myocyte	8	32.0	-0.012589885747569779	0.00720414439111347	0.03677324122870797	True
tbxta|fin fold|24	tbxta	24	fin fold	1	11.0	0.00014382062928875448			False
tbxta|fin mesenchyme|24	tbxta	24	fin mesenchyme	8	32.0	0.01182979304591028	0.0765909497127428	0.18983471124251247	False
tbxta|floor plate|24	tbxta	24	floor plate	8	32.0	0.008494953746582282	0.00017896572047166736	0.0022869754087196724	True
tbxta|glia|24	tbxta	24	glia	3	28.0	-2.0334229876083337e-05	0.9595320908557179	0.9789790793392056	False
tbxta|hair cell|24	tbxta	24	hair cell	1	23.0	-0.00015976022739096077			False
tbxta|hatching gland|24	tbxta	24	hatching gland	8	32.0	0.0026818469344931832	0.23879371072393854	0.4083335583532094	False
tbxta|head mesenchyme|24	tbxta	24	head mesenchyme	8	32.0	-0.005439885269392588	0.0038245910674094747	0.022691435395478535	True
tbxta|head mesenchyme (maybe ventral, hand2+)|24	tbxta	24	head mesenchyme (maybe ventral, hand2+)	8	32.0	0.002089576915781974	0.2788971372344032	0.45423320512809046	False
tbxta|head mesenchyme/PA cartilage|24	tbxta	24	head mesenchyme/PA cartilage	8	32.0	0.0029881348012219845	0.2425022593053613	0.4123407147093464	False
tbxta|head/eye connective tissue|24	tbxta	24	head/eye connective tissue	8	32.0	0.0011194988195325842	0.8232482084704371	0.8954795130604117	False
tbxta|hypochord|24	tbxta	24	hypochord	3	32.0	-0.0008032413251594648	0.0011246394236171212	0.009237613065433586	True
tbxta|hypophysis/locus coeruleus|24	tbxta	24	hypophysis/locus coeruleus	2	22.0	8.693654172371821e-05	0.8439689592871842	0.9098270172717942	False
tbxta|intestine|24	tbxta	24	intestine	8	32.0	0.012002895753973538	1.723594434438027e-05	0.00036475429989938507	True
tbxta|ionocyte/goblet cell|24	tbxta	24	ionocyte/goblet cell	8	32.0	0.005545750178327844	0.1159107462420482	0.2526991170532842	False
tbxta|iridophore|24	tbxta	24	iridophore	2	24.0	0.0005031054839687709	0.6889324568259927	0.8076367934158234	False
tbxta|lens|24	tbxta	24	lens	8	32.0	-0.0013890473885809999	0.4476767303412039	0.6179501190522019	False
tbxta|mature fast muscle|24	tbxta	24	mature fast muscle	8	32.0	-0.014653319537851275	0.19833517440341128	0.3585248188005082	False
tbxta|mature slow muscle|24	tbxta	24	mature slow muscle	8	32.0	-0.02300081060240239	3.0103990535508855e-06	9.010856626507044e-05	True
tbxta|melanophore|24	tbxta	24	melanophore	6	32.0	-0.0027843678219099527	0.015595902547941983	0.0632690918382628	False
tbxta|mesodermal progenitor cells (contains PSM)|24	tbxta	24	mesodermal progenitor cells (contains PSM)	1	32.0	-0.005716001253018913			False
tbxta|motor neuron|24	tbxta	24	motor neuron	8	32.0	0.00011668980786423439	0.8494026341502838	0.9131662358726154	False
tbxta|myeloid cell|24	tbxta	24	myeloid cell	8	32.0	0.0027023063542708815	0.18154940062664238	0.3392564024645778	False
tbxta|myoblast|24	tbxta	24	myoblast	1	32.0	-0.004030744080462425			False
tbxta|neural crest + pigment cell progenitor|24	tbxta	24	neural crest + pigment cell progenitor	8	32.0	0.002281421247556744	0.21195073795098424	0.37497674485737226	False
tbxta|neural progenitor (MHB)|24	tbxta	24	neural progenitor (MHB)	8	32.0	-0.005380952642028876	0.21297390385864776	0.3761859625573403	False
tbxta|neural progenitor (hindbrain R7/8)|24	tbxta	24	neural progenitor (hindbrain R7/8)	8	32.0	-0.007862013008216092	0.03555901165858853	0.1123583606615886	False
tbxta|neural progenitor (hindbrain)|24	tbxta	24	neural progenitor (hindbrain)	8	32.0	-0.022914658799920468	0.013175595967017116	0.05636916149407655	False
tbxta|neural progenitor (telencephalon/diencephalon)|24	tbxta	24	neural progenitor (telencephalon/diencephalon)	8	32.0	-0.010980419719784994	0.008946438524797257	0.04216247092005516	True
tbxta|neural tube-like connective tissue (+ taste bud)|24	tbxta	24	neural tube-like connective tissue (+ taste bud)	8	32.0	0.0083233640127365	0.008010853288778978	0.038997890186033925	True
tbxta|neuromast support cell|24	tbxta	24	neuromast support cell	8	32.0	-0.000360825901804287	0.7705259630222803	0.8616871464629843	False
tbxta|neuron (+ spinal cord)|24	tbxta	24	neuron (+ spinal cord)	7	30.0	-0.0003177313822937684	0.19746983735717558	0.3572521288424807	False
tbxta|neuron (cranial ganglia sensory, Rohon-Beard)|24	tbxta	24	neuron (cranial ganglia sensory, Rohon-Beard)	8	32.0	-0.0032888931187050902	0.02416556104190277	0.085597096547678	False
tbxta|neuron (dopaminergic)|24	tbxta	24	neuron (dopaminergic)	2	10.0	0.0008485986448875899	0.36818121808952725	0.5441011772451682	False
tbxta|neuron (telencephalon, glutamatergic)|24	tbxta	24	neuron (telencephalon, glutamatergic)	6	29.0	-0.00012480846730186486	0.8159279884542862	0.8905784302363224	False
tbxta|neurons (differentiating, contains peripheral)|24	tbxta	24	neurons (differentiating, contains peripheral)	8	32.0	-0.0039818902768862345	0.02332560317235556	0.08364740047506893	False
tbxta|neurons (gabaergic, glutamatergic)|24	tbxta	24	neurons (gabaergic, glutamatergic)	6	31.0	-0.00198833557908203	0.004625686112543265	0.026249089852988895	True
tbxta|neurons (gabaergic, glutamatergic; contains Purkinje)|24	tbxta	24	neurons (gabaergic, glutamatergic; contains Purkinje)	6	31.0	-0.000550738841101182	0.4657452309160227	0.6341961187370841	False
tbxta|notochord|24	tbxta	24	notochord	1	32.0	-0.018828111422499284			False
tbxta|olfactory vesicle/bulb|24	tbxta	24	olfactory vesicle/bulb	7	32.0	0.0006084847538285446	0.19144639429788318	0.3512191873933079	False
tbxta|pancreas|24	tbxta	24	pancreas	2	27.0	0.001919993774351361	0.0872771765556031	0.20824116601012746	False
tbxta|pectoral fin bud (osteoblast+)|24	tbxta	24	pectoral fin bud (osteoblast+)	8	32.0	-0.011396850520512196	3.0428341966202493e-13	6.972287322945365e-11	True
tbxta|periderm|24	tbxta	24	periderm	8	32.0	0.13896383394740952	0.05088404292150785	0.1436993052330725	False
tbxta|pharyngeal arch (NC-derived)|24	tbxta	24	pharyngeal arch (NC-derived)	8	32.0	-0.008740553062204642	0.04853515180775692	0.13853783666775976	False
tbxta|pharyngeal arch (contains muscle, early cartilage)|24	tbxta	24	pharyngeal arch (contains muscle, early cartilage)	5	30.0	3.345010798781658e-05	0.903256512661637	0.9469642315711887	False
tbxta|pharyngeal arch (early)|24	tbxta	24	pharyngeal arch (early)	8	32.0	-0.0002615005462708094	0.8258484857496466	0.8977201354173732	False
tbxta|pharynx|24	tbxta	24	pharynx	7	31.0	0.0008134872431023992	0.23646982851619494	0.4061364720832555	False
tbxta|posterior lateral line primordium|24	tbxta	24	posterior lateral line primordium	7	31.0	0.0009751842308735243	0.23553132777247276	0.40532931271624556	False
tbxta|posterior spinal cord progenitors|24	tbxta	24	posterior spinal cord progenitors	6	32.0	-0.004261666122946721	4.3738832524000185e-05	0.0007529651350310394	True
tbxta|primordial germ cell|24	tbxta	24	primordial germ cell	7	27.0	0.00041745934536186347	0.38945754197911187	0.5649302262499888	False
tbxta|pronephric duct|24	tbxta	24	pronephric duct	4	23.0	0.0003124790407203716	0.7166381771625498	0.8258367686269583	False
tbxta|pronephric podocyte|24	tbxta	24	pronephric podocyte	1	15.0	0.00017981658711098663			False
tbxta|pronephros distal tubule|24	tbxta	24	pronephros distal tubule	8	32.0	0.002123617900812497	0.07940437543235059	0.19470187260072683	False
tbxta|pronephros proximal tubule|24	tbxta	24	pronephros proximal tubule	8	32.0	0.0023098473617769524	0.12708664668087277	0.2676710198615252	False
tbxta|red blood cell|24	tbxta	24	red blood cell	8	31.0	-0.00011289208970789548	0.9502696950979073	0.974011251349091	False
tbxta|retinal neuron|24	tbxta	24	retinal neuron	7	30.0	-0.004808655641721421	2.663006165078502e-08	1.5799710684773789e-06	True
tbxta|retinal pigmented epithelium (early)|24	tbxta	24	retinal pigmented epithelium (early)	7	31.0	-0.00034069165783265874	0.6708597109965915	0.7936376677180613	False
tbxta|roof plate, flexural + subcommissural organ|24	tbxta	24	roof plate, flexural + subcommissural organ	4	31.0	-0.0006983231697451661	0.19984367108504625	0.36007624575925495	False
tbxta|satellite cells|24	tbxta	24	satellite cells	6	32.0	-0.0008612379258355375	0.11723444791713201	0.254533067141661	False
tbxta|slow-committed myocyte|24	tbxta	24	slow-committed myocyte	1	31.0	-0.003958435046565393			False
tbxta|support cells/otic vesicle|24	tbxta	24	support cells/otic vesicle	6	32.0	-0.0007518291465641886	0.5613491352480522	0.7145909968818596	False
tbxta|thyroid follicle cell|24	tbxta	24	thyroid follicle cell	4	19.0	0.00047440058639913307	0.5508112411642474	0.7065908682502748	False
tbxta|unknown|24	tbxta	24	unknown	2					False
tbxta|xanthophore|24	tbxta	24	xanthophore	8	31.0	-0.002477108535305552	0.08473574797425087	0.20342089786448594	False
tbxta|KA neuron|36	tbxta	36	KA neuron	7	44.0	0.0014738849473463446	0.04058347702893518	0.12263629143122977	False
tbxta|adrenal gland|36	tbxta	36	adrenal gland	4	15.0	8.670080366675e-05	0.5032124044932542	0.6670528055935336	False
tbxta|anterior migratory muscle|36	tbxta	36	anterior migratory muscle	7	44.0	-0.0012579778602545642	0.515283289834546	0.6773100671340258	False
tbxta|basal cell|36	tbxta	36	basal cell	7	44.0	0.051998131878132944	5.670947687865488e-06	0.00015248313155780948	True
tbxta|cardiomyocyte|36	tbxta	36	cardiomyocyte	7	44.0	0.0023836448577277064	0.1614217344278158	0.3138231203255811	False
tbxta|chondrocranium|36	tbxta	36	chondrocranium	3	7.0	9.002218091035716e-05	0.18136666733317947	0.33910565684551985	False
tbxta|connective tissue-meninges-dermal FB|36	tbxta	36	connective tissue-meninges-dermal FB	7	44.0	-0.02496009934154061	4.308325737012563e-05	0.0007474888909255478	True
tbxta|contains head vasculature?|36	tbxta	36	contains head vasculature?	5	31.0	0.0003772904077267627	0.17224091513511772	0.3283249802274404	False
tbxta|cranial muscle (early)|36	tbxta	36	cranial muscle (early)	7	44.0	0.005516022426028647	0.0044432159781553175	0.025629487998994865	True
tbxta|cranial muscle (late)|36	tbxta	36	cranial muscle (late)	1	6.0	2.8807002555699952e-05			False
tbxta|cranial muscle (mid)|36	tbxta	36	cranial muscle (mid)	7	36.0	0.0005044876531820307	0.20867924958862877	0.37086493095151163	False
tbxta|cranial muscle (non-somitic, fast-twitch)|36	tbxta	36	cranial muscle (non-somitic, fast-twitch)	7	44.0	0.00030237248971134566	0.6849705070140268	0.8046012054283557	False
tbxta|cranial muscle (progenitor)|36	tbxta	36	cranial muscle (progenitor)	5	37.0	-0.00042831439951037406	0.012097050122742155	0.05285977073100297	False
tbxta|cranial neural crest|36	tbxta	36	cranial neural crest	7	44.0	0.0037325720103258625	1.786172100505753e-06	5.733871308145279e-05	True
tbxta|differentiating neuron (hindbrain)|36	tbxta	36	differentiating neuron (hindbrain)	7	44.0	0.0065241916807998075	0.00865914774568286	0.0411882868790713	True
tbxta|differentiating neuron 1|36	tbxta	36	differentiating neuron 1	7	43.0	0.0011229153564969296	0.4143293449882227	0.5891757965860774	False
tbxta|differentiating neuron 2|36	tbxta	36	differentiating neuron 2	7	43.0	0.0005417217219749601	0.4054327644111013	0.5807503167733926	False
tbxta|dorsal spinal cord neuron|36	tbxta	36	dorsal spinal cord neuron	5	26.0	0.00011953600922738313	0.23985374951018837	0.40927246365597597	False
tbxta|endothelium (dorsal aorta)|36	tbxta	36	endothelium (dorsal aorta)	7	44.0	0.0037647806777209285	0.002925527409546335	0.01871042313420154	True
tbxta|endothelium (f8+, clic2+)|36	tbxta	36	endothelium (f8+, clic2+)	7	44.0	0.0017349151817359764	0.008179769567397764	0.03960451273131489	True
tbxta|endothelium (vein + early artery)|36	tbxta	36	endothelium (vein + early artery)	7	44.0	0.0031376091308911464	0.011387125803875771	0.05074946409574413	False
tbxta|eye, optic cup|36	tbxta	36	eye, optic cup	7	44.0	0.020334622570920655	0.00028383711353183443	0.0032763214402532323	True
tbxta|fast-committed myocyte|36	tbxta	36	fast-committed myocyte	3	24.0	-0.00022843071085858327	0.10255448591858296	0.23179406766291966	False
tbxta|fin bud mesoderm (pectoral)|36	tbxta	36	fin bud mesoderm (pectoral)	3	40.0	-0.001180440264650286	0.05131626220668029	0.14455131935709645	False
tbxta|fin fold|36	tbxta	36	fin fold	7	44.0	-0.01881669568267353	8.297299582367367e-14	2.0420576194381908e-11	True
tbxta|fin mesenchyme|36	tbxta	36	fin mesenchyme	3	30.0	-0.0003544761060286967	0.007364063270404769	0.03724063959805151	True
tbxta|floor plate|36	tbxta	36	floor plate	7	44.0	0.010431055771105913	0.00042877312226709345	0.0044803938799224795	True
tbxta|glia|36	tbxta	36	glia	7	44.0	0.001362845129488571	0.06838103594181835	0.1763151251624289	False
tbxta|hair cell|36	tbxta	36	hair cell	6	39.0	0.00034396288414807806	0.3675201944536797	0.5433809732357472	False
tbxta|hatching gland|36	tbxta	36	hatching gland	7	44.0	-0.004137088056012964	0.019480563076593863	0.07330030670666264	False
tbxta|head mesenchyme|36	tbxta	36	head mesenchyme	7	44.0	-0.0031410174715586735	0.16659396205452162	0.3213401677365156	False
tbxta|head mesenchyme (maybe ventral, hand2+)|36	tbxta	36	head mesenchyme (maybe ventral, hand2+)	7	44.0	0.0036752586850629827	0.14705632039938069	0.29486700333551136	False
tbxta|head mesenchyme/PA cartilage|36	tbxta	36	head mesenchyme/PA cartilage	7	43.0	0.004968192353624732	0.0005844026441936491	0.00566913221995153	True
tbxta|head/eye connective tissue|36	tbxta	36	head/eye connective tissue	7	44.0	-0.0006702493988110288	0.390411593342353	0.5660669949290718	False
tbxta|hypochord|36	tbxta	36	hypochord	7	38.0	0.0014085944915687618	0.19185051604975073	0.3514879181556641	False
tbxta|hypophysis/locus coeruleus|36	tbxta	36	hypophysis/locus coeruleus	7	41.0	0.0005837244485859511	0.08030379603152615	0.19618335464319533	False
tbxta|intestine|36	tbxta	36	intestine	7	44.0	0.0003958877809327726	0.7561101515673494	0.8514018018155086	False
tbxta|ionocyte/goblet cell|36	tbxta	36	ionocyte/goblet cell	7	44.0	-0.002827683991012786	3.916894478526886e-05	0.0006922277608992328	True
tbxta|iridophore|36	tbxta	36	iridophore	7	44.0	0.0008439126949432336	0.10881672132105415	0.24118881872010964	False
tbxta|jaw chondrocyte|36	tbxta	36	jaw chondrocyte	2	7.0	7.304516580305004e-05	0.36443508503421407	0.5408065253328209	False
tbxta|lens|36	tbxta	36	lens	7	43.0	0.0008906382187353562	0.4709152377982845	0.6388379628401094	False
tbxta|liver|36	tbxta	36	liver	6	36.0	-0.0002549949396671664	0.5294307339498219	0.6903585610472069	False
tbxta|mature fast muscle|36	tbxta	36	mature fast muscle	7	44.0	-0.04141609178777626	3.616044445024626e-07	1.4562797174053721e-05	True
tbxta|mature slow muscle|36	tbxta	36	mature slow muscle	7	44.0	-0.011422062730322629	0.03574672513296564	0.11268232278145073	False
tbxta|melanophore|36	tbxta	36	melanophore	7	44.0	-0.0026751019606147033	0.0034717742534314403	0.021098357330742834	True
tbxta|mesodermal progenitor cells (contains PSM)|36	tbxta	36	mesodermal progenitor cells (contains PSM)	1	12.0	-7.545275891748332e-05			False
tbxta|motor neuron|36	tbxta	36	motor neuron	7	43.0	0.00179321531625325	0.03483341556379696	0.11095710403737787	False
tbxta|myeloid cell|36	tbxta	36	myeloid cell	7	43.0	0.006212842765044357	0.00036714033521900735	0.003999422176279186	True
tbxta|neural crest + pigment cell progenitor|36	tbxta	36	neural crest + pigment cell progenitor	4	19.0	5.7663697135138144e-05	0.7914784880865482	0.8767085436464599	False
tbxta|neural progenitor (MHB)|36	tbxta	36	neural progenitor (MHB)	7	43.0	0.0043396974639513496	0.007622378649354114	0.03796904507118297	True
tbxta|neural progenitor (hindbrain R7/8)|36	tbxta	36	neural progenitor (hindbrain R7/8)	7	44.0	-0.0010183632061601892	0.3508393219784316	0.5281019507332319	False
tbxta|neural progenitor (hindbrain)|36	tbxta	36	neural progenitor (hindbrain)	7	43.0	0.000862314964488943	0.16210311642607114	0.3148714436279575	False
tbxta|neural progenitor (telencephalon/diencephalon)|36	tbxta	36	neural progenitor (telencephalon/diencephalon)	7	44.0	0.011453278268726125	0.0001259081818339811	0.0017394176055858719	True
tbxta|neural tube-like connective tissue (+ taste bud)|36	tbxta	36	neural tube-like connective tissue (+ taste bud)	7	44.0	0.0006465168694572403	0.7354072064115493	0.8387883430492182	False
tbxta|neuromast support cell|36	tbxta	36	neuromast support cell	7	44.0	0.002908762311684446	0.1280355899012429	0.26898403253043285	False
tbxta|neuron (+ spinal cord)|36	tbxta	36	neuron (+ spinal cord)	7	42.0	0.001151468276510395	0.04032581081715635	0.12208649896802713	False
tbxta|neuron (cranial ganglia sensory, Rohon-Beard)|36	tbxta	36	neuron (cranial ganglia sensory, Rohon-Beard)	7	44.0	0.0011814366417178378	0.4442437012758207	0.6152562307165128	False
tbxta|neuron (dopaminergic)|36	tbxta	36	neuron (dopaminergic)	5	22.0	0.0004483003445537418	0.04460316550575705	0.13074020061127287	False
tbxta|neuron (telencephalon, glutamatergic)|36	tbxta	36	neuron (telencephalon, glutamatergic)	7	43.0	0.004566098354409489	0.0030538212729766152	0.019326326056123437	True
tbxta|neurons (differentiating, contains peripheral)|36	tbxta	36	neurons (differentiating, contains peripheral)	7	44.0	0.011959383476679596	0.0005819228158006312	0.005653329109642097	True
tbxta|neurons (gabaergic, glutamatergic)|36	tbxta	36	neurons (gabaergic, glutamatergic)	7	44.0	0.017931832695631367	1.82131761629269e-07	8.015003682294653e-06	True
tbxta|neurons (gabaergic, glutamatergic; contains Purkinje)|36	tbxta	36	neurons (gabaergic, glutamatergic; contains Purkinje)	7	44.0	0.018647714513131755	5.713814861985638e-06	0.00015248313155780948	True
tbxta|notochord|36	tbxta	36	notochord	7	44.0	0.005913183583061057	0.21813279630236765	0.3822501137735319	False
tbxta|olfactory vesicle/bulb|36	tbxta	36	olfactory vesicle/bulb	7	43.0	0.004297925025742378	0.002028671783729452	0.014130528304907975	True
tbxta|pancreas|36	tbxta	36	pancreas	5	37.0	8.893179555174752e-05	0.6903895666878591	0.8088220505361114	False
tbxta|pectoral fin bud (osteoblast+)|36	tbxta	36	pectoral fin bud (osteoblast+)	7	44.0	-0.0010713989864303349	0.2721321734256228	0.44682932849351703	False
tbxta|periderm|36	tbxta	36	periderm	7	44.0	-0.13810129418808137	7.118157853920525e-13	1.4333381496758147e-10	True
tbxta|periocular mesenchyme|36	tbxta	36	periocular mesenchyme	7	44.0	0.0007009001429849884	0.3192494664807264	0.49845223326231836	False
tbxta|pharyngeal arch (NC-derived)|36	tbxta	36	pharyngeal arch (NC-derived)	4	42.0	-0.000971646354204049	0.01834441285573345	0.07029909078797507	False
tbxta|pharyngeal arch (contains muscle, early cartilage)|36	tbxta	36	pharyngeal arch (contains muscle, early cartilage)	7	44.0	0.002568806545577589	0.00836206318296217	0.0401778090027358	True
tbxta|pharyngeal arch (early)|36	tbxta	36	pharyngeal arch (early)	7	44.0	0.009023302504517109	0.03287595479322848	0.10672238378163325	False
tbxta|pharynx|36	tbxta	36	pharynx	2	29.0	0.00024038673888518967	0.5909434756483818	0.7366008995842238	False
tbxta|posterior lateral line primordium|36	tbxta	36	posterior lateral line primordium	7	40.0	0.0008465679895925456	0.2372366372057335	0.406717609451006	False
tbxta|posterior spinal cord progenitors|36	tbxta	36	posterior spinal cord progenitors	7	43.0	0.003391955256951887	0.07184043826025074	0.1820670145840451	False
tbxta|primordial germ cell|36	tbxta	36	primordial germ cell	4	34.0	-0.00030588934499755586	0.06094391462425098	0.16362517683965566	False
tbxta|pronephric duct|36	tbxta	36	pronephric duct	3	31.0	-0.0003760627166113482	0.2068688965482142	0.36853721650479443	False
tbxta|pronephric podocyte|36	tbxta	36	pronephric podocyte	6	27.0	2.3383240190177836e-05	0.8690798500530197	0.9255087607890856	False
tbxta|pronephros distal tubule|36	tbxta	36	pronephros distal tubule	7	44.0	-0.001679353368732183	0.020267221597094553	0.07549085622908819	False
tbxta|pronephros proximal tubule|36	tbxta	36	pronephros proximal tubule	7	44.0	0.0016928943398533012	0.15538283957871718	0.3059052407797929	False
tbxta|red blood cell|36	tbxta	36	red blood cell	5	39.0	-0.0004696200384024631	0.04661679953481668	0.13491665196378783	False
tbxta|retinal neuron|36	tbxta	36	retinal neuron	7	44.0	0.009895355436609434	0.014670999910641334	0.06077855012856089	False
tbxta|retinal pigmented epithelium (early)|36	tbxta	36	retinal pigmented epithelium (early)	7	43.0	0.007006774478661437	5.850045326741487e-05	0.0009527831175538525	True
tbxta|roof plate, flexural + subcommissural organ|36	tbxta	36	roof plate, flexural + subcommissural organ	7	43.0	0.00027823188793752243	0.6208514395455473	0.7582352170152843	False
tbxta|satellite cells|36	tbxta	36	satellite cells	3	22.0	-1.0907408298866609e-05	0.8614285516952632	0.9210285963016933	False
tbxta|support cells/otic vesicle|36	tbxta	36	support cells/otic vesicle	7	44.0	-0.0005006177947389475	0.6283976838382535	0.7635221446526228	False
tbxta|thyroid follicle cell|36	tbxta	36	thyroid follicle cell	5	29.0	0.00015842463210075032	0.6008860039571262	0.7434160298445548	False
tbxta|unknown|36	tbxta	36	unknown	5					False
tbxta|unknown (dcn+, col6+)|36	tbxta	36	unknown (dcn+, col6+)	2	33.0	-0.0006695880385765423	7.723896348911226e-05	0.0011826209168415251	True
tbxta|xanthophore|36	tbxta	36	xanthophore	7	44.0	-0.0012812023458455874	0.006268286052431321	0.033429182037244085	True
tfap2a|KA neuron|36	tfap2a	36	KA neuron	12	44.0	-0.00038809739468384226	0.13512350571939327	0.278900838422999	False
tfap2a|adrenal gland|36	tfap2a	36	adrenal gland	4	15.0	4.091093781547503e-05	0.7318812868415	0.8366336058939906	False
tfap2a|anterior migratory muscle|36	tfap2a	36	anterior migratory muscle	12	44.0	0.0021382942002136154	0.22366981364753508	0.3897821190035569	False
tfap2a|basal cell|36	tfap2a	36	basal cell	12	44.0	-0.010406637395006458	0.0001576676538322616	0.0020624046451090125	True
tfap2a|cardiomyocyte|36	tfap2a	36	cardiomyocyte	12	44.0	0.0007647547691478134	0.27061662220951505	0.44511075608470974	False
tfap2a|chondrocranium|36	tfap2a	36	chondrocranium	1	7.0	-1.8321875367542846e-05			False
tfap2a|connective tissue-meninges-dermal FB|36	tfap2a	36	connective tissue-meninges-dermal FB	12	44.0	-0.011544404534988471	0.0017746673291828025	0.012815849800887116	True
tfap2a|contains head vasculature?|36	tfap2a	36	contains head vasculature?	11	31.0	0.00059028284897815	0.017535491292114486	0.06814230388076067	False
tfap2a|cranial muscle (early)|36	tfap2a	36	cranial muscle (early)	12	44.0	-0.0021757152346956986	5.6418223454162225e-05	0.0009349104609798205	True
tfap2a|cranial muscle (mid)|36	tfap2a	36	cranial muscle (mid)	9	36.0	-0.0001751691946793027	0.3287016639407242	0.5091423866742532	False
tfap2a|cranial muscle (non-somitic, fast-twitch)|36	tfap2a	36	cranial muscle (non-somitic, fast-twitch)	12	44.0	-0.0009740074138615525	0.09553229954756418	0.22157491465743942	False
tfap2a|cranial muscle (progenitor)|36	tfap2a	36	cranial muscle (progenitor)	11	37.0	-0.0002459122159526359	0.07189546665099393	0.1820675975212861	False
tfap2a|cranial neural crest|36	tfap2a	36	cranial neural crest	12	44.0	0.0005174498947048264	0.48006196455144623	0.6468891625143047	False
tfap2a|differentiating neuron (hindbrain)|36	tfap2a	36	differentiating neuron (hindbrain)	12	44.0	-0.002104167049490636	0.18346298295542832	0.3416792381554992	False
tfap2a|differentiating neuron 1|36	tfap2a	36	differentiating neuron 1	12	43.0	-0.0025922053981787124	0.030424817892042683	0.1012890355173465	False
tfap2a|differentiating neuron 2|36	tfap2a	36	differentiating neuron 2	12	43.0	-0.0008299636122952891	0.05848554040327946	0.15895149937823802	False
tfap2a|dorsal spinal cord neuron|36	tfap2a	36	dorsal spinal cord neuron	3	26.0	0.00022066261403108975	0.15785303230195372	0.3096939473417427	False
tfap2a|endothelium (dorsal aorta)|36	tfap2a	36	endothelium (dorsal aorta)	12	44.0	-0.0011685490891845379	0.3225333160666145	0.501928310365961	False
tfap2a|endothelium (f8+, clic2+)|36	tfap2a	36	endothelium (f8+, clic2+)	11	44.0	-0.0003197600389586888	0.24791478870627764	0.41939759952984085	False
tfap2a|endothelium (vein + early artery)|36	tfap2a	36	endothelium (vein + early artery)	12	44.0	-0.00170069216824628	0.03846845826064555	0.11850853275011113	False
tfap2a|eye, optic cup|36	tfap2a	36	eye, optic cup	12	44.0	-0.004902427661090773	0.004482895143208853	0.02572438534250676	True
tfap2a|fast-committed myocyte|36	tfap2a	36	fast-committed myocyte	3	24.0	0.00032270010578871685	0.30044566965260977	0.4795727780066279	False
tfap2a|fin bud mesoderm (pectoral)|36	tfap2a	36	fin bud mesoderm (pectoral)	6	40.0	-0.0011223610870866858	0.023687225265604253	0.08457904991399262	False
tfap2a|fin fold|36	tfap2a	36	fin fold	12	44.0	-0.0072651885054646845	0.02003062231086319	0.07486135278722492	False
tfap2a|fin mesenchyme|36	tfap2a	36	fin mesenchyme	12	30.0	0.00050276162326702	0.11431922755800203	0.2503794552152022	False
tfap2a|floor plate|36	tfap2a	36	floor plate	12	44.0	0.000518110288280433	0.4287348553263449	0.6035896427210936	False
tfap2a|glia|36	tfap2a	36	glia	11	44.0	-0.0001721184301120022	0.5733154432838029	0.7228996433815693	False
tfap2a|hair cell|36	tfap2a	36	hair cell	11	39.0	-8.370292243547192e-05	0.6034252110237552	0.7451821389376635	False
tfap2a|hatching gland|36	tfap2a	36	hatching gland	12	44.0	0.006245649031198876	0.01167876863977501	0.05153082178705508	False
tfap2a|head mesenchyme|36	tfap2a	36	head mesenchyme	12	44.0	-0.006815474411569981	0.008698188343297459	0.04131484027248864	True
tfap2a|head mesenchyme (maybe ventral, hand2+)|36	tfap2a	36	head mesenchyme (maybe ventral, hand2+)	12	44.0	-4.6773761317904505e-06	0.9972709823111567	0.9983226389662001	False
tfap2a|head mesenchyme/PA cartilage|36	tfap2a	36	head mesenchyme/PA cartilage	12	43.0	0.000730009565946009	0.5472301509352353	0.7030828215322195	False
tfap2a|head/eye connective tissue|36	tfap2a	36	head/eye connective tissue	12	44.0	0.0017401938314693761	0.11046266105033267	0.24390584405507323	False
tfap2a|hypochord|36	tfap2a	36	hypochord	8	38.0	-0.00052021808299729	0.036805345336734956	0.11493022545235139	False
tfap2a|hypophysis/locus coeruleus|36	tfap2a	36	hypophysis/locus coeruleus	9	41.0	-1.3410630671915565e-05	0.9436279939818057	0.9696007453238131	False
tfap2a|intestine|36	tfap2a	36	intestine	12	44.0	-0.0006217852929180185	0.27442131388423074	0.44881359359111817	False
tfap2a|ionocyte/goblet cell|36	tfap2a	36	ionocyte/goblet cell	12	44.0	-0.0024697946810489082	0.003632962042643414	0.021886702423722107	True
tfap2a|iridophore|36	tfap2a	36	iridophore	12	44.0	-0.0009662345471324926	0.00020684288141379684	0.0025595362141427936	True
tfap2a|jaw chondrocyte|36	tfap2a	36	jaw chondrocyte	1	7.0	-9.792662105999697e-07			False
tfap2a|lens|36	tfap2a	36	lens	12	43.0	-0.0016669162789502362	0.002245379222985123	0.015209525929394641	True
tfap2a|liver|36	tfap2a	36	liver	8	36.0	-0.00018559503381867484	0.513931075653348	0.676653853322072	False
tfap2a|mature fast muscle|36	tfap2a	36	mature fast muscle	12	44.0	0.01487626298913615	0.12293852169187652	0.2620874163113633	False
tfap2a|mature slow muscle|36	tfap2a	36	mature slow muscle	12	44.0	-0.001155539672968442	0.6951553874152648	0.8129385091955801	False
tfap2a|melanophore|36	tfap2a	36	melanophore	12	44.0	-0.004897860705449796	4.2015536596159667e-19	2.79193240681481e-16	True
tfap2a|mesodermal progenitor cells (contains PSM)|36	tfap2a	36	mesodermal progenitor cells (contains PSM)	2	12.0	-6.315347794558338e-05	0.465532921094045	0.63403694623282	False
tfap2a|motor neuron|36	tfap2a	36	motor neuron	12	43.0	-0.002138831798373882	5.472300218113147e-06	0.00014842218346678313	True
tfap2a|myeloid cell|36	tfap2a	36	myeloid cell	12	43.0	0.0001601920592019029	0.5186739176394588	0.679684024699946	False
tfap2a|myoblast|36	tfap2a	36	myoblast	1	1.0	-0.000113516653108			False
tfap2a|neural crest + pigment cell progenitor|36	tfap2a	36	neural crest + pigment cell progenitor	8	19.0	0.0001508736061813131	0.3034364470500821	0.4824839036679367	False
tfap2a|neural progenitor (MHB)|36	tfap2a	36	neural progenitor (MHB)	12	43.0	-0.0024369300751181846	0.04141116000573587	0.124440045025527	False
tfap2a|neural progenitor (hindbrain R7/8)|36	tfap2a	36	neural progenitor (hindbrain R7/8)	12	44.0	0.0010218974905888238	0.39366023412651285	0.5691628058682937	False
tfap2a|neural progenitor (hindbrain)|36	tfap2a	36	neural progenitor (hindbrain)	12	43.0	0.0036888875116425223	0.0043388781629995045	0.025114847903424834	True
tfap2a|neural progenitor (telencephalon/diencephalon)|36	tfap2a	36	neural progenitor (telencephalon/diencephalon)	12	44.0	-0.001514276737480065	0.37545209995940876	0.5512327008904708	False
tfap2a|neural tube-like connective tissue (+ taste bud)|36	tfap2a	36	neural tube-like connective tissue (+ taste bud)	12	44.0	0.0008155108836921249	0.3331938555415306	0.5122285771187773	False
tfap2a|neuromast support cell|36	tfap2a	36	neuromast support cell	12	44.0	-0.0018641939837820416	0.00013383304452399742	0.0018223782394712353	True
tfap2a|neuron (+ spinal cord)|36	tfap2a	36	neuron (+ spinal cord)	12	42.0	-0.001140468189497686	0.0002786267088075607	0.003236843496549372	True
tfap2a|neuron (cranial ganglia sensory, Rohon-Beard)|36	tfap2a	36	neuron (cranial ganglia sensory, Rohon-Beard)	12	44.0	-0.002661171921349438	0.0008664561495996975	0.007605813889154545	True
tfap2a|neuron (dopaminergic)|36	tfap2a	36	neuron (dopaminergic)	2	22.0	0.00016304480227143184	0.37900076884840417	0.5548491097152778	False
tfap2a|neuron (telencephalon, glutamatergic)|36	tfap2a	36	neuron (telencephalon, glutamatergic)	12	43.0	-0.0010802086936585447	0.0043348245752249165	0.025114847903424834	True
tfap2a|neurons (differentiating, contains peripheral)|36	tfap2a	36	neurons (differentiating, contains peripheral)	12	44.0	-0.014208437111231827	3.5298505456152344e-08	1.9710804097153977e-06	True
tfap2a|neurons (gabaergic, glutamatergic)|36	tfap2a	36	neurons (gabaergic, glutamatergic)	12	44.0	-0.008279024308034285	1.4376424903100696e-07	6.588368515938215e-06	True
tfap2a|neurons (gabaergic, glutamatergic; contains Purkinje)|36	tfap2a	36	neurons (gabaergic, glutamatergic; contains Purkinje)	12	44.0	-0.004430801193919488	0.00017671225866273493	0.0022625297857685428	True
tfap2a|notochord|36	tfap2a	36	notochord	12	44.0	-0.0021929665591372306	0.20249309774237642	0.3631498519897935	False
tfap2a|olfactory vesicle/bulb|36	tfap2a	36	olfactory vesicle/bulb	12	43.0	-0.001005483918675762	0.0628533537724641	0.16713106675391112	False
tfap2a|pancreas|36	tfap2a	36	pancreas	10	37.0	-0.00018199179566551226	0.48062384776627654	0.6473430604093036	False
tfap2a|pectoral fin bud (osteoblast+)|36	tfap2a	36	pectoral fin bud (osteoblast+)	12	44.0	-0.0010824590877223372	0.04734269394008513	0.13601161700060482	False
tfap2a|periderm|36	tfap2a	36	periderm	12	44.0	0.09009192672491054	0.000933860113400645	0.008027814299543707	True
tfap2a|periocular mesenchyme|36	tfap2a	36	periocular mesenchyme	12	44.0	-0.001992135453025688	2.7596726506556646e-09	2.512058186795465e-07	True
tfap2a|pharyngeal arch (NC-derived)|36	tfap2a	36	pharyngeal arch (NC-derived)	8	42.0	-0.0008978948951634614	0.014517199185978909	0.06044284999425429	False
tfap2a|pharyngeal arch (contains muscle, early cartilage)|36	tfap2a	36	pharyngeal arch (contains muscle, early cartilage)	12	44.0	-0.0013209365525066411	0.02493237944973353	0.08765908012882502	False
tfap2a|pharyngeal arch (early)|36	tfap2a	36	pharyngeal arch (early)	12	44.0	-0.007817759845967033	6.0096125565179634e-05	0.0009686591795215283	True
tfap2a|pharynx|36	tfap2a	36	pharynx	7	29.0	2.19465374018896e-05	0.7946599497327509	0.878329235857307	False
tfap2a|posterior lateral line primordium|36	tfap2a	36	posterior lateral line primordium	11	40.0	-0.0003874426091610764	0.06687411599103224	0.1737210714466025	False
tfap2a|posterior spinal cord progenitors|36	tfap2a	36	posterior spinal cord progenitors	12	43.0	-0.0008695278938876173	0.40158552030310013	0.5766734560610163	False
tfap2a|primordial germ cell|36	tfap2a	36	primordial germ cell	9	34.0	-5.524850908973926e-05	0.7266420283453459	0.8327934250353266	False
tfap2a|pronephric duct|36	tfap2a	36	pronephric duct	11	31.0	0.00018965155575460628	0.5286635731865019	0.6897642732818192	False
tfap2a|pronephric podocyte|36	tfap2a	36	pronephric podocyte	7	27.0	-3.804521817243173e-05	0.7474312621780549	0.846256728092209	False
tfap2a|pronephros distal tubule|36	tfap2a	36	pronephros distal tubule	12	44.0	0.0005901214996947611	0.44470259939635437	0.6156069287006852	False
tfap2a|pronephros proximal tubule|36	tfap2a	36	pronephros proximal tubule	12	44.0	-0.0007647404832650945	0.4082733084205564	0.5828312965630871	False
tfap2a|red blood cell|36	tfap2a	36	red blood cell	12	39.0	0.0017977150922313106	0.0006447850571877701	0.006112342655920515	True
tfap2a|retinal neuron|36	tfap2a	36	retinal neuron	12	44.0	-0.0012796619048774105	0.7108066370610455	0.8228541843578312	False
tfap2a|retinal pigmented epithelium (early)|36	tfap2a	36	retinal pigmented epithelium (early)	12	43.0	-0.0008817597955066503	0.1318842069520051	0.2741649967473827	False
tfap2a|retinal pigmented epithelium (late)|36	tfap2a	36	retinal pigmented epithelium (late)	1	1.0	-5.18342923521e-05			False
tfap2a|roof plate, flexural + subcommissural organ|36	tfap2a	36	roof plate, flexural + subcommissural organ	12	43.0	0.00017677901229195712	0.6146445299766543	0.7532853009396657	False
tfap2a|satellite cells|36	tfap2a	36	satellite cells	2	22.0	9.932475429010008e-05	0.1480669531299152	0.29644618968011044	False
tfap2a|support cells/otic vesicle|36	tfap2a	36	support cells/otic vesicle	12	44.0	-0.0015902787378076861	0.016870591489841547	0.06685187938675557	False
tfap2a|thyroid follicle cell|36	tfap2a	36	thyroid follicle cell	5	29.0	-0.0006137716533254696	0.01785558180632842	0.06902288604017007	False
tfap2a|unknown|36	tfap2a	36	unknown	7					False
tfap2a|unknown (dcn+, col6+)|36	tfap2a	36	unknown (dcn+, col6+)	4	33.0	-0.00025573860247216724	0.24273438017409865	0.41262981741030585	False
tfap2a|vascular smooth muscle|36	tfap2a	36	vascular smooth muscle	2	2.0	4.862526643089997e-05	0.3975102376247117	0.573481443555408	False
tfap2a|xanthophore|36	tfap2a	36	xanthophore	12	44.0	0.002029601870777783	0.009383836209848909	0.04366638068238515	True
tfap2a|KA neuron|48	tfap2a	48	KA neuron	6	39.0	1.0424875841280774e-05	0.9630392409899028	0.9809071054445572	False
tfap2a|adrenal gland|48	tfap2a	48	adrenal gland	5	23.0	0.00014093597352602788	0.3741123427571598	0.5496300061068597	False
tfap2a|anterior migratory muscle|48	tfap2a	48	anterior migratory muscle	8	44.0	0.003757665595680963	0.015059440324111672	0.061733486091130205	False
tfap2a|basal cell|48	tfap2a	48	basal cell	8	44.0	-0.0002940877979688977	0.9276910495531394	0.9593966335345084	False
tfap2a|cardiomyocyte|48	tfap2a	48	cardiomyocyte	8	44.0	0.0001900465857232578	0.8174530482996724	0.8918035636104618	False
tfap2a|chondrocranium|48	tfap2a	48	chondrocranium	8	44.0	-0.0009767389617015558	0.00023961467345102463	0.0028949809183310155	True
tfap2a|connective tissue-meninges-dermal FB|48	tfap2a	48	connective tissue-meninges-dermal FB	8	44.0	-0.0049987986334387655	0.2178826166599641	0.38199480754306336	False
tfap2a|contains head vasculature?|48	tfap2a	48	contains head vasculature?	1	2.0	-0.00015993660646885003			False
tfap2a|cranial muscle (early)|48	tfap2a	48	cranial muscle (early)	8	44.0	0.0016295121108355964	0.012432121041538713	0.053961806448439696	False
tfap2a|cranial muscle (late)|48	tfap2a	48	cranial muscle (late)	6	33.0	-0.0006889428658822699	0.00153102436121372	0.01146973718180966	True
tfap2a|cranial muscle (mid)|48	tfap2a	48	cranial muscle (mid)	8	44.0	-0.0011975212778169665	0.15839715640420848	0.310303391599636	False
tfap2a|cranial muscle (non-somitic, fast-twitch)|48	tfap2a	48	cranial muscle (non-somitic, fast-twitch)	8	44.0	-0.001953322885982221	0.00319930892083058	0.01984292338864632	True
tfap2a|cranial muscle (progenitor)|48	tfap2a	48	cranial muscle (progenitor)	2	11.0	3.8106296764136367e-06	0.9727460162623154	0.9860269787224918	False
tfap2a|cranial neural crest|48	tfap2a	48	cranial neural crest	8	44.0	0.000310957830062358	0.6112888337212058	0.750973248304199	False
tfap2a|differentiating neuron (hindbrain)|48	tfap2a	48	differentiating neuron (hindbrain)	8	44.0	0.0004890407849024682	0.42302813490402624	0.5972003306643837	False
tfap2a|differentiating neuron 1|48	tfap2a	48	differentiating neuron 1	8	44.0	0.00030423970104485366	0.7866950325695372	0.8740325182117663	False
tfap2a|differentiating neuron 2|48	tfap2a	48	differentiating neuron 2	8	41.0	0.0004971400698011634	0.1117256529330964	0.2462271967169726	False
tfap2a|dorsal spinal cord neuron|48	tfap2a	48	dorsal spinal cord neuron	7	41.0	-4.317453419345899e-06	0.9919977831304743	0.9960091450224384	False
tfap2a|endothelium (dorsal aorta)|48	tfap2a	48	endothelium (dorsal aorta)	8	44.0	0.00042616795743147425	0.6485133263469556	0.7771634001037908	False
tfap2a|endothelium (f8+, clic2+)|48	tfap2a	48	endothelium (f8+, clic2+)	8	44.0	-0.0006452116566000386	0.0062862537131423155	0.033439762119373405	True
tfap2a|endothelium (vein + early artery)|48	tfap2a	48	endothelium (vein + early artery)	8	44.0	0.00268627023215527	0.05875561840573424	0.15942469755251287	False
tfap2a|eye, optic cup|48	tfap2a	48	eye, optic cup	8	44.0	0.006054992976188431	7.177073111112699e-05	0.001123662511248511	True
tfap2a|fast-committed myocyte|48	tfap2a	48	fast-committed myocyte	2	13.0	-3.7849843031011546e-05	0.769969275387371	0.8612095328983472	False
tfap2a|fin bud mesoderm (pectoral)|48	tfap2a	48	fin bud mesoderm (pectoral)	8	44.0	0.0008095806198083005	0.16737679073818215	0.3219157089595428	False
tfap2a|fin fold|48	tfap2a	48	fin fold	8	44.0	0.004290127722684681	0.10342800790182761	0.23273651334319115	False
tfap2a|floor plate|48	tfap2a	48	floor plate	8	44.0	0.002573552878198034	0.007891161795274444	0.03869541094554684	True
tfap2a|glia|48	tfap2a	48	glia	8	43.0	0.0003395572597995316	0.5948456236230576	0.7395227631384879	False
tfap2a|hair cell|48	tfap2a	48	hair cell	8	42.0	0.0003468357565424684	0.14973278194970643	0.29861174551494574	False
tfap2a|hatching gland|48	tfap2a	48	hatching gland	8	44.0	-0.006982537925700152	0.014857559282570655	0.061288434693081754	False
tfap2a|head mesenchyme|48	tfap2a	48	head mesenchyme	8	44.0	0.004653702808581798	0.07686805449340961	0.19016687345819316	False
tfap2a|head mesenchyme (maybe ventral, hand2+)|48	tfap2a	48	head mesenchyme (maybe ventral, hand2+)	8	44.0	0.00020389862449585183	0.8905465332158755	0.9388674779025056	False
tfap2a|head mesenchyme/PA cartilage|48	tfap2a	48	head mesenchyme/PA cartilage	8	44.0	0.0008874443800330487	0.23189187135613903	0.40065561236649605	False
tfap2a|head/eye connective tissue|48	tfap2a	48	head/eye connective tissue	8	43.0	-0.00016627584964128768	0.6540146768007805	0.7815116454442349	False
tfap2a|hypochord|48	tfap2a	48	hypochord	7	28.0	5.408407983671789e-05	0.747045022027423	0.8461077503617224	False
tfap2a|hypophysis/locus coeruleus|48	tfap2a	48	hypophysis/locus coeruleus	8	41.0	2.1017989527553774e-05	0.9183230193023468	0.9546709110237946	False
tfap2a|intestine|48	tfap2a	48	intestine	8	44.0	0.0002723379072043352	0.7646410091364576	0.8574146989051233	False
tfap2a|ionocyte/goblet cell|48	tfap2a	48	ionocyte/goblet cell	8	44.0	-0.00071140622225017	0.46549868092192814	0.63403694623282	False
tfap2a|iridophore|48	tfap2a	48	iridophore	8	44.0	-0.0005268398106123349	0.3077711984501842	0.4868220932400557	False
tfap2a|jaw chondrocyte|48	tfap2a	48	jaw chondrocyte	6	40.0	-0.0011236953398899511	0.009789092584183381	0.0450786695924453	True
tfap2a|lens|48	tfap2a	48	lens	8	44.0	7.065762039131646e-05	0.9268579211235166	0.9590424923490762	False
tfap2a|liver|48	tfap2a	48	liver	8	44.0	0.001291786917777591	0.04216642833113865	0.12574017539074092	False
tfap2a|mature fast muscle|48	tfap2a	48	mature fast muscle	8	44.0	0.0008415298049131437	0.9138994531243614	0.9524563779817098	False
tfap2a|mature slow muscle|48	tfap2a	48	mature slow muscle	8	44.0	0.0017534365662237594	0.6301011976606398	0.7643323645080902	False
tfap2a|melanophore|48	tfap2a	48	melanophore	8	44.0	-0.005287181363376981	2.4196015821005347e-16	8.462238164767397e-14	True
tfap2a|mesodermal progenitor cells (contains PSM)|48	tfap2a	48	mesodermal progenitor cells (contains PSM)	2	2.0	-2.7087173645849998e-05	0.47244105682108106	0.6404730865634028	False
tfap2a|motor neuron|48	tfap2a	48	motor neuron	8	44.0	-0.00024608698815767587	0.7810876819296102	0.8698387207008983	False
tfap2a|myeloid cell|48	tfap2a	48	myeloid cell	8	43.0	0.0009488914990523185	0.046157738627371145	0.13392216755177525	False
tfap2a|myoblast|48	tfap2a	48	myoblast	1	2.0	-0.0001217146819844			False
tfap2a|neural crest + pigment cell progenitor|48	tfap2a	48	neural crest + pigment cell progenitor	2	8.0	-0.00012488510839712497	0.08392770862338082	0.2022116112408867	False
tfap2a|neural progenitor (MHB)|48	tfap2a	48	neural progenitor (MHB)	8	44.0	0.0035524744777638154	0.0042515235690894675	0.024847294737554537	True
tfap2a|neural progenitor (hindbrain R7/8)|48	tfap2a	48	neural progenitor (hindbrain R7/8)	8	43.0	0.0012831743947692036	0.05791399453778814	0.1579148517454256	False
tfap2a|neural progenitor (hindbrain)|48	tfap2a	48	neural progenitor (hindbrain)	4	21.0	-0.0003188959453093047	0.1953099718158305	0.3550847504011474	False
tfap2a|neural progenitor (telencephalon/diencephalon)|48	tfap2a	48	neural progenitor (telencephalon/diencephalon)	8	44.0	0.005329429452798969	0.10111538353816203	0.22994925517148757	False
tfap2a|neural tube-like connective tissue (+ taste bud)|48	tfap2a	48	neural tube-like connective tissue (+ taste bud)	8	44.0	0.000714263858499882	0.5586418252517726	0.7124257497095593	False
tfap2a|neuromast support cell|48	tfap2a	48	neuromast support cell	8	44.0	-0.0029342010255989474	5.386516697342486e-06	0.00014669427645016728	True
tfap2a|neuron (+ spinal cord)|48	tfap2a	48	neuron (+ spinal cord)	8	44.0	0.0009807346531782273	0.06253871846790289	0.16662782045678215	False
tfap2a|neuron (cranial ganglia sensory, Rohon-Beard)|48	tfap2a	48	neuron (cranial ganglia sensory, Rohon-Beard)	8	44.0	-0.0023300125132219556	0.006470747721509557	0.03404231072729242	True
tfap2a|neuron (dopaminergic)|48	tfap2a	48	neuron (dopaminergic)	5	25.0	6.048024219567602e-05	0.622422303901991	0.7590376600162838	False
tfap2a|neuron (telencephalon, glutamatergic)|48	tfap2a	48	neuron (telencephalon, glutamatergic)	8	44.0	0.0016025253503149338	0.06312111108811769	0.16755902470274525	False
tfap2a|neurons (differentiating, contains peripheral)|48	tfap2a	48	neurons (differentiating, contains peripheral)	8	44.0	0.006177674320640127	0.32806356469734443	0.508510004062014	False
tfap2a|neurons (gabaergic, glutamatergic)|48	tfap2a	48	neurons (gabaergic, glutamatergic)	8	44.0	-0.0008279519615645228	0.9059000082251458	0.9483556486955311	False
tfap2a|neurons (gabaergic, glutamatergic; contains Purkinje)|48	tfap2a	48	neurons (gabaergic, glutamatergic; contains Purkinje)	8	44.0	0.003663776349565634	0.5033275947452445	0.6670546204790884	False
tfap2a|notochord|48	tfap2a	48	notochord	8	44.0	0.0034187181800931898	0.25531903723218774	0.42735390488863667	False
tfap2a|olfactory vesicle/bulb|48	tfap2a	48	olfactory vesicle/bulb	8	44.0	8.347525920764012e-05	0.8463697272688139	0.9115278505188441	False
tfap2a|osteoblast|48	tfap2a	48	osteoblast	4	33.0	-0.0002649890737941856	0.27107922748366325	0.445651030833484	False
tfap2a|pancreas|48	tfap2a	48	pancreas	8	43.0	-0.00012189660411606623	0.7191345099574564	0.8277583264623762	False
tfap2a|pectoral fin bud (osteoblast+)|48	tfap2a	48	pectoral fin bud (osteoblast+)	8	44.0	0.00033084654551463833	0.24630230212373885	0.41752010143169505	False
tfap2a|periderm|48	tfap2a	48	periderm	8	44.0	-0.025371451986456905	0.37660060067583145	0.5523087599847495	False
tfap2a|periocular mesenchyme|48	tfap2a	48	periocular mesenchyme	8	44.0	-0.0009138547418629816	0.06443017559673488	0.16932088009676355	False
tfap2a|pharyngeal arch (contains muscle, early cartilage)|48	tfap2a	48	pharyngeal arch (contains muscle, early cartilage)	8	44.0	-0.0011533743295466421	0.43528152019823707	0.6090873843318984	False
tfap2a|pharyngeal arch (early)|48	tfap2a	48	pharyngeal arch (early)	8	44.0	-0.0002533169797699318	0.9177954582876994	0.9546709110237946	False
tfap2a|pharynx|48	tfap2a	48	pharynx	5	20.0	5.979966662926999e-05	0.49018739207365913	0.6555056213059696	False
tfap2a|posterior lateral line primordium|48	tfap2a	48	posterior lateral line primordium	8	42.0	4.7356620568797005e-05	0.8554646528122205	0.9174568460195619	False
tfap2a|posterior spinal cord progenitors|48	tfap2a	48	posterior spinal cord progenitors	8	39.0	0.00151038727114059	0.09815331163870732	0.2251606471053532	False
tfap2a|primordial germ cell|48	tfap2a	48	primordial germ cell	8	37.0	-1.4457735213038291e-05	0.9154842974054729	0.9536593754913572	False
tfap2a|pronephric duct|48	tfap2a	48	pronephric duct	8	32.0	0.0003423960125100719	0.03483879354203552	0.11095710403737787	False
tfap2a|pronephric podocyte|48	tfap2a	48	pronephric podocyte	5	35.0	0.00026247764879484305	0.34821247995715715	0.5255216737032272	False
tfap2a|pronephros distal tubule|48	tfap2a	48	pronephros distal tubule	8	44.0	0.0009931969717127077	0.057244046320621064	0.1566021769454619	False
tfap2a|pronephros proximal tubule|48	tfap2a	48	pronephros proximal tubule	8	44.0	0.002187121508992408	0.014049539349402186	0.058901696515317056	False
tfap2a|red blood cell|48	tfap2a	48	red blood cell	6	37.0	0.00013266198742528526	0.6249030161344808	0.7606668881138716	False
tfap2a|retinal neuron|48	tfap2a	48	retinal neuron	8	44.0	-0.014776327694840871	0.0064877227798925945	0.03405285771910449	True
tfap2a|retinal pigmented epithelium (early)|48	tfap2a	48	retinal pigmented epithelium (early)	8	44.0	0.0015664335222185478	0.07058397203358528	0.18011923738985183	False
tfap2a|retinal pigmented epithelium (late)|48	tfap2a	48	retinal pigmented epithelium (late)	2	21.0	-0.00027328972450675956	9.979576721247673e-06	0.0002368367404024671	True
tfap2a|roof plate, flexural + subcommissural organ|48	tfap2a	48	roof plate, flexural + subcommissural organ	8	44.0	0.0010822780186695046	0.023748960533634976	0.08475394347261246	False
tfap2a|satellite cells|48	tfap2a	48	satellite cells	3	12.0	4.455374914498332e-05	0.7356480906314751	0.8388808344853946	False
tfap2a|support cells/otic vesicle|48	tfap2a	48	support cells/otic vesicle	8	44.0	0.00198851766190594	0.057070515945676296	0.15637305089405984	False
tfap2a|thyroid follicle cell|48	tfap2a	48	thyroid follicle cell	7	23.0	-0.00021460577422910616	0.038532415490570855	0.11860413463463045	False
tfap2a|unknown|48	tfap2a	48	unknown	3					False
tfap2a|unknown (K+ channel, ciliated)|48	tfap2a	48	unknown (K+ channel, ciliated)	3	2.0	-8.843370578006667e-05	0.7136130831056336	0.8239715203333804	False
tfap2a|unknown (dcn+, col6+)|48	tfap2a	48	unknown (dcn+, col6+)	7	39.0	0.000460508065072356	0.4342216877606496	0.6087193600325136	False
tfap2a|vascular smooth muscle|48	tfap2a	48	vascular smooth muscle	2	8.0	-1.490917006931249e-05	0.9224885968688381	0.9572043607422595	False
tfap2a|xanthophore|48	tfap2a	48	xanthophore	8	44.0	0.0006182136132865017	0.20842754321287218	0.3706042726939134	False
tfap2a|KA neuron|72	tfap2a	72	KA neuron	10	13.0	0.00033326332920147504	0.018591733112907925	0.07091967080096048	False
tfap2a|adrenal gland|72	tfap2a	72	adrenal gland	3	9.0	7.849156580525516e-05	0.5396509275712666	0.6984769017746527	False
tfap2a|anterior migratory muscle|72	tfap2a	72	anterior migratory muscle	16	16.0	-0.002214280978996744	0.009048186808543964	0.04255145176417172	True
tfap2a|basal cell|72	tfap2a	72	basal cell	16	16.0	-0.02248820997321698	8.549817360367243e-05	0.0012853741257837178	True
tfap2a|cardiomyocyte|72	tfap2a	72	cardiomyocyte	16	16.0	0.0010439807583749812	0.18229272898704094	0.3403582984318312	False
tfap2a|chondrocranium|72	tfap2a	72	chondrocranium	16	16.0	5.792232229443785e-05	0.9317598264272762	0.9620174093550731	False
tfap2a|connective tissue-meninges-dermal FB|72	tfap2a	72	connective tissue-meninges-dermal FB	16	16.0	0.002058399332004343	0.14879096718104246	0.2972687844010905	False
tfap2a|cranial muscle (early)|72	tfap2a	72	cranial muscle (early)	16	16.0	-0.0012084467567866626	0.004084089390119799	0.02405919680615786	True
tfap2a|cranial muscle (late)|72	tfap2a	72	cranial muscle (late)	16	16.0	-0.0016730374341820797	0.2397916492423705	0.40927246365597597	False
tfap2a|cranial muscle (mid)|72	tfap2a	72	cranial muscle (mid)	16	16.0	-0.0010532340407183186	0.0021243229751928957	0.014580101371842116	True
tfap2a|cranial muscle (non-somitic, fast-twitch)|72	tfap2a	72	cranial muscle (non-somitic, fast-twitch)	16	16.0	0.00039365209429233737	0.5418996931537458	0.6999162685581101	False
tfap2a|cranial muscle (progenitor)|72	tfap2a	72	cranial muscle (progenitor)	1	3.0	-1.565188373673336e-05			False
tfap2a|cranial neural crest|72	tfap2a	72	cranial neural crest	16	16.0	-0.0008536311608614748	0.01488123376988901	0.061288434693081754	False
tfap2a|differentiating neuron (hindbrain)|72	tfap2a	72	differentiating neuron (hindbrain)	13	15.0	0.0001453669390960497	0.19390441086385135	0.35349651857072484	False
tfap2a|differentiating neuron 1|72	tfap2a	72	differentiating neuron 1	16	16.0	-8.603596392120006e-05	0.5191611166643699	0.6799025660691246	False
tfap2a|differentiating neuron 2|72	tfap2a	72	differentiating neuron 2	6	7.0	0.00023433253651095545	0.0891128594393262	0.21133295894872328	False
tfap2a|dorsal spinal cord neuron|72	tfap2a	72	dorsal spinal cord neuron	12	13.0	0.00018859413461490445	0.16159176236006312	0.3140617902552265	False
tfap2a|endothelium (dorsal aorta)|72	tfap2a	72	endothelium (dorsal aorta)	16	16.0	0.0019845575420682268	0.15004210049232047	0.29895944760763704	False
tfap2a|endothelium (f8+, clic2+)|72	tfap2a	72	endothelium (f8+, clic2+)	16	16.0	0.00032741769184382484	0.15546154975370363	0.3059052407797929	False
tfap2a|endothelium (vein + early artery)|72	tfap2a	72	endothelium (vein + early artery)	16	16.0	0.001209645339438981	0.24000024997993263	0.40934334217573215	False
tfap2a|eye, optic cup|72	tfap2a	72	eye, optic cup	16	16.0	-0.00037173088163221235	0.511677557378805	0.6744886666895774	False
tfap2a|fast-committed myocyte|72	tfap2a	72	fast-committed myocyte	4	4.0	9.811542466076696e-05	0.3332479687991206	0.5122285771187773	False
tfap2a|fin bud mesoderm (pectoral)|72	tfap2a	72	fin bud mesoderm (pectoral)	16	16.0	-0.0002259331376657939	0.6975721427588997	0.8142082569327861	False
tfap2a|fin fold|72	tfap2a	72	fin fold	16	16.0	0.0024852642146631736	0.19211616186407512	0.35176866528298073	False
tfap2a|fin mesenchyme|72	tfap2a	72	fin mesenchyme	3	3.0	1.8786100845199995e-05	0.8621194396062136	0.9214707537692278	False
tfap2a|floor plate|72	tfap2a	72	floor plate	16	16.0	0.0018502235886198684	0.000758836487087757	0.0068605013016301295	True
tfap2a|glia|72	tfap2a	72	glia	16	16.0	0.005001233810662838	0.001720807846262344	0.012510285899884956	True
tfap2a|hair cell|72	tfap2a	72	hair cell	16	16.0	-3.888093823706251e-05	0.9294119792334588	0.9606381399916525	False
tfap2a|hatching gland|72	tfap2a	72	hatching gland	16	16.0	-0.007116504910809831	0.000689971959414424	0.0063678662087622885	True
tfap2a|head mesenchyme|72	tfap2a	72	head mesenchyme	16	16.0	-0.001208075580739213	0.18195510374091295	0.3398234020119074	False
tfap2a|head mesenchyme (maybe ventral, hand2+)|72	tfap2a	72	head mesenchyme (maybe ventral, hand2+)	16	16.0	-0.0032395363113492323	0.038647048020294124	0.11878336452120927	False
tfap2a|head mesenchyme/PA cartilage|72	tfap2a	72	head mesenchyme/PA cartilage	16	16.0	0.0006894033396724875	0.05654763278427907	0.15559379703997286	False
tfap2a|head/eye connective tissue|72	tfap2a	72	head/eye connective tissue	16	16.0	0.00010444462615304367	0.4806607464348388	0.6473430604093036	False
tfap2a|hypochord|72	tfap2a	72	hypochord	11	13.0	-1.1593651271858826e-05	0.896600779694361	0.9427264251453656	False
tfap2a|hypophysis/locus coeruleus|72	tfap2a	72	hypophysis/locus coeruleus	16	16.0	-0.00018052813380575	0.38842445340526055	0.564076396058401	False
tfap2a|intestine|72	tfap2a	72	intestine	16	16.0	0.010177687527382417	0.015373191920266946	0.06271016593626388	False
tfap2a|ionocyte/goblet cell|72	tfap2a	72	ionocyte/goblet cell	16	16.0	-0.0022987504534645563	0.009030191977283037	0.04249690204606642	True
tfap2a|iridophore|72	tfap2a	72	iridophore	16	16.0	-0.0009968328011242499	0.025901842213324824	0.09006684537286419	False
tfap2a|jaw chondrocyte|72	tfap2a	72	jaw chondrocyte	16	16.0	-5.021408441167191e-06	0.9985143830506267	0.9988150045719426	False
tfap2a|lens|72	tfap2a	72	lens	16	16.0	-0.00290286202767155	0.003184067735413102	0.019792450983928966	True
tfap2a|liver|72	tfap2a	72	liver	16	16.0	0.0012367900431519627	0.20274239862897914	0.3634268246262655	False
tfap2a|mature fast muscle|72	tfap2a	72	mature fast muscle	16	16.0	0.059277636975333364	0.00036785495822832495	0.004000648440961079	True
tfap2a|mature slow muscle|72	tfap2a	72	mature slow muscle	16	16.0	0.00875983128478737	0.00032954921511260286	0.003673235224697971	True
tfap2a|melanophore|72	tfap2a	72	melanophore	16	16.0	0.0002120026222561435	0.8324779754042448	0.9021226592565569	False
tfap2a|mesodermal progenitor cells (contains PSM)|72	tfap2a	72	mesodermal progenitor cells (contains PSM)	2					False
tfap2a|motor neuron|72	tfap2a	72	motor neuron	15	16.0	-0.0005594121782692657	0.1808399938548869	0.3387882038809482	False
tfap2a|myeloid cell|72	tfap2a	72	myeloid cell	16	16.0	-0.00110936259186675	0.0011643742843634574	0.009458761759896302	True
tfap2a|myoblast|72	tfap2a	72	myoblast	2					False
tfap2a|neural crest + pigment cell progenitor|72	tfap2a	72	neural crest + pigment cell progenitor	1	5.0	0.00023268963439039938			False
tfap2a|neural progenitor (MHB)|72	tfap2a	72	neural progenitor (MHB)	16	16.0	0.000727654816738618	0.1420258933937922	0.28817162186312956	False
tfap2a|neural progenitor (hindbrain R7/8)|72	tfap2a	72	neural progenitor (hindbrain R7/8)	14	11.0	0.00014963239278906692	0.13867467466570518	0.28338333458043363	False
tfap2a|neural progenitor (hindbrain)|72	tfap2a	72	neural progenitor (hindbrain)	9	13.0	0.00026908177796941774	0.05785955471364442	0.15783117449596354	False
tfap2a|neural progenitor (telencephalon/diencephalon)|72	tfap2a	72	neural progenitor (telencephalon/diencephalon)	16	16.0	0.00010561091027815744	0.9419223897904324	0.9687469865589573	False
tfap2a|neural tube-like connective tissue (+ taste bud)|72	tfap2a	72	neural tube-like connective tissue (+ taste bud)	16	16.0	-0.0035230926957221034	0.0007625150140377501	0.00687505056754525	True
tfap2a|neuromast support cell|72	tfap2a	72	neuromast support cell	16	16.0	-0.002819611482445075	1.4173082072795314e-06	4.854645895552828e-05	True
tfap2a|neuron (+ spinal cord)|72	tfap2a	72	neuron (+ spinal cord)	9	14.0	-0.000258855836176581	0.005468258981406579	0.030005434295166573	True
tfap2a|neuron (cranial ganglia sensory, Rohon-Beard)|72	tfap2a	72	neuron (cranial ganglia sensory, Rohon-Beard)	16	16.0	-0.0011116131427020308	0.238604342643868	0.4081147636727163	False
tfap2a|neuron (dopaminergic)|72	tfap2a	72	neuron (dopaminergic)	7	11.0	0.00019771268771299328	0.17929301381000318	0.337030290457559	False
tfap2a|neuron (telencephalon, glutamatergic)|72	tfap2a	72	neuron (telencephalon, glutamatergic)	16	16.0	0.0005907794604843681	0.23218385516416506	0.4007746859720737	False
tfap2a|neurons (differentiating, contains peripheral)|72	tfap2a	72	neurons (differentiating, contains peripheral)	16	16.0	-0.002138233909484563	0.02960743002151503	0.09911404155816995	False
tfap2a|neurons (gabaergic, glutamatergic)|72	tfap2a	72	neurons (gabaergic, glutamatergic)	16	16.0	-0.0053710877374591424	0.09434051422066245	0.2199987191762743	False
tfap2a|neurons (gabaergic, glutamatergic; contains Purkinje)|72	tfap2a	72	neurons (gabaergic, glutamatergic; contains Purkinje)	16	16.0	0.012346351541730971	0.12352323724527908	0.262575787426385	False
tfap2a|notochord|72	tfap2a	72	notochord	16	16.0	0.004216326158189336	0.17501346836219972	0.33151781564048377	False
tfap2a|odontoblast|72	tfap2a	72	odontoblast	11	15.0	7.628176497712427e-05	0.7341519320407737	0.838508007633369	False
tfap2a|olfactory vesicle/bulb|72	tfap2a	72	olfactory vesicle/bulb	16	16.0	-0.0007935649197227941	0.03520509400532939	0.11161107113271813	False
tfap2a|osteoblast|72	tfap2a	72	osteoblast	14	16.0	-0.0009440645717295002	0.0027804894455687357	0.018029658635454023	True
tfap2a|pancreas|72	tfap2a	72	pancreas	16	16.0	0.0006045721316500566	0.3882857601871469	0.564076396058401	False
tfap2a|pectoral fin bud (osteoblast+)|72	tfap2a	72	pectoral fin bud (osteoblast+)	16	15.0	-0.00020579243555662787	0.2671662201726256	0.44107317591232226	False
tfap2a|periderm|72	tfap2a	72	periderm	16	16.0	-0.05261303340867818	0.01766351671433545	0.0685195963612137	False
tfap2a|periocular mesenchyme|72	tfap2a	72	periocular mesenchyme	16	16.0	-0.001478243359642725	0.03853518836360679	0.11860413463463045	False
tfap2a|pharyngeal arch (NC-derived)|72	tfap2a	72	pharyngeal arch (NC-derived)	4	3.0	4.669227709773924e-05	0.7602432728225983	0.8542131464163283	False
tfap2a|pharyngeal arch (contains muscle, early cartilage)|72	tfap2a	72	pharyngeal arch (contains muscle, early cartilage)	16	16.0	-0.006296961685144979	0.027305273335197926	0.09343127770977869	False
tfap2a|pharyngeal arch (early)|72	tfap2a	72	pharyngeal arch (early)	16	16.0	-0.001579574252630325	0.1342850982464867	0.2778337022880471	False
tfap2a|pharynx|72	tfap2a	72	pharynx	6	12.0	7.960204061307249e-05	0.1837460425755814	0.3417632614337219	False
tfap2a|posterior lateral line primordium|72	tfap2a	72	posterior lateral line primordium	16	16.0	-0.00037242038839140003	0.18422144577581545	0.3422285454795342	False
tfap2a|posterior spinal cord progenitors|72	tfap2a	72	posterior spinal cord progenitors	15	16.0	0.0005664748174485499	0.04686586121023953	0.1352252052722717	False
tfap2a|primordial germ cell|72	tfap2a	72	primordial germ cell	9	14.0	0.00037444524575477704	0.16886332354988678	0.323464048714038	False
tfap2a|pronephric duct|72	tfap2a	72	pronephric duct	8	10.0	0.00028894566336730025	0.10393134678302697	0.23347660560284456	False
tfap2a|pronephric podocyte|72	tfap2a	72	pronephric podocyte	14	10.0	-2.2969722720021487e-05	0.9362919051607379	0.9657962914922545	False
tfap2a|pronephros distal tubule|72	tfap2a	72	pronephros distal tubule	16	16.0	-8.477706109218629e-06	0.9858277662480921	0.9923394091848715	False
tfap2a|pronephros proximal tubule|72	tfap2a	72	pronephros proximal tubule	16	16.0	0.0006629679615132123	0.18804427001144988	0.3471948247363391	False
tfap2a|red blood cell|72	tfap2a	72	red blood cell	12	15.0	-7.07774678519583e-05	0.6415749127241344	0.7727506425687644	False
tfap2a|retinal neuron|72	tfap2a	72	retinal neuron	16	16.0	0.010635537040704753	0.2470423544462927	0.41856105183468	False
tfap2a|retinal pigmented epithelium (early)|72	tfap2a	72	retinal pigmented epithelium (early)	16	16.0	-0.0004654506035537938	0.388057083601518	0.563883516407629	False
tfap2a|retinal pigmented epithelium (late)|72	tfap2a	72	retinal pigmented epithelium (late)	16	16.0	-0.0011265050599371185	0.27704289173164803	0.4523218711441772	False
tfap2a|roof plate, flexural + subcommissural organ|72	tfap2a	72	roof plate, flexural + subcommissural organ	16	16.0	0.0003649157413114436	0.27586526698732	0.4507314234400643	False
tfap2a|satellite cells|72	tfap2a	72	satellite cells	2	4.0	0.00015900441652822415	0.29204731109686527	0.46921044057994915	False
tfap2a|support cells/otic vesicle|72	tfap2a	72	support cells/otic vesicle	16	16.0	0.0017754428018406862	0.07281782938790575	0.18363357733686286	False
tfap2a|swim bladder primordium|72	tfap2a	72	swim bladder primordium	16	15.0	0.0007194315870270251	0.04720761131970897	0.13597510932790036	False
tfap2a|thyroid follicle cell|72	tfap2a	72	thyroid follicle cell	7	11.0	0.00017085296312717918	0.20824861236393294	0.3703993654064064	False
tfap2a|unknown|72	tfap2a	72	unknown	6					False
tfap2a|unknown (K+ channel, ciliated)|72	tfap2a	72	unknown (K+ channel, ciliated)	9	15.0	-0.00019543253627255771	0.03564679012457724	0.11252870326737091	False
tfap2a|unknown (dcn+, col6+)|72	tfap2a	72	unknown (dcn+, col6+)	16	16.0	0.0009923793860916316	0.047903793415083065	0.13693967638343368	False
tfap2a|vascular smooth muscle|72	tfap2a	72	vascular smooth muscle	16	16.0	-0.000879826300672606	0.27168277617543396	0.4462016924581707	False
tfap2a|xanthophore|72	tfap2a	72	xanthophore	16	15.0	0.00027591367351003314	0.3429036902312915	0.5208242227088543	False
tfap2a-foxd3|KA neuron|36	tfap2a-foxd3	36	KA neuron	7	44.0	-0.00041632885536259834	0.0175272984649433	0.06814230388076067	False
tfap2a-foxd3|adrenal gland|36	tfap2a-foxd3	36	adrenal gland	5	15.0	-1.4480031437360023e-05	0.9190451912606517	0.9551228176301266	False
tfap2a-foxd3|anterior migratory muscle|36	tfap2a-foxd3	36	anterior migratory muscle	7	44.0	0.0017000646489142394	0.33198679001848097	0.5118450625690966	False
tfap2a-foxd3|basal cell|36	tfap2a-foxd3	36	basal cell	7	44.0	0.0007977408105100531	0.7670801640056697	0.8591349553038388	False
tfap2a-foxd3|cardiomyocyte|36	tfap2a-foxd3	36	cardiomyocyte	7	44.0	-0.00024918270391770855	0.6965962717803347	0.8137978597011821	False
tfap2a-foxd3|chondrocranium|36	tfap2a-foxd3	36	chondrocranium	2	7.0	-0.00010878153178189284	0.028305809673242515	0.09567248488234818	False
tfap2a-foxd3|connective tissue-meninges-dermal FB|36	tfap2a-foxd3	36	connective tissue-meninges-dermal FB	7	44.0	-0.011942824106814895	0.0009414959537483985	0.008050755225005937	True
tfap2a-foxd3|contains head vasculature?|36	tfap2a-foxd3	36	contains head vasculature?	7	31.0	0.0004326408510574798	0.016682846684748558	0.06636019551805564	False
tfap2a-foxd3|cranial muscle (early)|36	tfap2a-foxd3	36	cranial muscle (early)	7	44.0	0.0027021775594219186	0.06444131012260572	0.16932088009676355	False
tfap2a-foxd3|cranial muscle (mid)|36	tfap2a-foxd3	36	cranial muscle (mid)	7	36.0	4.219275583428777e-05	0.8678414950661093	0.9249976922914284	False
tfap2a-foxd3|cranial muscle (non-somitic, fast-twitch)|36	tfap2a-foxd3	36	cranial muscle (non-somitic, fast-twitch)	7	44.0	-0.0025157107395048115	1.037346348008684e-05	0.0002427171296661164	True
tfap2a-foxd3|cranial muscle (progenitor)|36	tfap2a-foxd3	36	cranial muscle (progenitor)	6	37.0	8.771901953397924e-05	0.7024938975650445	0.8175257354325256	False
tfap2a-foxd3|cranial neural crest|36	tfap2a-foxd3	36	cranial neural crest	7	44.0	-0.0028452088836971798	0.008962487152595908	0.0422081694748404	True
tfap2a-foxd3|differentiating neuron (hindbrain)|36	tfap2a-foxd3	36	differentiating neuron (hindbrain)	7	44.0	0.0018124894580032642	0.22729831381804383	0.3947719015475435	False
tfap2a-foxd3|differentiating neuron 1|36	tfap2a-foxd3	36	differentiating neuron 1	7	43.0	0.0022773028902414276	0.027850339797391977	0.09456592128445053	False
tfap2a-foxd3|differentiating neuron 2|36	tfap2a-foxd3	36	differentiating neuron 2	7	43.0	0.0021166304449993165	0.0028400162128807333	0.018304469189711417	True
tfap2a-foxd3|dorsal spinal cord neuron|36	tfap2a-foxd3	36	dorsal spinal cord neuron	3	26.0	0.00011398465551388983	0.5329115091352113	0.6935364234632745	False
tfap2a-foxd3|endothelium (dorsal aorta)|36	tfap2a-foxd3	36	endothelium (dorsal aorta)	7	44.0	0.0020888059187851703	0.08463791977832559	0.20340650160107543	False
tfap2a-foxd3|endothelium (f8+, clic2+)|36	tfap2a-foxd3	36	endothelium (f8+, clic2+)	7	44.0	0.0003156422354227619	0.42600405278600073	0.6010184566375744	False
tfap2a-foxd3|endothelium (vein + early artery)|36	tfap2a-foxd3	36	endothelium (vein + early artery)	7	44.0	0.0035172895690069456	0.02064396284418432	0.0764655145482747	False
tfap2a-foxd3|enveloping layer (EVL)|36	tfap2a-foxd3	36	enveloping layer (EVL)	2					False
tfap2a-foxd3|eye, optic cup|36	tfap2a-foxd3	36	eye, optic cup	7	44.0	0.006239762725693019	0.002730094801415007	0.01783823004464378	True
tfap2a-foxd3|fast-committed myocyte|36	tfap2a-foxd3	36	fast-committed myocyte	2	24.0	1.5525028684333403e-05	0.9706117907293043	0.9852910707907465	False
tfap2a-foxd3|fin bud mesoderm (pectoral)|36	tfap2a-foxd3	36	fin bud mesoderm (pectoral)	7	40.0	-0.0006443683247939526	0.028259595334307566	0.0956405685542964	False
tfap2a-foxd3|fin fold|36	tfap2a-foxd3	36	fin fold	7	44.0	-0.0006757303042642174	0.7902627107760445	0.8760597047157335	False
tfap2a-foxd3|fin mesenchyme|36	tfap2a-foxd3	36	fin mesenchyme	6	30.0	-0.00024586003364643	0.1590192273476896	0.3109719734330187	False
tfap2a-foxd3|floor plate|36	tfap2a-foxd3	36	floor plate	7	44.0	0.00014662868359912803	0.8795188227211375	0.9318243904626846	False
tfap2a-foxd3|glia|36	tfap2a-foxd3	36	glia	7	44.0	0.0029983116982863992	0.00023400337134278363	0.0028426917780124262	True
tfap2a-foxd3|hair cell|36	tfap2a-foxd3	36	hair cell	6	39.0	-0.0003463203981312219	0.044639183589950254	0.13078808419542304	False
tfap2a-foxd3|hatching gland|36	tfap2a-foxd3	36	hatching gland	7	44.0	0.0009566535142758788	0.590609697105672	0.7365246156633872	False
tfap2a-foxd3|head mesenchyme|36	tfap2a-foxd3	36	head mesenchyme	7	44.0	0.002630711373039843	0.5444036949551628	0.7010780141428404	False
tfap2a-foxd3|head mesenchyme (maybe ventral, hand2+)|36	tfap2a-foxd3	36	head mesenchyme (maybe ventral, hand2+)	7	44.0	0.0033518577278206126	0.008042489902777292	0.03909461990047923	True
tfap2a-foxd3|head mesenchyme/PA cartilage|36	tfap2a-foxd3	36	head mesenchyme/PA cartilage	7	43.0	0.0030978040189317615	0.1674352001302344	0.32193486830596285	False
tfap2a-foxd3|head/eye connective tissue|36	tfap2a-foxd3	36	head/eye connective tissue	7	44.0	5.5205184338871435e-05	0.9304840158745226	0.9609988009770286	False
tfap2a-foxd3|hypochord|36	tfap2a-foxd3	36	hypochord	6	38.0	-6.96809810439025e-05	0.8787492304437627	0.9316424315636085	False
tfap2a-foxd3|hypophysis/locus coeruleus|36	tfap2a-foxd3	36	hypophysis/locus coeruleus	7	41.0	7.707678519800832e-05	0.636616138520357	0.7694193875922994	False
tfap2a-foxd3|intestine|36	tfap2a-foxd3	36	intestine	7	44.0	0.001371630151408329	0.3075510600757351	0.48681042504265154	False
tfap2a-foxd3|ionocyte/goblet cell|36	tfap2a-foxd3	36	ionocyte/goblet cell	7	44.0	-0.0007325633734183417	0.35779839826762627	0.5345257096421709	False
tfap2a-foxd3|iridophore|36	tfap2a-foxd3	36	iridophore	3	44.0	-0.0007173308552487761	0.20400254215501776	0.3652915366801652	False
tfap2a-foxd3|jaw chondrocyte|36	tfap2a-foxd3	36	jaw chondrocyte	1	7.0	-8.781048668229997e-05			False
tfap2a-foxd3|lens|36	tfap2a-foxd3	36	lens	7	43.0	-0.0014987256408028875	0.07287934404291126	0.1837189837500551	False
tfap2a-foxd3|liver|36	tfap2a-foxd3	36	liver	7	36.0	0.0006283698581932358	0.216228855282644	0.3799155852335191	False
tfap2a-foxd3|mature fast muscle|36	tfap2a-foxd3	36	mature fast muscle	7	44.0	-0.023777617563001008	0.0011938738599749942	0.009610059244463311	True
tfap2a-foxd3|mature slow muscle|36	tfap2a-foxd3	36	mature slow muscle	7	44.0	0.007187193781972252	0.18280000414170267	0.3408834213566635	False
tfap2a-foxd3|melanophore|36	tfap2a-foxd3	36	melanophore	5	44.0	-0.0055064757625484465	7.985998168121894e-09	5.896328647463332e-07	True
tfap2a-foxd3|mesodermal progenitor cells (contains PSM)|36	tfap2a-foxd3	36	mesodermal progenitor cells (contains PSM)	1	12.0	-0.00011910069134768336			False
tfap2a-foxd3|motor neuron|36	tfap2a-foxd3	36	motor neuron	7	43.0	0.0010598346341543219	0.1278260859455973	0.2688162475839194	False
tfap2a-foxd3|myeloid cell|36	tfap2a-foxd3	36	myeloid cell	7	43.0	0.0005677732314188291	0.2003828894346833	0.36055897652138386	False
tfap2a-foxd3|myoblast|36	tfap2a-foxd3	36	myoblast	1	1.0	-0.00020903767353470002			False
tfap2a-foxd3|neural crest + pigment cell progenitor|36	tfap2a-foxd3	36	neural crest + pigment cell progenitor	4	19.0	-7.245433013448687e-05	0.6131836340205383	0.7519109149412211	False
tfap2a-foxd3|neural progenitor (MHB)|36	tfap2a-foxd3	36	neural progenitor (MHB)	7	43.0	0.0020521302106496515	0.09324990764863635	0.21856988935632754	False
tfap2a-foxd3|neural progenitor (hindbrain R7/8)|36	tfap2a-foxd3	36	neural progenitor (hindbrain R7/8)	7	44.0	0.00418991575205944	0.004600510740831039	0.026182131425736378	True
tfap2a-foxd3|neural progenitor (hindbrain)|36	tfap2a-foxd3	36	neural progenitor (hindbrain)	7	43.0	0.0030410287510881707	0.0025289525739159682	0.016821711565236843	True
tfap2a-foxd3|neural progenitor (telencephalon/diencephalon)|36	tfap2a-foxd3	36	neural progenitor (telencephalon/diencephalon)	7	44.0	0.004624939079671642	0.021062156726971044	0.07771128897874657	False
tfap2a-foxd3|neural tube-like connective tissue (+ taste bud)|36	tfap2a-foxd3	36	neural tube-like connective tissue (+ taste bud)	7	44.0	0.0023107957360052975	0.07866258646206341	0.19328273752289246	False
tfap2a-foxd3|neuromast support cell|36	tfap2a-foxd3	36	neuromast support cell	7	44.0	-0.0013117675875967535	0.0049207973893306296	0.027610558882483583	True
tfap2a-foxd3|neuron (+ spinal cord)|36	tfap2a-foxd3	36	neuron (+ spinal cord)	7	42.0	-0.0007156611601354477	0.004337027837357925	0.025114847903424834	True
tfap2a-foxd3|neuron (cranial ganglia sensory, Rohon-Beard)|36	tfap2a-foxd3	36	neuron (cranial ganglia sensory, Rohon-Beard)	7	44.0	-0.0014222426881739473	0.10233189189624817	0.23160607004447173	False
tfap2a-foxd3|neuron (dopaminergic)|36	tfap2a-foxd3	36	neuron (dopaminergic)	2	22.0	-0.00010424310911136817	0.2096436243299667	0.3719844816215297	False
tfap2a-foxd3|neuron (telencephalon, glutamatergic)|36	tfap2a-foxd3	36	neuron (telencephalon, glutamatergic)	7	43.0	-0.00017729908494383897	0.6672546496480964	0.7910628272812846	False
tfap2a-foxd3|neurons (differentiating, contains peripheral)|36	tfap2a-foxd3	36	neurons (differentiating, contains peripheral)	7	44.0	0.0033582422452861013	0.3393259529469542	0.5170221188127458	False
tfap2a-foxd3|neurons (gabaergic, glutamatergic)|36	tfap2a-foxd3	36	neurons (gabaergic, glutamatergic)	7	44.0	-0.0021538345592432943	0.21928656912026323	0.3839681822935834	False
tfap2a-foxd3|neurons (gabaergic, glutamatergic; contains Purkinje)|36	tfap2a-foxd3	36	neurons (gabaergic, glutamatergic; contains Purkinje)	7	44.0	0.0021972418778567725	0.11263049590947065	0.24774235197564795	False
tfap2a-foxd3|notochord|36	tfap2a-foxd3	36	notochord	7	44.0	0.0004502930170689548	0.8857608275229187	0.9357520983926542	False
tfap2a-foxd3|odontoblast|36	tfap2a-foxd3	36	odontoblast	2					False
tfap2a-foxd3|olfactory vesicle/bulb|36	tfap2a-foxd3	36	olfactory vesicle/bulb	7	43.0	0.0001844968017539199	0.722420267068675	0.8301024856772169	False
tfap2a-foxd3|pancreas|36	tfap2a-foxd3	36	pancreas	6	37.0	9.477735726381759e-05	0.8390254256004288	0.9059894816854208	False
tfap2a-foxd3|pectoral fin bud (osteoblast+)|36	tfap2a-foxd3	36	pectoral fin bud (osteoblast+)	7	44.0	3.1033648257293954e-05	0.9571675998065585	0.9780683839327359	False
tfap2a-foxd3|periderm|36	tfap2a-foxd3	36	periderm	7	44.0	-0.00709084190410636	0.6749519013903363	0.7967765828279951	False
tfap2a-foxd3|periocular mesenchyme|36	tfap2a-foxd3	36	periocular mesenchyme	6	44.0	-0.0031390770808492376	3.382416275583777e-09	2.9189813183447013e-07	True
tfap2a-foxd3|pharyngeal arch (NC-derived)|36	tfap2a-foxd3	36	pharyngeal arch (NC-derived)	3	42.0	-0.001598867564273674	2.6397808822838537e-05	0.0005159218812581237	True
tfap2a-foxd3|pharyngeal arch (contains muscle, early cartilage)|36	tfap2a-foxd3	36	pharyngeal arch (contains muscle, early cartilage)	7	44.0	-0.0010023355333001385	0.09484837173525124	0.22060840281138938	False
tfap2a-foxd3|pharyngeal arch (early)|36	tfap2a-foxd3	36	pharyngeal arch (early)	7	44.0	-0.004326092685885206	0.011295799575411472	0.050477866966112464	False
tfap2a-foxd3|pharynx|36	tfap2a-foxd3	36	pharynx	6	29.0	-0.00015551988178856037	0.19932364686472678	0.3597245066312085	False
tfap2a-foxd3|posterior lateral line primordium|36	tfap2a-foxd3	36	posterior lateral line primordium	7	40.0	0.0007012451023104026	0.14414405693629206	0.2910474805049106	False
tfap2a-foxd3|posterior spinal cord progenitors|36	tfap2a-foxd3	36	posterior spinal cord progenitors	7	43.0	0.001575399646418416	0.08151616582644532	0.19826198271169024	False
tfap2a-foxd3|primordial germ cell|36	tfap2a-foxd3	36	primordial germ cell	5	34.0	-0.0005061538508355659	1.0770677931490608e-06	3.806976322061441e-05	True
tfap2a-foxd3|pronephric duct|36	tfap2a-foxd3	36	pronephric duct	7	31.0	2.257479807633747e-05	0.9621910082959649	0.9805426718092448	False
tfap2a-foxd3|pronephric podocyte|36	tfap2a-foxd3	36	pronephric podocyte	7	27.0	4.6062653660868306e-05	0.8550945526458738	0.9172079584070753	False
tfap2a-foxd3|pronephros distal tubule|36	tfap2a-foxd3	36	pronephros distal tubule	7	44.0	-0.000817723390581811	0.35937854638287525	0.5363466965021424	False
tfap2a-foxd3|pronephros proximal tubule|36	tfap2a-foxd3	36	pronephros proximal tubule	7	44.0	-0.00038992411453691277	0.67320747981126	0.7955653038139466	False
tfap2a-foxd3|red blood cell|36	tfap2a-foxd3	36	red blood cell	7	39.0	-9.166170027523736e-05	0.7753476232207992	0.8653317024357089	False
tfap2a-foxd3|retinal neuron|36	tfap2a-foxd3	36	retinal neuron	7	44.0	-0.002629291059324683	0.3394683979503401	0.5170221188127458	False
tfap2a-foxd3|retinal pigmented epithelium (early)|36	tfap2a-foxd3	36	retinal pigmented epithelium (early)	7	43.0	0.0039843209315570515	0.010226514597024334	0.04670459759259567	True
tfap2a-foxd3|retinal pigmented epithelium (late)|36	tfap2a-foxd3	36	retinal pigmented epithelium (late)	1	1.0	-0.00025963747348510004			False
tfap2a-foxd3|roof plate, flexural + subcommissural organ|36	tfap2a-foxd3	36	roof plate, flexural + subcommissural organ	7	43.0	0.0036571932931900504	0.00024824246371855365	0.00296685462483775	True
tfap2a-foxd3|satellite cells|36	tfap2a-foxd3	36	satellite cells	4	22.0	-0.00017603252931892497	0.0006927878341262299	0.006384986349193895	True
tfap2a-foxd3|support cells/otic vesicle|36	tfap2a-foxd3	36	support cells/otic vesicle	7	44.0	-1.6016925175419555e-05	0.9848224031641053	0.9919880050061362	False
tfap2a-foxd3|thyroid follicle cell|36	tfap2a-foxd3	36	thyroid follicle cell	5	29.0	-0.0005119057894038097	0.12567827280777638	0.26562726552406934	False
tfap2a-foxd3|unknown|36	tfap2a-foxd3	36	unknown	5					False
tfap2a-foxd3|unknown (dcn+, col6+)|36	tfap2a-foxd3	36	unknown (dcn+, col6+)	2	33.0	-0.0008393463008056923	4.788992939253217e-07	1.8830093539253035e-05	True
tfap2a-foxd3|xanthophore|36	tfap2a-foxd3	36	xanthophore	7	44.0	-0.002631894993036459	0.004555657182501783	0.026074368628530877	True
tfap2a-foxd3|KA neuron|48	tfap2a-foxd3	48	KA neuron	4	39.0	-0.0004457173110425526	0.02722613677680852	0.09325653550613021	False
tfap2a-foxd3|adrenal gland|48	tfap2a-foxd3	48	adrenal gland	3	23.0	0.00014647584572864784	0.0073110633780960835	0.03711383968483459	True
tfap2a-foxd3|anterior migratory muscle|48	tfap2a-foxd3	48	anterior migratory muscle	8	44.0	-0.0014825162629138744	0.21544038331154405	0.37893263482382417	False
tfap2a-foxd3|basal cell|48	tfap2a-foxd3	48	basal cell	8	44.0	-0.004357574738241644	0.2818393126850437	0.4574553573014449	False
tfap2a-foxd3|cardiomyocyte|48	tfap2a-foxd3	48	cardiomyocyte	8	44.0	0.0033865326858930206	0.06855636036707659	0.17636981837153168	False
tfap2a-foxd3|chondrocranium|48	tfap2a-foxd3	48	chondrocranium	5	44.0	-0.0008717289968078184	0.06495308992992821	0.1702616499346639	False
tfap2a-foxd3|connective tissue-meninges-dermal FB|48	tfap2a-foxd3	48	connective tissue-meninges-dermal FB	8	44.0	-0.01509031616407537	0.007509323612639217	0.037688410427483075	True
tfap2a-foxd3|contains head vasculature?|48	tfap2a-foxd3	48	contains head vasculature?	3	2.0	0.00029115577494411666	0.6040852459171222	0.7454310973294851	False
tfap2a-foxd3|cranial muscle (early)|48	tfap2a-foxd3	48	cranial muscle (early)	8	44.0	-0.0007355921229023786	0.1669149872176648	0.32144060219338744	False
tfap2a-foxd3|cranial muscle (late)|48	tfap2a-foxd3	48	cranial muscle (late)	2	33.0	-0.0002394157439201698	0.14717341336522768	0.29501276977735685	False
tfap2a-foxd3|cranial muscle (mid)|48	tfap2a-foxd3	48	cranial muscle (mid)	8	44.0	-0.0009004394452150535	0.2529626254838732	0.42458616982579883	False
tfap2a-foxd3|cranial muscle (non-somitic, fast-twitch)|48	tfap2a-foxd3	48	cranial muscle (non-somitic, fast-twitch)	8	44.0	-0.0007221356004604839	0.3114209383972451	0.49014498712688154	False
tfap2a-foxd3|cranial muscle (progenitor)|48	tfap2a-foxd3	48	cranial muscle (progenitor)	2	11.0	0.00017209456603671362	0.21660089697186957	0.38036811849314833	False
tfap2a-foxd3|cranial neural crest|48	tfap2a-foxd3	48	cranial neural crest	6	44.0	-0.002403625335232005	1.5715552151476364e-07	7.152729044284962e-06	True
tfap2a-foxd3|differentiating neuron (hindbrain)|48	tfap2a-foxd3	48	differentiating neuron (hindbrain)	7	44.0	6.754257193522864e-05	0.9174070923825458	0.954614802518324	False
tfap2a-foxd3|differentiating neuron 1|48	tfap2a-foxd3	48	differentiating neuron 1	8	44.0	-0.0004403607678459716	0.5907714373944098	0.7365246156633872	False
tfap2a-foxd3|differentiating neuron 2|48	tfap2a-foxd3	48	differentiating neuron 2	8	41.0	0.00023976755743050095	0.5618823834480966	0.7151328170872634	False
tfap2a-foxd3|dorsal spinal cord neuron|48	tfap2a-foxd3	48	dorsal spinal cord neuron	7	41.0	-0.0005508055267265742	0.10666387961903913	0.2380858179605358	False
tfap2a-foxd3|endothelium (dorsal aorta)|48	tfap2a-foxd3	48	endothelium (dorsal aorta)	8	44.0	0.0014641533247724131	0.400437795377256	0.5761687410066157	False
tfap2a-foxd3|endothelium (f8+, clic2+)|48	tfap2a-foxd3	48	endothelium (f8+, clic2+)	7	44.0	-0.0003804030682394886	0.36597354514679015	0.5418659107621258	False
tfap2a-foxd3|endothelium (vein + early artery)|48	tfap2a-foxd3	48	endothelium (vein + early artery)	8	44.0	0.001075967739883608	0.25032845349993893	0.42208388061585744	False
tfap2a-foxd3|enveloping layer (EVL)|48	tfap2a-foxd3	48	enveloping layer (EVL)	1					False
tfap2a-foxd3|eye, optic cup|48	tfap2a-foxd3	48	eye, optic cup	8	44.0	0.0027614061582164062	0.045225570466526595	0.1317509494739453	False
tfap2a-foxd3|fast-committed myocyte|48	tfap2a-foxd3	48	fast-committed myocyte	2	13.0	8.210279454298839e-05	0.6396346791277544	0.771559413732899	False
tfap2a-foxd3|fin bud mesoderm (pectoral)|48	tfap2a-foxd3	48	fin bud mesoderm (pectoral)	8	44.0	-0.0004704042596536621	0.3569570853546513	0.5337488371245855	False
tfap2a-foxd3|fin fold|48	tfap2a-foxd3	48	fin fold	8	44.0	-0.0003776194799659828	0.8523228700047695	0.9155650616200603	False
tfap2a-foxd3|fin mesenchyme|48	tfap2a-foxd3	48	fin mesenchyme	1	3.0	0.0001460275709269667			False
tfap2a-foxd3|floor plate|48	tfap2a-foxd3	48	floor plate	8	44.0	0.0015335528302859091	0.12225013086619332	0.2612064693266414	False
tfap2a-foxd3|glia|48	tfap2a-foxd3	48	glia	8	43.0	0.0017443866128491062	0.09590018784152164	0.22234249134244233	False
tfap2a-foxd3|hair cell|48	tfap2a-foxd3	48	hair cell	8	42.0	0.0004666098305667059	0.07678103359602341	0.19003365004968112	False
tfap2a-foxd3|hatching gland|48	tfap2a-foxd3	48	hatching gland	8	44.0	0.00020946037675756077	0.9527084967933922	0.974998882514264	False
tfap2a-foxd3|head mesenchyme|48	tfap2a-foxd3	48	head mesenchyme	8	44.0	-0.001076698068901089	0.6598671678184365	0.7856687565227577	False
tfap2a-foxd3|head mesenchyme (maybe ventral, hand2+)|48	tfap2a-foxd3	48	head mesenchyme (maybe ventral, hand2+)	8	44.0	-0.006021353906695035	0.0002692910735587968	0.0031559773964694973	True
tfap2a-foxd3|head mesenchyme/PA cartilage|48	tfap2a-foxd3	48	head mesenchyme/PA cartilage	8	44.0	-0.0015460704449084262	0.07504374853373796	0.1871868277052135	False
tfap2a-foxd3|head/eye connective tissue|48	tfap2a-foxd3	48	head/eye connective tissue	8	43.0	0.0005820119972852875	0.08136282803395314	0.1981150576348914	False
tfap2a-foxd3|hypochord|48	tfap2a-foxd3	48	hypochord	5	28.0	0.0004287707240583635	0.1802042858802957	0.33797840239191784	False
tfap2a-foxd3|hypophysis/locus coeruleus|48	tfap2a-foxd3	48	hypophysis/locus coeruleus	7	41.0	-0.00044409305867851583	0.007226440304688472	0.03679670178134475	True
tfap2a-foxd3|intestine|48	tfap2a-foxd3	48	intestine	8	44.0	0.004367462252940548	0.01708901522167373	0.06725402651331763	False
tfap2a-foxd3|ionocyte/goblet cell|48	tfap2a-foxd3	48	ionocyte/goblet cell	8	44.0	0.0007184476922955174	0.529831371211512	0.6907454309791048	False
tfap2a-foxd3|iridophore|48	tfap2a-foxd3	48	iridophore	4	44.0	-0.0016744413637788975	0.02279338011828583	0.08236107171615517	False
tfap2a-foxd3|jaw chondrocyte|48	tfap2a-foxd3	48	jaw chondrocyte	6	40.0	-0.001007912076969951	0.05671943350036345	0.15577649594073054	False
tfap2a-foxd3|lens|48	tfap2a-foxd3	48	lens	8	44.0	9.23185862070049e-05	0.9100076495170998	0.950338021537188	False
tfap2a-foxd3|liver|48	tfap2a-foxd3	48	liver	8	44.0	0.0008709063452265412	0.24856242441925716	0.4198518836466609	False
tfap2a-foxd3|mature fast muscle|48	tfap2a-foxd3	48	mature fast muscle	8	44.0	0.05829423167758688	0.0014351101157261798	0.010981148631404428	True
tfap2a-foxd3|mature slow muscle|48	tfap2a-foxd3	48	mature slow muscle	8	44.0	0.01912067603615601	0.007923995364031903	0.03874750880690566	True
tfap2a-foxd3|melanophore|48	tfap2a-foxd3	48	melanophore	6	44.0	-0.005178745928459555	2.910613563998807e-09	2.578803617702943e-07	True
tfap2a-foxd3|motor neuron|48	tfap2a-foxd3	48	motor neuron	8	44.0	-0.001863887539122951	0.06754248001066522	0.17474940402804362	False
tfap2a-foxd3|myeloid cell|48	tfap2a-foxd3	48	myeloid cell	8	43.0	-0.0005005593111832691	0.13184722215852862	0.2741649967473827	False
tfap2a-foxd3|neural progenitor (MHB)|48	tfap2a-foxd3	48	neural progenitor (MHB)	8	44.0	0.0003355532680362275	0.6349278605716383	0.7680858608225991	False
tfap2a-foxd3|neural progenitor (hindbrain R7/8)|48	tfap2a-foxd3	48	neural progenitor (hindbrain R7/8)	8	43.0	0.0008057480850295036	0.2052137904169716	0.3665402856110467	False
tfap2a-foxd3|neural progenitor (hindbrain)|48	tfap2a-foxd3	48	neural progenitor (hindbrain)	2	21.0	-0.0003016063069331547	0.20365593318814706	0.36486753195881294	False
tfap2a-foxd3|neural progenitor (telencephalon/diencephalon)|48	tfap2a-foxd3	48	neural progenitor (telencephalon/diencephalon)	8	44.0	-0.0010132558588487953	0.5933300764793613	0.7382169269271702	False
tfap2a-foxd3|neural tube-like connective tissue (+ taste bud)|48	tfap2a-foxd3	48	neural tube-like connective tissue (+ taste bud)	8	44.0	-0.003154762333377293	0.012587926951984517	0.054422104486621416	False
tfap2a-foxd3|neuromast support cell|48	tfap2a-foxd3	48	neuromast support cell	8	44.0	-0.0023972645750629474	0.003078094926554211	0.01942444519178797	True
tfap2a-foxd3|neuron (+ spinal cord)|48	tfap2a-foxd3	48	neuron (+ spinal cord)	8	44.0	-0.00030869556832614775	0.3886072938416657	0.5641895275459622	False
tfap2a-foxd3|neuron (cranial ganglia sensory, Rohon-Beard)|48	tfap2a-foxd3	48	neuron (cranial ganglia sensory, Rohon-Beard)	8	44.0	-0.004161967578156105	3.5430999894545496e-05	0.0006390631416555512	True
tfap2a-foxd3|neuron (dopaminergic)|48	tfap2a-foxd3	48	neuron (dopaminergic)	1	25.0	8.341214581683603e-05			False
tfap2a-foxd3|neuron (telencephalon, glutamatergic)|48	tfap2a-foxd3	48	neuron (telencephalon, glutamatergic)	8	44.0	0.0003662099493307591	0.6219864202905157	0.7587846085607631	False
tfap2a-foxd3|neurons (differentiating, contains peripheral)|48	tfap2a-foxd3	48	neurons (differentiating, contains peripheral)	8	44.0	-0.005651239426823211	0.1319045138602532	0.2741649967473827	False
tfap2a-foxd3|neurons (gabaergic, glutamatergic)|48	tfap2a-foxd3	48	neurons (gabaergic, glutamatergic)	8	44.0	-0.010546047287698264	0.039456171118364955	0.1207119047336718	False
tfap2a-foxd3|neurons (gabaergic, glutamatergic; contains Purkinje)|48	tfap2a-foxd3	48	neurons (gabaergic, glutamatergic; contains Purkinje)	8	44.0	0.0009486009727091571	0.785183754578711	0.8729372677221908	False
tfap2a-foxd3|notochord|48	tfap2a-foxd3	48	notochord	8	44.0	0.011410740697874911	0.034412478402762715	0.10999082202326033	False
tfap2a-foxd3|olfactory vesicle/bulb|48	tfap2a-foxd3	48	olfactory vesicle/bulb	8	44.0	-0.0010086539957239347	0.12708834727812068	0.2676710198615252	False
tfap2a-foxd3|osteoblast|48	tfap2a-foxd3	48	osteoblast	5	33.0	2.3522623308399465e-05	0.9392422983814692	0.9674879976352291	False
tfap2a-foxd3|pancreas|48	tfap2a-foxd3	48	pancreas	8	43.0	-2.9118406768153735e-05	0.9524249103637135	0.974998882514264	False
tfap2a-foxd3|pectoral fin bud (osteoblast+)|48	tfap2a-foxd3	48	pectoral fin bud (osteoblast+)	8	44.0	0.0008866714601442009	0.1408910083185083	0.2865053396301297	False
tfap2a-foxd3|periderm|48	tfap2a-foxd3	48	periderm	8	44.0	-0.01586977779427612	0.4174689825136382	0.5918671621086251	False
tfap2a-foxd3|periocular mesenchyme|48	tfap2a-foxd3	48	periocular mesenchyme	3	44.0	-0.00227569454899309	0.10050823802720962	0.229240717745037	False
tfap2a-foxd3|pharyngeal arch (NC-derived)|48	tfap2a-foxd3	48	pharyngeal arch (NC-derived)	1	11.0	-7.377470100117272e-05			False
tfap2a-foxd3|pharyngeal arch (contains muscle, early cartilage)|48	tfap2a-foxd3	48	pharyngeal arch (contains muscle, early cartilage)	8	44.0	-0.007223763163356692	6.861670654427903e-06	0.00017536846730259006	True
tfap2a-foxd3|pharyngeal arch (early)|48	tfap2a-foxd3	48	pharyngeal arch (early)	8	44.0	-0.010332092547761894	0.000810702437692153	0.007202029008642188	True
tfap2a-foxd3|pharynx|48	tfap2a-foxd3	48	pharynx	2	20.0	0.00025530953552015996	0.0010464506961875247	0.008746748271907046	True
tfap2a-foxd3|posterior lateral line primordium|48	tfap2a-foxd3	48	posterior lateral line primordium	7	42.0	0.0012022496623987735	0.06037856952593523	0.16268237096552557	False
tfap2a-foxd3|posterior spinal cord progenitors|48	tfap2a-foxd3	48	posterior spinal cord progenitors	7	39.0	0.0012118263257112599	0.20985035242618524	0.3722518931852645	False
tfap2a-foxd3|primordial germ cell|48	tfap2a-foxd3	48	primordial germ cell	3	37.0	1.7089914103857575e-05	0.890279285652585	0.9387346641005121	False
tfap2a-foxd3|pronephric duct|48	tfap2a-foxd3	48	pronephric duct	5	32.0	0.00044872685374881436	0.18131748766437095	0.33910565684551985	False
tfap2a-foxd3|pronephric podocyte|48	tfap2a-foxd3	48	pronephric podocyte	4	35.0	0.000699106801027108	0.2396958004027689	0.40927246365597597	False
tfap2a-foxd3|pronephros distal tubule|48	tfap2a-foxd3	48	pronephros distal tubule	8	44.0	0.0016183743987259703	0.05930243264361129	0.16064601097301143	False
tfap2a-foxd3|pronephros proximal tubule|48	tfap2a-foxd3	48	pronephros proximal tubule	8	44.0	0.00278444113570292	0.030808486709887478	0.1022589381554457	False
tfap2a-foxd3|red blood cell|48	tfap2a-foxd3	48	red blood cell	1	37.0	-0.0001774275492910648			False
tfap2a-foxd3|retinal neuron|48	tfap2a-foxd3	48	retinal neuron	8	44.0	-0.006708439160888764	0.3667291191865657	0.542742761023325	False
tfap2a-foxd3|retinal pigmented epithelium (early)|48	tfap2a-foxd3	48	retinal pigmented epithelium (early)	8	44.0	0.003598040110209473	0.02229487656832681	0.08095598622761294	False
tfap2a-foxd3|retinal pigmented epithelium (late)|48	tfap2a-foxd3	48	retinal pigmented epithelium (late)	4	21.0	0.0001088679011506655	0.4446424154047176	0.6156069287006852	False
tfap2a-foxd3|roof plate, flexural + subcommissural organ|48	tfap2a-foxd3	48	roof plate, flexural + subcommissural organ	8	44.0	0.0014759789108502422	0.023894603635689342	0.08495432913812503	False
tfap2a-foxd3|satellite cells|48	tfap2a-foxd3	48	satellite cells	2	12.0	0.00010468953432291668	0.37751924229153644	0.553411728441928	False
tfap2a-foxd3|support cells/otic vesicle|48	tfap2a-foxd3	48	support cells/otic vesicle	8	44.0	0.0035124663430896527	0.029993111329248652	0.10015287677530517	False
tfap2a-foxd3|thyroid follicle cell|48	tfap2a-foxd3	48	thyroid follicle cell	5	23.0	0.00017667388463304522	0.4502440784214641	0.6196021253158489	False
tfap2a-foxd3|unknown|48	tfap2a-foxd3	48	unknown	1					False
tfap2a-foxd3|unknown (K+ channel, ciliated)|48	tfap2a-foxd3	48	unknown (K+ channel, ciliated)	1	2.0	8.797539839050002e-05			False
tfap2a-foxd3|unknown (dcn+, col6+)|48	tfap2a-foxd3	48	unknown (dcn+, col6+)	5	39.0	-0.0014558336735297351	3.9299863427079235e-05	0.0006926991842783595	True
tfap2a-foxd3|xanthophore|48	tfap2a-foxd3	48	xanthophore	8	44.0	-0.002608519304428635	5.666853464754389e-07	2.139559163255279e-05	True
tfap2a-foxd3|KA neuron|72	tfap2a-foxd3	72	KA neuron	7	13.0	-0.0001105425606964007	0.16828832312405628	0.3224555672316476	False
tfap2a-foxd3|adrenal gland|72	tfap2a-foxd3	72	adrenal gland	5	9.0	-7.440643619682481e-05	0.3644242630200317	0.5408065253328209	False
tfap2a-foxd3|anterior migratory muscle|72	tfap2a-foxd3	72	anterior migratory muscle	8	16.0	0.0031421466033370628	0.03812726117994732	0.11769118277801917	False
tfap2a-foxd3|basal cell|72	tfap2a-foxd3	72	basal cell	8	16.0	-0.015790485841370064	0.0034030087250598432	0.020764915498643396	True
tfap2a-foxd3|cardiomyocyte|72	tfap2a-foxd3	72	cardiomyocyte	7	16.0	0.0004460956926933086	0.5015440622879302	0.6657531549946657	False
tfap2a-foxd3|chondrocranium|72	tfap2a-foxd3	72	chondrocranium	8	16.0	-0.0013095801108882555	0.08773691239779756	0.20907929148203083	False
tfap2a-foxd3|connective tissue-meninges-dermal FB|72	tfap2a-foxd3	72	connective tissue-meninges-dermal FB	8	16.0	0.00970512640560329	0.0014980872055114856	0.011299420522842022	True
tfap2a-foxd3|cranial muscle (early)|72	tfap2a-foxd3	72	cranial muscle (early)	8	16.0	0.0009750702923828434	0.06770890944766801	0.1750683670349237	False
tfap2a-foxd3|cranial muscle (late)|72	tfap2a-foxd3	72	cranial muscle (late)	8	16.0	-0.0026735302214919866	0.1986821623026761	0.35905438360111036	False
tfap2a-foxd3|cranial muscle (mid)|72	tfap2a-foxd3	72	cranial muscle (mid)	8	16.0	0.0022158618515187812	0.006128507914943558	0.03282784833050506	True
tfap2a-foxd3|cranial muscle (non-somitic, fast-twitch)|72	tfap2a-foxd3	72	cranial muscle (non-somitic, fast-twitch)	8	16.0	0.0009512449785475992	0.20566044686343765	0.36687615286108544	False
tfap2a-foxd3|cranial muscle (progenitor)|72	tfap2a-foxd3	72	cranial muscle (progenitor)	4	3.0	-0.0001070723293502596	0.002694774924459333	0.01765954573277344	True
tfap2a-foxd3|cranial neural crest|72	tfap2a-foxd3	72	cranial neural crest	8	16.0	-0.002405248138268935	5.158951611974258e-07	1.9939749486070472e-05	True
tfap2a-foxd3|differentiating neuron (hindbrain)|72	tfap2a-foxd3	72	differentiating neuron (hindbrain)	7	15.0	0.00035824888551946963	0.0144118139006951	0.06015483880032597	False
tfap2a-foxd3|differentiating neuron 1|72	tfap2a-foxd3	72	differentiating neuron 1	8	16.0	0.00014908275311103125	0.5825813321559298	0.7294616454072269	False
tfap2a-foxd3|differentiating neuron 2|72	tfap2a-foxd3	72	differentiating neuron 2	6	7.0	0.00016909399997912128	0.19977493634629165	0.36005002767049304	False
tfap2a-foxd3|dorsal spinal cord neuron|72	tfap2a-foxd3	72	dorsal spinal cord neuron	7	13.0	0.00035597375062290323	0.12371800841472157	0.2627683035700791	False
tfap2a-foxd3|endothelium (dorsal aorta)|72	tfap2a-foxd3	72	endothelium (dorsal aorta)	8	16.0	-0.003315049057793718	0.008448345440735468	0.040475310348729046	True
tfap2a-foxd3|endothelium (f8+, clic2+)|72	tfap2a-foxd3	72	endothelium (f8+, clic2+)	8	16.0	-0.0003053804523308189	0.22169793860347375	0.38686523162292097	False
tfap2a-foxd3|endothelium (vein + early artery)|72	tfap2a-foxd3	72	endothelium (vein + early artery)	8	16.0	-0.0018686164150560625	0.04684455550640351	0.13522244628151667	False
tfap2a-foxd3|eye, optic cup|72	tfap2a-foxd3	72	eye, optic cup	8	16.0	0.0016922165405023936	0.17289581171556212	0.3294788267421595	False
tfap2a-foxd3|fast-committed myocyte|72	tfap2a-foxd3	72	fast-committed myocyte	5	4.0	3.4435896684966924e-05	0.7547830162682463	0.8508113898392701	False
tfap2a-foxd3|fin bud mesoderm (pectoral)|72	tfap2a-foxd3	72	fin bud mesoderm (pectoral)	8	16.0	0.0016161379855874495	0.0017431923495162002	0.012618206059406481	True
tfap2a-foxd3|fin fold|72	tfap2a-foxd3	72	fin fold	8	16.0	0.0013100539740382618	0.4148543025205673	0.5893158798021677	False
tfap2a-foxd3|fin mesenchyme|72	tfap2a-foxd3	72	fin mesenchyme	2	3.0	-0.00012875934982799122	0.20543423478977413	0.36666948433468954	False
tfap2a-foxd3|floor plate|72	tfap2a-foxd3	72	floor plate	8	16.0	0.00010012659065146857	0.8977794083378217	0.9437975270376247	False
tfap2a-foxd3|glia|72	tfap2a-foxd3	72	glia	8	16.0	-0.0010673386618745753	0.6203030978629303	0.7580850199268007	False
tfap2a-foxd3|hair cell|72	tfap2a-foxd3	72	hair cell	8	16.0	-0.00012207781103575673	0.8217661740510991	0.8950395388574911	False
tfap2a-foxd3|hatching gland|72	tfap2a-foxd3	72	hatching gland	8	16.0	0.0011488051307979065	0.6894302519005631	0.8078405966988612	False
tfap2a-foxd3|head mesenchyme|72	tfap2a-foxd3	72	head mesenchyme	8	16.0	0.003884911035514693	0.08844861847873299	0.21043360894779117	False
tfap2a-foxd3|head mesenchyme (maybe ventral, hand2+)|72	tfap2a-foxd3	72	head mesenchyme (maybe ventral, hand2+)	8	16.0	0.004203682921847193	0.028219336026956598	0.09557466253778114	False
tfap2a-foxd3|head mesenchyme/PA cartilage|72	tfap2a-foxd3	72	head mesenchyme/PA cartilage	8	16.0	0.004074827109229406	0.0006605111824136083	0.006173131936903555	True
tfap2a-foxd3|head/eye connective tissue|72	tfap2a-foxd3	72	head/eye connective tissue	8	16.0	0.0001606371504234499	0.44346153278764	0.6148100463395241	False
tfap2a-foxd3|hypochord|72	tfap2a-foxd3	72	hypochord	7	13.0	0.00018726319556318008	0.26063559860503827	0.43319748692608284	False
tfap2a-foxd3|hypophysis/locus coeruleus|72	tfap2a-foxd3	72	hypophysis/locus coeruleus	8	16.0	-8.17569267768999e-05	0.7897836386168614	0.8759993788364285	False
tfap2a-foxd3|intestine|72	tfap2a-foxd3	72	intestine	8	16.0	-0.00406612694983673	0.32517357873738384	0.5048547735303541	False
tfap2a-foxd3|ionocyte/goblet cell|72	tfap2a-foxd3	72	ionocyte/goblet cell	8	16.0	-0.00324920018011115	0.00018507016161365515	0.0023335696848628814	True
tfap2a-foxd3|iridophore|72	tfap2a-foxd3	72	iridophore	6	16.0	-0.004562853884204373	3.3473869291678643e-11	4.539466560065399e-09	True
tfap2a-foxd3|jaw chondrocyte|72	tfap2a-foxd3	72	jaw chondrocyte	8	16.0	-0.009554827558106486	0.00023843784809789446	0.0028860100193269737	True
tfap2a-foxd3|lens|72	tfap2a-foxd3	72	lens	8	16.0	0.0032015660059207373	0.16820699137017192	0.3224555672316476	False
tfap2a-foxd3|liver|72	tfap2a-foxd3	72	liver	8	16.0	-9.361286548941264e-05	0.9236048778044386	0.9575105120423745	False
tfap2a-foxd3|mature fast muscle|72	tfap2a-foxd3	72	mature fast muscle	8	16.0	0.0018165079087652386	0.8722662974842814	0.9272451682583668	False
tfap2a-foxd3|mature slow muscle|72	tfap2a-foxd3	72	mature slow muscle	8	16.0	0.004508282187518826	0.05700163487503638	0.15632516043937958	False
tfap2a-foxd3|melanophore|72	tfap2a-foxd3	72	melanophore	6	16.0	-0.005109671178950175	1.1991321042996376e-07	5.611431572585276e-06	True
tfap2a-foxd3|mesodermal progenitor cells (contains PSM)|72	tfap2a-foxd3	72	mesodermal progenitor cells (contains PSM)	2					False
tfap2a-foxd3|motor neuron|72	tfap2a-foxd3	72	motor neuron	8	16.0	-0.0001614682474199501	0.7566102207790365	0.8516603384707712	False
tfap2a-foxd3|myeloid cell|72	tfap2a-foxd3	72	myeloid cell	8	16.0	-0.00038900001526509997	0.3759578787376754	0.5517314717782361	False
tfap2a-foxd3|myoblast|72	tfap2a-foxd3	72	myoblast	1					False
tfap2a-foxd3|neural crest + pigment cell progenitor|72	tfap2a-foxd3	72	neural crest + pigment cell progenitor	1	5.0	-5.1772386295000645e-05			False
tfap2a-foxd3|neural progenitor (MHB)|72	tfap2a-foxd3	72	neural progenitor (MHB)	8	16.0	0.0016245780014592934	0.0740488478804978	0.18568097893053126	False
tfap2a-foxd3|neural progenitor (hindbrain R7/8)|72	tfap2a-foxd3	72	neural progenitor (hindbrain R7/8)	6	11.0	0.00017058699914619544	0.14828382079835492	0.2966122785084493	False
tfap2a-foxd3|neural progenitor (hindbrain)|72	tfap2a-foxd3	72	neural progenitor (hindbrain)	8	13.0	4.527762851147185e-05	0.5804508486914648	0.7285319355976799	False
tfap2a-foxd3|neural progenitor (telencephalon/diencephalon)|72	tfap2a-foxd3	72	neural progenitor (telencephalon/diencephalon)	8	16.0	0.0028988114794150747	0.32973271921483027	0.5099698313068471	False
tfap2a-foxd3|neural tube-like connective tissue (+ taste bud)|72	tfap2a-foxd3	72	neural tube-like connective tissue (+ taste bud)	8	16.0	-0.005970923042164934	1.3127823883994436e-05	0.0002947107760444021	True
tfap2a-foxd3|neuromast support cell|72	tfap2a-foxd3	72	neuromast support cell	8	16.0	-0.0019928734083547372	0.0001667836142526354	0.002168839758725562	True
tfap2a-foxd3|neuron (+ spinal cord)|72	tfap2a-foxd3	72	neuron (+ spinal cord)	8	14.0	-8.729438981823934e-05	0.37935080123613474	0.5551169509390256	False
tfap2a-foxd3|neuron (cranial ganglia sensory, Rohon-Beard)|72	tfap2a-foxd3	72	neuron (cranial ganglia sensory, Rohon-Beard)	8	16.0	-0.0023693351981435434	7.602535432552616e-05	0.0011694177766044475	True
tfap2a-foxd3|neuron (dopaminergic)|72	tfap2a-foxd3	72	neuron (dopaminergic)	4	11.0	-3.141974501756392e-05	0.7437898417428417	0.8441850209892311	False
tfap2a-foxd3|neuron (telencephalon, glutamatergic)|72	tfap2a-foxd3	72	neuron (telencephalon, glutamatergic)	8	16.0	0.0022714610989205686	0.003939473870752	0.02331060006335444	True
tfap2a-foxd3|neurons (differentiating, contains peripheral)|72	tfap2a-foxd3	72	neurons (differentiating, contains peripheral)	8	16.0	0.004989884439589512	0.024680593843740245	0.08695787173470516	False
tfap2a-foxd3|neurons (gabaergic, glutamatergic)|72	tfap2a-foxd3	72	neurons (gabaergic, glutamatergic)	8	16.0	0.010742899587854737	0.0327167947451665	0.10641365691709807	False
tfap2a-foxd3|neurons (gabaergic, glutamatergic; contains Purkinje)|72	tfap2a-foxd3	72	neurons (gabaergic, glutamatergic; contains Purkinje)	8	16.0	0.005754085174098603	0.34832116110527167	0.5255554644231645	False
tfap2a-foxd3|notochord|72	tfap2a-foxd3	72	notochord	8	16.0	-0.004299184477837871	0.2480635690032341	0.4194357292688271	False
tfap2a-foxd3|odontoblast|72	tfap2a-foxd3	72	odontoblast	3	15.0	-0.00042978148749530173	0.025980645664899774	0.09024641424111815	False
tfap2a-foxd3|olfactory vesicle/bulb|72	tfap2a-foxd3	72	olfactory vesicle/bulb	8	16.0	0.00017913260617564378	0.7782057007919265	0.8675015738571299	False
tfap2a-foxd3|osteoblast|72	tfap2a-foxd3	72	osteoblast	8	16.0	-0.0008904063482964	0.019968707476434828	0.07471399841267423	False
tfap2a-foxd3|pancreas|72	tfap2a-foxd3	72	pancreas	8	16.0	-0.0008083273698148742	0.31643563997242563	0.4954558971764298	False
tfap2a-foxd3|pectoral fin bud (osteoblast+)|72	tfap2a-foxd3	72	pectoral fin bud (osteoblast+)	8	15.0	0.002531975917771703	0.001216939448041068	0.00971632912441606	True
tfap2a-foxd3|periderm|72	tfap2a-foxd3	72	periderm	8	16.0	-0.002941749498307278	0.9019823609653004	0.9467181785838605	False
tfap2a-foxd3|periocular mesenchyme|72	tfap2a-foxd3	72	periocular mesenchyme	6	16.0	-0.00483386519511449	1.6598330474843445e-07	7.452426081441534e-06	True
tfap2a-foxd3|pharyngeal arch (NC-derived)|72	tfap2a-foxd3	72	pharyngeal arch (NC-derived)	2	3.0	-0.00011341366379751075	0.47324468394785585	0.6411235320761473	False
tfap2a-foxd3|pharyngeal arch (contains muscle, early cartilage)|72	tfap2a-foxd3	72	pharyngeal arch (contains muscle, early cartilage)	8	16.0	-0.00975811805044096	0.001229486721305506	0.009784358398892318	True
tfap2a-foxd3|pharyngeal arch (early)|72	tfap2a-foxd3	72	pharyngeal arch (early)	8	16.0	-0.0052536210091267375	1.0617954272168167e-05	0.00024584078793922465	True
tfap2a-foxd3|pharynx|72	tfap2a-foxd3	72	pharynx	7	12.0	3.4388228728384374e-05	0.6372173015112487	0.7698548848184902	False
tfap2a-foxd3|posterior lateral line primordium|72	tfap2a-foxd3	72	posterior lateral line primordium	8	16.0	-0.00041386912080171876	0.10845946106660047	0.24077779350146908	False
tfap2a-foxd3|posterior spinal cord progenitors|72	tfap2a-foxd3	72	posterior spinal cord progenitors	8	16.0	-0.000233397375452425	0.26609297536652815	0.43973832909987054	False
tfap2a-foxd3|primordial germ cell|72	tfap2a-foxd3	72	primordial germ cell	7	14.0	-0.00015340037649522143	0.09673579203644593	0.22335279294029994	False
tfap2a-foxd3|pronephric duct|72	tfap2a-foxd3	72	pronephric duct	7	10.0	-8.303638516447267e-06	0.8923462444678986	0.9395723014560586	False
tfap2a-foxd3|pronephric podocyte|72	tfap2a-foxd3	72	pronephric podocyte	5	10.0	-0.00028419993162043017	0.34189992069808317	0.5197723571353838	False
tfap2a-foxd3|pronephros distal tubule|72	tfap2a-foxd3	72	pronephros distal tubule	8	16.0	-0.0008067848781393313	0.1600153820326668	0.3121850304189873	False
tfap2a-foxd3|pronephros proximal tubule|72	tfap2a-foxd3	72	pronephros proximal tubule	8	16.0	-0.00042931462615375003	0.22054735036203876	0.3851891029036296	False
tfap2a-foxd3|red blood cell|72	tfap2a-foxd3	72	red blood cell	8	15.0	0.00029655516222693327	0.1629130777506077	0.31607515376723744	False
tfap2a-foxd3|retinal neuron|72	tfap2a-foxd3	72	retinal neuron	8	16.0	0.01873686917382989	0.04188134103612437	0.12507933086968379	False
tfap2a-foxd3|retinal pigmented epithelium (early)|72	tfap2a-foxd3	72	retinal pigmented epithelium (early)	8	16.0	0.004493696956789456	8.798876974207196e-06	0.0002157510608620178	True
tfap2a-foxd3|retinal pigmented epithelium (late)|72	tfap2a-foxd3	72	retinal pigmented epithelium (late)	8	16.0	1.0237131964819027e-05	0.9931699627764298	0.9964306402895109	False
tfap2a-foxd3|roof plate, flexural + subcommissural organ|72	tfap2a-foxd3	72	roof plate, flexural + subcommissural organ	8	16.0	0.0012824972103293061	0.013634387997470592	0.0578178099828922	False
tfap2a-foxd3|satellite cells|72	tfap2a-foxd3	72	satellite cells	8	4.0	-2.1830197750986755e-05	0.5998558155952018	0.7428330030991643	False
tfap2a-foxd3|support cells/otic vesicle|72	tfap2a-foxd3	72	support cells/otic vesicle	8	16.0	-0.00026556316081366264	0.8260888516875328	0.8978345468537219	False
tfap2a-foxd3|swim bladder primordium|72	tfap2a-foxd3	72	swim bladder primordium	7	15.0	-0.0004986976726345288	0.34908478687016564	0.526240564598968	False
tfap2a-foxd3|thyroid follicle cell|72	tfap2a-foxd3	72	thyroid follicle cell	5	11.0	4.516949196897534e-05	0.7863063399020064	0.8738928965795003	False
tfap2a-foxd3|unknown|72	tfap2a-foxd3	72	unknown	5					False
tfap2a-foxd3|unknown (K+ channel, ciliated)|72	tfap2a-foxd3	72	unknown (K+ channel, ciliated)	7	15.0	-0.00039073469899451147	0.00017048667714881778	0.00220835081803878	True
tfap2a-foxd3|unknown (dcn+, col6+)|72	tfap2a-foxd3	72	unknown (dcn+, col6+)	7	16.0	0.00039631995701428164	0.5108297797129797	0.6737721092085649	False
tfap2a-foxd3|vascular smooth muscle|72	tfap2a-foxd3	72	vascular smooth muscle	8	16.0	-0.0019217801778264433	0.10334973464757413	0.23272076812373096	False
tfap2a-foxd3|xanthophore|72	tfap2a-foxd3	72	xanthophore	8	15.0	-0.0011351848411116168	1.3046760007307471e-06	4.538635333392341e-05	True
wnt3a-wnt8|KA neuron|18	wnt3a-wnt8	18	KA neuron	6	17.0	-2.1979332598730337e-05	0.9353506205519173	0.9651066099683374	False
wnt3a-wnt8|anterior migratory muscle|18	wnt3a-wnt8	18	anterior migratory muscle	8	23.0	-0.0036187472497268888	0.02460224522521176	0.08672780876473854	False
wnt3a-wnt8|basal cell|18	wnt3a-wnt8	18	basal cell	2	14.0	8.043814315729988e-05	0.6841269437054214	0.8037523940810688	False
wnt3a-wnt8|cardiomyocyte|18	wnt3a-wnt8	18	cardiomyocyte	8	23.0	-0.0009902012792727191	0.31364979336223076	0.49260290165257	False
wnt3a-wnt8|connective tissue-meninges-dermal FB|18	wnt3a-wnt8	18	connective tissue-meninges-dermal FB	7	23.0	-0.04069493484766276	3.492648132782837e-05	0.0006323881973390177	True
wnt3a-wnt8|contains head vasculature?|18	wnt3a-wnt8	18	contains head vasculature?	8	23.0	0.03067278124581082	0.0003899917892405437	0.004186583908729262	True
wnt3a-wnt8|cranial muscle (early)|18	wnt3a-wnt8	18	cranial muscle (early)	1	5.0	0.0001322060243513			False
wnt3a-wnt8|cranial muscle (non-somitic, fast-twitch)|18	wnt3a-wnt8	18	cranial muscle (non-somitic, fast-twitch)	7	22.0	-0.0009589495653618877	0.054561135333255434	0.15157138139192408	False
wnt3a-wnt8|cranial muscle (progenitor)|18	wnt3a-wnt8	18	cranial muscle (progenitor)	8	23.0	0.017519030008695393	0.0012463871062712315	0.009871564149192292	True
wnt3a-wnt8|cranial neural crest|18	wnt3a-wnt8	18	cranial neural crest	7	23.0	-0.003203862883084423	0.0011990996266377759	0.009634845246684426	True
wnt3a-wnt8|differentiating neuron (hindbrain)|18	wnt3a-wnt8	18	differentiating neuron (hindbrain)	8	23.0	-0.0022166509660913694	0.013697262235750105	0.0578996867408139	False
wnt3a-wnt8|differentiating neuron 1|18	wnt3a-wnt8	18	differentiating neuron 1	8	23.0	0.003409326772943616	0.10019189605794712	0.22878871110139473	False
wnt3a-wnt8|differentiating neuron 2|18	wnt3a-wnt8	18	differentiating neuron 2	8	23.0	0.00147537020645768	0.1536352870508536	0.3034799293855298	False
wnt3a-wnt8|endothelium (dorsal aorta)|18	wnt3a-wnt8	18	endothelium (dorsal aorta)	8	23.0	-0.000883516452181393	0.12305731034807413	0.2621724358008825	False
wnt3a-wnt8|endothelium (f8+, clic2+)|18	wnt3a-wnt8	18	endothelium (f8+, clic2+)	8	18.0	0.0026398413487344185	0.016427228313257436	0.06567926121636321	False
wnt3a-wnt8|endothelium (vein + early artery)|18	wnt3a-wnt8	18	endothelium (vein + early artery)	8	23.0	0.0069705184941153304	0.021452538036080798	0.07854111033044457	False
wnt3a-wnt8|eye, optic cup|18	wnt3a-wnt8	18	eye, optic cup	8	23.0	0.04554744215209238	5.798347331081992e-06	0.0001534763427038028	True
wnt3a-wnt8|fast-committed myocyte|18	wnt3a-wnt8	18	fast-committed myocyte	8	23.0	-0.030245646767729818	9.319748352678152e-06	0.0002251990101947139	True
wnt3a-wnt8|fin fold|18	wnt3a-wnt8	18	fin fold	1	11.0	-8.159803268280904e-05			False
wnt3a-wnt8|fin mesenchyme|18	wnt3a-wnt8	18	fin mesenchyme	8	23.0	0.04834089593449774	2.363289882201313e-05	0.00047444293858694026	True
wnt3a-wnt8|floor plate|18	wnt3a-wnt8	18	floor plate	8	23.0	0.01124173632496384	0.008729525571629948	0.041390739091941055	True
wnt3a-wnt8|glia|18	wnt3a-wnt8	18	glia	1	13.0	0.00015049514169294617			False
wnt3a-wnt8|hatching gland|18	wnt3a-wnt8	18	hatching gland	8	23.0	0.007804658094056989	0.018145496194075995	0.06983955677598715	False
wnt3a-wnt8|head mesenchyme|18	wnt3a-wnt8	18	head mesenchyme	8	23.0	-0.0009317928367105523	0.5221207733367403	0.6829215302455798	False
wnt3a-wnt8|head mesenchyme (maybe ventral, hand2+)|18	wnt3a-wnt8	18	head mesenchyme (maybe ventral, hand2+)	8	23.0	-0.0026012309988130145	0.17874491876977971	0.3361770856882596	False
wnt3a-wnt8|head mesenchyme/PA cartilage|18	wnt3a-wnt8	18	head mesenchyme/PA cartilage	8	23.0	-0.0010583817044949994	0.31626733606606944	0.49530908511879124	False
wnt3a-wnt8|head/eye connective tissue|18	wnt3a-wnt8	18	head/eye connective tissue	8	23.0	0.022256762776879158	5.69055100199253e-05	0.0009406395872696607	True
wnt3a-wnt8|hypochord|18	wnt3a-wnt8	18	hypochord	8	22.0	0.002594146651489736	0.007860853029997679	0.03860707197659614	True
wnt3a-wnt8|hypophysis/locus coeruleus|18	wnt3a-wnt8	18	hypophysis/locus coeruleus	4	9.0	-0.00023961009941585003	0.21514848945428433	0.3787183344168793	False
wnt3a-wnt8|intestine|18	wnt3a-wnt8	18	intestine	8	23.0	0.0008303009003986523	0.5982776505200659	0.742371256114857	False
wnt3a-wnt8|ionocyte/goblet cell|18	wnt3a-wnt8	18	ionocyte/goblet cell	8	23.0	-0.0064141402055216505	0.04985331620936119	0.14151016070534178	False
wnt3a-wnt8|lens|18	wnt3a-wnt8	18	lens	8	23.0	0.026474129012497082	0.0002494542834102696	0.0029726646129938153	True
wnt3a-wnt8|liver|18	wnt3a-wnt8	18	liver	1	1.0	0.00086762317539			False
wnt3a-wnt8|mature fast muscle|18	wnt3a-wnt8	18	mature fast muscle	8	23.0	-0.013301360530185548	0.0007560502300988409	0.0068446236771209775	True
wnt3a-wnt8|mature slow muscle|18	wnt3a-wnt8	18	mature slow muscle	8	23.0	-0.021676423379054975	1.618327046312355e-06	5.323655060765148e-05	True
wnt3a-wnt8|melanophore|18	wnt3a-wnt8	18	melanophore	1	10.0	-0.0008601569481309298			False
wnt3a-wnt8|mesodermal progenitor cells (contains PSM)|18	wnt3a-wnt8	18	mesodermal progenitor cells (contains PSM)	7	23.0	-0.017890342424472613	2.9456007052220682e-05	0.0005547864567253007	True
wnt3a-wnt8|motor neuron|18	wnt3a-wnt8	18	motor neuron	7	22.0	0.00032581838719859466	0.7168858971425084	0.8258853652066519	False
wnt3a-wnt8|myeloid cell|18	wnt3a-wnt8	18	myeloid cell	8	23.0	0.017327022413101505	7.827467444299383e-06	0.00019553955326078723	True
wnt3a-wnt8|myoblast|18	wnt3a-wnt8	18	myoblast	8	23.0	-0.006890951884988572	5.1289791935280445e-05	0.000858490346120752	True
wnt3a-wnt8|neural crest + pigment cell progenitor|18	wnt3a-wnt8	18	neural crest + pigment cell progenitor	8	23.0	-0.005767868103986646	0.0002344528180183484	0.0028429543352772356	True
wnt3a-wnt8|neural progenitor (MHB)|18	wnt3a-wnt8	18	neural progenitor (MHB)	8	23.0	-0.00780833679969373	0.0620710725207855	0.16551455734374784	False
wnt3a-wnt8|neural progenitor (hindbrain R7/8)|18	wnt3a-wnt8	18	neural progenitor (hindbrain R7/8)	8	23.0	-0.01025967230977039	0.00032179703388195326	0.003605971821493388	True
wnt3a-wnt8|neural progenitor (hindbrain)|18	wnt3a-wnt8	18	neural progenitor (hindbrain)	8	23.0	-0.02353198051790628	0.00043017175250422004	0.0044803938799224795	True
wnt3a-wnt8|neural progenitor (telencephalon/diencephalon)|18	wnt3a-wnt8	18	neural progenitor (telencephalon/diencephalon)	8	23.0	0.035903741352749596	0.0004251868388067932	0.004463454255720601	True
wnt3a-wnt8|neural tube-like connective tissue (+ taste bud)|18	wnt3a-wnt8	18	neural tube-like connective tissue (+ taste bud)	8	23.0	0.006152127259927363	0.013116264510138568	0.05615823303471055	False
wnt3a-wnt8|neuromast support cell|18	wnt3a-wnt8	18	neuromast support cell	7	23.0	-0.0027921349269962176	0.003491212285706119	0.02116470127025716	True
wnt3a-wnt8|neuron (+ spinal cord)|18	wnt3a-wnt8	18	neuron (+ spinal cord)	2	22.0	-0.00036725300129289104	0.43883715638885257	0.6121059832501942	False
wnt3a-wnt8|neuron (cranial ganglia sensory, Rohon-Beard)|18	wnt3a-wnt8	18	neuron (cranial ganglia sensory, Rohon-Beard)	8	23.0	-0.0038484345982560805	0.01596008853376538	0.06427562927689148	False
wnt3a-wnt8|neuron (telencephalon, glutamatergic)|18	wnt3a-wnt8	18	neuron (telencephalon, glutamatergic)	2	15.0	3.1035579247350176e-07	0.9994249069655281	0.9994249069655281	False
wnt3a-wnt8|neurons (differentiating, contains peripheral)|18	wnt3a-wnt8	18	neurons (differentiating, contains peripheral)	8	23.0	-0.0013915491425170682	0.1492326395770297	0.29777149436589156	False
wnt3a-wnt8|neurons (gabaergic, glutamatergic)|18	wnt3a-wnt8	18	neurons (gabaergic, glutamatergic)	7	23.0	-0.0020277102553529994	0.00015531033929049476	0.0020414999862805867	True
wnt3a-wnt8|neurons (gabaergic, glutamatergic; contains Purkinje)|18	wnt3a-wnt8	18	neurons (gabaergic, glutamatergic; contains Purkinje)	5	21.0	-0.0008316840016473009	0.0880400588590426	0.2095939621391543	False
wnt3a-wnt8|notochord|18	wnt3a-wnt8	18	notochord	8	23.0	-0.008009537146407997	0.08099965721994197	0.19752026503725298	False
wnt3a-wnt8|olfactory vesicle/bulb|18	wnt3a-wnt8	18	olfactory vesicle/bulb	8	23.0	0.006734660792735337	0.00011846593388883618	0.001660772427618811	True
wnt3a-wnt8|pancreas|18	wnt3a-wnt8	18	pancreas	2	15.0	0.0003974155933207567	0.5488603132117456	0.7044961910936931	False
wnt3a-wnt8|pectoral fin bud (osteoblast+)|18	wnt3a-wnt8	18	pectoral fin bud (osteoblast+)	6	23.0	-0.01040616421922622	1.5311976298652888e-12	2.6775811185407486e-10	True
wnt3a-wnt8|periderm|18	wnt3a-wnt8	18	periderm	8	23.0	-0.02663456871781645	0.19957060368390084	0.3598402758014907	False
wnt3a-wnt8|pharyngeal arch (NC-derived)|18	wnt3a-wnt8	18	pharyngeal arch (NC-derived)	8	23.0	-0.009125168853667025	0.0004698751595179875	0.004795749743886073	True
wnt3a-wnt8|pharyngeal arch (contains muscle, early cartilage)|18	wnt3a-wnt8	18	pharyngeal arch (contains muscle, early cartilage)	5	20.0	-0.000403622718090925	0.11724992001815265	0.254533067141661	False
wnt3a-wnt8|pharyngeal arch (early)|18	wnt3a-wnt8	18	pharyngeal arch (early)	8	23.0	-0.0011002871289076356	0.3623778687717425	0.5394267334203022	False
wnt3a-wnt8|pharynx|18	wnt3a-wnt8	18	pharynx	7	23.0	0.0008109278304222322	0.16465560682982847	0.31834056077515566	False
wnt3a-wnt8|posterior lateral line primordium|18	wnt3a-wnt8	18	posterior lateral line primordium	8	23.0	0.011317748665588673	0.0004674638211092433	0.004783161504045428	True
wnt3a-wnt8|posterior spinal cord progenitors|18	wnt3a-wnt8	18	posterior spinal cord progenitors	8	23.0	0.006795181606998877	0.0055783407382774776	0.030483613656129803	True
wnt3a-wnt8|primordial germ cell|18	wnt3a-wnt8	18	primordial germ cell	5	21.0	-0.0008008544549320382	0.0959301614264533	0.22234249134244233	False
wnt3a-wnt8|pronephric podocyte|18	wnt3a-wnt8	18	pronephric podocyte	3	7.0	-0.00019321460008839525	0.3563483419172722	0.5335589752231352	False
wnt3a-wnt8|pronephros distal tubule|18	wnt3a-wnt8	18	pronephros distal tubule	5	22.0	-0.0036248615542043322	5.32906216143833e-05	0.0008875092246305188	True
wnt3a-wnt8|pronephros proximal tubule|18	wnt3a-wnt8	18	pronephros proximal tubule	8	23.0	0.0013390435594108248	0.5676526292757538	0.7188175887844436	False
wnt3a-wnt8|red blood cell|18	wnt3a-wnt8	18	red blood cell	8	21.0	-0.005552405867211329	0.0006836255252033911	0.006335692628977034	True
wnt3a-wnt8|retinal neuron|18	wnt3a-wnt8	18	retinal neuron	8	23.0	-0.005451844968048379	3.838439506867281e-05	0.0006814697851088288	True
wnt3a-wnt8|retinal pigmented epithelium (early)|18	wnt3a-wnt8	18	retinal pigmented epithelium (early)	8	23.0	-0.00046919572613357595	0.32708220104753316	0.5072254903059178	False
wnt3a-wnt8|roof plate, flexural + subcommissural organ|18	wnt3a-wnt8	18	roof plate, flexural + subcommissural organ	4	19.0	-0.0009919182874348054	0.006394495734617954	0.0338307517169875	True
wnt3a-wnt8|satellite cells|18	wnt3a-wnt8	18	satellite cells	7	22.0	-0.0019128527797066682	0.0025582607746530935	0.016965711424720364	True
wnt3a-wnt8|slow-committed myocyte|18	wnt3a-wnt8	18	slow-committed myocyte	6	23.0	-0.0073179009367147965	1.1986815302160697e-05	0.0002727821495988282	True
wnt3a-wnt8|support cells/otic vesicle|18	wnt3a-wnt8	18	support cells/otic vesicle	8	23.0	-0.0071506268125364845	7.182254327155201e-07	2.6812404496599047e-05	True
wnt3a-wnt8|thyroid follicle cell|18	wnt3a-wnt8	18	thyroid follicle cell	6	12.0	-0.0014381020654584001	0.11282175097828408	0.24794312494419618	False
wnt3a-wnt8|unknown|18	wnt3a-wnt8	18	unknown	1					False
wnt3a-wnt8|xanthophore|18	wnt3a-wnt8	18	xanthophore	1	19.0	-0.0029770835719278156			False
wnt3a-wnt8|KA neuron|24	wnt3a-wnt8	24	KA neuron	5	31.0	0.0005233470575960652	0.022957536636140224	0.08273356363875385	False
wnt3a-wnt8|anterior migratory muscle|24	wnt3a-wnt8	24	anterior migratory muscle	7	32.0	-0.009627862434670202	0.0009362580617287086	0.008034510858578012	True
wnt3a-wnt8|basal cell|24	wnt3a-wnt8	24	basal cell	2	23.0	0.00012124995809716967	0.8776755007323599	0.9312532119683857	False
wnt3a-wnt8|cardiomyocyte|24	wnt3a-wnt8	24	cardiomyocyte	5	32.0	1.656208166122457e-05	0.9835164388502824	0.9914631516712559	False
wnt3a-wnt8|connective tissue-meninges-dermal FB|24	wnt3a-wnt8	24	connective tissue-meninges-dermal FB	6	32.0	-0.02753250631373688	0.10331685762404084	0.23272076812373096	False
wnt3a-wnt8|contains head vasculature?|24	wnt3a-wnt8	24	contains head vasculature?	8	32.0	0.02697575857934482	0.0003421664886713177	0.003789493862034844	True
wnt3a-wnt8|cranial muscle (early)|24	wnt3a-wnt8	24	cranial muscle (early)	1	22.0	0.0006439288997020818			False
wnt3a-wnt8|cranial muscle (non-somitic, fast-twitch)|24	wnt3a-wnt8	24	cranial muscle (non-somitic, fast-twitch)	7	32.0	0.0008951152297629675	0.3038419782349609	0.48290599028254366	False
wnt3a-wnt8|cranial muscle (progenitor)|24	wnt3a-wnt8	24	cranial muscle (progenitor)	8	32.0	0.002081341451187038	0.5063044772155325	0.6697877802465669	False
wnt3a-wnt8|cranial neural crest|24	wnt3a-wnt8	24	cranial neural crest	7	32.0	-0.0016844266793385838	0.07239388346932074	0.18291154207362598	False
wnt3a-wnt8|differentiating neuron (hindbrain)|24	wnt3a-wnt8	24	differentiating neuron (hindbrain)	7	32.0	-0.0021866711543558665	0.01913330081412238	0.07254093993921217	False
wnt3a-wnt8|differentiating neuron 1|24	wnt3a-wnt8	24	differentiating neuron 1	7	32.0	-0.0037808152893232068	0.07050125280075568	0.1800281939917303	False
wnt3a-wnt8|differentiating neuron 2|24	wnt3a-wnt8	24	differentiating neuron 2	3	32.0	-2.905876242888022e-05	0.9809146071048358	0.9907976917425363	False
wnt3a-wnt8|endothelium (dorsal aorta)|24	wnt3a-wnt8	24	endothelium (dorsal aorta)	6	32.0	-0.001497129439342197	0.04992687843825814	0.14165845739633875	False
wnt3a-wnt8|endothelium (f8+, clic2+)|24	wnt3a-wnt8	24	endothelium (f8+, clic2+)	6	31.0	0.004250421371583597	0.01844459227572195	0.07054569104507803	False
wnt3a-wnt8|endothelium (vein + early artery)|24	wnt3a-wnt8	24	endothelium (vein + early artery)	8	32.0	-0.0008163124605502312	0.7175455438603363	0.826358776248169	False
wnt3a-wnt8|eye, optic cup|24	wnt3a-wnt8	24	eye, optic cup	8	32.0	0.01074453792565732	0.145792151627681	0.29339456316351914	False
wnt3a-wnt8|fast-committed myocyte|24	wnt3a-wnt8	24	fast-committed myocyte	7	32.0	-0.028891258066177018	7.778625150255972e-13	1.4768275463843123e-10	True
wnt3a-wnt8|fin mesenchyme|24	wnt3a-wnt8	24	fin mesenchyme	8	32.0	0.09880604658313949	2.8794243229300327e-05	0.0005482456912856752	True
wnt3a-wnt8|floor plate|24	wnt3a-wnt8	24	floor plate	8	32.0	0.009870756360296119	0.001113584369711568	0.009180853767659267	True
wnt3a-wnt8|glia|24	wnt3a-wnt8	24	glia	3	28.0	0.00015573771787605003	0.5620420242501889	0.7151990140066077	False
wnt3a-wnt8|hair cell|24	wnt3a-wnt8	24	hair cell	1	23.0	0.0008415901252871392			False
wnt3a-wnt8|hatching gland|24	wnt3a-wnt8	24	hatching gland	8	32.0	0.023335916898940847	0.0137385647958653	0.058037357322647753	False
wnt3a-wnt8|head mesenchyme|24	wnt3a-wnt8	24	head mesenchyme	8	32.0	-0.002820611041821474	0.23096136078101392	0.3997755254987855	False
wnt3a-wnt8|head mesenchyme (maybe ventral, hand2+)|24	wnt3a-wnt8	24	head mesenchyme (maybe ventral, hand2+)	8	32.0	-0.008900825829881024	0.004139115998710267	0.024297195946492687	True
wnt3a-wnt8|head mesenchyme/PA cartilage|24	wnt3a-wnt8	24	head mesenchyme/PA cartilage	8	32.0	-0.00619413315308089	0.0009443418126984579	0.008050755225005937	True
wnt3a-wnt8|head/eye connective tissue|24	wnt3a-wnt8	24	head/eye connective tissue	8	32.0	0.010802361263954126	0.10634866502874178	0.23778158785867734	False
wnt3a-wnt8|hypochord|24	wnt3a-wnt8	24	hypochord	7	32.0	0.0056866797523850675	0.003118346823003855	0.019585458070756727	True
wnt3a-wnt8|hypophysis/locus coeruleus|24	wnt3a-wnt8	24	hypophysis/locus coeruleus	4	22.0	0.0013991520988482931	0.012357820482779279	0.05374196145815988	False
wnt3a-wnt8|intestine|24	wnt3a-wnt8	24	intestine	7	32.0	0.0022814816517269937	0.16919394124066744	0.32390008793195935	False
wnt3a-wnt8|ionocyte/goblet cell|24	wnt3a-wnt8	24	ionocyte/goblet cell	8	32.0	-0.0025838988572383665	0.4849087743458117	0.6509532940460442	False
wnt3a-wnt8|iridophore|24	wnt3a-wnt8	24	iridophore	2	24.0	0.0004710466235515209	0.06368115928687243	0.1682549914358916	False
wnt3a-wnt8|lens|24	wnt3a-wnt8	24	lens	8	32.0	0.009546057520814727	0.10806400615760708	0.2401623146880599	False
wnt3a-wnt8|liver|24	wnt3a-wnt8	24	liver	2					False
wnt3a-wnt8|mature fast muscle|24	wnt3a-wnt8	24	mature fast muscle	8	32.0	-0.021436490848138062	0.010833710253209016	0.048839894594690576	True
wnt3a-wnt8|mature slow muscle|24	wnt3a-wnt8	24	mature slow muscle	8	32.0	-0.011136494400414212	0.09985980290133097	0.22810876255735452	False
wnt3a-wnt8|melanophore|24	wnt3a-wnt8	24	melanophore	3	32.0	-0.003300112819557436	1.8912612426089785e-05	0.00039520223135649883	True
wnt3a-wnt8|mesodermal progenitor cells (contains PSM)|24	wnt3a-wnt8	24	mesodermal progenitor cells (contains PSM)	4	32.0	-0.003578401974696413	0.026925353890929055	0.09256025690906548	False
wnt3a-wnt8|motor neuron|24	wnt3a-wnt8	24	motor neuron	5	32.0	-0.0008790634642937378	0.29822676900513256	0.4769475042212048	False
wnt3a-wnt8|myeloid cell|24	wnt3a-wnt8	24	myeloid cell	7	32.0	0.005520034749667002	0.13355560222980692	0.2767312057427711	False
wnt3a-wnt8|myoblast|24	wnt3a-wnt8	24	myoblast	2	32.0	-0.003032811331633925	3.8509937096039754e-08	2.114863900852762e-06	True
wnt3a-wnt8|neural crest + pigment cell progenitor|24	wnt3a-wnt8	24	neural crest + pigment cell progenitor	8	32.0	0.00033911200301266903	0.8363165784413993	0.9048068485416962	False
wnt3a-wnt8|neural progenitor (MHB)|24	wnt3a-wnt8	24	neural progenitor (MHB)	8	32.0	-0.01326724444752314	8.868984746174113e-05	0.0013243686210859995	True
wnt3a-wnt8|neural progenitor (hindbrain R7/8)|24	wnt3a-wnt8	24	neural progenitor (hindbrain R7/8)	8	32.0	-0.013153300959739052	0.0006543776655729576	0.006159121229082582	True
wnt3a-wnt8|neural progenitor (hindbrain)|24	wnt3a-wnt8	24	neural progenitor (hindbrain)	8	32.0	-0.0352142519755574	8.015261873547104e-07	2.958967508317806e-05	True
wnt3a-wnt8|neural progenitor (telencephalon/diencephalon)|24	wnt3a-wnt8	24	neural progenitor (telencephalon/diencephalon)	8	32.0	0.003303762123089929	0.6304707328422174	0.7645032882730903	False
wnt3a-wnt8|neural tube-like connective tissue (+ taste bud)|24	wnt3a-wnt8	24	neural tube-like connective tissue (+ taste bud)	8	32.0	0.010107931707782064	0.025091269582570006	0.08799477669853699	False
wnt3a-wnt8|neuromast support cell|24	wnt3a-wnt8	24	neuromast support cell	6	32.0	-0.0005324351139196657	0.801047018962233	0.8815006766570516	False
wnt3a-wnt8|neuron (+ spinal cord)|24	wnt3a-wnt8	24	neuron (+ spinal cord)	2	30.0	0.0023673145312221103	0.440987860549649	0.6133035440252026	False
wnt3a-wnt8|neuron (cranial ganglia sensory, Rohon-Beard)|24	wnt3a-wnt8	24	neuron (cranial ganglia sensory, Rohon-Beard)	8	32.0	-0.004485121108870065	0.0037182037824026134	0.02223894161482031	True
wnt3a-wnt8|neuron (dopaminergic)|24	wnt3a-wnt8	24	neuron (dopaminergic)	1	10.0	0.00123100447432489			False
wnt3a-wnt8|neuron (telencephalon, glutamatergic)|24	wnt3a-wnt8	24	neuron (telencephalon, glutamatergic)	4	29.0	0.0012062352527232021	0.23214033155355152	0.4007746859720737	False
wnt3a-wnt8|neurons (differentiating, contains peripheral)|24	wnt3a-wnt8	24	neurons (differentiating, contains peripheral)	8	32.0	-0.004245219220903147	0.027846188361112037	0.09456592128445053	False
wnt3a-wnt8|neurons (gabaergic, glutamatergic)|24	wnt3a-wnt8	24	neurons (gabaergic, glutamatergic)	4	31.0	-0.0015921398272257968	0.0457967108399377	0.13318124443386697	False
wnt3a-wnt8|neurons (gabaergic, glutamatergic; contains Purkinje)|24	wnt3a-wnt8	24	neurons (gabaergic, glutamatergic; contains Purkinje)	8	31.0	-0.0012071572628361412	0.19567342885599065	0.3553566369904504	False
wnt3a-wnt8|notochord|24	wnt3a-wnt8	24	notochord	7	32.0	-0.010497222626358056	7.379184928175773e-05	0.001145670183358131	True
wnt3a-wnt8|olfactory vesicle/bulb|24	wnt3a-wnt8	24	olfactory vesicle/bulb	6	32.0	0.002479475640579237	0.09385500688685	0.2191379201556986	False
wnt3a-wnt8|pancreas|24	wnt3a-wnt8	24	pancreas	1	27.0	0.0007361365712282111			False
wnt3a-wnt8|pectoral fin bud (osteoblast+)|24	wnt3a-wnt8	24	pectoral fin bud (osteoblast+)	3	32.0	-0.010955194444058985	0.15950410604580378	0.3115443001246795	False
wnt3a-wnt8|periderm|24	wnt3a-wnt8	24	periderm	8	32.0	0.09492497379823629	0.11611977378404012	0.25298881862129396	False
wnt3a-wnt8|pharyngeal arch (NC-derived)|24	wnt3a-wnt8	24	pharyngeal arch (NC-derived)	8	32.0	-0.01625400416444417	0.00043384180343544184	0.004504498099732049	True
wnt3a-wnt8|pharyngeal arch (contains muscle, early cartilage)|24	wnt3a-wnt8	24	pharyngeal arch (contains muscle, early cartilage)	2	30.0	9.066243542715639e-05	0.7741182059194646	0.8645404165268642	False
wnt3a-wnt8|pharyngeal arch (early)|24	wnt3a-wnt8	24	pharyngeal arch (early)	6	32.0	-0.002148268319648943	0.08300638571426641	0.2007071465989761	False
wnt3a-wnt8|pharynx|24	wnt3a-wnt8	24	pharynx	5	31.0	0.003493181868829622	0.015258926242300108	0.06243569266015039	False
wnt3a-wnt8|posterior lateral line primordium|24	wnt3a-wnt8	24	posterior lateral line primordium	7	31.0	0.005520279124584424	0.07541166652530219	0.18782253525510983	False
wnt3a-wnt8|posterior spinal cord progenitors|24	wnt3a-wnt8	24	posterior spinal cord progenitors	8	32.0	-0.00267284671595025	0.0026400998632104154	0.017404229753009134	True
wnt3a-wnt8|primordial germ cell|24	wnt3a-wnt8	24	primordial germ cell	1	27.0	8.785076690577803e-06			False
wnt3a-wnt8|pronephros distal tubule|24	wnt3a-wnt8	24	pronephros distal tubule	3	32.0	-0.0032585026504242994	0.000116197917439546	0.0016349619398361912	True
wnt3a-wnt8|pronephros proximal tubule|24	wnt3a-wnt8	24	pronephros proximal tubule	8	32.0	0.0022799211630233664	0.4048713635750072	0.5800711968425879	False
wnt3a-wnt8|red blood cell|24	wnt3a-wnt8	24	red blood cell	2	31.0	-0.0021181035390123587	0.4879798617763945	0.6536309773849935	False
wnt3a-wnt8|retinal neuron|24	wnt3a-wnt8	24	retinal neuron	6	30.0	-0.0026057619902104335	0.04162606759567721	0.1248218498074346	False
wnt3a-wnt8|retinal pigmented epithelium (early)|24	wnt3a-wnt8	24	retinal pigmented epithelium (early)	5	31.0	0.0003943047585415441	0.516132701190365	0.6778180171090551	False
wnt3a-wnt8|roof plate, flexural + subcommissural organ|24	wnt3a-wnt8	24	roof plate, flexural + subcommissural organ	2	31.0	-0.00023909207923971613	0.5437766412771097	0.7009497150895041	False
wnt3a-wnt8|satellite cells|24	wnt3a-wnt8	24	satellite cells	5	32.0	0.00023420916549466266	0.7276525560167636	0.8336548816885391	False
wnt3a-wnt8|support cells/otic vesicle|24	wnt3a-wnt8	24	support cells/otic vesicle	7	32.0	-0.006773695003926841	1.871299085504979e-09	1.751377806081773e-07	True
wnt3a-wnt8|thyroid follicle cell|24	wnt3a-wnt8	24	thyroid follicle cell	3	19.0	0.0017556331127511248	0.44222392143695805	0.6138135500397517	False
wnt3a-wnt8|unknown|24	wnt3a-wnt8	24	unknown	2					False
wnt3a-wnt8|xanthophore|24	wnt3a-wnt8	24	xanthophore	5	31.0	-0.00458588039639039	0.005860784995126547	0.031611133354396026	True
wnt3a-wnt8|KA neuron|36	wnt3a-wnt8	36	KA neuron	8	44.0	0.000691394465339766	0.02321817436699392	0.08348742893326547	False
wnt3a-wnt8|adrenal gland|36	wnt3a-wnt8	36	adrenal gland	2	15.0	6.319615191815e-05	0.7720898198095403	0.8630003116289984	False
wnt3a-wnt8|anterior migratory muscle|36	wnt3a-wnt8	36	anterior migratory muscle	8	44.0	-0.004665717844915967	0.00041606060068570544	0.004395425582760752	True
wnt3a-wnt8|basal cell|36	wnt3a-wnt8	36	basal cell	8	44.0	0.06066224038557598	1.9090356424396763e-05	0.000397665888527011	True
wnt3a-wnt8|cardiomyocyte|36	wnt3a-wnt8	36	cardiomyocyte	8	44.0	0.0011578356800481257	0.09799365573770773	0.22497253746677717	False
wnt3a-wnt8|connective tissue-meninges-dermal FB|36	wnt3a-wnt8	36	connective tissue-meninges-dermal FB	8	44.0	-0.027158905245949678	0.0014710301148179994	0.011158670220280371	True
wnt3a-wnt8|contains head vasculature?|36	wnt3a-wnt8	36	contains head vasculature?	8	31.0	0.0008160686988619978	0.02379954593045976	0.08484333836261003	False
wnt3a-wnt8|cranial muscle (early)|36	wnt3a-wnt8	36	cranial muscle (early)	8	44.0	0.0046677463471523385	0.002771127495456659	0.018029658635454023	True
wnt3a-wnt8|cranial muscle (mid)|36	wnt3a-wnt8	36	cranial muscle (mid)	5	36.0	-5.0549137222009465e-05	0.7882970072431135	0.8751253957392486	False
wnt3a-wnt8|cranial muscle (non-somitic, fast-twitch)|36	wnt3a-wnt8	36	cranial muscle (non-somitic, fast-twitch)	8	44.0	0.0004260518132559437	0.6764524875146685	0.7980722565730118	False
wnt3a-wnt8|cranial muscle (progenitor)|36	wnt3a-wnt8	36	cranial muscle (progenitor)	8	37.0	0.0006274602936517835	0.033611551772514965	0.10819977809543593	False
wnt3a-wnt8|cranial neural crest|36	wnt3a-wnt8	36	cranial neural crest	8	44.0	0.00741770690928801	0.005942994279178755	0.03196091192417865	True
wnt3a-wnt8|differentiating neuron (hindbrain)|36	wnt3a-wnt8	36	differentiating neuron (hindbrain)	8	44.0	0.0017561660938048666	0.5099868891156454	0.6730611476014824	False
wnt3a-wnt8|differentiating neuron 1|36	wnt3a-wnt8	36	differentiating neuron 1	8	43.0	0.001781159677503072	0.31728001490353774	0.49642705416388233	False
wnt3a-wnt8|differentiating neuron 2|36	wnt3a-wnt8	36	differentiating neuron 2	8	43.0	0.0028761560731154654	0.007410380376880411	0.0373895046350572	True
wnt3a-wnt8|dorsal spinal cord neuron|36	wnt3a-wnt8	36	dorsal spinal cord neuron	2	26.0	0.00021227358303522304	0.5897522589846284	0.7362208831397437	False
wnt3a-wnt8|endothelium (dorsal aorta)|36	wnt3a-wnt8	36	endothelium (dorsal aorta)	8	44.0	0.002100742417150128	0.12529867232349642	0.265162317703705	False
wnt3a-wnt8|endothelium (f8+, clic2+)|36	wnt3a-wnt8	36	endothelium (f8+, clic2+)	8	44.0	0.0022875601546695854	0.0006005901383267466	0.005800757949391324	True
wnt3a-wnt8|endothelium (vein + early artery)|36	wnt3a-wnt8	36	endothelium (vein + early artery)	8	44.0	0.005515477205148743	0.005561712048476441	0.03041775848734646	True
wnt3a-wnt8|eye, optic cup|36	wnt3a-wnt8	36	eye, optic cup	8	44.0	0.034957374974415846	2.7134938383792977e-05	0.0005256899870562809	True
wnt3a-wnt8|fast-committed myocyte|36	wnt3a-wnt8	36	fast-committed myocyte	1	24.0	-0.0003155247661119166			False
wnt3a-wnt8|fin bud mesoderm (pectoral)|36	wnt3a-wnt8	36	fin bud mesoderm (pectoral)	2	40.0	-0.0015513109572588024	0.026410944392234955	0.0911764027225684	False
wnt3a-wnt8|fin fold|36	wnt3a-wnt8	36	fin fold	6	44.0	-0.018853874579128967	2.0379569278421437e-07	8.793651808773405e-06	True
wnt3a-wnt8|fin mesenchyme|36	wnt3a-wnt8	36	fin mesenchyme	8	30.0	0.0008390827243874698	0.025010882635187092	0.0878421327224198	False
wnt3a-wnt8|floor plate|36	wnt3a-wnt8	36	floor plate	8	44.0	0.008679723097457237	3.456822064049576e-05	0.000629331030564642	True
wnt3a-wnt8|glia|36	wnt3a-wnt8	36	glia	8	44.0	0.000768581877780933	0.28806051845809194	0.46513427367889093	False
wnt3a-wnt8|hair cell|36	wnt3a-wnt8	36	hair cell	3	39.0	-7.3745664510720165e-06	0.9763841692492223	0.9884327855973617	False
wnt3a-wnt8|hatching gland|36	wnt3a-wnt8	36	hatching gland	8	44.0	-0.002032011706920545	0.2861700511047995	0.46313390667972404	False
wnt3a-wnt8|head mesenchyme|36	wnt3a-wnt8	36	head mesenchyme	8	44.0	-0.0013592537345143013	0.46281001697060353	0.6316230360997453	False
wnt3a-wnt8|head mesenchyme (maybe ventral, hand2+)|36	wnt3a-wnt8	36	head mesenchyme (maybe ventral, hand2+)	8	44.0	7.653812271208801e-05	0.9691355779899966	0.9842436062576078	False
wnt3a-wnt8|head mesenchyme/PA cartilage|36	wnt3a-wnt8	36	head mesenchyme/PA cartilage	8	43.0	0.002316138937022868	0.019136834870344458	0.07254093993921217	False
wnt3a-wnt8|head/eye connective tissue|36	wnt3a-wnt8	36	head/eye connective tissue	8	44.0	0.002437368618926344	0.018431359901215454	0.07054569104507803	False
wnt3a-wnt8|hypochord|36	wnt3a-wnt8	36	hypochord	8	38.0	0.00244131179478231	0.0020890643050263855	0.014460241986354512	True
wnt3a-wnt8|hypophysis/locus coeruleus|36	wnt3a-wnt8	36	hypophysis/locus coeruleus	8	41.0	0.0008826203424401386	0.0004054894886712905	0.0043250042571761245	True
wnt3a-wnt8|intestine|36	wnt3a-wnt8	36	intestine	8	44.0	0.003570186774503348	0.13147055451269216	0.27377682066337805	False
wnt3a-wnt8|ionocyte/goblet cell|36	wnt3a-wnt8	36	ionocyte/goblet cell	8	44.0	-0.002407314152462605	0.01369687598291815	0.0578996867408139	False
wnt3a-wnt8|iridophore|36	wnt3a-wnt8	36	iridophore	8	44.0	0.0015349171759088784	0.0373011479879115	0.11600980218365166	False
wnt3a-wnt8|jaw chondrocyte|36	wnt3a-wnt8	36	jaw chondrocyte	1	7.0	2.7359383919400035e-05			False
wnt3a-wnt8|lens|36	wnt3a-wnt8	36	lens	8	43.0	0.0027000313393629677	0.10449563577980314	0.23458564180972696	False
wnt3a-wnt8|liver|36	wnt3a-wnt8	36	liver	6	36.0	-0.00044365482804901643	0.004609329072936747	0.026185400527363355	True
wnt3a-wnt8|mature fast muscle|36	wnt3a-wnt8	36	mature fast muscle	8	44.0	-0.05061780402345917	1.0539490401026416e-05	0.0002448773206811907	True
wnt3a-wnt8|mature slow muscle|36	wnt3a-wnt8	36	mature slow muscle	8	44.0	-0.014745964095497725	8.134412846740692e-05	0.0012312795755487905	True
wnt3a-wnt8|melanophore|36	wnt3a-wnt8	36	melanophore	8	44.0	-0.0016257359624096092	0.01675881120544166	0.06660424668669845	False
wnt3a-wnt8|mesodermal progenitor cells (contains PSM)|36	wnt3a-wnt8	36	mesodermal progenitor cells (contains PSM)	2	12.0	3.749776162221668e-05	0.7729773427838461	0.8638470304067705	False
wnt3a-wnt8|motor neuron|36	wnt3a-wnt8	36	motor neuron	8	43.0	0.002922488277210194	0.022870918819873482	0.08255146961328587	False
wnt3a-wnt8|myeloid cell|36	wnt3a-wnt8	36	myeloid cell	8	43.0	0.006550160672660349	0.0012078797174341657	0.00965867716287609	True
wnt3a-wnt8|neural crest + pigment cell progenitor|36	wnt3a-wnt8	36	neural crest + pigment cell progenitor	4	19.0	0.0008270729181435631	0.058402219518057547	0.15888246964602828	False
wnt3a-wnt8|neural progenitor (MHB)|36	wnt3a-wnt8	36	neural progenitor (MHB)	8	43.0	0.005397312110467754	0.04617241322213952	0.13392216755177525	False
wnt3a-wnt8|neural progenitor (hindbrain R7/8)|36	wnt3a-wnt8	36	neural progenitor (hindbrain R7/8)	8	44.0	0.0015740185705795384	0.30122195051285144	0.4801198995341564	False
wnt3a-wnt8|neural progenitor (hindbrain)|36	wnt3a-wnt8	36	neural progenitor (hindbrain)	8	43.0	0.009088496216947926	0.0006158771149522599	0.005880033662151964	True
wnt3a-wnt8|neural progenitor (telencephalon/diencephalon)|36	wnt3a-wnt8	36	neural progenitor (telencephalon/diencephalon)	8	44.0	0.016537206638250337	1.4255459474262448e-06	4.857821959306357e-05	True
wnt3a-wnt8|neural tube-like connective tissue (+ taste bud)|36	wnt3a-wnt8	36	neural tube-like connective tissue (+ taste bud)	8	44.0	0.004793538286215222	0.013386497396040063	0.05705790583494947	False
wnt3a-wnt8|neuromast support cell|36	wnt3a-wnt8	36	neuromast support cell	8	44.0	0.0024141025625828375	0.02920105356553008	0.0980005055267411	False
wnt3a-wnt8|neuron (+ spinal cord)|36	wnt3a-wnt8	36	neuron (+ spinal cord)	7	42.0	-0.00016496719189911923	0.7853770493056066	0.873006104489086	False
wnt3a-wnt8|neuron (cranial ganglia sensory, Rohon-Beard)|36	wnt3a-wnt8	36	neuron (cranial ganglia sensory, Rohon-Beard)	8	44.0	-0.0008628449754037801	0.634048849682822	0.767162164264813	False
wnt3a-wnt8|neuron (dopaminergic)|36	wnt3a-wnt8	36	neuron (dopaminergic)	5	22.0	0.0002315418276107219	6.29122801660737e-05	0.0010073544619362885	True
wnt3a-wnt8|neuron (telencephalon, glutamatergic)|36	wnt3a-wnt8	36	neuron (telencephalon, glutamatergic)	8	43.0	0.005636549632459622	1.7190131798873647e-05	0.00036475429989938507	True
wnt3a-wnt8|neurons (differentiating, contains peripheral)|36	wnt3a-wnt8	36	neurons (differentiating, contains peripheral)	8	44.0	0.005772714448761436	0.1738080645659248	0.3301756972671727	False
wnt3a-wnt8|neurons (gabaergic, glutamatergic)|36	wnt3a-wnt8	36	neurons (gabaergic, glutamatergic)	8	44.0	0.008683444342367548	0.005985007381448651	0.032124696324496195	True
wnt3a-wnt8|neurons (gabaergic, glutamatergic; contains Purkinje)|36	wnt3a-wnt8	36	neurons (gabaergic, glutamatergic; contains Purkinje)	8	44.0	0.015514974414796597	0.00021864896242878372	0.0026817028845165644	True
wnt3a-wnt8|notochord|36	wnt3a-wnt8	36	notochord	8	44.0	-0.009491084039167917	0.011884810384637413	0.05230103642775868	False
wnt3a-wnt8|olfactory vesicle/bulb|36	wnt3a-wnt8	36	olfactory vesicle/bulb	8	43.0	0.0040859336222621	0.0023780545495468886	0.015945683634449117	True
wnt3a-wnt8|pancreas|36	wnt3a-wnt8	36	pancreas	7	37.0	0.00021461633623608188	0.5793498347425738	0.727810751243647	False
wnt3a-wnt8|pectoral fin bud (osteoblast+)|36	wnt3a-wnt8	36	pectoral fin bud (osteoblast+)	5	44.0	-0.0019045848330705604	0.30170834778089095	0.48054936984756	False
wnt3a-wnt8|periderm|36	wnt3a-wnt8	36	periderm	8	44.0	-0.12730362318229624	1.590213275798723e-08	1.0160545401617803e-06	True
wnt3a-wnt8|periocular mesenchyme|36	wnt3a-wnt8	36	periocular mesenchyme	8	44.0	-0.0006690586030856168	0.23249839695231064	0.4010247044203491	False
wnt3a-wnt8|pharyngeal arch (NC-derived)|36	wnt3a-wnt8	36	pharyngeal arch (NC-derived)	7	42.0	-0.00014271420845148822	0.750922120736224	0.8488665862786977	False
wnt3a-wnt8|pharyngeal arch (contains muscle, early cartilage)|36	wnt3a-wnt8	36	pharyngeal arch (contains muscle, early cartilage)	8	44.0	8.25072471729504e-05	0.8907262400987415	0.9388955868479862	False
wnt3a-wnt8|pharyngeal arch (early)|36	wnt3a-wnt8	36	pharyngeal arch (early)	8	44.0	0.0072512033015684554	0.04471967822986835	0.13090848539095826	False
wnt3a-wnt8|pharynx|36	wnt3a-wnt8	36	pharynx	6	29.0	0.00016439040278747312	0.15167676500148713	0.30104304164721685	False
wnt3a-wnt8|posterior lateral line primordium|36	wnt3a-wnt8	36	posterior lateral line primordium	8	40.0	0.0020727665191413724	0.006900193463641275	0.03577095312737386	True
wnt3a-wnt8|posterior spinal cord progenitors|36	wnt3a-wnt8	36	posterior spinal cord progenitors	8	43.0	0.003985201544190067	0.06298651643794234	0.16741816069205073	False
wnt3a-wnt8|primordial germ cell|36	wnt3a-wnt8	36	primordial germ cell	6	34.0	-2.0543357947555856e-05	0.9277776925647481	0.9593966335345084	False
wnt3a-wnt8|pronephric duct|36	wnt3a-wnt8	36	pronephric duct	1	31.0	5.9456050575151754e-05			False
wnt3a-wnt8|pronephric podocyte|36	wnt3a-wnt8	36	pronephric podocyte	6	27.0	0.0002408173109023445	0.16669130516465455	0.32143462647101845	False
wnt3a-wnt8|pronephros distal tubule|36	wnt3a-wnt8	36	pronephros distal tubule	8	44.0	-0.000717316054381622	0.44411856675061534	0.6152562307165128	False
wnt3a-wnt8|pronephros proximal tubule|36	wnt3a-wnt8	36	pronephros proximal tubule	8	44.0	0.001766260432203617	0.33745359551400284	0.5157383516924589	False
wnt3a-wnt8|red blood cell|36	wnt3a-wnt8	36	red blood cell	4	39.0	-0.0004310655054370231	0.09381854248566927	0.2191379201556986	False
wnt3a-wnt8|retinal neuron|36	wnt3a-wnt8	36	retinal neuron	8	44.0	0.003353771567861718	0.3905004647958542	0.5660723360751421	False
wnt3a-wnt8|retinal pigmented epithelium (early)|36	wnt3a-wnt8	36	retinal pigmented epithelium (early)	8	43.0	0.008412794752641678	9.190044961099634e-06	0.00022287536046170463	True
wnt3a-wnt8|roof plate, flexural + subcommissural organ|36	wnt3a-wnt8	36	roof plate, flexural + subcommissural organ	8	43.0	0.0012049317843168652	0.009512314778785566	0.04409018176489572	True
wnt3a-wnt8|support cells/otic vesicle|36	wnt3a-wnt8	36	support cells/otic vesicle	8	44.0	-0.001496921452573307	0.36707791072531637	0.5431379908193559	False
wnt3a-wnt8|thyroid follicle cell|36	wnt3a-wnt8	36	thyroid follicle cell	7	29.0	0.000258057965098439	0.6078537748264607	0.7488298727700837	False
wnt3a-wnt8|unknown|36	wnt3a-wnt8	36	unknown	5					False
wnt3a-wnt8|vascular smooth muscle|36	wnt3a-wnt8	36	vascular smooth muscle	1	2.0	5.85700046538e-05			False
wnt3a-wnt8|xanthophore|36	wnt3a-wnt8	36	xanthophore	8	44.0	-0.001235271962342934	0.011550204177554604	0.05120153886581077	False
zc4h2|KA neuron|24	zc4h2	24	KA neuron	8	31.0	-0.0006463260017223046	0.009266345184679317	0.04321043070329408	True
zc4h2|anterior migratory muscle|24	zc4h2	24	anterior migratory muscle	8	32.0	0.007804697537172545	0.00247551179461026	0.016499273696274002	True
zc4h2|basal cell|24	zc4h2	24	basal cell	7	23.0	0.0003302056279151839	0.635627180714403	0.7686692256854222	False
zc4h2|cardiomyocyte|24	zc4h2	24	cardiomyocyte	8	32.0	0.0008060351289864622	0.3326958835115573	0.5119879911844137	False
zc4h2|connective tissue-meninges-dermal FB|24	zc4h2	24	connective tissue-meninges-dermal FB	8	32.0	-0.004807481717515896	0.16520346150732163	0.31912122142911403	False
zc4h2|contains head vasculature?|24	zc4h2	24	contains head vasculature?	8	32.0	-0.0006564032489162304	0.40892967949171766	0.5833700558657071	False
zc4h2|cranial muscle (early)|24	zc4h2	24	cranial muscle (early)	8	22.0	0.0004146591192190945	0.031824731777030844	0.10432922676781942	False
zc4h2|cranial muscle (late)|24	zc4h2	24	cranial muscle (late)	1	1.0	-9.082233352850002e-05			False
zc4h2|cranial muscle (mid)|24	zc4h2	24	cranial muscle (mid)	5	5.0	6.2738761027599996e-06	0.9460250301800557	0.9711627260229369	False
zc4h2|cranial muscle (non-somitic, fast-twitch)|24	zc4h2	24	cranial muscle (non-somitic, fast-twitch)	8	32.0	-0.0006355531437588343	0.3075974342964864	0.48681042504265154	False
zc4h2|cranial muscle (progenitor)|24	zc4h2	24	cranial muscle (progenitor)	8	32.0	0.0012161751256951504	0.12843361426017244	0.2694794337729226	False
zc4h2|cranial neural crest|24	zc4h2	24	cranial neural crest	8	32.0	-0.0009866578841186127	0.05940375371766721	0.16065850364424036	False
zc4h2|differentiating neuron (hindbrain)|24	zc4h2	24	differentiating neuron (hindbrain)	8	32.0	-0.001241052160405513	0.05087982714555869	0.1436993052330725	False
zc4h2|differentiating neuron 1|24	zc4h2	24	differentiating neuron 1	8	32.0	0.0006738730620813507	0.5978666048144534	0.7421676796174188	False
zc4h2|differentiating neuron 2|24	zc4h2	24	differentiating neuron 2	8	32.0	0.0009643779652661285	0.06339870374795839	0.16790928114993364	False
zc4h2|dorsal spinal cord neuron|24	zc4h2	24	dorsal spinal cord neuron	2	9.0	-0.0003179289245568445	0.026577254804470724	0.09160054884632156	False
zc4h2|endothelium (dorsal aorta)|24	zc4h2	24	endothelium (dorsal aorta)	8	32.0	0.00046406214012095336	0.510713381150214	0.673752316407221	False
zc4h2|endothelium (f8+, clic2+)|24	zc4h2	24	endothelium (f8+, clic2+)	8	31.0	0.0008936093187360307	0.020618439783772223	0.07641357075469404	False
zc4h2|endothelium (vein + early artery)|24	zc4h2	24	endothelium (vein + early artery)	8	32.0	0.004299828488166606	0.032070942219312136	0.10477453837135159	False
zc4h2|eye, optic cup|24	zc4h2	24	eye, optic cup	8	32.0	-0.009854110303686117	0.0002839971632183389	0.0032763214402532323	True
zc4h2|fast-committed myocyte|24	zc4h2	24	fast-committed myocyte	8	32.0	-0.00968057190809224	0.008911252325999116	0.04208619168888708	True
zc4h2|fin fold|24	zc4h2	24	fin fold	1	11.0	-0.0003923358370889456			False
zc4h2|fin mesenchyme|24	zc4h2	24	fin mesenchyme	8	32.0	-0.007107494215156992	0.001138718406478766	0.009318699274693842	True
zc4h2|floor plate|24	zc4h2	24	floor plate	8	32.0	0.0014589017613458313	0.10292333883130285	0.23223279678574105	False
zc4h2|glia|24	zc4h2	24	glia	8	28.0	0.00047355232920257505	0.17745024013274427	0.33453455650069686	False
zc4h2|hair cell|24	zc4h2	24	hair cell	6	23.0	-0.0003307221397036441	2.4301846354182803e-05	0.0004820470717120738	True
zc4h2|hatching gland|24	zc4h2	24	hatching gland	8	32.0	-0.00022136722669904157	0.8230259198596763	0.8953842890418384	False
zc4h2|head mesenchyme|24	zc4h2	24	head mesenchyme	8	32.0	0.007305352717083352	0.00017372716024365305	0.002232914854582349	True
zc4h2|head mesenchyme (maybe ventral, hand2+)|24	zc4h2	24	head mesenchyme (maybe ventral, hand2+)	8	32.0	-0.0012901593751579003	0.3825900933645322	0.5586113297924328	False
zc4h2|head mesenchyme/PA cartilage|24	zc4h2	24	head mesenchyme/PA cartilage	8	32.0	0.0024037921784780345	0.020097126650001927	0.07498338382328062	False
zc4h2|head/eye connective tissue|24	zc4h2	24	head/eye connective tissue	8	32.0	-0.003081542473136731	0.1835569006756688	0.3417376336149011	False
zc4h2|hypochord|24	zc4h2	24	hypochord	7	32.0	0.0001466272581941259	0.6929694401985922	0.8111294574810014	False
zc4h2|hypophysis/locus coeruleus|24	zc4h2	24	hypophysis/locus coeruleus	7	22.0	0.0002496541310269897	0.24019757150405016	0.4095350241211133	False
zc4h2|intestine|24	zc4h2	24	intestine	8	32.0	-0.0012192187879735382	0.1479703031345139	0.29640185305660444	False
zc4h2|ionocyte/goblet cell|24	zc4h2	24	ionocyte/goblet cell	8	32.0	-0.0006699589660898297	0.621090037660512	0.7583294245474624	False
zc4h2|iridophore|24	zc4h2	24	iridophore	6	24.0	-0.0002942125457808792	0.25200014146694316	0.42371987349388596	False
zc4h2|lens|24	zc4h2	24	lens	8	32.0	-0.0025394919597267005	0.018985761268115964	0.07213286656754178	False
zc4h2|mature fast muscle|24	zc4h2	24	mature fast muscle	8	32.0	0.013392258109684765	0.013623154083822583	0.05780706186909391	False
zc4h2|mature slow muscle|24	zc4h2	24	mature slow muscle	8	32.0	0.005561624455260324	0.0416116682794237	0.1248218498074346	False
zc4h2|melanophore|24	zc4h2	24	melanophore	8	32.0	-4.596760923062781e-05	0.9427258242181903	0.9692732634890724	False
zc4h2|mesodermal progenitor cells (contains PSM)|24	zc4h2	24	mesodermal progenitor cells (contains PSM)	8	32.0	-0.0009184950083226872	0.25396501918486314	0.42551627647085616	False
zc4h2|motor neuron|24	zc4h2	24	motor neuron	8	32.0	-0.0003021632250208403	0.5894590386064942	0.7360676441165692	False
zc4h2|myeloid cell|24	zc4h2	24	myeloid cell	8	32.0	-0.0011286684361196558	0.07641240816841241	0.1896751782887936	False
zc4h2|myoblast|24	zc4h2	24	myoblast	8	32.0	0.00027766902210644984	0.6997341393276959	0.8153135815943432	False
zc4h2|neural crest + pigment cell progenitor|24	zc4h2	24	neural crest + pigment cell progenitor	8	32.0	-0.0009216168467772309	0.18879310632286567	0.3480219589007382	False
zc4h2|neural progenitor (MHB)|24	zc4h2	24	neural progenitor (MHB)	8	32.0	-0.0017116474952899273	0.5567993652433658	0.7115253427004165	False
zc4h2|neural progenitor (hindbrain R7/8)|24	zc4h2	24	neural progenitor (hindbrain R7/8)	8	32.0	0.0012232551934328838	0.6482890208603949	0.7770347300897049	False
zc4h2|neural progenitor (hindbrain)|24	zc4h2	24	neural progenitor (hindbrain)	8	32.0	-0.013771092171934299	0.03154095774371948	0.1037809035571592	False
zc4h2|neural progenitor (telencephalon/diencephalon)|24	zc4h2	24	neural progenitor (telencephalon/diencephalon)	8	32.0	-0.00842069754288318	0.0011794999395696138	0.009558264754195224	True
zc4h2|neural tube-like connective tissue (+ taste bud)|24	zc4h2	24	neural tube-like connective tissue (+ taste bud)	8	32.0	-0.0021840598950160477	0.05042354202413541	0.14282371557987203	False
zc4h2|neuromast support cell|24	zc4h2	24	neuromast support cell	8	32.0	-0.0015376825810739497	0.04183015011433384	0.12503350148918332	False
zc4h2|neuron (+ spinal cord)|24	zc4h2	24	neuron (+ spinal cord)	6	30.0	-0.00098433518537294	0.005685453962652567	0.0309296182105563	True
zc4h2|neuron (cranial ganglia sensory, Rohon-Beard)|24	zc4h2	24	neuron (cranial ganglia sensory, Rohon-Beard)	8	32.0	-0.0007460585937330531	0.34172029052893427	0.5196181534473153	False
zc4h2|neuron (dopaminergic)|24	zc4h2	24	neuron (dopaminergic)	1	10.0	-0.00022934875885381002			False
zc4h2|neuron (telencephalon, glutamatergic)|24	zc4h2	24	neuron (telencephalon, glutamatergic)	8	29.0	-2.288195067879804e-05	0.950555249414467	0.974011251349091	False
zc4h2|neurons (differentiating, contains peripheral)|24	zc4h2	24	neurons (differentiating, contains peripheral)	8	32.0	0.0005206777498016658	0.6373170385833731	0.7698548848184902	False
zc4h2|neurons (gabaergic, glutamatergic)|24	zc4h2	24	neurons (gabaergic, glutamatergic)	8	31.0	-0.0015942876680930342	0.01891752002150134	0.07195587895986057	False
zc4h2|neurons (gabaergic, glutamatergic; contains Purkinje)|24	zc4h2	24	neurons (gabaergic, glutamatergic; contains Purkinje)	8	31.0	0.0011464963306586718	0.1507598360090931	0.29976035615811597	False
zc4h2|notochord|24	zc4h2	24	notochord	8	32.0	0.000895792057787767	0.7988080228098702	0.880531609244044	False
zc4h2|olfactory vesicle/bulb|24	zc4h2	24	olfactory vesicle/bulb	8	32.0	0.00027323561990716264	0.6473104208157591	0.776478762358137	False
zc4h2|pancreas|24	zc4h2	24	pancreas	8	27.0	-8.995152543551281e-06	0.9841291594848884	0.9917407134936433	False
zc4h2|pectoral fin bud (osteoblast+)|24	zc4h2	24	pectoral fin bud (osteoblast+)	8	32.0	-0.0013641049234883983	0.35743734831987506	0.5341064042243242	False
zc4h2|periderm|24	zc4h2	24	periderm	8	32.0	0.025662741763143634	0.2546377584014004	0.4265358972970269	False
zc4h2|periocular mesenchyme|24	zc4h2	24	periocular mesenchyme	6	8.0	-0.00012562946590479167	0.10921498245847303	0.24183057595353324	False
zc4h2|pharyngeal arch (NC-derived)|24	zc4h2	24	pharyngeal arch (NC-derived)	8	32.0	-0.0005183581207185914	0.856708327657172	0.9180998740029437	False
zc4h2|pharyngeal arch (contains muscle, early cartilage)|24	zc4h2	24	pharyngeal arch (contains muscle, early cartilage)	8	30.0	-0.00011457794127993099	0.48443112919583775	0.650706459168454	False
zc4h2|pharyngeal arch (early)|24	zc4h2	24	pharyngeal arch (early)	8	32.0	0.003162671729051429	0.02712538854501201	0.09295936404414896	False
zc4h2|pharynx|24	zc4h2	24	pharynx	8	31.0	-0.00021471273248482034	0.5644341027268247	0.7164731321192168	False
zc4h2|posterior lateral line primordium|24	zc4h2	24	posterior lateral line primordium	8	31.0	0.0007935006417035847	0.1607152363044373	0.3127240835264966	False
zc4h2|posterior spinal cord progenitors|24	zc4h2	24	posterior spinal cord progenitors	8	32.0	0.0015263237990601492	0.18447780142101947	0.3426089967698922	False
zc4h2|primordial germ cell|24	zc4h2	24	primordial germ cell	8	27.0	-0.0006819994293001722	0.0036774811645888866	0.0220350426859271	True
zc4h2|pronephric duct|24	zc4h2	24	pronephric duct	6	23.0	1.9395802816105003e-05	0.9484488216321102	0.9730496247869957	False
zc4h2|pronephric podocyte|24	zc4h2	24	pronephric podocyte	4	15.0	-0.0001500403936432384	0.19294442785728563	0.35235982425893303	False
zc4h2|pronephros distal tubule|24	zc4h2	24	pronephros distal tubule	8	32.0	0.0011668144687781842	0.2773244686014579	0.45264200576463126	False
zc4h2|pronephros proximal tubule|24	zc4h2	24	pronephros proximal tubule	8	32.0	1.973297693995315e-05	0.986067286508308	0.9923394091848715	False
zc4h2|red blood cell|24	zc4h2	24	red blood cell	8	31.0	-0.0010138933375301203	0.4169064333184668	0.5911957425098616	False
zc4h2|retinal neuron|24	zc4h2	24	retinal neuron	8	30.0	-0.003456921534291525	1.2340326335766353e-05	0.0002789165595277803	True
zc4h2|retinal pigmented epithelium (early)|24	zc4h2	24	retinal pigmented epithelium (early)	8	31.0	-0.00016203558011960344	0.7324344494740056	0.8369779736465637	False
zc4h2|retinal pigmented epithelium (late)|24	zc4h2	24	retinal pigmented epithelium (late)	1	1.0	-0.00041019595609489995			False
zc4h2|roof plate, flexural + subcommissural organ|24	zc4h2	24	roof plate, flexural + subcommissural organ	8	31.0	1.6816585799959115e-05	0.9558873034634482	0.9770606262905112	False
zc4h2|satellite cells|24	zc4h2	24	satellite cells	6	32.0	-0.0014538041725190706	0.0018299517322529185	0.013088299636516436	True
zc4h2|slow-committed myocyte|24	zc4h2	24	slow-committed myocyte	8	31.0	-0.0008545313192858802	0.18770149968632455	0.34714068060551817	False
zc4h2|support cells/otic vesicle|24	zc4h2	24	support cells/otic vesicle	8	32.0	-0.0019800600961242055	0.07279627415855305	0.18363357733686286	False
zc4h2|thyroid follicle cell|24	zc4h2	24	thyroid follicle cell	6	19.0	-0.0010306868578430252	0.09843372903757297	0.22562681250592356	False
zc4h2|unknown|24	zc4h2	24	unknown	6					False
zc4h2|xanthophore|24	zc4h2	24	xanthophore	8	31.0	0.003437425979268773	0.00015319950138085022	0.002027909734413844	True
zc4h2|KA neuron|36	zc4h2	36	KA neuron	6	44.0	-0.0009722911690608673	0.0005723134651272111	0.005584468393201642	True
zc4h2|adrenal gland|36	zc4h2	36	adrenal gland	2	15.0	-0.00010160416206214998	0.310694098652886	0.48946474289910563	False
zc4h2|anterior migratory muscle|36	zc4h2	36	anterior migratory muscle	8	44.0	0.005915431387737858	0.005894729577255241	0.03176843312316389	True
zc4h2|basal cell|36	zc4h2	36	basal cell	8	44.0	0.007760063671379713	0.03099621230281581	0.10262572533742455	False
zc4h2|cardiomyocyte|36	zc4h2	36	cardiomyocyte	8	44.0	-0.0003726303574475365	0.5815685858494815	0.7291007467718053	False
zc4h2|chondrocranium|36	zc4h2	36	chondrocranium	2	7.0	2.3429994805307137e-05	0.6724387289171689	0.7949395754589197	False
zc4h2|connective tissue-meninges-dermal FB|36	zc4h2	36	connective tissue-meninges-dermal FB	8	44.0	0.0018806357489541611	0.639362961137111	0.7714848151000732	False
zc4h2|contains head vasculature?|36	zc4h2	36	contains head vasculature?	4	31.0	-0.0001268181005135023	0.15312800345267344	0.302657817651105	False
zc4h2|cranial muscle (early)|36	zc4h2	36	cranial muscle (early)	8	44.0	0.0019279460588189391	0.001717149618170608	0.012497764745611928	True
zc4h2|cranial muscle (mid)|36	zc4h2	36	cranial muscle (mid)	8	36.0	0.00016354164060249305	0.41845942573783346	0.5927186145071432	False
zc4h2|cranial muscle (non-somitic, fast-twitch)|36	zc4h2	36	cranial muscle (non-somitic, fast-twitch)	8	44.0	-0.0010397413065973433	0.11851762915305528	0.2562803923599259	False
zc4h2|cranial muscle (progenitor)|36	zc4h2	36	cranial muscle (progenitor)	7	37.0	-0.00030158151008596835	0.10085612149539813	0.22959538449363504	False
zc4h2|cranial neural crest|36	zc4h2	36	cranial neural crest	8	44.0	0.0011343903050617093	0.055478428105002836	0.15334814153898574	False
zc4h2|differentiating neuron (hindbrain)|36	zc4h2	36	differentiating neuron (hindbrain)	8	44.0	0.00363632095194643	0.10226166553339977	0.23160493621102152	False
zc4h2|differentiating neuron 1|36	zc4h2	36	differentiating neuron 1	8	43.0	0.0005570060721103842	0.7400746776335017	0.8416560384861576	False
zc4h2|differentiating neuron 2|36	zc4h2	36	differentiating neuron 2	8	43.0	0.002725745063200953	0.002263518856179795	0.015316784928019082	True
zc4h2|dorsal spinal cord neuron|36	zc4h2	36	dorsal spinal cord neuron	7	26.0	0.00021740053500829453	0.0669467372606331	0.17384176205428176	False
zc4h2|endothelium (dorsal aorta)|36	zc4h2	36	endothelium (dorsal aorta)	8	44.0	7.137664962033989e-05	0.9546323817496953	0.9762284051595452	False
zc4h2|endothelium (f8+, clic2+)|36	zc4h2	36	endothelium (f8+, clic2+)	8	44.0	0.00041618149032603504	0.23695230612229493	0.4065281937946667	False
zc4h2|endothelium (vein + early artery)|36	zc4h2	36	endothelium (vein + early artery)	8	44.0	0.0010687548984556414	0.3029522775950935	0.4820684589605834	False
zc4h2|eye, optic cup|36	zc4h2	36	eye, optic cup	8	44.0	0.007561373491817697	0.02079435607784997	0.07693680185819213	False
zc4h2|fast-committed myocyte|36	zc4h2	36	fast-committed myocyte	2	24.0	-0.00026556882599701665	0.11584658175128798	0.25264211871916925	False
zc4h2|fin bud mesoderm (pectoral)|36	zc4h2	36	fin bud mesoderm (pectoral)	8	40.0	0.0010863431675691474	0.026252666123742965	0.09085883666264168	False
zc4h2|fin fold|36	zc4h2	36	fin fold	8	44.0	-0.002990454265018507	0.07337273345846894	0.18461257623306554	False
zc4h2|fin mesenchyme|36	zc4h2	36	fin mesenchyme	6	30.0	-0.00025498625057644676	0.1415435374127919	0.2876320507975542	False
zc4h2|floor plate|36	zc4h2	36	floor plate	8	44.0	0.0011710470009902371	0.13346957581387733	0.2766392174932049	False
zc4h2|glia|36	zc4h2	36	glia	8	44.0	0.0008725931891289708	0.08596660496033855	0.20570691032101177	False
zc4h2|hair cell|36	zc4h2	36	hair cell	8	39.0	0.0006402336356934656	0.04346658676187297	0.128657224513428	False
zc4h2|hatching gland|36	zc4h2	36	hatching gland	8	44.0	-0.005480906268698646	0.022703717684532516	0.08212640392690178	False
zc4h2|head mesenchyme|36	zc4h2	36	head mesenchyme	8	44.0	0.0014935937883616968	0.5582528000364275	0.7124236328484849	False
zc4h2|head mesenchyme (maybe ventral, hand2+)|36	zc4h2	36	head mesenchyme (maybe ventral, hand2+)	8	44.0	-0.004540912388363511	8.639338486557984e-06	0.00021262371941917706	True
zc4h2|head mesenchyme/PA cartilage|36	zc4h2	36	head mesenchyme/PA cartilage	8	43.0	0.004485719554324105	9.10946193785794e-05	0.001354191824990291	True
zc4h2|head/eye connective tissue|36	zc4h2	36	head/eye connective tissue	8	44.0	-0.0016393852730059444	0.02329884105075387	0.08364170652742273	False
zc4h2|hypochord|36	zc4h2	36	hypochord	8	38.0	5.004499903126002e-05	0.898132732294857	0.9440196150109657	False
zc4h2|hypophysis/locus coeruleus|36	zc4h2	36	hypophysis/locus coeruleus	8	41.0	-5.14472733971113e-05	0.754443103760812	0.8507168546564732	False
zc4h2|intestine|36	zc4h2	36	intestine	8	44.0	-0.0009428202718434519	0.3433877720267501	0.5211995763174404	False
zc4h2|ionocyte/goblet cell|36	zc4h2	36	ionocyte/goblet cell	8	44.0	-2.7458204319305568e-05	0.9782258990500796	0.9895009230469439	False
zc4h2|iridophore|36	zc4h2	36	iridophore	8	44.0	0.00040483542501735343	0.2416160198388853	0.4111494114799982	False
zc4h2|jaw chondrocyte|36	zc4h2	36	jaw chondrocyte	1	7.0	2.7186893320000336e-06			False
zc4h2|lens|36	zc4h2	36	lens	8	43.0	-0.0010317093955189696	0.13453354086475947	0.27822402905874927	False
zc4h2|liver|36	zc4h2	36	liver	7	36.0	0.0003532153343337645	0.22010521624049945	0.3848945162942418	False
zc4h2|mature fast muscle|36	zc4h2	36	mature fast muscle	8	44.0	-0.01088223365367283	0.1448802288591657	0.29191301418106613	False
zc4h2|mature slow muscle|36	zc4h2	36	mature slow muscle	8	44.0	-0.008094225007072173	0.016096452266664053	0.06470715384874932	False
zc4h2|melanophore|36	zc4h2	36	melanophore	8	44.0	0.00036429591018536604	0.5266169199542052	0.6874989063056373	False
zc4h2|mesodermal progenitor cells (contains PSM)|36	zc4h2	36	mesodermal progenitor cells (contains PSM)	2	12.0	-9.638171130483332e-05	0.2909856162497043	0.46808816549979365	False
zc4h2|motor neuron|36	zc4h2	36	motor neuron	8	43.0	0.0004909073059914427	0.450023764370003	0.6195168664260762	False
zc4h2|myeloid cell|36	zc4h2	36	myeloid cell	8	43.0	-8.729897683095117e-05	0.7125106415972069	0.8237009765854976	False
zc4h2|myoblast|36	zc4h2	36	myoblast	1	1.0	-0.00011914626046590003			False
zc4h2|neural crest + pigment cell progenitor|36	zc4h2	36	neural crest + pigment cell progenitor	6	19.0	-5.6862644260020196e-05	0.6189694115959524	0.75691051528434	False
zc4h2|neural progenitor (MHB)|36	zc4h2	36	neural progenitor (MHB)	8	43.0	0.005668004914272901	0.0051327879219445404	0.028541737022026333	True
zc4h2|neural progenitor (hindbrain R7/8)|36	zc4h2	36	neural progenitor (hindbrain R7/8)	8	44.0	0.0025919333614994877	0.27415363953296856	0.44848619761117087	False
zc4h2|neural progenitor (hindbrain)|36	zc4h2	36	neural progenitor (hindbrain)	8	43.0	0.0023478463117377886	0.08998144568839464	0.21278530483963784	False
zc4h2|neural progenitor (telencephalon/diencephalon)|36	zc4h2	36	neural progenitor (telencephalon/diencephalon)	8	44.0	0.004635474390469196	0.08962299697482845	0.2121641663333577	False
zc4h2|neural tube-like connective tissue (+ taste bud)|36	zc4h2	36	neural tube-like connective tissue (+ taste bud)	8	44.0	-0.004547214478200504	0.005944083950429244	0.03196091192417865	True
zc4h2|neuromast support cell|36	zc4h2	36	neuromast support cell	8	44.0	0.0002980107064961008	0.6290396085326417	0.7640227012793648	False
zc4h2|neuron (+ spinal cord)|36	zc4h2	36	neuron (+ spinal cord)	4	42.0	-0.002330990418727394	1.1383014074466115e-08	7.879180054669515e-07	True
zc4h2|neuron (cranial ganglia sensory, Rohon-Beard)|36	zc4h2	36	neuron (cranial ganglia sensory, Rohon-Beard)	8	44.0	-0.0009438105109138423	0.2727606434681392	0.44764002861096197	False
zc4h2|neuron (dopaminergic)|36	zc4h2	36	neuron (dopaminergic)	5	22.0	5.527868741866184e-05	0.5477073817851236	0.7034239566992938	False
zc4h2|neuron (telencephalon, glutamatergic)|36	zc4h2	36	neuron (telencephalon, glutamatergic)	8	43.0	0.002071350626591872	0.02051029047463785	0.07626797996864496	False
zc4h2|neurons (differentiating, contains peripheral)|36	zc4h2	36	neurons (differentiating, contains peripheral)	8	44.0	0.012143868999637986	0.0031245873333931302	0.019587625311695615	True
zc4h2|neurons (gabaergic, glutamatergic)|36	zc4h2	36	neurons (gabaergic, glutamatergic)	8	44.0	0.0035563705257130856	0.15796396359583764	0.3098201115980936	False
zc4h2|neurons (gabaergic, glutamatergic; contains Purkinje)|36	zc4h2	36	neurons (gabaergic, glutamatergic; contains Purkinje)	8	44.0	0.006468227292890986	0.0077938058759797705	0.03847684995979612	True
zc4h2|notochord|36	zc4h2	36	notochord	8	44.0	0.004383009102958694	0.08806415986343398	0.2095939621391543	False
zc4h2|olfactory vesicle/bulb|36	zc4h2	36	olfactory vesicle/bulb	8	43.0	-0.0001812632619096746	0.7391429144648538	0.841185295285252	False
zc4h2|pancreas|36	zc4h2	36	pancreas	7	37.0	0.0001918096673490105	0.6422133703853374	0.7733165243365471	False
zc4h2|pectoral fin bud (osteoblast+)|36	zc4h2	36	pectoral fin bud (osteoblast+)	8	44.0	-0.0003638620170257952	0.581307200635278	0.7291007467718053	False
zc4h2|periderm|36	zc4h2	36	periderm	8	44.0	-0.05506758257306313	0.015708755619396584	0.06354902148070342	False
zc4h2|periocular mesenchyme|36	zc4h2	36	periocular mesenchyme	8	44.0	1.5039404938195933e-05	0.983456412055439	0.9914631516712559	False
zc4h2|pharyngeal arch (NC-derived)|36	zc4h2	36	pharyngeal arch (NC-derived)	8	42.0	-0.0013067722655623363	1.763973280205199e-06	5.71785485217734e-05	True
zc4h2|pharyngeal arch (contains muscle, early cartilage)|36	zc4h2	36	pharyngeal arch (contains muscle, early cartilage)	8	44.0	0.0013392950955470008	0.28816331985230825	0.46513427367889093	False
zc4h2|pharyngeal arch (early)|36	zc4h2	36	pharyngeal arch (early)	8	44.0	0.00716883785802783	0.04435879470085428	0.13025372991037415	False
zc4h2|pharynx|36	zc4h2	36	pharynx	6	29.0	-6.904693778809367e-05	0.42675764266129923	0.6014441780475133	False
zc4h2|posterior lateral line primordium|36	zc4h2	36	posterior lateral line primordium	8	40.0	-0.0003120900604652525	0.3368363400601593	0.5154616780700371	False
zc4h2|posterior spinal cord progenitors|36	zc4h2	36	posterior spinal cord progenitors	8	43.0	0.0018288631536040913	0.13283872104858857	0.27550352726837424	False
zc4h2|primordial germ cell|36	zc4h2	36	primordial germ cell	6	34.0	-0.00018802929368785587	0.30396957607450453	0.4829932647094889	False
zc4h2|pronephric duct|36	zc4h2	36	pronephric duct	6	31.0	-0.00040714572307706484	0.1059759060699432	0.23718757017001432	False
zc4h2|pronephric podocyte|36	zc4h2	36	pronephric podocyte	4	27.0	-0.0003171997009303389	0.00010951493076950006	0.0015483547126879315	True
zc4h2|pronephros distal tubule|36	zc4h2	36	pronephros distal tubule	8	44.0	-0.0006716953073876721	0.33073344010599937	0.5109797046045956	False
zc4h2|pronephros proximal tubule|36	zc4h2	36	pronephros proximal tubule	8	44.0	-0.0006445389159041451	0.5162547949238262	0.6778330591323503	False
zc4h2|red blood cell|36	zc4h2	36	red blood cell	7	39.0	-4.268630100498017e-05	0.9243057382586596	0.9576606757632983	False
zc4h2|retinal neuron|36	zc4h2	36	retinal neuron	8	44.0	-0.0023411735944285812	0.31988963546279214	0.4990560673097163	False
zc4h2|retinal pigmented epithelium (early)|36	zc4h2	36	retinal pigmented epithelium (early)	8	43.0	0.0008370408300676282	0.2660470894909839	0.43973832909987054	False
zc4h2|roof plate, flexural + subcommissural organ|36	zc4h2	36	roof plate, flexural + subcommissural organ	8	43.0	0.0002678416187776281	0.398355300974615	0.5742019468495264	False
zc4h2|satellite cells|36	zc4h2	36	satellite cells	5	22.0	-5.488653973677993e-05	0.468091312479753	0.6366080170748994	False
zc4h2|support cells/otic vesicle|36	zc4h2	36	support cells/otic vesicle	8	44.0	0.0023226775454401934	0.0016338581043810663	0.012102734019266016	True
zc4h2|thyroid follicle cell|36	zc4h2	36	thyroid follicle cell	4	29.0	-0.0004594679564816147	0.14578771259885806	0.29339456316351914	False
zc4h2|unknown|36	zc4h2	36	unknown	7					False
zc4h2|unknown (dcn+, col6+)|36	zc4h2	36	unknown (dcn+, col6+)	4	33.0	-0.0006914301475117923	2.4395626168360604e-05	0.0004824670710974887	True
zc4h2|xanthophore|36	zc4h2	36	xanthophore	8	44.0	0.002000673969560991	0.034940205450198936	0.11114297042440016	False
zc4h2|KA neuron|48	zc4h2	48	KA neuron	3	39.0	-0.0005446369209926692	0.1825794574072845	0.34070218884341635	False
zc4h2|adrenal gland|48	zc4h2	48	adrenal gland	4	23.0	0.0002052680833418228	0.3060105982064201	0.485192179690208	False
zc4h2|anterior migratory muscle|48	zc4h2	48	anterior migratory muscle	4	44.0	0.006024823508327802	0.07263002482342404	0.18330237689243126	False
zc4h2|basal cell|48	zc4h2	48	basal cell	4	44.0	-0.002632643589291911	0.6236063214060033	0.7599255029150435	False
zc4h2|cardiomyocyte|48	zc4h2	48	cardiomyocyte	4	44.0	-0.00031202917450855487	0.6242653173457355	0.7601691467404091	False
zc4h2|chondrocranium|48	zc4h2	48	chondrocranium	4	44.0	0.0011968400727973315	0.11374810516201089	0.24953983453336495	False
zc4h2|connective tissue-meninges-dermal FB|48	zc4h2	48	connective tissue-meninges-dermal FB	4	44.0	-0.0011525013996355402	0.697155239903958	0.814197623783232	False
zc4h2|contains head vasculature?|48	zc4h2	48	contains head vasculature?	1	2.0	-0.00029505580096785			False
zc4h2|cranial muscle (early)|48	zc4h2	48	cranial muscle (early)	4	44.0	0.002989918665328684	0.08320972824922077	0.20098333067456503	False
zc4h2|cranial muscle (late)|48	zc4h2	48	cranial muscle (late)	4	33.0	-0.0001549690824125948	0.5412669290825685	0.6998868931219434	False
zc4h2|cranial muscle (mid)|48	zc4h2	48	cranial muscle (mid)	4	44.0	0.001524159620698809	0.26032802777310576	0.432902838977049	False
zc4h2|cranial muscle (non-somitic, fast-twitch)|48	zc4h2	48	cranial muscle (non-somitic, fast-twitch)	4	44.0	-0.0007713333146153961	0.37805442654400057	0.5537665437315515	False
zc4h2|cranial muscle (progenitor)|48	zc4h2	48	cranial muscle (progenitor)	1	11.0	-4.218284453223639e-05			False
zc4h2|cranial neural crest|48	zc4h2	48	cranial neural crest	4	44.0	0.0019492944191829703	0.09672611079783441	0.22335279294029994	False
zc4h2|differentiating neuron (hindbrain)|48	zc4h2	48	differentiating neuron (hindbrain)	4	44.0	0.0006061414561985682	0.40658632705164277	0.5815252137878102	False
zc4h2|differentiating neuron 1|48	zc4h2	48	differentiating neuron 1	4	44.0	0.001131258612258516	0.22587255851688828	0.39260349237371767	False
zc4h2|differentiating neuron 2|48	zc4h2	48	differentiating neuron 2	4	41.0	0.0009290694661701884	0.14393830070028163	0.29089720442620787	False
zc4h2|dorsal spinal cord neuron|48	zc4h2	48	dorsal spinal cord neuron	4	41.0	0.00015400109699418283	0.8378138129190525	0.9058367697440781	False
zc4h2|endothelium (dorsal aorta)|48	zc4h2	48	endothelium (dorsal aorta)	4	44.0	0.004594211886840326	0.08984391044853293	0.21261139064476542	False
zc4h2|endothelium (f8+, clic2+)|48	zc4h2	48	endothelium (f8+, clic2+)	4	44.0	0.0010803408950812614	0.16776502741607516	0.32237992813621485	False
zc4h2|endothelium (vein + early artery)|48	zc4h2	48	endothelium (vein + early artery)	4	44.0	0.007026894789107747	0.036300261656901076	0.1138882146884361	False
zc4h2|eye, optic cup|48	zc4h2	48	eye, optic cup	4	44.0	0.0028154323767713187	0.07539865604418897	0.18782253525510983	False
zc4h2|fast-committed myocyte|48	zc4h2	48	fast-committed myocyte	1	13.0	0.0001569725315152384			False
zc4h2|fin bud mesoderm (pectoral)|48	zc4h2	48	fin bud mesoderm (pectoral)	4	44.0	0.0006892154996342129	0.5767662631900143	0.7255828592429076	False
zc4h2|fin fold|48	zc4h2	48	fin fold	4	44.0	1.6354018694941103e-05	0.9964095343701811	0.9978281912102014	False
zc4h2|fin mesenchyme|48	zc4h2	48	fin mesenchyme	1	3.0	-6.0597090319133346e-05			False
zc4h2|floor plate|48	zc4h2	48	floor plate	4	44.0	0.0015645390820088088	0.16474275981944037	0.3184164162304192	False
zc4h2|glia|48	zc4h2	48	glia	4	43.0	0.0023912783674659814	0.16688397611453248	0.32144060219338744	False
zc4h2|hair cell|48	zc4h2	48	hair cell	4	42.0	0.00030870098743400595	0.536175222647261	0.6961595464880289	False
zc4h2|hatching gland|48	zc4h2	48	hatching gland	4	44.0	-0.014058170962774664	1.0145374556048619e-07	4.815429566067362e-06	True
zc4h2|head mesenchyme|48	zc4h2	48	head mesenchyme	4	44.0	0.0026833095758153104	0.6321696146929393	0.7655596387979776	False
zc4h2|head mesenchyme (maybe ventral, hand2+)|48	zc4h2	48	head mesenchyme (maybe ventral, hand2+)	4	44.0	0.006033469451384214	0.12682176784867064	0.26736378405914224	False
zc4h2|head mesenchyme/PA cartilage|48	zc4h2	48	head mesenchyme/PA cartilage	4	44.0	0.0028364175401918114	0.06233692551856946	0.16615678703204736	False
zc4h2|head/eye connective tissue|48	zc4h2	48	head/eye connective tissue	4	43.0	0.0003417943480693499	0.042880329996459465	0.12737585732073006	False
zc4h2|hypochord|48	zc4h2	48	hypochord	3	28.0	0.0001229792355040035	0.48173683253477595	0.6483980660712145	False
zc4h2|hypophysis/locus coeruleus|48	zc4h2	48	hypophysis/locus coeruleus	4	41.0	-0.00022973192717630855	0.47069465074184996	0.6388379628401094	False
zc4h2|intestine|48	zc4h2	48	intestine	4	44.0	0.0029510777308299346	0.10176596768791439	0.23103343193925216	False
zc4h2|ionocyte/goblet cell|48	zc4h2	48	ionocyte/goblet cell	4	44.0	0.003233693315805729	0.0007837823738565987	0.0070003143471466375	True
zc4h2|iridophore|48	zc4h2	48	iridophore	4	44.0	0.0027260164002229025	0.02324789790426348	0.08354909766026546	False
zc4h2|jaw chondrocyte|48	zc4h2	48	jaw chondrocyte	4	40.0	-0.0002178550225457928	0.6638421970285898	0.7889879090064353	False
zc4h2|lens|48	zc4h2	48	lens	4	44.0	0.0004750179395204791	0.8042025258418115	0.8829795324658724	False
zc4h2|liver|48	zc4h2	48	liver	4	44.0	0.0008190418624699912	0.22906083951619186	0.3970029417279851	False
zc4h2|mature fast muscle|48	zc4h2	48	mature fast muscle	4	44.0	-0.006146908498615572	0.5996190131925809	0.7428330030991643	False
zc4h2|mature slow muscle|48	zc4h2	48	mature slow muscle	4	44.0	-0.0036219960063316042	0.2783275816258985	0.4535279009083118	False
zc4h2|melanophore|48	zc4h2	48	melanophore	4	44.0	0.002147628726091519	0.1030294855263478	0.2322357297566422	False
zc4h2|motor neuron|48	zc4h2	48	motor neuron	4	44.0	-0.0016780161105790633	0.07477686328389586	0.1868718527722783	False
zc4h2|myeloid cell|48	zc4h2	48	myeloid cell	4	43.0	-0.0005453434657702817	0.341069634679175	0.518747475954021	False
zc4h2|neural crest + pigment cell progenitor|48	zc4h2	48	neural crest + pigment cell progenitor	2	8.0	3.885064456847503e-05	0.8564404392659871	0.9180998740029437	False
zc4h2|neural progenitor (MHB)|48	zc4h2	48	neural progenitor (MHB)	4	44.0	0.0021678658266690532	0.041314915339210355	0.12432258556647949	False
zc4h2|neural progenitor (hindbrain R7/8)|48	zc4h2	48	neural progenitor (hindbrain R7/8)	4	43.0	-9.835576168990912e-05	0.9019610216967746	0.9467181785838605	False
zc4h2|neural progenitor (hindbrain)|48	zc4h2	48	neural progenitor (hindbrain)	3	21.0	-0.00019616151882457145	0.5634069550075836	0.7159761361685587	False
zc4h2|neural progenitor (telencephalon/diencephalon)|48	zc4h2	48	neural progenitor (telencephalon/diencephalon)	4	44.0	0.006173694437770532	0.011669460977560074	0.05153082178705508	False
zc4h2|neural tube-like connective tissue (+ taste bud)|48	zc4h2	48	neural tube-like connective tissue (+ taste bud)	4	44.0	0.00027426861407874384	0.9259057111191331	0.9586543238371205	False
zc4h2|neuromast support cell|48	zc4h2	48	neuromast support cell	4	44.0	0.00011770937857120186	0.887527608249405	0.9370227131899105	False
zc4h2|neuron (+ spinal cord)|48	zc4h2	48	neuron (+ spinal cord)	3	44.0	-0.0006673415098120811	0.5628131585385532	0.7159060946570992	False
zc4h2|neuron (cranial ganglia sensory, Rohon-Beard)|48	zc4h2	48	neuron (cranial ganglia sensory, Rohon-Beard)	4	44.0	0.002169571952551094	0.36505685297228907	0.5411255726319261	False
zc4h2|neuron (dopaminergic)|48	zc4h2	48	neuron (dopaminergic)	1	25.0	5.2133793530936e-05			False
zc4h2|neuron (telencephalon, glutamatergic)|48	zc4h2	48	neuron (telencephalon, glutamatergic)	4	44.0	0.0018989289473080343	5.010949634203318e-06	0.0001380350793515117	True
zc4h2|neurons (differentiating, contains peripheral)|48	zc4h2	48	neurons (differentiating, contains peripheral)	4	44.0	0.011752923506450491	0.05243884735763349	0.1467183750279893	False
zc4h2|neurons (gabaergic, glutamatergic)|48	zc4h2	48	neurons (gabaergic, glutamatergic)	4	44.0	0.015162657437357306	0.1518735013733225	0.30122132765132054	False
zc4h2|neurons (gabaergic, glutamatergic; contains Purkinje)|48	zc4h2	48	neurons (gabaergic, glutamatergic; contains Purkinje)	4	44.0	0.014001950791132423	0.07837396403816511	0.1927442601900841	False
zc4h2|notochord|48	zc4h2	48	notochord	4	44.0	-0.0008042938383112496	0.8838498501087779	0.9349922962878731	False
zc4h2|olfactory vesicle/bulb|48	zc4h2	48	olfactory vesicle/bulb	4	44.0	-0.000676602580432447	0.491125584627639	0.655906995809821	False
zc4h2|osteoblast|48	zc4h2	48	osteoblast	4	33.0	0.0005273812334949143	0.290996570606418	0.46808816549979365	False
zc4h2|pancreas|48	zc4h2	48	pancreas	4	43.0	0.0004616581929182712	0.3623385803082462	0.5394267334203022	False
zc4h2|pectoral fin bud (osteoblast+)|48	zc4h2	48	pectoral fin bud (osteoblast+)	4	44.0	0.004179501775647014	0.071070715875428	0.1806146970420583	False
zc4h2|periderm|48	zc4h2	48	periderm	4	44.0	-0.13258307137788156	0.00721629895594209	0.03677324122870797	True
zc4h2|periocular mesenchyme|48	zc4h2	48	periocular mesenchyme	4	44.0	0.001000140549675343	0.23496709860320666	0.40449646896847363	False
zc4h2|pharyngeal arch (NC-derived)|48	zc4h2	48	pharyngeal arch (NC-derived)	2	11.0	-0.00016244902909827273	0.04666215205454688	0.13496859220876256	False
zc4h2|pharyngeal arch (contains muscle, early cartilage)|48	zc4h2	48	pharyngeal arch (contains muscle, early cartilage)	4	44.0	0.006833386966794357	0.061149108901222916	0.16393744082199285	False
zc4h2|pharyngeal arch (early)|48	zc4h2	48	pharyngeal arch (early)	4	44.0	0.011648255142264394	0.06123291619566385	0.16393744082199285	False
zc4h2|pharynx|48	zc4h2	48	pharynx	1	20.0	-0.00013675554659489			False
zc4h2|posterior lateral line primordium|48	zc4h2	48	posterior lateral line primordium	4	42.0	-0.0004075379519714406	0.10783736274327071	0.2398490710229429	False
zc4h2|posterior spinal cord progenitors|48	zc4h2	48	posterior spinal cord progenitors	3	39.0	0.0008696512064386359	0.2741067952426189	0.44848619761117087	False
zc4h2|primordial germ cell|48	zc4h2	48	primordial germ cell	2	37.0	-0.00037812757402677573	0.00027612172191759547	0.0032189979686709155	True
zc4h2|pronephric duct|48	zc4h2	48	pronephric duct	3	32.0	6.169209724850105e-05	0.7996437331739525	0.8809290357137987	False
zc4h2|pronephric podocyte|48	zc4h2	48	pronephric podocyte	4	35.0	0.0007223152755535078	0.2738124997669809	0.44848619761117087	False
zc4h2|pronephros distal tubule|48	zc4h2	48	pronephros distal tubule	4	44.0	-0.00017246440939253007	0.8603386529025232	0.9200689262698789	False
zc4h2|pronephros proximal tubule|48	zc4h2	48	pronephros proximal tubule	4	44.0	0.00024310962388869508	0.8152987847262703	0.8902955665306808	False
zc4h2|red blood cell|48	zc4h2	48	red blood cell	4	37.0	-3.9997969255039785e-05	0.9113550634203237	0.9508477778756337	False
zc4h2|retinal neuron|48	zc4h2	48	retinal neuron	4	44.0	0.014760213914379608	0.08503382004387011	0.20406274257548462	False
zc4h2|retinal pigmented epithelium (early)|48	zc4h2	48	retinal pigmented epithelium (early)	4	44.0	0.004729199417014873	0.04488625328405467	0.13110732003188716	False
zc4h2|retinal pigmented epithelium (late)|48	zc4h2	48	retinal pigmented epithelium (late)	3	21.0	0.00045620402307349037	0.40288738433015625	0.5778516444795787	False
zc4h2|roof plate, flexural + subcommissural organ|48	zc4h2	48	roof plate, flexural + subcommissural organ	4	44.0	0.0023129286812976053	0.1117563920689826	0.2462271967169726	False
zc4h2|satellite cells|48	zc4h2	48	satellite cells	2	12.0	-9.871045683198333e-05	0.3858789481267295	0.5617312996763578	False
zc4h2|support cells/otic vesicle|48	zc4h2	48	support cells/otic vesicle	4	44.0	0.0024562155711913523	0.07394444985141864	0.1855592406581106	False
zc4h2|thyroid follicle cell|48	zc4h2	48	thyroid follicle cell	2	23.0	-0.00029561465377513476	0.00043291733383090395	0.004501933776692264	True
zc4h2|unknown|48	zc4h2	48	unknown	3					False
zc4h2|unknown (dcn+, col6+)|48	zc4h2	48	unknown (dcn+, col6+)	4	39.0	-0.002070616382029415	0.00095596417676805	0.00813365167045287	True
zc4h2|xanthophore|48	zc4h2	48	xanthophore	4	44.0	0.0020646798032245275	0.033956984256398676	0.10879791490607993	False
