left_out_embryo	n_events_called	event_id_jaccard	direction_agreement	event_mode_agreement	event_family_jaccard	effect_rmse_on_full_calls	claim_boundary_refit	claim_boundary_stable	refit_scope
GAP16.18.18h_cdx4-cdx1a_P12_A5	1479	0.9973027646662171	1.0	1.0	1.0	7.165279610203046e-05	Level 3.5 perturbation-aware developmental candidate	True	upstream embryo abundance, event effects, event-FDR, event modes, and claim boundary all recomputed
GAP16.18.18h_cdx4-cdx1a_P12_B5	1480	0.9979770734996628	1.0	0.9990723562152134	1.0	0.00011588809375792178	Level 3.5 perturbation-aware developmental candidate	True	upstream embryo abundance, event effects, event-FDR, event modes, and claim boundary all recomputed
GAP16.18.18h_cdx4-cdx1a_P12_C5	1482	0.9952893674293405	1.0	1.0	1.0	0.00011299523919534797	Level 3.5 perturbation-aware developmental candidate	True	upstream embryo abundance, event effects, event-FDR, event modes, and claim boundary all recomputed
GAP16.18.18h_cdx4-cdx1a_P12_D5	1480	0.9966307277628033	1.0	1.0	1.0	8.408470635460593e-05	Level 3.5 perturbation-aware developmental candidate	True	upstream embryo abundance, event effects, event-FDR, event modes, and claim boundary all recomputed
GAP16.18.18h_cdx4-cdx1a_P12_E5	1481	0.9959595959595959	1.0	1.0	1.0	0.00012427878642759117	Level 3.5 perturbation-aware developmental candidate	True	upstream embryo abundance, event effects, event-FDR, event modes, and claim boundary all recomputed
GAP16.18.18h_cdx4-cdx1a_P12_F5	1482	0.9966329966329966	1.0	1.0	1.0	0.00020174367860129543	Level 3.5 perturbation-aware developmental candidate	True	upstream embryo abundance, event effects, event-FDR, event modes, and claim boundary all recomputed
GAP16.18.18h_cdx4-cdx1a_P12_G5	1486	0.9939556749496307	1.0	1.0	1.0	0.00018196224243409255	Level 3.5 perturbation-aware developmental candidate	True	upstream embryo abundance, event effects, event-FDR, event modes, and claim boundary all recomputed
GAP16.18.18h_cdx4-cdx1a_P12_H5	1479	0.9959568733153639	1.0	0.9990723562152134	1.0	5.783594450934237e-05	Level 3.5 perturbation-aware developmental candidate	True	upstream embryo abundance, event effects, event-FDR, event modes, and claim boundary all recomputed
GAP16.18.18h_cdx4_P12_A4	1484	0.9966352624495289	1.0	1.0	1.0	8.810727905983683e-05	Level 3.5 perturbation-aware developmental candidate	True	upstream embryo abundance, event effects, event-FDR, event modes, and claim boundary all recomputed
GAP16.18.18h_cdx4_P12_B4	1483	0.9986522911051213	1.0	1.0	1.0	6.780073665666356e-05	Level 3.5 perturbation-aware developmental candidate	True	upstream embryo abundance, event effects, event-FDR, event modes, and claim boundary all recomputed
GAP16.18.18h_cdx4_P12_C4	1482	0.9979784366576819	1.0	1.0	1.0	0.00012524750796960184	Level 3.5 perturbation-aware developmental candidate	True	upstream embryo abundance, event effects, event-FDR, event modes, and claim boundary all recomputed
GAP16.18.18h_cdx4_P12_D4	1482	0.9993256911665542	1.0	1.0	1.0	0.00010940179769058048	Level 3.5 perturbation-aware developmental candidate	True	upstream embryo abundance, event effects, event-FDR, event modes, and claim boundary all recomputed
GAP16.18.18h_cdx4_P12_E4	1481	0.9959595959595959	1.0	1.0	1.0	0.00010162150101397218	Level 3.5 perturbation-aware developmental candidate	True	upstream embryo abundance, event effects, event-FDR, event modes, and claim boundary all recomputed
GAP16.18.18h_cdx4_P12_F4	1482	0.9979784366576819	1.0	0.9990723562152134	1.0	6.938863690419369e-05	Level 3.5 perturbation-aware developmental candidate	True	upstream embryo abundance, event effects, event-FDR, event modes, and claim boundary all recomputed
GAP16.18.18h_cdx4_P12_G4	1482	0.9993256911665542	1.0	0.9990723562152134	1.0	0.00011963976927517017	Level 3.5 perturbation-aware developmental candidate	True	upstream embryo abundance, event effects, event-FDR, event modes, and claim boundary all recomputed
GAP16.18.18h_cdx4_P12_H4	1483	0.9973063973063973	1.0	1.0	1.0	8.164142052353465e-05	Level 3.5 perturbation-aware developmental candidate	True	upstream embryo abundance, event effects, event-FDR, event modes, and claim boundary all recomputed
GAP16.18.18h_ctrl-inj_P12_A1	1486	0.9926174496644296	1.0	0.9888682745825603	1.0	0.00022732025623397283	Level 3.5 perturbation-aware developmental candidate	True	upstream embryo abundance, event effects, event-FDR, event modes, and claim boundary all recomputed
GAP16.18.18h_ctrl-inj_P12_B1	1476	0.9925925925925926	1.0	0.9972170686456401	1.0	0.0002491118819113845	Level 3.5 perturbation-aware developmental candidate	True	upstream embryo abundance, event effects, event-FDR, event modes, and claim boundary all recomputed
GAP16.18.18h_ctrl-inj_P12_C1	1490	0.988628762541806	1.0	0.9962894248608535	1.0	0.00013826762634750473	Level 3.5 perturbation-aware developmental candidate	True	upstream embryo abundance, event effects, event-FDR, event modes, and claim boundary all recomputed
GAP16.18.18h_ctrl-inj_P12_D1	1485	0.9919463087248322	1.0	0.9953617810760668	1.0	0.00022461682150994093	Level 3.5 perturbation-aware developmental candidate	True	upstream embryo abundance, event effects, event-FDR, event modes, and claim boundary all recomputed
GAP16.18.18h_ctrl-inj_P13_A1	1482	0.9912693082605776	1.0	1.0	1.0	0.00016200229852659115	Level 3.5 perturbation-aware developmental candidate	True	upstream embryo abundance, event effects, event-FDR, event modes, and claim boundary all recomputed
GAP16.18.18h_ctrl-inj_P13_B1	1478	0.9899193548387096	1.0	0.9981447124304267	1.0	0.0001513936637886855	Level 3.5 perturbation-aware developmental candidate	True	upstream embryo abundance, event effects, event-FDR, event modes, and claim boundary all recomputed
GAP16.18.18h_ctrl-inj_P13_C1	1483	0.9932795698924731	1.0	0.9972170686456401	1.0	0.00014393983712600745	Level 3.5 perturbation-aware developmental candidate	True	upstream embryo abundance, event effects, event-FDR, event modes, and claim boundary all recomputed
GAP16.18.18h_ctrl-inj_P13_D1	1478	0.9912575655682583	1.0	0.9972170686456401	1.0	0.0001737851470461311	Level 3.5 perturbation-aware developmental candidate	True	upstream embryo abundance, event effects, event-FDR, event modes, and claim boundary all recomputed
GAP16.18.18h_ctrl-inj_P13_E1	1482	0.9912693082605776	1.0	0.9990723562152134	1.0	0.00021416398161493703	Level 3.5 perturbation-aware developmental candidate	True	upstream embryo abundance, event effects, event-FDR, event modes, and claim boundary all recomputed
GAP16.18.18h_ctrl-inj_P13_F1	1474	0.9899057873485868	1.0	0.9972170686456401	1.0	0.00016004491468010604	Level 3.5 perturbation-aware developmental candidate	True	upstream embryo abundance, event effects, event-FDR, event modes, and claim boundary all recomputed
GAP16.18.18h_ctrl-inj_P13_G1	1479	0.9905913978494624	1.0	0.9981447124304267	1.0	0.00017077868094552318	Level 3.5 perturbation-aware developmental candidate	True	upstream embryo abundance, event effects, event-FDR, event modes, and claim boundary all recomputed
GAP16.18.18h_ctrl-inj_P13_H1	1479	0.9865861837692823	1.0	0.9925788497217068	1.0	0.00022787264289344055	Level 3.5 perturbation-aware developmental candidate	True	upstream embryo abundance, event effects, event-FDR, event modes, and claim boundary all recomputed
GAP16.18.18h_ctrl-inj_P3_A7	1484	0.9859437751004017	1.0	0.9925788497217068	1.0	0.00017793014703684857	Level 3.5 perturbation-aware developmental candidate	True	upstream embryo abundance, event effects, event-FDR, event modes, and claim boundary all recomputed
GAP16.18.18h_ctrl-inj_P9_A1	1474	0.9858965748824715	1.0	0.9990723562152134	1.0	0.00019242321391177097	Level 3.5 perturbation-aware developmental candidate	True	upstream embryo abundance, event effects, event-FDR, event modes, and claim boundary all recomputed
GAP16.18.18h_ctrl-inj_P9_B1	1486	0.9872824631860776	1.0	0.987012987012987	1.0	0.00018331678792846308	Level 3.5 perturbation-aware developmental candidate	True	upstream embryo abundance, event effects, event-FDR, event modes, and claim boundary all recomputed
GAP16.18.18h_ctrl-inj_P9_C1	1474	0.9885675857431069	1.0	0.9990723562152134	1.0	0.00016439997959106226	Level 3.5 perturbation-aware developmental candidate	True	upstream embryo abundance, event effects, event-FDR, event modes, and claim boundary all recomputed
GAP16.18.18h_ctrl-inj_P9_D1	1477	0.9879113498992612	1.0	0.9962894248608535	0.9901960784313726	0.0001762247249573466	Level 3.5 perturbation-aware developmental candidate	True	upstream embryo abundance, event effects, event-FDR, event modes, and claim boundary all recomputed
GAP16.18.18h_ctrl-mafba_P9_E1	1476	0.9885752688172043	1.0	0.9990723562152134	1.0	0.00023930569145830951	Level 3.5 perturbation-aware developmental candidate	True	upstream embryo abundance, event effects, event-FDR, event modes, and claim boundary all recomputed
GAP16.18.18h_ctrl-mafba_P9_F1	1478	0.9899193548387096	1.0	0.9990723562152134	1.0	0.00011463866595921373	Level 3.5 perturbation-aware developmental candidate	True	upstream embryo abundance, event effects, event-FDR, event modes, and claim boundary all recomputed
GAP16.18.18h_ctrl-mafba_P9_G1	1477	0.9839142091152815	1.0	0.9907235621521335	1.0	0.00012794129298840794	Level 3.5 perturbation-aware developmental candidate	True	upstream embryo abundance, event effects, event-FDR, event modes, and claim boundary all recomputed
GAP16.18.18h_ctrl-mafba_P9_H1	1481	0.9892617449664429	1.0	0.9990723562152134	1.0	0.0002470145482829868	Level 3.5 perturbation-aware developmental candidate	True	upstream embryo abundance, event effects, event-FDR, event modes, and claim boundary all recomputed
GAP16.18.18h_ctrl-noto_P3_C7	1474	0.9845637583892617	1.0	0.9972170686456401	1.0	0.00013953803827006692	Level 3.5 perturbation-aware developmental candidate	True	upstream embryo abundance, event effects, event-FDR, event modes, and claim boundary all recomputed
GAP16.18.18h_ctrl-noto_P3_D7	1481	0.985264567983925	1.0	0.9916512059369202	1.0	0.00019505766902215546	Level 3.5 perturbation-aware developmental candidate	True	upstream embryo abundance, event effects, event-FDR, event modes, and claim boundary all recomputed
GAP16.18.18h_egr2b_P3_A9	1485	0.9946236559139785	1.0	0.9990723562152134	1.0	6.635966298131506e-05	Level 3.5 perturbation-aware developmental candidate	True	upstream embryo abundance, event effects, event-FDR, event modes, and claim boundary all recomputed
GAP16.18.18h_egr2b_P3_B9	1482	0.9979784366576819	1.0	0.9990723562152134	1.0	7.30893769590424e-05	Level 3.5 perturbation-aware developmental candidate	True	upstream embryo abundance, event effects, event-FDR, event modes, and claim boundary all recomputed
GAP16.18.18h_egr2b_P3_C9	1484	0.9966352624495289	1.0	1.0	1.0	4.095883890489446e-05	Level 3.5 perturbation-aware developmental candidate	True	upstream embryo abundance, event effects, event-FDR, event modes, and claim boundary all recomputed
GAP16.18.18h_egr2b_P3_D9	1480	0.9966307277628033	1.0	0.9990723562152134	1.0	5.329079386289274e-05	Level 3.5 perturbation-aware developmental candidate	True	upstream embryo abundance, event effects, event-FDR, event modes, and claim boundary all recomputed
GAP16.18.18h_egr2b_P3_E9	1481	0.9986513823331086	1.0	1.0	1.0	3.2271695474152914e-05	Level 3.5 perturbation-aware developmental candidate	True	upstream embryo abundance, event effects, event-FDR, event modes, and claim boundary all recomputed
GAP16.18.18h_egr2b_P3_F9	1480	0.9979770734996628	1.0	0.9981447124304267	1.0	7.812525635529038e-05	Level 3.5 perturbation-aware developmental candidate	True	upstream embryo abundance, event effects, event-FDR, event modes, and claim boundary all recomputed
GAP16.18.18h_egr2b_P3_G9	1484	0.997979797979798	1.0	1.0	1.0	0.00013197347572418885	Level 3.5 perturbation-aware developmental candidate	True	upstream embryo abundance, event effects, event-FDR, event modes, and claim boundary all recomputed
GAP16.18.18h_egr2b_P3_H9	1487	0.9973100201748487	1.0	1.0	1.0	8.476077124330152e-05	Level 3.5 perturbation-aware developmental candidate	True	upstream embryo abundance, event effects, event-FDR, event modes, and claim boundary all recomputed
GAP16.18.18h_epha4a_P3_A10	1483	0.9986522911051213	1.0	0.9990723562152134	1.0	4.671779264305947e-05	Level 3.5 perturbation-aware developmental candidate	True	upstream embryo abundance, event effects, event-FDR, event modes, and claim boundary all recomputed
GAP16.18.18h_epha4a_P3_B10	1483	0.9986522911051213	1.0	0.9990723562152134	1.0	3.51385336719155e-05	Level 3.5 perturbation-aware developmental candidate	True	upstream embryo abundance, event effects, event-FDR, event modes, and claim boundary all recomputed
GAP16.18.18h_epha4a_P3_C10	1482	0.9979784366576819	1.0	0.9990723562152134	1.0	2.7425889354370966e-05	Level 3.5 perturbation-aware developmental candidate	True	upstream embryo abundance, event effects, event-FDR, event modes, and claim boundary all recomputed
GAP16.18.18h_epha4a_P3_D10	1483	0.9986522911051213	1.0	0.9990723562152134	1.0	8.217199221347422e-05	Level 3.5 perturbation-aware developmental candidate	True	upstream embryo abundance, event effects, event-FDR, event modes, and claim boundary all recomputed
GAP16.18.18h_epha4a_P3_F10	1483	1.0	1.0	1.0	1.0	2.8299589883520503e-05	Level 3.5 perturbation-aware developmental candidate	True	upstream embryo abundance, event effects, event-FDR, event modes, and claim boundary all recomputed
GAP16.18.18h_epha4a_P3_G10	1482	0.9979784366576819	1.0	0.9990723562152134	1.0	4.3968860198953066e-05	Level 3.5 perturbation-aware developmental candidate	True	upstream embryo abundance, event effects, event-FDR, event modes, and claim boundary all recomputed
GAP16.18.18h_epha4a_P3_H10	1483	1.0	1.0	0.9990723562152134	1.0	7.341702858762477e-05	Level 3.5 perturbation-aware developmental candidate	True	upstream embryo abundance, event effects, event-FDR, event modes, and claim boundary all recomputed
GAP16.18.18h_mafba-mut_P9_A2	1479	0.9973027646662171	1.0	0.9990723562152134	0.9901960784313726	6.0379067989274806e-05	Level 3.5 perturbation-aware developmental candidate	True	upstream embryo abundance, event effects, event-FDR, event modes, and claim boundary all recomputed
GAP16.18.18h_mafba-mut_P9_B2	1478	0.9939393939393939	1.0	1.0	1.0	2.591067605174673e-05	Level 3.5 perturbation-aware developmental candidate	True	upstream embryo abundance, event effects, event-FDR, event modes, and claim boundary all recomputed
GAP16.18.18h_mafba-mut_P9_C2	1478	0.9952830188679245	1.0	1.0	1.0	4.3830772016017255e-05	Level 3.5 perturbation-aware developmental candidate	True	upstream embryo abundance, event effects, event-FDR, event modes, and claim boundary all recomputed
GAP16.18.18h_mafba-mut_P9_D2	1481	0.9973045822102425	1.0	1.0	1.0	0.00012513179905039945	Level 3.5 perturbation-aware developmental candidate	True	upstream embryo abundance, event effects, event-FDR, event modes, and claim boundary all recomputed
GAP16.18.18h_mafba-mut_P9_E2	1478	0.9966284558327714	1.0	1.0	1.0	3.210441658885134e-05	Level 3.5 perturbation-aware developmental candidate	True	upstream embryo abundance, event effects, event-FDR, event modes, and claim boundary all recomputed
GAP16.18.18h_mafba-mut_P9_F2	1480	0.9966307277628033	1.0	1.0	1.0	6.987641924789566e-05	Level 3.5 perturbation-aware developmental candidate	True	upstream embryo abundance, event effects, event-FDR, event modes, and claim boundary all recomputed
GAP16.18.18h_mafba-mut_P9_G2	1479	0.9959568733153639	1.0	1.0	1.0	2.849332769489749e-05	Level 3.5 perturbation-aware developmental candidate	True	upstream embryo abundance, event effects, event-FDR, event modes, and claim boundary all recomputed
GAP16.18.18h_mafba-mut_P9_H2	1484	0.9952925353059852	1.0	0.9990723562152134	1.0	9.946826302707972e-05	Level 3.5 perturbation-aware developmental candidate	True	upstream embryo abundance, event effects, event-FDR, event modes, and claim boundary all recomputed
GAP16.18.18h_mafba_P9_A3	1482	0.9979784366576819	1.0	1.0	1.0	2.5508996421349897e-05	Level 3.5 perturbation-aware developmental candidate	True	upstream embryo abundance, event effects, event-FDR, event modes, and claim boundary all recomputed
GAP16.18.18h_mafba_P9_B3	1481	0.9986513823331086	1.0	0.9990723562152134	1.0	2.7632249385523204e-05	Level 3.5 perturbation-aware developmental candidate	True	upstream embryo abundance, event effects, event-FDR, event modes, and claim boundary all recomputed
GAP16.18.18h_mafba_P9_C3	1483	1.0	1.0	1.0	1.0	1.9398738086186973e-05	Level 3.5 perturbation-aware developmental candidate	True	upstream embryo abundance, event effects, event-FDR, event modes, and claim boundary all recomputed
GAP16.18.18h_mafba_P9_D3	1482	0.9979784366576819	1.0	0.9990723562152134	1.0	1.5524737714094157e-05	Level 3.5 perturbation-aware developmental candidate	True	upstream embryo abundance, event effects, event-FDR, event modes, and claim boundary all recomputed
GAP16.18.18h_mafba_P9_E3	1485	0.9986531986531987	1.0	0.9981447124304267	1.0	5.90425116982871e-05	Level 3.5 perturbation-aware developmental candidate	True	upstream embryo abundance, event effects, event-FDR, event modes, and claim boundary all recomputed
GAP16.18.18h_mafba_P9_F3	1482	0.9993256911665542	1.0	1.0	1.0	3.038800284502206e-05	Level 3.5 perturbation-aware developmental candidate	True	upstream embryo abundance, event effects, event-FDR, event modes, and claim boundary all recomputed
GAP16.18.18h_mafba_P9_G3	1482	0.9993256911665542	1.0	0.9990723562152134	1.0	3.869441052818422e-05	Level 3.5 perturbation-aware developmental candidate	True	upstream embryo abundance, event effects, event-FDR, event modes, and claim boundary all recomputed
GAP16.18.18h_mafba_P9_H3	1482	0.9993256911665542	1.0	1.0	1.0	7.073133787755105e-05	Level 3.5 perturbation-aware developmental candidate	True	upstream embryo abundance, event effects, event-FDR, event modes, and claim boundary all recomputed
GAP16.18.18h_noto-mut_P3_A8	1482	0.9966329966329966	1.0	0.9990723562152134	1.0	0.0001224087940267215	Level 3.5 perturbation-aware developmental candidate	True	upstream embryo abundance, event effects, event-FDR, event modes, and claim boundary all recomputed
GAP16.18.18h_noto-mut_P3_B8	1479	0.9973027646662171	1.0	1.0	1.0	6.980001060142119e-05	Level 3.5 perturbation-aware developmental candidate	True	upstream embryo abundance, event effects, event-FDR, event modes, and claim boundary all recomputed
GAP16.18.18h_noto-mut_P3_C8	1479	0.9959568733153639	1.0	1.0	1.0	6.604013779141711e-05	Level 3.5 perturbation-aware developmental candidate	True	upstream embryo abundance, event effects, event-FDR, event modes, and claim boundary all recomputed
GAP16.18.18h_noto-mut_P3_D8	1481	0.9986513823331086	1.0	0.9990723562152134	1.0	0.00010803665580069015	Level 3.5 perturbation-aware developmental candidate	True	upstream embryo abundance, event effects, event-FDR, event modes, and claim boundary all recomputed
GAP16.18.18h_noto-mut_P3_E8	1483	0.9973063973063973	1.0	1.0	1.0	0.00013487129110215971	Level 3.5 perturbation-aware developmental candidate	True	upstream embryo abundance, event effects, event-FDR, event modes, and claim boundary all recomputed
GAP16.18.18h_noto-mut_P3_F8	1482	0.9979784366576819	1.0	1.0	1.0	8.606673386065162e-05	Level 3.5 perturbation-aware developmental candidate	True	upstream embryo abundance, event effects, event-FDR, event modes, and claim boundary all recomputed
GAP16.18.18h_noto-mut_P3_G8	1479	0.9973027646662171	1.0	1.0	1.0	9.660484162852233e-05	Level 3.5 perturbation-aware developmental candidate	True	upstream embryo abundance, event effects, event-FDR, event modes, and claim boundary all recomputed
GAP16.18.18h_noto-mut_P3_H8	1480	0.9979770734996628	1.0	1.0	1.0	8.382902202691515e-05	Level 3.5 perturbation-aware developmental candidate	True	upstream embryo abundance, event effects, event-FDR, event modes, and claim boundary all recomputed
GAP16.18.18h_noto_P13_A5	1480	0.9952861952861953	1.0	0.9981447124304267	1.0	0.00013215350042887955	Level 3.5 perturbation-aware developmental candidate	True	upstream embryo abundance, event effects, event-FDR, event modes, and claim boundary all recomputed
GAP16.18.18h_noto_P13_B5	1481	0.9959595959595959	1.0	0.9981447124304267	1.0	7.980346563003452e-05	Level 3.5 perturbation-aware developmental candidate	True	upstream embryo abundance, event effects, event-FDR, event modes, and claim boundary all recomputed
GAP16.18.18h_noto_P13_C5	1480	0.9952861952861953	1.0	1.0	1.0	8.141710832321682e-05	Level 3.5 perturbation-aware developmental candidate	True	upstream embryo abundance, event effects, event-FDR, event modes, and claim boundary all recomputed
GAP16.18.18h_noto_P13_D5	1479	0.9973027646662171	1.0	0.9972170686456401	1.0	7.231521477285875e-05	Level 3.5 perturbation-aware developmental candidate	True	upstream embryo abundance, event effects, event-FDR, event modes, and claim boundary all recomputed
GAP16.18.18h_noto_P13_E5	1480	0.993943472409152	1.0	0.9990723562152134	1.0	5.1815099357924053e-05	Level 3.5 perturbation-aware developmental candidate	True	upstream embryo abundance, event effects, event-FDR, event modes, and claim boundary all recomputed
GAP16.18.18h_noto_P13_F5	1478	0.9966284558327714	1.0	1.0	1.0	7.676590889176048e-05	Level 3.5 perturbation-aware developmental candidate	True	upstream embryo abundance, event effects, event-FDR, event modes, and claim boundary all recomputed
GAP16.18.18h_noto_P13_G5	1480	0.9979770734996628	1.0	0.9981447124304267	1.0	0.00010040993293437833	Level 3.5 perturbation-aware developmental candidate	True	upstream embryo abundance, event effects, event-FDR, event modes, and claim boundary all recomputed
GAP16.18.18h_noto_P13_H5	1482	0.9966329966329966	1.0	0.9990723562152134	1.0	6.790946864352494e-05	Level 3.5 perturbation-aware developmental candidate	True	upstream embryo abundance, event effects, event-FDR, event modes, and claim boundary all recomputed
GAP16.18.18h_smo_P13_A6	1479	0.9973027646662171	1.0	1.0	1.0	5.0807245746181586e-05	Level 3.5 perturbation-aware developmental candidate	True	upstream embryo abundance, event effects, event-FDR, event modes, and claim boundary all recomputed
GAP16.18.18h_smo_P13_B6	1481	0.9986513823331086	1.0	0.9990723562152134	1.0	5.317133450632065e-05	Level 3.5 perturbation-aware developmental candidate	True	upstream embryo abundance, event effects, event-FDR, event modes, and claim boundary all recomputed
GAP16.18.18h_smo_P13_C6	1484	0.9993261455525606	1.0	0.9990723562152134	0.9901960784313726	5.129831297045651e-05	Level 3.5 perturbation-aware developmental candidate	True	upstream embryo abundance, event effects, event-FDR, event modes, and claim boundary all recomputed
GAP16.18.18h_smo_P13_D6	1482	0.9993256911665542	1.0	1.0	1.0	6.832973435970284e-05	Level 3.5 perturbation-aware developmental candidate	True	upstream embryo abundance, event effects, event-FDR, event modes, and claim boundary all recomputed
GAP16.18.18h_smo_P13_E6	1484	0.9993261455525606	1.0	1.0	1.0	5.613196220290242e-05	Level 3.5 perturbation-aware developmental candidate	True	upstream embryo abundance, event effects, event-FDR, event modes, and claim boundary all recomputed
GAP16.18.18h_smo_P13_F6	1483	0.9986522911051213	1.0	1.0	1.0	8.308646000755966e-05	Level 3.5 perturbation-aware developmental candidate	True	upstream embryo abundance, event effects, event-FDR, event modes, and claim boundary all recomputed
GAP16.18.18h_smo_P13_G6	1483	0.9959623149394348	1.0	1.0	1.0	5.999316062712036e-05	Level 3.5 perturbation-aware developmental candidate	True	upstream embryo abundance, event effects, event-FDR, event modes, and claim boundary all recomputed
GAP16.18.18h_smo_P13_H6	1482	0.9979784366576819	1.0	1.0	1.0	5.949825055939557e-05	Level 3.5 perturbation-aware developmental candidate	True	upstream embryo abundance, event effects, event-FDR, event modes, and claim boundary all recomputed
GAP16.18.18h_tbx16-msgn1_P13_A3	1481	0.9986513823331086	1.0	1.0	1.0	0.00019567403211310643	Level 3.5 perturbation-aware developmental candidate	True	upstream embryo abundance, event effects, event-FDR, event modes, and claim boundary all recomputed
GAP16.18.18h_tbx16-msgn1_P13_B3	1484	0.997979797979798	1.0	1.0	1.0	9.265317435475e-05	Level 3.5 perturbation-aware developmental candidate	True	upstream embryo abundance, event effects, event-FDR, event modes, and claim boundary all recomputed
GAP16.18.18h_tbx16-msgn1_P13_C3	1479	0.9973027646662171	1.0	0.9990723562152134	1.0	0.0001127684622336773	Level 3.5 perturbation-aware developmental candidate	True	upstream embryo abundance, event effects, event-FDR, event modes, and claim boundary all recomputed
GAP16.18.18h_tbx16-msgn1_P13_D3	1483	0.9973063973063973	1.0	1.0	1.0	0.00011694375075969251	Level 3.5 perturbation-aware developmental candidate	True	upstream embryo abundance, event effects, event-FDR, event modes, and claim boundary all recomputed
GAP16.18.18h_tbx16-msgn1_P13_E3	1481	0.9973045822102425	1.0	0.9990723562152134	1.0	8.307667674439054e-05	Level 3.5 perturbation-aware developmental candidate	True	upstream embryo abundance, event effects, event-FDR, event modes, and claim boundary all recomputed
GAP16.18.18h_tbx16-msgn1_P13_F3	1483	0.9973063973063973	1.0	1.0	1.0	8.059476089646139e-05	Level 3.5 perturbation-aware developmental candidate	True	upstream embryo abundance, event effects, event-FDR, event modes, and claim boundary all recomputed
GAP16.18.18h_tbx16-msgn1_P13_G3	1479	0.9973027646662171	1.0	1.0	1.0	6.154539664172085e-05	Level 3.5 perturbation-aware developmental candidate	True	upstream embryo abundance, event effects, event-FDR, event modes, and claim boundary all recomputed
GAP16.18.18h_tbx16-msgn1_P13_H3	1482	0.9979784366576819	1.0	0.9981447124304267	1.0	9.269564022286151e-05	Level 3.5 perturbation-aware developmental candidate	True	upstream embryo abundance, event effects, event-FDR, event modes, and claim boundary all recomputed
GAP16.18.18h_tbx16-mut_P12_E1	1480	0.9966307277628033	1.0	1.0	1.0	8.272837790073799e-05	Level 3.5 perturbation-aware developmental candidate	True	upstream embryo abundance, event effects, event-FDR, event modes, and claim boundary all recomputed
GAP16.18.18h_tbx16-mut_P12_F1	1481	0.9959595959595959	1.0	1.0	1.0	6.884068545981799e-05	Level 3.5 perturbation-aware developmental candidate	True	upstream embryo abundance, event effects, event-FDR, event modes, and claim boundary all recomputed
GAP16.18.18h_tbx16-mut_P12_G1	1479	0.9932705248990579	1.0	1.0	1.0	3.050542422167403e-05	Level 3.5 perturbation-aware developmental candidate	True	upstream embryo abundance, event effects, event-FDR, event modes, and claim boundary all recomputed
GAP16.18.18h_tbx16-mut_P12_H1	1484	0.9966352624495289	1.0	1.0	1.0	4.3123623706747674e-05	Level 3.5 perturbation-aware developmental candidate	True	upstream embryo abundance, event effects, event-FDR, event modes, and claim boundary all recomputed
GAP16.18.18h_tbx16-tbx16l_P13_A4	1478	0.9952830188679245	1.0	1.0	1.0	0.00011756995824887284	Level 3.5 perturbation-aware developmental candidate	True	upstream embryo abundance, event effects, event-FDR, event modes, and claim boundary all recomputed
GAP16.18.18h_tbx16-tbx16l_P13_B4	1482	0.9979784366576819	1.0	1.0	1.0	8.830032888893531e-05	Level 3.5 perturbation-aware developmental candidate	True	upstream embryo abundance, event effects, event-FDR, event modes, and claim boundary all recomputed
GAP16.18.18h_tbx16-tbx16l_P13_C4	1484	0.9966352624495289	1.0	0.9990723562152134	1.0	0.00016135499538070673	Level 3.5 perturbation-aware developmental candidate	True	upstream embryo abundance, event effects, event-FDR, event modes, and claim boundary all recomputed
GAP16.18.18h_tbx16-tbx16l_P13_D4	1483	0.9986522911051213	1.0	0.9990723562152134	1.0	9.682554275546687e-05	Level 3.5 perturbation-aware developmental candidate	True	upstream embryo abundance, event effects, event-FDR, event modes, and claim boundary all recomputed
GAP16.18.18h_tbx16-tbx16l_P13_E4	1480	0.9966307277628033	1.0	0.9990723562152134	1.0	7.967643244931753e-05	Level 3.5 perturbation-aware developmental candidate	True	upstream embryo abundance, event effects, event-FDR, event modes, and claim boundary all recomputed
GAP16.18.18h_tbx16-tbx16l_P13_F4	1482	0.9939475453934096	1.0	1.0	1.0	7.135154388636112e-05	Level 3.5 perturbation-aware developmental candidate	True	upstream embryo abundance, event effects, event-FDR, event modes, and claim boundary all recomputed
GAP16.18.18h_tbx16-tbx16l_P13_G4	1480	0.9952861952861953	1.0	0.9990723562152134	1.0	5.679141350671793e-05	Level 3.5 perturbation-aware developmental candidate	True	upstream embryo abundance, event effects, event-FDR, event modes, and claim boundary all recomputed
GAP16.18.18h_tbx16-tbx16l_P13_H4	1475	0.9946055293324343	1.0	0.9990723562152134	1.0	7.794593750232137e-05	Level 3.5 perturbation-aware developmental candidate	True	upstream embryo abundance, event effects, event-FDR, event modes, and claim boundary all recomputed
GAP16.18.18h_tbx16_P13_A2	1483	1.0	1.0	1.0	1.0	0.00011761696130246358	Level 3.5 perturbation-aware developmental candidate	True	upstream embryo abundance, event effects, event-FDR, event modes, and claim boundary all recomputed
GAP16.18.18h_tbx16_P13_B2	1485	0.9986531986531987	1.0	0.9981447124304267	1.0	9.266756570217092e-05	Level 3.5 perturbation-aware developmental candidate	True	upstream embryo abundance, event effects, event-FDR, event modes, and claim boundary all recomputed
GAP16.18.18h_tbx16_P13_C2	1483	0.9986522911051213	1.0	1.0	1.0	8.644951151536952e-05	Level 3.5 perturbation-aware developmental candidate	True	upstream embryo abundance, event effects, event-FDR, event modes, and claim boundary all recomputed
GAP16.18.18h_tbx16_P13_D2	1484	0.997979797979798	1.0	1.0	1.0	5.7922767747990174e-05	Level 3.5 perturbation-aware developmental candidate	True	upstream embryo abundance, event effects, event-FDR, event modes, and claim boundary all recomputed
GAP16.18.18h_tbx16_P13_E2	1483	1.0	1.0	0.9990723562152134	1.0	6.620638716934783e-05	Level 3.5 perturbation-aware developmental candidate	True	upstream embryo abundance, event effects, event-FDR, event modes, and claim boundary all recomputed
GAP16.18.18h_tbx16_P13_F2	1484	0.9993261455525606	1.0	1.0	1.0	0.00013607154277006357	Level 3.5 perturbation-aware developmental candidate	True	upstream embryo abundance, event effects, event-FDR, event modes, and claim boundary all recomputed
GAP16.18.18h_tbx16_P13_G2	1485	0.9986531986531987	1.0	1.0	1.0	8.611182358622327e-05	Level 3.5 perturbation-aware developmental candidate	True	upstream embryo abundance, event effects, event-FDR, event modes, and claim boundary all recomputed
GAP16.18.18h_tbx16_P13_H2	1483	0.9986522911051213	1.0	0.9981447124304267	0.9901960784313726	5.1093993000270044e-05	Level 3.5 perturbation-aware developmental candidate	True	upstream embryo abundance, event effects, event-FDR, event modes, and claim boundary all recomputed
GAP16.18.18h_tbxta_P12_A2	1486	0.9966375252185609	1.0	0.9990723562152134	1.0	5.879514987434897e-05	Level 3.5 perturbation-aware developmental candidate	True	upstream embryo abundance, event effects, event-FDR, event modes, and claim boundary all recomputed
GAP16.18.18h_tbxta_P12_B2	1483	0.9986522911051213	1.0	0.9990723562152134	1.0	3.419675305662159e-05	Level 3.5 perturbation-aware developmental candidate	True	upstream embryo abundance, event effects, event-FDR, event modes, and claim boundary all recomputed
GAP16.18.18h_tbxta_P12_C2	1481	0.9986513823331086	1.0	0.9990723562152134	1.0	2.918328132984061e-05	Level 3.5 perturbation-aware developmental candidate	True	upstream embryo abundance, event effects, event-FDR, event modes, and claim boundary all recomputed
GAP16.18.18h_tbxta_P12_D2	1482	0.9993256911665542	1.0	0.9990723562152134	1.0	5.015857826771797e-05	Level 3.5 perturbation-aware developmental candidate	True	upstream embryo abundance, event effects, event-FDR, event modes, and claim boundary all recomputed
GAP16.18.18h_tbxta_P12_E2	1482	0.9993256911665542	1.0	1.0	1.0	3.143839549278577e-05	Level 3.5 perturbation-aware developmental candidate	True	upstream embryo abundance, event effects, event-FDR, event modes, and claim boundary all recomputed
GAP16.18.18h_tbxta_P12_F2	1483	0.9973063973063973	1.0	0.9990723562152134	1.0	5.010450176565693e-05	Level 3.5 perturbation-aware developmental candidate	True	upstream embryo abundance, event effects, event-FDR, event modes, and claim boundary all recomputed
GAP16.18.18h_tbxta_P12_G2	1484	0.997979797979798	1.0	0.9990723562152134	1.0	4.421156323050652e-05	Level 3.5 perturbation-aware developmental candidate	True	upstream embryo abundance, event effects, event-FDR, event modes, and claim boundary all recomputed
GAP16.18.18h_tbxta_P12_H2	1483	0.9986522911051213	1.0	1.0	1.0	4.904528194668445e-05	Level 3.5 perturbation-aware developmental candidate	True	upstream embryo abundance, event effects, event-FDR, event modes, and claim boundary all recomputed
GAP16.18.18h_wnt3a-wnt8_P12_A3	1482	0.9979784366576819	1.0	1.0	1.0	0.00016706890735216097	Level 3.5 perturbation-aware developmental candidate	True	upstream embryo abundance, event effects, event-FDR, event modes, and claim boundary all recomputed
GAP16.18.18h_wnt3a-wnt8_P12_B3	1481	0.9973045822102425	1.0	1.0	1.0	0.00013368434119031728	Level 3.5 perturbation-aware developmental candidate	True	upstream embryo abundance, event effects, event-FDR, event modes, and claim boundary all recomputed
GAP16.18.18h_wnt3a-wnt8_P12_C3	1480	0.9979770734996628	1.0	0.9990723562152134	1.0	0.00017848691434658174	Level 3.5 perturbation-aware developmental candidate	True	upstream embryo abundance, event effects, event-FDR, event modes, and claim boundary all recomputed
GAP16.18.18h_wnt3a-wnt8_P12_D3	1480	0.9966307277628033	1.0	1.0	1.0	0.00015471139783268555	Level 3.5 perturbation-aware developmental candidate	True	upstream embryo abundance, event effects, event-FDR, event modes, and claim boundary all recomputed
GAP16.18.18h_wnt3a-wnt8_P12_E3	1482	0.9979784366576819	1.0	0.9990723562152134	0.9900990099009901	0.00014518423534059792	Level 3.5 perturbation-aware developmental candidate	True	upstream embryo abundance, event effects, event-FDR, event modes, and claim boundary all recomputed
GAP16.18.18h_wnt3a-wnt8_P12_F3	1483	0.9973063973063973	1.0	1.0	1.0	0.00018002534593532902	Level 3.5 perturbation-aware developmental candidate	True	upstream embryo abundance, event effects, event-FDR, event modes, and claim boundary all recomputed
GAP16.18.18h_wnt3a-wnt8_P12_G3	1484	0.997979797979798	1.0	1.0	1.0	0.00014179360086130153	Level 3.5 perturbation-aware developmental candidate	True	upstream embryo abundance, event effects, event-FDR, event modes, and claim boundary all recomputed
GAP16.18.18h_wnt3a-wnt8_P12_H3	1480	0.9966307277628033	1.0	0.9990723562152134	1.0	0.00011338863852339646	Level 3.5 perturbation-aware developmental candidate	True	upstream embryo abundance, event effects, event-FDR, event modes, and claim boundary all recomputed
GAP16.24.24h_cdx4-cdx1a_P12_A10	1482	0.9979784366576819	1.0	0.9981447124304267	1.0	0.00010377527046108484	Level 3.5 perturbation-aware developmental candidate	True	upstream embryo abundance, event effects, event-FDR, event modes, and claim boundary all recomputed
GAP16.24.24h_cdx4-cdx1a_P12_B10	1485	0.9973082099596231	1.0	1.0	1.0	5.513504485903504e-05	Level 3.5 perturbation-aware developmental candidate	True	upstream embryo abundance, event effects, event-FDR, event modes, and claim boundary all recomputed
GAP16.24.24h_cdx4-cdx1a_P12_C10	1481	0.9986513823331086	1.0	1.0	1.0	9.70279507605949e-05	Level 3.5 perturbation-aware developmental candidate	True	upstream embryo abundance, event effects, event-FDR, event modes, and claim boundary all recomputed
GAP16.24.24h_cdx4-cdx1a_P12_D10	1482	0.9979784366576819	1.0	1.0	1.0	2.8037032610128342e-05	Level 3.5 perturbation-aware developmental candidate	True	upstream embryo abundance, event effects, event-FDR, event modes, and claim boundary all recomputed
GAP16.24.24h_cdx4-cdx1a_P12_E10	1482	0.9966329966329966	1.0	0.9990723562152134	1.0	5.327265411238545e-05	Level 3.5 perturbation-aware developmental candidate	True	upstream embryo abundance, event effects, event-FDR, event modes, and claim boundary all recomputed
GAP16.24.24h_cdx4-cdx1a_P12_F10	1481	0.9973045822102425	1.0	0.9990723562152134	1.0	6.473477267558089e-05	Level 3.5 perturbation-aware developmental candidate	True	upstream embryo abundance, event effects, event-FDR, event modes, and claim boundary all recomputed
GAP16.24.24h_cdx4-cdx1a_P12_G10	1483	0.9959623149394348	1.0	0.9990723562152134	1.0	9.526249605750892e-05	Level 3.5 perturbation-aware developmental candidate	True	upstream embryo abundance, event effects, event-FDR, event modes, and claim boundary all recomputed
GAP16.24.24h_cdx4-cdx1a_P12_H10	1486	0.9979811574697174	1.0	0.9990723562152134	1.0	0.0001738723828295295	Level 3.5 perturbation-aware developmental candidate	True	upstream embryo abundance, event effects, event-FDR, event modes, and claim boundary all recomputed
GAP16.24.24h_cdx4_P12_A9	1482	0.9979784366576819	1.0	0.9990723562152134	1.0	0.00012796002433930473	Level 3.5 perturbation-aware developmental candidate	True	upstream embryo abundance, event effects, event-FDR, event modes, and claim boundary all recomputed
GAP16.24.24h_cdx4_P12_B9	1480	0.9979770734996628	1.0	0.9990723562152134	1.0	5.7918807560806e-05	Level 3.5 perturbation-aware developmental candidate	True	upstream embryo abundance, event effects, event-FDR, event modes, and claim boundary all recomputed
GAP16.24.24h_cdx4_P12_C9	1482	0.9993256911665542	1.0	0.9990723562152134	1.0	9.955740914203638e-05	Level 3.5 perturbation-aware developmental candidate	True	upstream embryo abundance, event effects, event-FDR, event modes, and claim boundary all recomputed
GAP16.24.24h_cdx4_P12_D9	1481	0.9986513823331086	1.0	0.9972170686456401	1.0	9.197391917802281e-05	Level 3.5 perturbation-aware developmental candidate	True	upstream embryo abundance, event effects, event-FDR, event modes, and claim boundary all recomputed
GAP16.24.24h_cdx4_P12_E9	1483	0.9973063973063973	1.0	0.9990723562152134	1.0	0.00011323920502826256	Level 3.5 perturbation-aware developmental candidate	True	upstream embryo abundance, event effects, event-FDR, event modes, and claim boundary all recomputed
GAP16.24.24h_cdx4_P12_F9	1480	0.9979770734996628	1.0	0.9990723562152134	1.0	4.8141347473945354e-05	Level 3.5 perturbation-aware developmental candidate	True	upstream embryo abundance, event effects, event-FDR, event modes, and claim boundary all recomputed
GAP16.24.24h_cdx4_P12_G9	1484	0.9966352624495289	1.0	0.9990723562152134	1.0	9.403915785514154e-05	Level 3.5 perturbation-aware developmental candidate	True	upstream embryo abundance, event effects, event-FDR, event modes, and claim boundary all recomputed
GAP16.24.24h_cdx4_P12_H9	1486	0.9952956989247311	1.0	0.9990723562152134	1.0	6.065301967686087e-05	Level 3.5 perturbation-aware developmental candidate	True	upstream embryo abundance, event effects, event-FDR, event modes, and claim boundary all recomputed
GAP16.24.24h_ctrl-inj_P10_A7	1477	0.9905850706119704	1.0	0.9972170686456401	1.0	8.933023607402236e-05	Level 3.5 perturbation-aware developmental candidate	True	upstream embryo abundance, event effects, event-FDR, event modes, and claim boundary all recomputed
GAP16.24.24h_ctrl-inj_P10_B7	1482	0.9926075268817204	1.0	1.0	1.0	9.237116400058678e-05	Level 3.5 perturbation-aware developmental candidate	True	upstream embryo abundance, event effects, event-FDR, event modes, and claim boundary all recomputed
GAP16.24.24h_ctrl-inj_P10_C7	1482	0.9939475453934096	1.0	1.0	1.0	9.540964771069718e-05	Level 3.5 perturbation-aware developmental candidate	True	upstream embryo abundance, event effects, event-FDR, event modes, and claim boundary all recomputed
GAP16.24.24h_ctrl-inj_P10_D7	1479	0.9905913978494624	1.0	1.0	1.0	0.00019230326455443666	Level 3.5 perturbation-aware developmental candidate	True	upstream embryo abundance, event effects, event-FDR, event modes, and claim boundary all recomputed
GAP16.24.24h_ctrl-inj_P10_E7	1477	0.9932659932659933	1.0	0.9990723562152134	1.0	0.00011330449534621184	Level 3.5 perturbation-aware developmental candidate	True	upstream embryo abundance, event effects, event-FDR, event modes, and claim boundary all recomputed
GAP16.24.24h_ctrl-inj_P10_F7	1474	0.9899057873485868	1.0	1.0	1.0	0.00012910640926197601	Level 3.5 perturbation-aware developmental candidate	True	upstream embryo abundance, event effects, event-FDR, event modes, and claim boundary all recomputed
GAP16.24.24h_ctrl-inj_P10_G7	1470	0.9885521885521885	1.0	1.0	1.0	0.000233129481614871	Level 3.5 perturbation-aware developmental candidate	True	upstream embryo abundance, event effects, event-FDR, event modes, and claim boundary all recomputed
GAP16.24.24h_ctrl-inj_P10_H7	1481	0.9959595959595959	1.0	1.0	1.0	7.190926899616606e-05	Level 3.5 perturbation-aware developmental candidate	True	upstream embryo abundance, event effects, event-FDR, event modes, and claim boundary all recomputed
GAP16.24.24h_ctrl-inj_P12_A6	1483	0.982620320855615	1.0	0.9972170686456401	1.0	0.0006670415417545552	Level 3.5 perturbation-aware developmental candidate	True	upstream embryo abundance, event effects, event-FDR, event modes, and claim boundary all recomputed
GAP16.24.24h_ctrl-inj_P12_B6	1479	0.9839249832551908	1.0	0.9990723562152134	1.0	0.0006944189504366698	Level 3.5 perturbation-aware developmental candidate	True	upstream embryo abundance, event effects, event-FDR, event modes, and claim boundary all recomputed
GAP16.24.24h_ctrl-inj_P12_C6	1483	0.9919408999328408	1.0	1.0	1.0	0.0003732374094355337	Level 3.5 perturbation-aware developmental candidate	True	upstream embryo abundance, event effects, event-FDR, event modes, and claim boundary all recomputed
GAP16.24.24h_ctrl-inj_P12_D6	1480	0.9926025554808339	1.0	1.0	1.0	0.0001681312219820727	Level 3.5 perturbation-aware developmental candidate	True	upstream embryo abundance, event effects, event-FDR, event modes, and claim boundary all recomputed
GAP16.24.24h_ctrl-inj_P13_A7	1480	0.993943472409152	1.0	1.0	1.0	0.0001818986314448789	Level 3.5 perturbation-aware developmental candidate	True	upstream embryo abundance, event effects, event-FDR, event modes, and claim boundary all recomputed
GAP16.24.24h_ctrl-inj_P13_B7	1478	0.9939393939393939	1.0	1.0	1.0	0.00020791043555909037	Level 3.5 perturbation-aware developmental candidate	True	upstream embryo abundance, event effects, event-FDR, event modes, and claim boundary all recomputed
GAP16.24.24h_ctrl-inj_P13_C7	1477	0.9932659932659933	1.0	1.0	1.0	0.00020993665757078128	Level 3.5 perturbation-aware developmental candidate	True	upstream embryo abundance, event effects, event-FDR, event modes, and claim boundary all recomputed
GAP16.24.24h_ctrl-inj_P13_D7	1480	0.993943472409152	1.0	1.0	1.0	0.00022162915840987017	Level 3.5 perturbation-aware developmental candidate	True	upstream embryo abundance, event effects, event-FDR, event modes, and claim boundary all recomputed
GAP16.24.24h_ctrl-inj_P13_E7	1480	0.993943472409152	1.0	1.0	1.0	0.00022079049188615041	Level 3.5 perturbation-aware developmental candidate	True	upstream embryo abundance, event effects, event-FDR, event modes, and claim boundary all recomputed
GAP16.24.24h_ctrl-inj_P13_F7	1477	0.9919246298788694	1.0	1.0	1.0	0.00021029916727978692	Level 3.5 perturbation-aware developmental candidate	True	upstream embryo abundance, event effects, event-FDR, event modes, and claim boundary all recomputed
GAP16.24.24h_ctrl-inj_P13_G7	1482	0.9939475453934096	1.0	1.0	1.0	0.0002155906316390074	Level 3.5 perturbation-aware developmental candidate	True	upstream embryo abundance, event effects, event-FDR, event modes, and claim boundary all recomputed
GAP16.24.24h_ctrl-inj_P13_H7	1477	0.9919246298788694	1.0	1.0	1.0	0.00031800548436500313	Level 3.5 perturbation-aware developmental candidate	True	upstream embryo abundance, event effects, event-FDR, event modes, and claim boundary all recomputed
GAP16.24.24h_ctrl-inj_P3_E7	1479	0.9905913978494624	1.0	0.9981447124304267	1.0	0.00011958241840089853	Level 3.5 perturbation-aware developmental candidate	True	upstream embryo abundance, event effects, event-FDR, event modes, and claim boundary all recomputed
GAP16.24.24h_ctrl-inj_P3_F7	1473	0.9905723905723905	1.0	1.0	1.0	0.00012179942620305629	Level 3.5 perturbation-aware developmental candidate	True	upstream embryo abundance, event effects, event-FDR, event modes, and claim boundary all recomputed
GAP16.24.24h_ctrl-inj_P9_A5	1485	0.9852842809364548	1.0	0.9990723562152134	1.0	0.00024653445180764243	Level 3.5 perturbation-aware developmental candidate	True	upstream embryo abundance, event effects, event-FDR, event modes, and claim boundary all recomputed
GAP16.24.24h_ctrl-inj_P9_B5	1471	0.9905660377358491	1.0	1.0	1.0	0.0001768517975952179	Level 3.5 perturbation-aware developmental candidate	True	upstream embryo abundance, event effects, event-FDR, event modes, and claim boundary all recomputed
GAP16.24.24h_ctrl-inj_P9_C5	1478	0.9899193548387096	1.0	0.9972170686456401	1.0	0.00018279862604413975	Level 3.5 perturbation-aware developmental candidate	True	upstream embryo abundance, event effects, event-FDR, event modes, and claim boundary all recomputed
GAP16.24.24h_ctrl-inj_P9_D5	1479	0.9946127946127946	1.0	1.0	1.0	0.00014515954947783577	Level 3.5 perturbation-aware developmental candidate	True	upstream embryo abundance, event effects, event-FDR, event modes, and claim boundary all recomputed
GAP16.24.24h_ctrl-mafba_P9_E5	1478	0.9952830188679245	1.0	0.9972170686456401	1.0	7.50640949102605e-05	Level 3.5 perturbation-aware developmental candidate	True	upstream embryo abundance, event effects, event-FDR, event modes, and claim boundary all recomputed
GAP16.24.24h_ctrl-mafba_P9_F5	1472	0.9912398921832885	1.0	1.0	1.0	0.00016617161420644168	Level 3.5 perturbation-aware developmental candidate	True	upstream embryo abundance, event effects, event-FDR, event modes, and claim boundary all recomputed
GAP16.24.24h_ctrl-mafba_P9_G5	1479	0.991930060524546	1.0	0.9981447124304267	1.0	0.00013792905185339664	Level 3.5 perturbation-aware developmental candidate	True	upstream embryo abundance, event effects, event-FDR, event modes, and claim boundary all recomputed
GAP16.24.24h_ctrl-mafba_P9_H5	1479	0.991930060524546	1.0	0.9972170686456401	1.0	0.00011758437226245612	Level 3.5 perturbation-aware developmental candidate	True	upstream embryo abundance, event effects, event-FDR, event modes, and claim boundary all recomputed
GAP16.24.24h_ctrl-noto_P3_G7	1473	0.9905723905723905	1.0	1.0	1.0	0.00016377444690016913	Level 3.5 perturbation-aware developmental candidate	True	upstream embryo abundance, event effects, event-FDR, event modes, and claim boundary all recomputed
GAP16.24.24h_ctrl-noto_P3_H7	1481	0.9892617449664429	1.0	0.9972170686456401	1.0	0.00011259143414563246	Level 3.5 perturbation-aware developmental candidate	True	upstream embryo abundance, event effects, event-FDR, event modes, and claim boundary all recomputed
GAP16.24.24h_egr2b_P3_A12	1473	0.9932569116655429	1.0	0.9990723562152134	1.0	2.7662562027741523e-05	Level 3.5 perturbation-aware developmental candidate	True	upstream embryo abundance, event effects, event-FDR, event modes, and claim boundary all recomputed
GAP16.24.24h_egr2b_P3_B12	1480	0.9952861952861953	1.0	0.9990723562152134	1.0	6.797121316433348e-05	Level 3.5 perturbation-aware developmental candidate	True	upstream embryo abundance, event effects, event-FDR, event modes, and claim boundary all recomputed
GAP16.24.24h_egr2b_P3_C12	1481	0.9959595959595959	1.0	1.0	1.0	6.789255351347733e-05	Level 3.5 perturbation-aware developmental candidate	True	upstream embryo abundance, event effects, event-FDR, event modes, and claim boundary all recomputed
GAP16.24.24h_egr2b_P3_D12	1480	0.9979770734996628	1.0	0.9981447124304267	1.0	6.967247088854691e-05	Level 3.5 perturbation-aware developmental candidate	True	upstream embryo abundance, event effects, event-FDR, event modes, and claim boundary all recomputed
GAP16.24.24h_egr2b_P3_E12	1478	0.9952830188679245	1.0	1.0	1.0	5.846206958952053e-05	Level 3.5 perturbation-aware developmental candidate	True	upstream embryo abundance, event effects, event-FDR, event modes, and claim boundary all recomputed
GAP16.24.24h_egr2b_P3_F12	1479	0.9959568733153639	1.0	1.0	1.0	7.00791461999563e-05	Level 3.5 perturbation-aware developmental candidate	True	upstream embryo abundance, event effects, event-FDR, event modes, and claim boundary all recomputed
GAP16.24.24h_egr2b_P3_G12	1478	0.9966284558327714	1.0	0.9990723562152134	1.0	7.604650810829761e-05	Level 3.5 perturbation-aware developmental candidate	True	upstream embryo abundance, event effects, event-FDR, event modes, and claim boundary all recomputed
GAP16.24.24h_egr2b_P3_H12	1479	0.9973027646662171	1.0	1.0	1.0	7.386286372639323e-05	Level 3.5 perturbation-aware developmental candidate	True	upstream embryo abundance, event effects, event-FDR, event modes, and claim boundary all recomputed
GAP16.24.24h_epha4a_P16_A1	1481	0.9986513823331086	1.0	1.0	1.0	5.571919582783757e-05	Level 3.5 perturbation-aware developmental candidate	True	upstream embryo abundance, event effects, event-FDR, event modes, and claim boundary all recomputed
GAP16.24.24h_epha4a_P16_B1	1484	0.9993261455525606	1.0	1.0	1.0	0.00012931067887530942	Level 3.5 perturbation-aware developmental candidate	True	upstream embryo abundance, event effects, event-FDR, event modes, and claim boundary all recomputed
GAP16.24.24h_epha4a_P16_C1	1481	0.9986513823331086	1.0	1.0	1.0	4.588522990473538e-05	Level 3.5 perturbation-aware developmental candidate	True	upstream embryo abundance, event effects, event-FDR, event modes, and claim boundary all recomputed
GAP16.24.24h_epha4a_P16_D1	1485	0.995965030262273	1.0	0.9990723562152134	1.0	6.531111579382487e-05	Level 3.5 perturbation-aware developmental candidate	True	upstream embryo abundance, event effects, event-FDR, event modes, and claim boundary all recomputed
GAP16.24.24h_epha4a_P16_E1	1482	0.9979784366576819	1.0	1.0	1.0	3.8394203687878364e-05	Level 3.5 perturbation-aware developmental candidate	True	upstream embryo abundance, event effects, event-FDR, event modes, and claim boundary all recomputed
GAP16.24.24h_epha4a_P16_F1	1481	0.9973045822102425	1.0	0.9981447124304267	1.0	0.00012990450848375857	Level 3.5 perturbation-aware developmental candidate	True	upstream embryo abundance, event effects, event-FDR, event modes, and claim boundary all recomputed
GAP16.24.24h_epha4a_P16_G1	1484	0.997979797979798	1.0	0.9981447124304267	1.0	8.012867747445437e-05	Level 3.5 perturbation-aware developmental candidate	True	upstream embryo abundance, event effects, event-FDR, event modes, and claim boundary all recomputed
GAP16.24.24h_epha4a_P16_H1	1484	0.9966352624495289	1.0	0.9990723562152134	1.0	5.414938753590021e-05	Level 3.5 perturbation-aware developmental candidate	True	upstream embryo abundance, event effects, event-FDR, event modes, and claim boundary all recomputed
GAP16.24.24h_hand2_P10_A9	1483	0.9986522911051213	1.0	1.0	1.0	4.5935022489103204e-05	Level 3.5 perturbation-aware developmental candidate	True	upstream embryo abundance, event effects, event-FDR, event modes, and claim boundary all recomputed
GAP16.24.24h_hand2_P10_B9	1481	0.9986513823331086	1.0	0.9990723562152134	0.9900990099009901	4.028399720418174e-05	Level 3.5 perturbation-aware developmental candidate	True	upstream embryo abundance, event effects, event-FDR, event modes, and claim boundary all recomputed
GAP16.24.24h_hand2_P10_C9	1482	0.9979784366576819	1.0	1.0	1.0	6.486769828752143e-05	Level 3.5 perturbation-aware developmental candidate	True	upstream embryo abundance, event effects, event-FDR, event modes, and claim boundary all recomputed
GAP16.24.24h_hand2_P10_D9	1484	0.997979797979798	1.0	1.0	1.0	6.924082994656198e-05	Level 3.5 perturbation-aware developmental candidate	True	upstream embryo abundance, event effects, event-FDR, event modes, and claim boundary all recomputed
GAP16.24.24h_hand2_P10_E9	1482	0.9979784366576819	1.0	1.0	1.0	6.524914410007299e-05	Level 3.5 perturbation-aware developmental candidate	True	upstream embryo abundance, event effects, event-FDR, event modes, and claim boundary all recomputed
GAP16.24.24h_hand2_P10_F9	1483	0.9973063973063973	1.0	0.9990723562152134	0.9901960784313726	5.3744885503929635e-05	Level 3.5 perturbation-aware developmental candidate	True	upstream embryo abundance, event effects, event-FDR, event modes, and claim boundary all recomputed
GAP16.24.24h_hand2_P10_G9	1481	0.9973045822102425	1.0	1.0	1.0	4.046247179251241e-05	Level 3.5 perturbation-aware developmental candidate	True	upstream embryo abundance, event effects, event-FDR, event modes, and claim boundary all recomputed
GAP16.24.24h_hand2_P10_H9	1482	0.9966329966329966	1.0	1.0	1.0	5.464109623279102e-05	Level 3.5 perturbation-aware developmental candidate	True	upstream embryo abundance, event effects, event-FDR, event modes, and claim boundary all recomputed
GAP16.24.24h_hoxb1a_P9_A9	1483	0.9986522911051213	1.0	1.0	1.0	4.336348859250174e-05	Level 3.5 perturbation-aware developmental candidate	True	upstream embryo abundance, event effects, event-FDR, event modes, and claim boundary all recomputed
GAP16.24.24h_hoxb1a_P9_B9	1481	0.9986513823331086	1.0	0.9990723562152134	1.0	3.909998964638671e-05	Level 3.5 perturbation-aware developmental candidate	True	upstream embryo abundance, event effects, event-FDR, event modes, and claim boundary all recomputed
GAP16.24.24h_hoxb1a_P9_C9	1484	0.9993261455525606	1.0	1.0	1.0	4.520117953064304e-05	Level 3.5 perturbation-aware developmental candidate	True	upstream embryo abundance, event effects, event-FDR, event modes, and claim boundary all recomputed
GAP16.24.24h_hoxb1a_P9_D9	1483	0.9986522911051213	1.0	1.0	1.0	2.332451168006318e-05	Level 3.5 perturbation-aware developmental candidate	True	upstream embryo abundance, event effects, event-FDR, event modes, and claim boundary all recomputed
GAP16.24.24h_hoxb1a_P9_E9	1483	0.9973063973063973	1.0	0.9990723562152134	1.0	2.946839149296692e-05	Level 3.5 perturbation-aware developmental candidate	True	upstream embryo abundance, event effects, event-FDR, event modes, and claim boundary all recomputed
GAP16.24.24h_hoxb1a_P9_F9	1482	0.9993256911665542	1.0	1.0	1.0	5.464314718665083e-05	Level 3.5 perturbation-aware developmental candidate	True	upstream embryo abundance, event effects, event-FDR, event modes, and claim boundary all recomputed
GAP16.24.24h_hoxb1a_P9_G9	1483	0.9986522911051213	1.0	1.0	1.0	2.8752151253491457e-05	Level 3.5 perturbation-aware developmental candidate	True	upstream embryo abundance, event effects, event-FDR, event modes, and claim boundary all recomputed
GAP16.24.24h_hoxb1a_P9_H9	1482	0.9993256911665542	1.0	1.0	1.0	2.1644255470924957e-05	Level 3.5 perturbation-aware developmental candidate	True	upstream embryo abundance, event effects, event-FDR, event modes, and claim boundary all recomputed
GAP16.24.24h_mafba-mut_P9_A6	1483	1.0	1.0	1.0	1.0	0.00011812299315556905	Level 3.5 perturbation-aware developmental candidate	True	upstream embryo abundance, event effects, event-FDR, event modes, and claim boundary all recomputed
GAP16.24.24h_mafba-mut_P9_B6	1480	0.9966307277628033	1.0	1.0	1.0	4.365394508083829e-05	Level 3.5 perturbation-aware developmental candidate	True	upstream embryo abundance, event effects, event-FDR, event modes, and claim boundary all recomputed
GAP16.24.24h_mafba-mut_P9_C6	1482	0.9966329966329966	1.0	1.0	1.0	5.4529797279664624e-05	Level 3.5 perturbation-aware developmental candidate	True	upstream embryo abundance, event effects, event-FDR, event modes, and claim boundary all recomputed
GAP16.24.24h_mafba-mut_P9_D6	1480	0.9966307277628033	1.0	1.0	1.0	6.593988755825957e-05	Level 3.5 perturbation-aware developmental candidate	True	upstream embryo abundance, event effects, event-FDR, event modes, and claim boundary all recomputed
GAP16.24.24h_mafba-mut_P9_E6	1482	0.9979784366576819	1.0	0.9990723562152134	1.0	0.00013372301741966722	Level 3.5 perturbation-aware developmental candidate	True	upstream embryo abundance, event effects, event-FDR, event modes, and claim boundary all recomputed
GAP16.24.24h_mafba-mut_P9_F6	1482	0.9966329966329966	1.0	1.0	1.0	2.9242476436528663e-05	Level 3.5 perturbation-aware developmental candidate	True	upstream embryo abundance, event effects, event-FDR, event modes, and claim boundary all recomputed
GAP16.24.24h_mafba-mut_P9_G6	1481	0.9986513823331086	1.0	1.0	1.0	0.00012071037293139216	Level 3.5 perturbation-aware developmental candidate	True	upstream embryo abundance, event effects, event-FDR, event modes, and claim boundary all recomputed
GAP16.24.24h_mafba-mut_P9_H6	1479	0.9973027646662171	1.0	1.0	1.0	5.282282647080275e-05	Level 3.5 perturbation-aware developmental candidate	True	upstream embryo abundance, event effects, event-FDR, event modes, and claim boundary all recomputed
GAP16.24.24h_mafba_P9_A7	1484	0.997979797979798	1.0	0.9990723562152134	1.0	4.9904682378181286e-05	Level 3.5 perturbation-aware developmental candidate	True	upstream embryo abundance, event effects, event-FDR, event modes, and claim boundary all recomputed
GAP16.24.24h_mafba_P9_B7	1484	0.9966352624495289	1.0	1.0	1.0	5.1916892240132854e-05	Level 3.5 perturbation-aware developmental candidate	True	upstream embryo abundance, event effects, event-FDR, event modes, and claim boundary all recomputed
GAP16.24.24h_mafba_P9_C7	1486	0.9966375252185609	1.0	1.0	1.0	4.10415767210977e-05	Level 3.5 perturbation-aware developmental candidate	True	upstream embryo abundance, event effects, event-FDR, event modes, and claim boundary all recomputed
GAP16.24.24h_mafba_P9_D7	1479	0.9973027646662171	1.0	1.0	1.0	2.9537354866957568e-05	Level 3.5 perturbation-aware developmental candidate	True	upstream embryo abundance, event effects, event-FDR, event modes, and claim boundary all recomputed
GAP16.24.24h_mafba_P9_E7	1480	0.9979770734996628	1.0	1.0	1.0	3.911563298401861e-05	Level 3.5 perturbation-aware developmental candidate	True	upstream embryo abundance, event effects, event-FDR, event modes, and claim boundary all recomputed
GAP16.24.24h_mafba_P9_F7	1482	0.9952893674293405	1.0	0.9990723562152134	1.0	4.616100635221875e-05	Level 3.5 perturbation-aware developmental candidate	True	upstream embryo abundance, event effects, event-FDR, event modes, and claim boundary all recomputed
GAP16.24.24h_mafba_P9_G7	1479	0.9959568733153639	1.0	0.9990723562152134	1.0	3.0669447343687315e-05	Level 3.5 perturbation-aware developmental candidate	True	upstream embryo abundance, event effects, event-FDR, event modes, and claim boundary all recomputed
GAP16.24.24h_mafba_P9_H7	1478	0.9966284558327714	1.0	1.0	1.0	2.8530794801021584e-05	Level 3.5 perturbation-aware developmental candidate	True	upstream embryo abundance, event effects, event-FDR, event modes, and claim boundary all recomputed
GAP16.24.24h_noto-mut_P3_A11	1480	0.9966307277628033	1.0	1.0	1.0	4.4232474635964354e-05	Level 3.5 perturbation-aware developmental candidate	True	upstream embryo abundance, event effects, event-FDR, event modes, and claim boundary all recomputed
GAP16.24.24h_noto-mut_P3_B11	1478	0.9966284558327714	1.0	1.0	1.0	3.5827872053970174e-05	Level 3.5 perturbation-aware developmental candidate	True	upstream embryo abundance, event effects, event-FDR, event modes, and claim boundary all recomputed
GAP16.24.24h_noto-mut_P3_C11	1479	0.9973027646662171	1.0	1.0	1.0	3.3901538881724575e-05	Level 3.5 perturbation-aware developmental candidate	True	upstream embryo abundance, event effects, event-FDR, event modes, and claim boundary all recomputed
GAP16.24.24h_noto-mut_P3_D11	1484	0.9966352624495289	1.0	1.0	1.0	6.77190079090313e-05	Level 3.5 perturbation-aware developmental candidate	True	upstream embryo abundance, event effects, event-FDR, event modes, and claim boundary all recomputed
GAP16.24.24h_noto-mut_P3_E11	1481	0.9973045822102425	1.0	0.9990723562152134	1.0	0.00010776359222835103	Level 3.5 perturbation-aware developmental candidate	True	upstream embryo abundance, event effects, event-FDR, event modes, and claim boundary all recomputed
GAP16.24.24h_noto-mut_P3_F11	1482	0.9979784366576819	1.0	0.9981447124304267	1.0	0.00012550286958800733	Level 3.5 perturbation-aware developmental candidate	True	upstream embryo abundance, event effects, event-FDR, event modes, and claim boundary all recomputed
GAP16.24.24h_noto-mut_P3_G11	1480	0.9966307277628033	1.0	0.9990723562152134	1.0	6.567086330745688e-05	Level 3.5 perturbation-aware developmental candidate	True	upstream embryo abundance, event effects, event-FDR, event modes, and claim boundary all recomputed
GAP16.24.24h_noto-mut_P3_H11	1478	0.9966284558327714	1.0	1.0	1.0	4.7404335741445464e-05	Level 3.5 perturbation-aware developmental candidate	True	upstream embryo abundance, event effects, event-FDR, event modes, and claim boundary all recomputed
GAP16.24.24h_noto_P13_A11	1479	0.9973027646662171	1.0	1.0	1.0	0.00010633873605631984	Level 3.5 perturbation-aware developmental candidate	True	upstream embryo abundance, event effects, event-FDR, event modes, and claim boundary all recomputed
GAP16.24.24h_noto_P13_B11	1480	0.9952861952861953	1.0	0.9981447124304267	1.0	0.00010997770929540569	Level 3.5 perturbation-aware developmental candidate	True	upstream embryo abundance, event effects, event-FDR, event modes, and claim boundary all recomputed
GAP16.24.24h_noto_P13_C11	1480	0.9966307277628033	1.0	1.0	1.0	0.00012630781230832096	Level 3.5 perturbation-aware developmental candidate	True	upstream embryo abundance, event effects, event-FDR, event modes, and claim boundary all recomputed
GAP16.24.24h_noto_P13_D11	1480	0.9979770734996628	1.0	0.9990723562152134	1.0	8.285290505215324e-05	Level 3.5 perturbation-aware developmental candidate	True	upstream embryo abundance, event effects, event-FDR, event modes, and claim boundary all recomputed
GAP16.24.24h_noto_P13_E11	1479	0.9959568733153639	1.0	0.9981447124304267	1.0	9.583499122093726e-05	Level 3.5 perturbation-aware developmental candidate	True	upstream embryo abundance, event effects, event-FDR, event modes, and claim boundary all recomputed
GAP16.24.24h_noto_P13_F11	1485	0.9946236559139785	1.0	1.0	1.0	0.0001321331662797566	Level 3.5 perturbation-aware developmental candidate	True	upstream embryo abundance, event effects, event-FDR, event modes, and claim boundary all recomputed
GAP16.24.24h_noto_P13_G11	1480	0.9966307277628033	1.0	1.0	1.0	0.0001445753527443964	Level 3.5 perturbation-aware developmental candidate	True	upstream embryo abundance, event effects, event-FDR, event modes, and claim boundary all recomputed
GAP16.24.24h_noto_P13_H11	1480	0.9952861952861953	1.0	0.9990723562152134	1.0	0.00011320815621448314	Level 3.5 perturbation-aware developmental candidate	True	upstream embryo abundance, event effects, event-FDR, event modes, and claim boundary all recomputed
GAP16.24.24h_smo_P13_A12	1482	0.9966329966329966	1.0	1.0	1.0	0.0004102878377243228	Level 3.5 perturbation-aware developmental candidate	True	upstream embryo abundance, event effects, event-FDR, event modes, and claim boundary all recomputed
GAP16.24.24h_smo_P13_B12	1477	0.9946091644204852	1.0	1.0	1.0	9.841498707807662e-05	Level 3.5 perturbation-aware developmental candidate	True	upstream embryo abundance, event effects, event-FDR, event modes, and claim boundary all recomputed
GAP16.24.24h_smo_P13_C12	1479	0.9973027646662171	1.0	1.0	1.0	8.350635306065449e-05	Level 3.5 perturbation-aware developmental candidate	True	upstream embryo abundance, event effects, event-FDR, event modes, and claim boundary all recomputed
GAP16.24.24h_smo_P13_D12	1478	0.9966284558327714	1.0	1.0	1.0	5.6977140367310494e-05	Level 3.5 perturbation-aware developmental candidate	True	upstream embryo abundance, event effects, event-FDR, event modes, and claim boundary all recomputed
GAP16.24.24h_smo_P13_E12	1477	0.9946091644204852	1.0	1.0	1.0	0.00013616902516310346	Level 3.5 perturbation-aware developmental candidate	True	upstream embryo abundance, event effects, event-FDR, event modes, and claim boundary all recomputed
GAP16.24.24h_smo_P13_F12	1480	0.9926025554808339	1.0	0.9990723562152134	1.0	0.00011090814090942268	Level 3.5 perturbation-aware developmental candidate	True	upstream embryo abundance, event effects, event-FDR, event modes, and claim boundary all recomputed
GAP16.24.24h_smo_P13_G12	1478	0.9939393939393939	1.0	1.0	1.0	0.00012618835456705208	Level 3.5 perturbation-aware developmental candidate	True	upstream embryo abundance, event effects, event-FDR, event modes, and claim boundary all recomputed
GAP16.24.24h_smo_P13_H12	1481	0.9986513823331086	1.0	1.0	1.0	0.0001597558908475416	Level 3.5 perturbation-aware developmental candidate	True	upstream embryo abundance, event effects, event-FDR, event modes, and claim boundary all recomputed
GAP16.24.24h_tbx16-msgn1_P13_A9	1479	0.9973027646662171	1.0	0.9990723562152134	1.0	0.00029028543196088995	Level 3.5 perturbation-aware developmental candidate	True	upstream embryo abundance, event effects, event-FDR, event modes, and claim boundary all recomputed
GAP16.24.24h_tbx16-msgn1_P13_B9	1478	0.9952830188679245	1.0	1.0	1.0	0.00011398576145357397	Level 3.5 perturbation-aware developmental candidate	True	upstream embryo abundance, event effects, event-FDR, event modes, and claim boundary all recomputed
GAP16.24.24h_tbx16-msgn1_P13_C9	1483	0.9973063973063973	1.0	1.0	1.0	0.00011867682913959632	Level 3.5 perturbation-aware developmental candidate	True	upstream embryo abundance, event effects, event-FDR, event modes, and claim boundary all recomputed
GAP16.24.24h_tbx16-msgn1_P13_D9	1478	0.9952830188679245	1.0	1.0	1.0	8.402225215640088e-05	Level 3.5 perturbation-aware developmental candidate	True	upstream embryo abundance, event effects, event-FDR, event modes, and claim boundary all recomputed
GAP16.24.24h_tbx16-msgn1_P13_E9	1481	0.9959595959595959	1.0	1.0	1.0	0.0001254918846394726	Level 3.5 perturbation-aware developmental candidate	True	upstream embryo abundance, event effects, event-FDR, event modes, and claim boundary all recomputed
GAP16.24.24h_tbx16-msgn1_P13_F9	1483	0.9973063973063973	1.0	0.9990723562152134	1.0	0.0001284537405922065	Level 3.5 perturbation-aware developmental candidate	True	upstream embryo abundance, event effects, event-FDR, event modes, and claim boundary all recomputed
GAP16.24.24h_tbx16-msgn1_P13_G9	1478	0.9966284558327714	1.0	0.9990723562152134	1.0	0.0001569041599920377	Level 3.5 perturbation-aware developmental candidate	True	upstream embryo abundance, event effects, event-FDR, event modes, and claim boundary all recomputed
GAP16.24.24h_tbx16-msgn1_P13_H9	1481	0.9973045822102425	1.0	1.0	1.0	0.00021158794935806049	Level 3.5 perturbation-aware developmental candidate	True	upstream embryo abundance, event effects, event-FDR, event modes, and claim boundary all recomputed
GAP16.24.24h_tbx16-mut_P12_E6	1480	0.9952861952861953	1.0	1.0	1.0	0.00012493314994065286	Level 3.5 perturbation-aware developmental candidate	True	upstream embryo abundance, event effects, event-FDR, event modes, and claim boundary all recomputed
GAP16.24.24h_tbx16-mut_P12_F6	1478	0.9939393939393939	1.0	1.0	1.0	0.0002617791484812848	Level 3.5 perturbation-aware developmental candidate	True	upstream embryo abundance, event effects, event-FDR, event modes, and claim boundary all recomputed
GAP16.24.24h_tbx16-mut_P12_G6	1473	0.9919137466307277	1.0	0.9981447124304267	1.0	0.00013768525382090648	Level 3.5 perturbation-aware developmental candidate	True	upstream embryo abundance, event effects, event-FDR, event modes, and claim boundary all recomputed
GAP16.24.24h_tbx16-mut_P12_H6	1478	0.9952830188679245	1.0	0.9990723562152134	1.0	0.0001065468228046365	Level 3.5 perturbation-aware developmental candidate	True	upstream embryo abundance, event effects, event-FDR, event modes, and claim boundary all recomputed
GAP16.24.24h_tbx16-tbx16l_P13_A10	1485	0.9986531986531987	1.0	0.9990723562152134	1.0	9.749187415064749e-05	Level 3.5 perturbation-aware developmental candidate	True	upstream embryo abundance, event effects, event-FDR, event modes, and claim boundary all recomputed
GAP16.24.24h_tbx16-tbx16l_P13_B10	1484	0.997979797979798	1.0	1.0	1.0	0.00011148505512554726	Level 3.5 perturbation-aware developmental candidate	True	upstream embryo abundance, event effects, event-FDR, event modes, and claim boundary all recomputed
GAP16.24.24h_tbx16-tbx16l_P13_C10	1482	0.9979784366576819	1.0	0.9990723562152134	1.0	0.00012738450949386441	Level 3.5 perturbation-aware developmental candidate	True	upstream embryo abundance, event effects, event-FDR, event modes, and claim boundary all recomputed
GAP16.24.24h_tbx16-tbx16l_P13_D10	1481	0.9986513823331086	1.0	1.0	1.0	0.00012404844644224347	Level 3.5 perturbation-aware developmental candidate	True	upstream embryo abundance, event effects, event-FDR, event modes, and claim boundary all recomputed
GAP16.24.24h_tbx16-tbx16l_P13_E10	1481	0.9986513823331086	1.0	0.9990723562152134	1.0	9.78246832804435e-05	Level 3.5 perturbation-aware developmental candidate	True	upstream embryo abundance, event effects, event-FDR, event modes, and claim boundary all recomputed
GAP16.24.24h_tbx16-tbx16l_P13_F10	1482	0.9993256911665542	1.0	1.0	1.0	7.663484596621488e-05	Level 3.5 perturbation-aware developmental candidate	True	upstream embryo abundance, event effects, event-FDR, event modes, and claim boundary all recomputed
GAP16.24.24h_tbx16-tbx16l_P13_G10	1483	0.9986522911051213	1.0	1.0	1.0	0.00013501332713948647	Level 3.5 perturbation-aware developmental candidate	True	upstream embryo abundance, event effects, event-FDR, event modes, and claim boundary all recomputed
GAP16.24.24h_tbx16-tbx16l_P13_H10	1481	0.9986513823331086	1.0	1.0	1.0	0.00010129189851690937	Level 3.5 perturbation-aware developmental candidate	True	upstream embryo abundance, event effects, event-FDR, event modes, and claim boundary all recomputed
GAP16.24.24h_tbx16_P13_A8	1478	0.9966284558327714	1.0	1.0	1.0	0.0001433321416557752	Level 3.5 perturbation-aware developmental candidate	True	upstream embryo abundance, event effects, event-FDR, event modes, and claim boundary all recomputed
GAP16.24.24h_tbx16_P13_B8	1479	0.9959568733153639	1.0	1.0	1.0	0.00010159623395369067	Level 3.5 perturbation-aware developmental candidate	True	upstream embryo abundance, event effects, event-FDR, event modes, and claim boundary all recomputed
GAP16.24.24h_tbx16_P13_C8	1478	0.9939393939393939	1.0	1.0	1.0	8.459871406762048e-05	Level 3.5 perturbation-aware developmental candidate	True	upstream embryo abundance, event effects, event-FDR, event modes, and claim boundary all recomputed
GAP16.24.24h_tbx16_P13_D8	1481	0.9946164199192463	1.0	0.9990723562152134	1.0	9.618504051082834e-05	Level 3.5 perturbation-aware developmental candidate	True	upstream embryo abundance, event effects, event-FDR, event modes, and claim boundary all recomputed
GAP16.24.24h_tbx16_P13_E8	1475	0.9946055293324343	1.0	0.9981447124304267	1.0	0.0001803868465076692	Level 3.5 perturbation-aware developmental candidate	True	upstream embryo abundance, event effects, event-FDR, event modes, and claim boundary all recomputed
GAP16.24.24h_tbx16_P13_F8	1474	0.9939312204989885	1.0	1.0	1.0	0.00011844125548344149	Level 3.5 perturbation-aware developmental candidate	True	upstream embryo abundance, event effects, event-FDR, event modes, and claim boundary all recomputed
GAP16.24.24h_tbx16_P13_G8	1479	0.9946127946127946	1.0	1.0	1.0	0.00012017703133319386	Level 3.5 perturbation-aware developmental candidate	True	upstream embryo abundance, event effects, event-FDR, event modes, and claim boundary all recomputed
GAP16.24.24h_tbx16_P13_H8	1478	0.9966284558327714	1.0	1.0	1.0	0.000155086399148545	Level 3.5 perturbation-aware developmental candidate	True	upstream embryo abundance, event effects, event-FDR, event modes, and claim boundary all recomputed
GAP16.24.24h_tbx1_P10_A8	1480	0.9979770734996628	1.0	1.0	1.0	4.506726839850385e-05	Level 3.5 perturbation-aware developmental candidate	True	upstream embryo abundance, event effects, event-FDR, event modes, and claim boundary all recomputed
GAP16.24.24h_tbx1_P10_B8	1480	0.9979770734996628	1.0	1.0	1.0	5.681619231482742e-05	Level 3.5 perturbation-aware developmental candidate	True	upstream embryo abundance, event effects, event-FDR, event modes, and claim boundary all recomputed
GAP16.24.24h_tbx1_P10_C8	1479	0.9946127946127946	1.0	1.0	1.0	5.146699436245857e-05	Level 3.5 perturbation-aware developmental candidate	True	upstream embryo abundance, event effects, event-FDR, event modes, and claim boundary all recomputed
GAP16.24.24h_tbx1_P10_D8	1482	0.9993256911665542	1.0	1.0	1.0	4.2222315422081246e-05	Level 3.5 perturbation-aware developmental candidate	True	upstream embryo abundance, event effects, event-FDR, event modes, and claim boundary all recomputed
GAP16.24.24h_tbx1_P10_E8	1482	0.9966329966329966	1.0	1.0	1.0	6.1032704163849484e-05	Level 3.5 perturbation-aware developmental candidate	True	upstream embryo abundance, event effects, event-FDR, event modes, and claim boundary all recomputed
GAP16.24.24h_tbx1_P10_F8	1478	0.9966284558327714	1.0	1.0	1.0	4.452194873073168e-05	Level 3.5 perturbation-aware developmental candidate	True	upstream embryo abundance, event effects, event-FDR, event modes, and claim boundary all recomputed
GAP16.24.24h_tbx1_P10_G8	1483	0.9973063973063973	1.0	1.0	1.0	4.04047337985003e-05	Level 3.5 perturbation-aware developmental candidate	True	upstream embryo abundance, event effects, event-FDR, event modes, and claim boundary all recomputed
GAP16.24.24h_tbx1_P10_H8	1479	0.9973027646662171	1.0	1.0	1.0	4.6348407416770335e-05	Level 3.5 perturbation-aware developmental candidate	True	upstream embryo abundance, event effects, event-FDR, event modes, and claim boundary all recomputed
GAP16.24.24h_tbxta_P12_A7	1478	0.9966284558327714	1.0	0.9990723562152134	1.0	3.5339791451978135e-05	Level 3.5 perturbation-aware developmental candidate	True	upstream embryo abundance, event effects, event-FDR, event modes, and claim boundary all recomputed
GAP16.24.24h_tbxta_P12_B7	1481	0.9973045822102425	1.0	1.0	1.0	5.605737030799718e-05	Level 3.5 perturbation-aware developmental candidate	True	upstream embryo abundance, event effects, event-FDR, event modes, and claim boundary all recomputed
GAP16.24.24h_tbxta_P12_C7	1479	0.9959568733153639	1.0	0.9990723562152134	1.0	8.138908228712906e-05	Level 3.5 perturbation-aware developmental candidate	True	upstream embryo abundance, event effects, event-FDR, event modes, and claim boundary all recomputed
GAP16.24.24h_tbxta_P12_D7	1481	0.9973045822102425	1.0	0.9990723562152134	1.0	6.004778511228313e-05	Level 3.5 perturbation-aware developmental candidate	True	upstream embryo abundance, event effects, event-FDR, event modes, and claim boundary all recomputed
GAP16.24.24h_tbxta_P12_E7	1480	0.9952861952861953	1.0	0.9981447124304267	1.0	3.7675447078359665e-05	Level 3.5 perturbation-aware developmental candidate	True	upstream embryo abundance, event effects, event-FDR, event modes, and claim boundary all recomputed
GAP16.24.24h_tbxta_P12_F7	1482	0.9952893674293405	1.0	0.9990723562152134	1.0	6.427479868154251e-05	Level 3.5 perturbation-aware developmental candidate	True	upstream embryo abundance, event effects, event-FDR, event modes, and claim boundary all recomputed
GAP16.24.24h_tbxta_P12_G7	1484	0.9939516129032258	1.0	0.9972170686456401	1.0	7.37631481655956e-05	Level 3.5 perturbation-aware developmental candidate	True	upstream embryo abundance, event effects, event-FDR, event modes, and claim boundary all recomputed
GAP16.24.24h_tbxta_P12_H7	1479	0.9946127946127946	1.0	0.9981447124304267	1.0	8.296692787019851e-05	Level 3.5 perturbation-aware developmental candidate	True	upstream embryo abundance, event effects, event-FDR, event modes, and claim boundary all recomputed
GAP16.24.24h_wnt3a-wnt8_P12_A8	1484	0.9966352624495289	1.0	0.9990723562152134	1.0	0.00010912230123940005	Level 3.5 perturbation-aware developmental candidate	True	upstream embryo abundance, event effects, event-FDR, event modes, and claim boundary all recomputed
GAP16.24.24h_wnt3a-wnt8_P12_B8	1484	0.9952925353059852	1.0	1.0	1.0	0.000134097377853884	Level 3.5 perturbation-aware developmental candidate	True	upstream embryo abundance, event effects, event-FDR, event modes, and claim boundary all recomputed
GAP16.24.24h_wnt3a-wnt8_P12_C8	1480	0.9979770734996628	1.0	0.9990723562152134	1.0	0.000227126970314012	Level 3.5 perturbation-aware developmental candidate	True	upstream embryo abundance, event effects, event-FDR, event modes, and claim boundary all recomputed
GAP16.24.24h_wnt3a-wnt8_P12_D8	1481	0.9986513823331086	1.0	1.0	1.0	0.00010381201108493232	Level 3.5 perturbation-aware developmental candidate	True	upstream embryo abundance, event effects, event-FDR, event modes, and claim boundary all recomputed
GAP16.24.24h_wnt3a-wnt8_P12_E8	1480	0.9979770734996628	1.0	1.0	1.0	0.00011613846554185614	Level 3.5 perturbation-aware developmental candidate	True	upstream embryo abundance, event effects, event-FDR, event modes, and claim boundary all recomputed
GAP16.24.24h_wnt3a-wnt8_P12_F8	1483	0.9932795698924731	1.0	0.9972170686456401	1.0	0.00010553502077016213	Level 3.5 perturbation-aware developmental candidate	True	upstream embryo abundance, event effects, event-FDR, event modes, and claim boundary all recomputed
GAP16.24.24h_wnt3a-wnt8_P12_G8	1481	0.9973045822102425	1.0	1.0	1.0	0.00010413761211611174	Level 3.5 perturbation-aware developmental candidate	True	upstream embryo abundance, event effects, event-FDR, event modes, and claim boundary all recomputed
GAP16.24.24h_wnt3a-wnt8_P12_H8	1481	0.9973045822102425	1.0	0.9990723562152134	1.0	0.00021192490512190117	Level 3.5 perturbation-aware developmental candidate	True	upstream embryo abundance, event effects, event-FDR, event modes, and claim boundary all recomputed
GAP16.24.24h_zc4h2_P10_A10	1485	0.9973082099596231	1.0	0.9990723562152134	1.0	3.096397300500078e-05	Level 3.5 perturbation-aware developmental candidate	True	upstream embryo abundance, event effects, event-FDR, event modes, and claim boundary all recomputed
GAP16.24.24h_zc4h2_P10_B10	1482	0.9966329966329966	1.0	1.0	1.0	3.930117035340907e-05	Level 3.5 perturbation-aware developmental candidate	True	upstream embryo abundance, event effects, event-FDR, event modes, and claim boundary all recomputed
GAP16.24.24h_zc4h2_P10_C10	1481	0.9986513823331086	1.0	1.0	1.0	4.168205165878834e-05	Level 3.5 perturbation-aware developmental candidate	True	upstream embryo abundance, event effects, event-FDR, event modes, and claim boundary all recomputed
GAP16.24.24h_zc4h2_P10_D10	1485	0.9986531986531987	1.0	0.9990723562152134	1.0	4.527816773847108e-05	Level 3.5 perturbation-aware developmental candidate	True	upstream embryo abundance, event effects, event-FDR, event modes, and claim boundary all recomputed
GAP16.24.24h_zc4h2_P10_E10	1482	0.9993256911665542	1.0	1.0	1.0	5.0087030552861094e-05	Level 3.5 perturbation-aware developmental candidate	True	upstream embryo abundance, event effects, event-FDR, event modes, and claim boundary all recomputed
GAP16.24.24h_zc4h2_P10_F10	1482	0.9966329966329966	1.0	1.0	1.0	2.698855866534595e-05	Level 3.5 perturbation-aware developmental candidate	True	upstream embryo abundance, event effects, event-FDR, event modes, and claim boundary all recomputed
GAP16.24.24h_zc4h2_P10_G10	1480	0.9979770734996628	1.0	1.0	1.0	3.6535721288899656e-05	Level 3.5 perturbation-aware developmental candidate	True	upstream embryo abundance, event effects, event-FDR, event modes, and claim boundary all recomputed
GAP16.24.24h_zc4h2_P10_H10	1480	0.9979770734996628	1.0	0.9990723562152134	1.0	2.6575291500265294e-05	Level 3.5 perturbation-aware developmental candidate	True	upstream embryo abundance, event effects, event-FDR, event modes, and claim boundary all recomputed
GAP16.36.36h_cdx4-cdx1a_P2_A7	1473	0.9932569116655429	1.0	0.9981447124304267	1.0	8.038975725105732e-05	Level 3.5 perturbation-aware developmental candidate	True	upstream embryo abundance, event effects, event-FDR, event modes, and claim boundary all recomputed
GAP16.36.36h_cdx4-cdx1a_P2_B7	1485	0.9973082099596231	1.0	0.9972170686456401	1.0	0.00014452096421194705	Level 3.5 perturbation-aware developmental candidate	True	upstream embryo abundance, event effects, event-FDR, event modes, and claim boundary all recomputed
GAP16.36.36h_cdx4-cdx1a_P2_C7	1474	0.9939312204989885	1.0	0.9981447124304267	1.0	9.10679389494115e-05	Level 3.5 perturbation-aware developmental candidate	True	upstream embryo abundance, event effects, event-FDR, event modes, and claim boundary all recomputed
GAP16.36.36h_cdx4-cdx1a_P2_D7	1484	0.997979797979798	1.0	0.9990723562152134	1.0	0.00018298251030762804	Level 3.5 perturbation-aware developmental candidate	True	upstream embryo abundance, event effects, event-FDR, event modes, and claim boundary all recomputed
GAP16.36.36h_cdx4-cdx1a_P2_E7	1479	0.9946127946127946	1.0	0.9990723562152134	1.0	4.5605649415915874e-05	Level 3.5 perturbation-aware developmental candidate	True	upstream embryo abundance, event effects, event-FDR, event modes, and claim boundary all recomputed
GAP16.36.36h_cdx4-cdx1a_P2_F7	1478	0.9966284558327714	1.0	0.9981447124304267	1.0	7.688331874503175e-05	Level 3.5 perturbation-aware developmental candidate	True	upstream embryo abundance, event effects, event-FDR, event modes, and claim boundary all recomputed
GAP16.36.36h_cdx4-cdx1a_P2_G7	1480	0.9952861952861953	1.0	0.9962894248608535	1.0	0.00010681619565469259	Level 3.5 perturbation-aware developmental candidate	True	upstream embryo abundance, event effects, event-FDR, event modes, and claim boundary all recomputed
GAP16.36.36h_cdx4-cdx1a_P2_H7	1480	0.993943472409152	1.0	0.9981447124304267	1.0	0.00012537955299405995	Level 3.5 perturbation-aware developmental candidate	True	upstream embryo abundance, event effects, event-FDR, event modes, and claim boundary all recomputed
GAP16.36.36h_cdx4_P2_A6	1480	0.9979770734996628	1.0	0.9990723562152134	1.0	0.00010215099879349709	Level 3.5 perturbation-aware developmental candidate	True	upstream embryo abundance, event effects, event-FDR, event modes, and claim boundary all recomputed
GAP16.36.36h_cdx4_P2_B6	1479	0.9973027646662171	1.0	0.9981447124304267	1.0	0.00013918383139679196	Level 3.5 perturbation-aware developmental candidate	True	upstream embryo abundance, event effects, event-FDR, event modes, and claim boundary all recomputed
GAP16.36.36h_cdx4_P2_C6	1483	1.0	1.0	0.9990723562152134	1.0	0.00014668448625068518	Level 3.5 perturbation-aware developmental candidate	True	upstream embryo abundance, event effects, event-FDR, event modes, and claim boundary all recomputed
GAP16.36.36h_cdx4_P2_D6	1481	0.9973045822102425	1.0	1.0	1.0	0.0001146304193694734	Level 3.5 perturbation-aware developmental candidate	True	upstream embryo abundance, event effects, event-FDR, event modes, and claim boundary all recomputed
GAP16.36.36h_cdx4_P2_E6	1481	0.9959595959595959	1.0	0.9962894248608535	1.0	0.00011323698602923401	Level 3.5 perturbation-aware developmental candidate	True	upstream embryo abundance, event effects, event-FDR, event modes, and claim boundary all recomputed
GAP16.36.36h_cdx4_P2_F6	1479	0.9959568733153639	1.0	0.9990723562152134	1.0	0.00020777998369639385	Level 3.5 perturbation-aware developmental candidate	True	upstream embryo abundance, event effects, event-FDR, event modes, and claim boundary all recomputed
GAP16.36.36h_cdx4_P2_G6	1480	0.9966307277628033	1.0	1.0	1.0	8.545709858005381e-05	Level 3.5 perturbation-aware developmental candidate	True	upstream embryo abundance, event effects, event-FDR, event modes, and claim boundary all recomputed
GAP16.36.36h_cdx4_P2_H6	1484	0.9966352624495289	1.0	0.9972170686456401	1.0	0.0001507343687912633	Level 3.5 perturbation-aware developmental candidate	True	upstream embryo abundance, event effects, event-FDR, event modes, and claim boundary all recomputed
GAP16.36.36h_ctrl-inj_P10_A11	1486	0.989946380697051	1.0	0.9907235621521335	1.0	6.163600588287552e-05	Level 3.5 perturbation-aware developmental candidate	True	upstream embryo abundance, event effects, event-FDR, event modes, and claim boundary all recomputed
GAP16.36.36h_ctrl-inj_P10_B11	1492	0.9899665551839465	1.0	0.9897959183673469	1.0	9.345987511216226e-05	Level 3.5 perturbation-aware developmental candidate	True	upstream embryo abundance, event effects, event-FDR, event modes, and claim boundary all recomputed
GAP16.36.36h_ctrl-inj_P10_C11	1491	0.9879679144385026	1.0	0.9990723562152134	1.0	0.00020688762061789928	Level 3.5 perturbation-aware developmental candidate	True	upstream embryo abundance, event effects, event-FDR, event modes, and claim boundary all recomputed
GAP16.36.36h_ctrl-inj_P10_D11	1488	0.9926224010731053	1.0	0.9953617810760668	1.0	8.676388123672499e-05	Level 3.5 perturbation-aware developmental candidate	True	upstream embryo abundance, event effects, event-FDR, event modes, and claim boundary all recomputed
GAP16.36.36h_ctrl-inj_P10_E11	1486	0.9926174496644296	1.0	1.0	1.0	0.00011382607175399687	Level 3.5 perturbation-aware developmental candidate	True	upstream embryo abundance, event effects, event-FDR, event modes, and claim boundary all recomputed
GAP16.36.36h_ctrl-inj_P10_F11	1493	0.9879759519038076	1.0	0.9907235621521335	1.0	0.00025540241914724264	Level 3.5 perturbation-aware developmental candidate	True	upstream embryo abundance, event effects, event-FDR, event modes, and claim boundary all recomputed
GAP16.36.36h_ctrl-inj_P10_G11	1492	0.9873079492317969	1.0	1.0	1.0	0.00018311986475827048	Level 3.5 perturbation-aware developmental candidate	True	upstream embryo abundance, event effects, event-FDR, event modes, and claim boundary all recomputed
GAP16.36.36h_ctrl-inj_P10_H11	1486	0.9926174496644296	1.0	0.9879406307977736	1.0	0.00019634306999267352	Level 3.5 perturbation-aware developmental candidate	True	upstream embryo abundance, event effects, event-FDR, event modes, and claim boundary all recomputed
GAP16.36.36h_ctrl-inj_P16_A5	1487	0.9906166219839142	1.0	1.0	1.0	0.00014065940107603277	Level 3.5 perturbation-aware developmental candidate	True	upstream embryo abundance, event effects, event-FDR, event modes, and claim boundary all recomputed
GAP16.36.36h_ctrl-inj_P16_B5	1490	0.988628762541806	1.0	1.0	1.0	0.000167292388717275	Level 3.5 perturbation-aware developmental candidate	True	upstream embryo abundance, event effects, event-FDR, event modes, and claim boundary all recomputed
GAP16.36.36h_ctrl-inj_P16_C5	1487	0.9906166219839142	1.0	0.9981447124304267	1.0	0.00018121592725641621	Level 3.5 perturbation-aware developmental candidate	True	upstream embryo abundance, event effects, event-FDR, event modes, and claim boundary all recomputed
GAP16.36.36h_ctrl-inj_P16_D5	1487	0.9879518072289156	1.0	0.9888682745825603	1.0	0.0001973907855200584	Level 3.5 perturbation-aware developmental candidate	True	upstream embryo abundance, event effects, event-FDR, event modes, and claim boundary all recomputed
GAP16.36.36h_ctrl-inj_P19_A1	1486	0.9926174496644296	1.0	0.9953617810760668	1.0	0.00011075747796893599	Level 3.5 perturbation-aware developmental candidate	True	upstream embryo abundance, event effects, event-FDR, event modes, and claim boundary all recomputed
GAP16.36.36h_ctrl-inj_P19_B1	1487	0.9973100201748487	1.0	0.9990723562152134	1.0	0.00011177658432996727	Level 3.5 perturbation-aware developmental candidate	True	upstream embryo abundance, event effects, event-FDR, event modes, and claim boundary all recomputed
GAP16.36.36h_ctrl-inj_P19_C1	1485	0.9892761394101877	1.0	0.9981447124304267	1.0	9.503488302640104e-05	Level 3.5 perturbation-aware developmental candidate	True	upstream embryo abundance, event effects, event-FDR, event modes, and claim boundary all recomputed
GAP16.36.36h_ctrl-inj_P19_D1	1487	0.9919517102615694	1.0	0.9916512059369202	1.0	9.260308910361131e-05	Level 3.5 perturbation-aware developmental candidate	True	upstream embryo abundance, event effects, event-FDR, event modes, and claim boundary all recomputed
GAP16.36.36h_ctrl-inj_P19_E1	1490	0.9926273458445041	1.0	0.9897959183673469	1.0	9.431928853372026e-05	Level 3.5 perturbation-aware developmental candidate	True	upstream embryo abundance, event effects, event-FDR, event modes, and claim boundary all recomputed
GAP16.36.36h_ctrl-inj_P19_F1	1475	0.990578734858681	1.0	0.9907235621521335	1.0	8.285036034858278e-05	Level 3.5 perturbation-aware developmental candidate	True	upstream embryo abundance, event effects, event-FDR, event modes, and claim boundary all recomputed
GAP16.36.36h_ctrl-inj_P19_G1	1487	0.9906166219839142	1.0	1.0	1.0	9.558432340984336e-05	Level 3.5 perturbation-aware developmental candidate	True	upstream embryo abundance, event effects, event-FDR, event modes, and claim boundary all recomputed
GAP16.36.36h_ctrl-inj_P19_H1	1481	0.9905977165883143	1.0	0.9907235621521335	1.0	0.00010279420724192884	Level 3.5 perturbation-aware developmental candidate	True	upstream embryo abundance, event effects, event-FDR, event modes, and claim boundary all recomputed
GAP16.36.36h_ctrl-inj_P2_A11	1490	0.988628762541806	1.0	0.9916512059369202	1.0	0.0001707555193407617	Level 3.5 perturbation-aware developmental candidate	True	upstream embryo abundance, event effects, event-FDR, event modes, and claim boundary all recomputed
GAP16.36.36h_ctrl-inj_P2_B11	1486	0.9859531772575251	1.0	0.9907235621521335	1.0	9.976966985564526e-05	Level 3.5 perturbation-aware developmental candidate	True	upstream embryo abundance, event effects, event-FDR, event modes, and claim boundary all recomputed
GAP16.36.36h_ctrl-inj_P2_C11	1485	0.9892761394101877	1.0	0.9972170686456401	1.0	0.00010528189669790787	Level 3.5 perturbation-aware developmental candidate	True	upstream embryo abundance, event effects, event-FDR, event modes, and claim boundary all recomputed
GAP16.36.36h_ctrl-inj_P2_D11	1492	0.9886363636363636	1.0	0.9916512059369202	1.0	0.00015706613965934526	Level 3.5 perturbation-aware developmental candidate	True	upstream embryo abundance, event effects, event-FDR, event modes, and claim boundary all recomputed
GAP16.36.36h_ctrl-inj_P2_E11	1481	0.9892617449664429	1.0	0.9897959183673469	1.0	9.646658873287423e-05	Level 3.5 perturbation-aware developmental candidate	True	upstream embryo abundance, event effects, event-FDR, event modes, and claim boundary all recomputed
GAP16.36.36h_ctrl-inj_P2_F11	1482	0.9912693082605776	1.0	0.9981447124304267	1.0	0.00010524200944432735	Level 3.5 perturbation-aware developmental candidate	True	upstream embryo abundance, event effects, event-FDR, event modes, and claim boundary all recomputed
GAP16.36.36h_ctrl-inj_P2_G11	1485	0.9879437374413932	1.0	0.9990723562152134	1.0	0.00015045073102143178	Level 3.5 perturbation-aware developmental candidate	True	upstream embryo abundance, event effects, event-FDR, event modes, and claim boundary all recomputed
GAP16.36.36h_ctrl-inj_P2_H11	1488	0.9939597315436242	1.0	0.9962894248608535	1.0	0.00020242614290721253	Level 3.5 perturbation-aware developmental candidate	True	upstream embryo abundance, event effects, event-FDR, event modes, and claim boundary all recomputed
GAP16.36.36h_ctrl-inj_P7_A8	1487	0.9879518072289156	1.0	0.9897959183673469	1.0	0.00034961086742675226	Level 3.5 perturbation-aware developmental candidate	True	upstream embryo abundance, event effects, event-FDR, event modes, and claim boundary all recomputed
GAP16.36.36h_ctrl-inj_P7_B8	1480	0.991263440860215	1.0	0.9888682745825603	1.0	0.00021708048459559694	Level 3.5 perturbation-aware developmental candidate	True	upstream embryo abundance, event effects, event-FDR, event modes, and claim boundary all recomputed
GAP16.36.36h_ctrl-inj_P7_C8	1485	0.9892761394101877	1.0	0.9990723562152134	1.0	0.00033348140603452285	Level 3.5 perturbation-aware developmental candidate	True	upstream embryo abundance, event effects, event-FDR, event modes, and claim boundary all recomputed
GAP16.36.36h_ctrl-inj_P7_D8	1480	0.989926124916051	1.0	0.9916512059369202	1.0	0.000184732919133415	Level 3.5 perturbation-aware developmental candidate	True	upstream embryo abundance, event effects, event-FDR, event modes, and claim boundary all recomputed
GAP16.36.36h_ctrl-inj_P9_A10	1483	0.9932795698924731	1.0	0.9990723562152134	1.0	6.685262819334477e-05	Level 3.5 perturbation-aware developmental candidate	True	upstream embryo abundance, event effects, event-FDR, event modes, and claim boundary all recomputed
GAP16.36.36h_ctrl-inj_P9_B10	1482	0.98859825620389	1.0	0.9981447124304267	1.0	9.077824920388453e-05	Level 3.5 perturbation-aware developmental candidate	True	upstream embryo abundance, event effects, event-FDR, event modes, and claim boundary all recomputed
GAP16.36.36h_ctrl-inj_P9_C10	1487	0.9919517102615694	1.0	0.9990723562152134	1.0	0.00021357640597060947	Level 3.5 perturbation-aware developmental candidate	True	upstream embryo abundance, event effects, event-FDR, event modes, and claim boundary all recomputed
GAP16.36.36h_ctrl-inj_P9_D10	1491	0.9853137516688919	1.0	0.9962894248608535	1.0	0.0002762903076453759	Level 3.5 perturbation-aware developmental candidate	True	upstream embryo abundance, event effects, event-FDR, event modes, and claim boundary all recomputed
GAP16.36.36h_ctrl-mafba_P9_E10	1490	0.9846461949265688	1.0	0.9972170686456401	1.0	0.00014565435521029073	Level 3.5 perturbation-aware developmental candidate	True	upstream embryo abundance, event effects, event-FDR, event modes, and claim boundary all recomputed
GAP16.36.36h_ctrl-mafba_P9_F10	1485	0.9879437374413932	1.0	0.9981447124304267	1.0	0.000148407183946015	Level 3.5 perturbation-aware developmental candidate	True	upstream embryo abundance, event effects, event-FDR, event modes, and claim boundary all recomputed
GAP16.36.36h_ctrl-mafba_P9_G10	1493	0.9853235490326885	1.0	0.987012987012987	1.0	0.00031683275027618126	Level 3.5 perturbation-aware developmental candidate	True	upstream embryo abundance, event effects, event-FDR, event modes, and claim boundary all recomputed
GAP16.36.36h_ctrl-mafba_P9_H10	1483	0.9852744310575636	1.0	0.9990723562152134	1.0	0.00016592743755550616	Level 3.5 perturbation-aware developmental candidate	True	upstream embryo abundance, event effects, event-FDR, event modes, and claim boundary all recomputed
GAP16.36.36h_ctrl-noto_P16_E5	1487	0.9932885906040269	1.0	1.0	1.0	8.758990544751494e-05	Level 3.5 perturbation-aware developmental candidate	True	upstream embryo abundance, event effects, event-FDR, event modes, and claim boundary all recomputed
GAP16.36.36h_ctrl-noto_P16_F5	1496	0.9899799599198397	1.0	0.9981447124304267	1.0	0.00014533913405279293	Level 3.5 perturbation-aware developmental candidate	True	upstream embryo abundance, event effects, event-FDR, event modes, and claim boundary all recomputed
GAP16.36.36h_ctrl-noto_P16_G5	1488	0.9912868632707775	1.0	1.0	1.0	0.00027814001412706824	Level 3.5 perturbation-aware developmental candidate	True	upstream embryo abundance, event effects, event-FDR, event modes, and claim boundary all recomputed
GAP16.36.36h_ctrl-noto_P16_H5	1490	0.9872994652406417	1.0	0.9990723562152134	1.0	0.0003620195727333571	Level 3.5 perturbation-aware developmental candidate	True	upstream embryo abundance, event effects, event-FDR, event modes, and claim boundary all recomputed
GAP16.36.36h_egr2b_P16_A7	1482	0.9993256911665542	1.0	1.0	1.0	1.2969585294844868e-05	Level 3.5 perturbation-aware developmental candidate	True	upstream embryo abundance, event effects, event-FDR, event modes, and claim boundary all recomputed
GAP16.36.36h_egr2b_P16_B7	1482	0.9993256911665542	1.0	1.0	1.0	1.5564926085343796e-05	Level 3.5 perturbation-aware developmental candidate	True	upstream embryo abundance, event effects, event-FDR, event modes, and claim boundary all recomputed
GAP16.36.36h_egr2b_P16_C7	1483	0.9986522911051213	1.0	1.0	1.0	4.259049368364447e-05	Level 3.5 perturbation-aware developmental candidate	True	upstream embryo abundance, event effects, event-FDR, event modes, and claim boundary all recomputed
GAP16.36.36h_egr2b_P16_D7	1482	0.9993256911665542	1.0	1.0	1.0	4.454055797392026e-05	Level 3.5 perturbation-aware developmental candidate	True	upstream embryo abundance, event effects, event-FDR, event modes, and claim boundary all recomputed
GAP16.36.36h_egr2b_P16_E7	1483	1.0	1.0	1.0	1.0	3.0677758025062775e-05	Level 3.5 perturbation-aware developmental candidate	True	upstream embryo abundance, event effects, event-FDR, event modes, and claim boundary all recomputed
GAP16.36.36h_egr2b_P16_F7	1486	0.9966375252185609	1.0	1.0	1.0	1.5025347121384526e-05	Level 3.5 perturbation-aware developmental candidate	True	upstream embryo abundance, event effects, event-FDR, event modes, and claim boundary all recomputed
GAP16.36.36h_egr2b_P16_G7	1484	0.9993261455525606	1.0	1.0	1.0	3.822181368757477e-05	Level 3.5 perturbation-aware developmental candidate	True	upstream embryo abundance, event effects, event-FDR, event modes, and claim boundary all recomputed
GAP16.36.36h_egr2b_P16_H7	1483	0.9986522911051213	1.0	1.0	1.0	1.0181470146299402e-05	Level 3.5 perturbation-aware developmental candidate	True	upstream embryo abundance, event effects, event-FDR, event modes, and claim boundary all recomputed
GAP16.36.36h_epha4a_P16_A8	1482	0.9993256911665542	1.0	1.0	1.0	2.3848001519286015e-05	Level 3.5 perturbation-aware developmental candidate	True	upstream embryo abundance, event effects, event-FDR, event modes, and claim boundary all recomputed
GAP16.36.36h_epha4a_P16_B8	1485	0.9986531986531987	1.0	1.0	1.0	1.1959607178791966e-05	Level 3.5 perturbation-aware developmental candidate	True	upstream embryo abundance, event effects, event-FDR, event modes, and claim boundary all recomputed
GAP16.36.36h_epha4a_P16_C8	1483	0.9973063973063973	1.0	1.0	1.0	1.4519590424737878e-05	Level 3.5 perturbation-aware developmental candidate	True	upstream embryo abundance, event effects, event-FDR, event modes, and claim boundary all recomputed
GAP16.36.36h_epha4a_P16_D8	1482	0.9993256911665542	1.0	1.0	1.0	2.1903076013117438e-05	Level 3.5 perturbation-aware developmental candidate	True	upstream embryo abundance, event effects, event-FDR, event modes, and claim boundary all recomputed
GAP16.36.36h_epha4a_P16_E8	1484	0.997979797979798	1.0	1.0	1.0	2.358145955405907e-05	Level 3.5 perturbation-aware developmental candidate	True	upstream embryo abundance, event effects, event-FDR, event modes, and claim boundary all recomputed
GAP16.36.36h_epha4a_P16_F8	1482	0.9993256911665542	1.0	1.0	1.0	1.3778313447289907e-05	Level 3.5 perturbation-aware developmental candidate	True	upstream embryo abundance, event effects, event-FDR, event modes, and claim boundary all recomputed
GAP16.36.36h_epha4a_P16_G8	1486	0.9979811574697174	1.0	1.0	1.0	2.3431963607434846e-05	Level 3.5 perturbation-aware developmental candidate	True	upstream embryo abundance, event effects, event-FDR, event modes, and claim boundary all recomputed
GAP16.36.36h_epha4a_P16_H8	1483	1.0	1.0	1.0	1.0	9.248594988116857e-06	Level 3.5 perturbation-aware developmental candidate	True	upstream embryo abundance, event effects, event-FDR, event modes, and claim boundary all recomputed
GAP16.36.36h_foxd3_P2_A12	1481	0.9986513823331086	1.0	1.0	1.0	1.1789345219187294e-05	Level 3.5 perturbation-aware developmental candidate	True	upstream embryo abundance, event effects, event-FDR, event modes, and claim boundary all recomputed
GAP16.36.36h_foxd3_P2_B12	1480	0.9979770734996628	1.0	1.0	1.0	1.591548739192979e-05	Level 3.5 perturbation-aware developmental candidate	True	upstream embryo abundance, event effects, event-FDR, event modes, and claim boundary all recomputed
GAP16.36.36h_foxd3_P2_C12	1479	0.9973027646662171	1.0	1.0	1.0	8.297292120123567e-06	Level 3.5 perturbation-aware developmental candidate	True	upstream embryo abundance, event effects, event-FDR, event modes, and claim boundary all recomputed
GAP16.36.36h_foxd3_P2_D12	1480	0.9966307277628033	1.0	1.0	1.0	1.1426931301038739e-05	Level 3.5 perturbation-aware developmental candidate	True	upstream embryo abundance, event effects, event-FDR, event modes, and claim boundary all recomputed
GAP16.36.36h_foxd3_P2_E12	1482	0.9966329966329966	1.0	1.0	1.0	1.6857198328665714e-05	Level 3.5 perturbation-aware developmental candidate	True	upstream embryo abundance, event effects, event-FDR, event modes, and claim boundary all recomputed
GAP16.36.36h_foxd3_P2_F12	1481	0.9986513823331086	1.0	0.9990723562152134	1.0	2.0237623507459174e-05	Level 3.5 perturbation-aware developmental candidate	True	upstream embryo abundance, event effects, event-FDR, event modes, and claim boundary all recomputed
GAP16.36.36h_foxd3_P2_G12	1481	0.9986513823331086	1.0	1.0	1.0	1.0795232572036785e-05	Level 3.5 perturbation-aware developmental candidate	True	upstream embryo abundance, event effects, event-FDR, event modes, and claim boundary all recomputed
GAP16.36.36h_foxd3_P2_H12	1483	0.9973063973063973	1.0	1.0	1.0	1.345535590697493e-05	Level 3.5 perturbation-aware developmental candidate	True	upstream embryo abundance, event effects, event-FDR, event modes, and claim boundary all recomputed
GAP16.36.36h_hand2_P2_A1	1483	1.0	1.0	1.0	1.0	1.272142039801569e-05	Level 3.5 perturbation-aware developmental candidate	True	upstream embryo abundance, event effects, event-FDR, event modes, and claim boundary all recomputed
GAP16.36.36h_hand2_P2_B1	1483	1.0	1.0	1.0	1.0	7.099303286587498e-06	Level 3.5 perturbation-aware developmental candidate	True	upstream embryo abundance, event effects, event-FDR, event modes, and claim boundary all recomputed
GAP16.36.36h_hand2_P2_C1	1486	0.9979811574697174	1.0	1.0	1.0	8.542585038126284e-06	Level 3.5 perturbation-aware developmental candidate	True	upstream embryo abundance, event effects, event-FDR, event modes, and claim boundary all recomputed
GAP16.36.36h_hand2_P2_D1	1484	0.9993261455525606	1.0	0.9990723562152134	0.9901960784313726	1.88837809563714e-05	Level 3.5 perturbation-aware developmental candidate	True	upstream embryo abundance, event effects, event-FDR, event modes, and claim boundary all recomputed
GAP16.36.36h_hand2_P2_E1	1487	0.9973100201748487	1.0	0.9990723562152134	1.0	1.6775593314176877e-05	Level 3.5 perturbation-aware developmental candidate	True	upstream embryo abundance, event effects, event-FDR, event modes, and claim boundary all recomputed
GAP16.36.36h_hand2_P2_F1	1484	0.9993261455525606	1.0	0.9990723562152134	0.9901960784313726	9.376220945592801e-06	Level 3.5 perturbation-aware developmental candidate	True	upstream embryo abundance, event effects, event-FDR, event modes, and claim boundary all recomputed
GAP16.36.36h_hand2_P2_G1	1483	1.0	1.0	1.0	1.0	1.545943639403606e-05	Level 3.5 perturbation-aware developmental candidate	True	upstream embryo abundance, event effects, event-FDR, event modes, and claim boundary all recomputed
GAP16.36.36h_hand2_P2_H1	1483	1.0	1.0	1.0	1.0	1.4034431843669827e-05	Level 3.5 perturbation-aware developmental candidate	True	upstream embryo abundance, event effects, event-FDR, event modes, and claim boundary all recomputed
GAP16.36.36h_hgfa_P3_A2	1484	0.997979797979798	1.0	1.0	1.0	2.083388077510152e-05	Level 3.5 perturbation-aware developmental candidate	True	upstream embryo abundance, event effects, event-FDR, event modes, and claim boundary all recomputed
GAP16.36.36h_hgfa_P3_B2	1483	1.0	1.0	1.0	1.0	1.0921875493284344e-05	Level 3.5 perturbation-aware developmental candidate	True	upstream embryo abundance, event effects, event-FDR, event modes, and claim boundary all recomputed
GAP16.36.36h_hgfa_P3_C2	1483	0.9986522911051213	1.0	1.0	1.0	2.1816231666305845e-05	Level 3.5 perturbation-aware developmental candidate	True	upstream embryo abundance, event effects, event-FDR, event modes, and claim boundary all recomputed
GAP16.36.36h_hgfa_P3_D2	1483	1.0	1.0	1.0	1.0	2.902532462644973e-05	Level 3.5 perturbation-aware developmental candidate	True	upstream embryo abundance, event effects, event-FDR, event modes, and claim boundary all recomputed
GAP16.36.36h_hgfa_P3_E2	1483	0.9986522911051213	1.0	1.0	1.0	1.9345312289957073e-05	Level 3.5 perturbation-aware developmental candidate	True	upstream embryo abundance, event effects, event-FDR, event modes, and claim boundary all recomputed
GAP16.36.36h_hgfa_P3_F2	1484	0.997979797979798	1.0	1.0	1.0	1.2871342669681119e-05	Level 3.5 perturbation-aware developmental candidate	True	upstream embryo abundance, event effects, event-FDR, event modes, and claim boundary all recomputed
GAP16.36.36h_hgfa_P3_G2	1484	0.9993261455525606	1.0	1.0	1.0	1.586472513839329e-05	Level 3.5 perturbation-aware developmental candidate	True	upstream embryo abundance, event effects, event-FDR, event modes, and claim boundary all recomputed
GAP16.36.36h_hgfa_P3_H2	1483	0.9986522911051213	1.0	1.0	1.0	1.2112243541243774e-05	Level 3.5 perturbation-aware developmental candidate	True	upstream embryo abundance, event effects, event-FDR, event modes, and claim boundary all recomputed
GAP16.36.36h_hoxb1a_P7_A2	1479	0.9959568733153639	1.0	0.9981447124304267	1.0	0.00017283369356914174	Level 3.5 perturbation-aware developmental candidate	True	upstream embryo abundance, event effects, event-FDR, event modes, and claim boundary all recomputed
GAP16.36.36h_hoxb1a_P7_B2	1479	0.9973027646662171	1.0	1.0	1.0	0.00021643681793767796	Level 3.5 perturbation-aware developmental candidate	True	upstream embryo abundance, event effects, event-FDR, event modes, and claim boundary all recomputed
GAP16.36.36h_hoxb1a_P7_C2	1482	0.9979784366576819	1.0	0.9990723562152134	1.0	0.00019628196434867107	Level 3.5 perturbation-aware developmental candidate	True	upstream embryo abundance, event effects, event-FDR, event modes, and claim boundary all recomputed
GAP16.36.36h_hoxb1a_P7_D2	1479	0.9973027646662171	1.0	1.0	1.0	0.00015078328648376917	Level 3.5 perturbation-aware developmental candidate	True	upstream embryo abundance, event effects, event-FDR, event modes, and claim boundary all recomputed
GAP16.36.36h_hoxb1a_P7_E2	1481	0.9986513823331086	1.0	1.0	1.0	0.00013733813294578104	Level 3.5 perturbation-aware developmental candidate	True	upstream embryo abundance, event effects, event-FDR, event modes, and claim boundary all recomputed
GAP16.36.36h_hoxb1a_P7_F2	1481	0.9973045822102425	1.0	1.0	1.0	9.074768704844784e-05	Level 3.5 perturbation-aware developmental candidate	True	upstream embryo abundance, event effects, event-FDR, event modes, and claim boundary all recomputed
GAP16.36.36h_hoxb1a_P7_G2	1482	0.9966329966329966	1.0	1.0	1.0	0.0001583892775184407	Level 3.5 perturbation-aware developmental candidate	True	upstream embryo abundance, event effects, event-FDR, event modes, and claim boundary all recomputed
GAP16.36.36h_hoxb1a_P7_H2	1483	0.9986522911051213	1.0	1.0	1.0	9.823773660092578e-05	Level 3.5 perturbation-aware developmental candidate	True	upstream embryo abundance, event effects, event-FDR, event modes, and claim boundary all recomputed
GAP16.36.36h_mafba-mut_P9_A11	1482	0.9993256911665542	1.0	1.0	1.0	2.4018840910471084e-05	Level 3.5 perturbation-aware developmental candidate	True	upstream embryo abundance, event effects, event-FDR, event modes, and claim boundary all recomputed
GAP16.36.36h_mafba-mut_P9_B11	1481	0.9986513823331086	1.0	1.0	1.0	7.659605207123817e-05	Level 3.5 perturbation-aware developmental candidate	True	upstream embryo abundance, event effects, event-FDR, event modes, and claim boundary all recomputed
GAP16.36.36h_mafba-mut_P9_C11	1482	0.9979784366576819	1.0	1.0	1.0	0.00011728135525608607	Level 3.5 perturbation-aware developmental candidate	True	upstream embryo abundance, event effects, event-FDR, event modes, and claim boundary all recomputed
GAP16.36.36h_mafba-mut_P9_D11	1482	0.9952893674293405	1.0	1.0	1.0	7.505783647577758e-05	Level 3.5 perturbation-aware developmental candidate	True	upstream embryo abundance, event effects, event-FDR, event modes, and claim boundary all recomputed
GAP16.36.36h_mafba-mut_P9_E11	1481	0.9986513823331086	1.0	1.0	1.0	5.483915983128896e-05	Level 3.5 perturbation-aware developmental candidate	True	upstream embryo abundance, event effects, event-FDR, event modes, and claim boundary all recomputed
GAP16.36.36h_mafba-mut_P9_F11	1484	0.997979797979798	1.0	1.0	1.0	4.7979771806468057e-05	Level 3.5 perturbation-aware developmental candidate	True	upstream embryo abundance, event effects, event-FDR, event modes, and claim boundary all recomputed
GAP16.36.36h_mafba-mut_P9_G11	1492	0.9939678284182306	1.0	1.0	1.0	9.880233166164129e-05	Level 3.5 perturbation-aware developmental candidate	True	upstream embryo abundance, event effects, event-FDR, event modes, and claim boundary all recomputed
GAP16.36.36h_mafba-mut_P9_H11	1479	0.9973027646662171	1.0	1.0	1.0	5.394286089599457e-05	Level 3.5 perturbation-aware developmental candidate	True	upstream embryo abundance, event effects, event-FDR, event modes, and claim boundary all recomputed
GAP16.36.36h_mafba_P9_A12	1482	0.9993256911665542	1.0	1.0	1.0	5.7418952206003436e-05	Level 3.5 perturbation-aware developmental candidate	True	upstream embryo abundance, event effects, event-FDR, event modes, and claim boundary all recomputed
GAP16.36.36h_mafba_P9_B12	1483	0.9986522911051213	1.0	1.0	1.0	9.52549554530983e-05	Level 3.5 perturbation-aware developmental candidate	True	upstream embryo abundance, event effects, event-FDR, event modes, and claim boundary all recomputed
GAP16.36.36h_mafba_P9_C12	1483	0.9986522911051213	1.0	1.0	1.0	2.1597849294915492e-05	Level 3.5 perturbation-aware developmental candidate	True	upstream embryo abundance, event effects, event-FDR, event modes, and claim boundary all recomputed
GAP16.36.36h_mafba_P9_D12	1482	0.9993256911665542	1.0	1.0	1.0	0.00019078520764850018	Level 3.5 perturbation-aware developmental candidate	True	upstream embryo abundance, event effects, event-FDR, event modes, and claim boundary all recomputed
GAP16.36.36h_mafba_P9_E12	1486	0.9979811574697174	1.0	1.0	1.0	0.00010217132342373711	Level 3.5 perturbation-aware developmental candidate	True	upstream embryo abundance, event effects, event-FDR, event modes, and claim boundary all recomputed
GAP16.36.36h_mafba_P9_F12	1482	0.9993256911665542	1.0	0.9990723562152134	1.0	7.0810886279478e-05	Level 3.5 perturbation-aware developmental candidate	True	upstream embryo abundance, event effects, event-FDR, event modes, and claim boundary all recomputed
GAP16.36.36h_mafba_P9_G12	1484	0.9993261455525606	1.0	0.9990723562152134	1.0	8.453767103210218e-05	Level 3.5 perturbation-aware developmental candidate	True	upstream embryo abundance, event effects, event-FDR, event modes, and claim boundary all recomputed
GAP16.36.36h_mafba_P9_H12	1483	0.9986522911051213	1.0	0.9990723562152134	1.0	4.633745040074705e-05	Level 3.5 perturbation-aware developmental candidate	True	upstream embryo abundance, event effects, event-FDR, event modes, and claim boundary all recomputed
GAP16.36.36h_met_P7_A10	1481	0.9986513823331086	1.0	1.0	1.0	0.00019980336310320278	Level 3.5 perturbation-aware developmental candidate	True	upstream embryo abundance, event effects, event-FDR, event modes, and claim boundary all recomputed
GAP16.36.36h_met_P7_B10	1481	0.9986513823331086	1.0	1.0	1.0	9.734859469807944e-05	Level 3.5 perturbation-aware developmental candidate	True	upstream embryo abundance, event effects, event-FDR, event modes, and claim boundary all recomputed
GAP16.36.36h_met_P7_C10	1482	0.9979784366576819	1.0	1.0	1.0	0.00011849244941771913	Level 3.5 perturbation-aware developmental candidate	True	upstream embryo abundance, event effects, event-FDR, event modes, and claim boundary all recomputed
GAP16.36.36h_met_P7_D10	1483	0.9973063973063973	1.0	1.0	1.0	6.520106175944981e-05	Level 3.5 perturbation-aware developmental candidate	True	upstream embryo abundance, event effects, event-FDR, event modes, and claim boundary all recomputed
GAP16.36.36h_met_P7_E10	1480	0.9979770734996628	1.0	0.9990723562152134	1.0	0.00011226192244133972	Level 3.5 perturbation-aware developmental candidate	True	upstream embryo abundance, event effects, event-FDR, event modes, and claim boundary all recomputed
GAP16.36.36h_met_P7_F10	1485	0.9973082099596231	1.0	0.9981447124304267	1.0	0.00031633271806750797	Level 3.5 perturbation-aware developmental candidate	True	upstream embryo abundance, event effects, event-FDR, event modes, and claim boundary all recomputed
GAP16.36.36h_met_P7_G10	1483	0.9973063973063973	1.0	1.0	1.0	0.0005875608512344534	Level 3.5 perturbation-aware developmental candidate	True	upstream embryo abundance, event effects, event-FDR, event modes, and claim boundary all recomputed
GAP16.36.36h_met_P7_H10	1486	0.9966375252185609	1.0	1.0	1.0	0.00011030647785670547	Level 3.5 perturbation-aware developmental candidate	True	upstream embryo abundance, event effects, event-FDR, event modes, and claim boundary all recomputed
GAP16.36.36h_noto-mut_P16_A6	1480	0.9966307277628033	1.0	1.0	1.0	4.860831444538506e-05	Level 3.5 perturbation-aware developmental candidate	True	upstream embryo abundance, event effects, event-FDR, event modes, and claim boundary all recomputed
GAP16.36.36h_noto-mut_P16_B6	1481	0.9973045822102425	1.0	1.0	1.0	6.415321771044233e-05	Level 3.5 perturbation-aware developmental candidate	True	upstream embryo abundance, event effects, event-FDR, event modes, and claim boundary all recomputed
GAP16.36.36h_noto-mut_P16_C6	1480	0.9952861952861953	1.0	1.0	1.0	4.647682483039463e-05	Level 3.5 perturbation-aware developmental candidate	True	upstream embryo abundance, event effects, event-FDR, event modes, and claim boundary all recomputed
GAP16.36.36h_noto-mut_P16_D6	1478	0.9952830188679245	1.0	1.0	1.0	4.657350415917794e-05	Level 3.5 perturbation-aware developmental candidate	True	upstream embryo abundance, event effects, event-FDR, event modes, and claim boundary all recomputed
GAP16.36.36h_noto-mut_P16_E6	1479	0.9973027646662171	1.0	1.0	1.0	3.1749948915830566e-05	Level 3.5 perturbation-aware developmental candidate	True	upstream embryo abundance, event effects, event-FDR, event modes, and claim boundary all recomputed
GAP16.36.36h_noto-mut_P16_F6	1479	0.9959568733153639	1.0	1.0	1.0	0.00010759903179648818	Level 3.5 perturbation-aware developmental candidate	True	upstream embryo abundance, event effects, event-FDR, event modes, and claim boundary all recomputed
GAP16.36.36h_noto-mut_P16_G6	1478	0.9966284558327714	1.0	1.0	1.0	3.3722569760952434e-05	Level 3.5 perturbation-aware developmental candidate	True	upstream embryo abundance, event effects, event-FDR, event modes, and claim boundary all recomputed
GAP16.36.36h_noto-mut_P16_H6	1482	0.9952893674293405	1.0	1.0	1.0	3.961205855119066e-05	Level 3.5 perturbation-aware developmental candidate	True	upstream embryo abundance, event effects, event-FDR, event modes, and claim boundary all recomputed
GAP16.36.36h_noto_P19_A5	1479	0.9973027646662171	1.0	1.0	1.0	8.669764452095226e-05	Level 3.5 perturbation-aware developmental candidate	True	upstream embryo abundance, event effects, event-FDR, event modes, and claim boundary all recomputed
GAP16.36.36h_noto_P19_B5	1479	0.9946127946127946	1.0	0.9981447124304267	1.0	0.0001089130202523169	Level 3.5 perturbation-aware developmental candidate	True	upstream embryo abundance, event effects, event-FDR, event modes, and claim boundary all recomputed
GAP16.36.36h_noto_P19_C5	1482	0.9952893674293405	1.0	0.9990723562152134	1.0	0.00012641569067712904	Level 3.5 perturbation-aware developmental candidate	True	upstream embryo abundance, event effects, event-FDR, event modes, and claim boundary all recomputed
GAP16.36.36h_noto_P19_D5	1481	0.9973045822102425	1.0	0.9990723562152134	1.0	0.00021993113958149584	Level 3.5 perturbation-aware developmental candidate	True	upstream embryo abundance, event effects, event-FDR, event modes, and claim boundary all recomputed
GAP16.36.36h_noto_P19_E5	1481	0.9959595959595959	1.0	1.0	1.0	0.0001612091081572829	Level 3.5 perturbation-aware developmental candidate	True	upstream embryo abundance, event effects, event-FDR, event modes, and claim boundary all recomputed
GAP16.36.36h_noto_P19_F5	1478	0.9966284558327714	1.0	1.0	1.0	8.043210949749017e-05	Level 3.5 perturbation-aware developmental candidate	True	upstream embryo abundance, event effects, event-FDR, event modes, and claim boundary all recomputed
GAP16.36.36h_noto_P19_G5	1480	0.9952861952861953	1.0	0.9990723562152134	1.0	5.7924894218468264e-05	Level 3.5 perturbation-aware developmental candidate	True	upstream embryo abundance, event effects, event-FDR, event modes, and claim boundary all recomputed
GAP16.36.36h_noto_P19_H5	1484	0.9952925353059852	1.0	1.0	1.0	0.0001082125516472673	Level 3.5 perturbation-aware developmental candidate	True	upstream embryo abundance, event effects, event-FDR, event modes, and claim boundary all recomputed
GAP16.36.36h_phox2a_P2_A3	1484	0.9993261455525606	1.0	1.0	1.0	3.4803593295073794e-05	Level 3.5 perturbation-aware developmental candidate	True	upstream embryo abundance, event effects, event-FDR, event modes, and claim boundary all recomputed
GAP16.36.36h_phox2a_P2_B3	1481	0.9986513823331086	1.0	1.0	1.0	4.44911710298447e-05	Level 3.5 perturbation-aware developmental candidate	True	upstream embryo abundance, event effects, event-FDR, event modes, and claim boundary all recomputed
GAP16.36.36h_phox2a_P2_C3	1484	0.997979797979798	1.0	1.0	1.0	4.126833289592407e-05	Level 3.5 perturbation-aware developmental candidate	True	upstream embryo abundance, event effects, event-FDR, event modes, and claim boundary all recomputed
GAP16.36.36h_phox2a_P2_D3	1481	0.9986513823331086	1.0	1.0	1.0	6.910204961450126e-05	Level 3.5 perturbation-aware developmental candidate	True	upstream embryo abundance, event effects, event-FDR, event modes, and claim boundary all recomputed
GAP16.36.36h_phox2a_P2_E3	1481	0.9986513823331086	1.0	1.0	1.0	7.897606896070914e-05	Level 3.5 perturbation-aware developmental candidate	True	upstream embryo abundance, event effects, event-FDR, event modes, and claim boundary all recomputed
GAP16.36.36h_phox2a_P2_F3	1486	0.9966375252185609	1.0	1.0	1.0	0.00010078919534534537	Level 3.5 perturbation-aware developmental candidate	True	upstream embryo abundance, event effects, event-FDR, event modes, and claim boundary all recomputed
GAP16.36.36h_phox2a_P2_G3	1483	1.0	1.0	1.0	1.0	4.803583934646123e-05	Level 3.5 perturbation-aware developmental candidate	True	upstream embryo abundance, event effects, event-FDR, event modes, and claim boundary all recomputed
GAP16.36.36h_phox2a_P2_H3	1482	0.9979784366576819	1.0	1.0	1.0	5.062960688429909e-05	Level 3.5 perturbation-aware developmental candidate	True	upstream embryo abundance, event effects, event-FDR, event modes, and claim boundary all recomputed
GAP16.36.36h_smo_P19_A6	1481	0.9959595959595959	1.0	1.0	1.0	0.0001034325465853205	Level 3.5 perturbation-aware developmental candidate	True	upstream embryo abundance, event effects, event-FDR, event modes, and claim boundary all recomputed
GAP16.36.36h_smo_P19_B6	1482	0.9966329966329966	1.0	1.0	1.0	0.00025687581297923807	Level 3.5 perturbation-aware developmental candidate	True	upstream embryo abundance, event effects, event-FDR, event modes, and claim boundary all recomputed
GAP16.36.36h_smo_P19_C6	1479	0.9959568733153639	1.0	1.0	1.0	6.363592758408906e-05	Level 3.5 perturbation-aware developmental candidate	True	upstream embryo abundance, event effects, event-FDR, event modes, and claim boundary all recomputed
GAP16.36.36h_smo_P19_D6	1484	0.9993261455525606	1.0	1.0	1.0	0.00021034366191298838	Level 3.5 perturbation-aware developmental candidate	True	upstream embryo abundance, event effects, event-FDR, event modes, and claim boundary all recomputed
GAP16.36.36h_smo_P19_E6	1482	0.9966329966329966	1.0	0.9990723562152134	0.9901960784313726	0.0002149643395326253	Level 3.5 perturbation-aware developmental candidate	True	upstream embryo abundance, event effects, event-FDR, event modes, and claim boundary all recomputed
GAP16.36.36h_smo_P19_F6	1482	0.9952893674293405	1.0	0.9990723562152134	0.9901960784313726	0.00018721618472483109	Level 3.5 perturbation-aware developmental candidate	True	upstream embryo abundance, event effects, event-FDR, event modes, and claim boundary all recomputed
GAP16.36.36h_smo_P19_G6	1480	0.9979770734996628	1.0	1.0	1.0	5.1819197383299693e-05	Level 3.5 perturbation-aware developmental candidate	True	upstream embryo abundance, event effects, event-FDR, event modes, and claim boundary all recomputed
GAP16.36.36h_smo_P19_H6	1481	0.9986513823331086	1.0	1.0	1.0	7.626889326077764e-05	Level 3.5 perturbation-aware developmental candidate	True	upstream embryo abundance, event effects, event-FDR, event modes, and claim boundary all recomputed
GAP16.36.36h_tbx16-msgn1_P19_A3	1485	0.995965030262273	1.0	1.0	1.0	0.00013106787008114232	Level 3.5 perturbation-aware developmental candidate	True	upstream embryo abundance, event effects, event-FDR, event modes, and claim boundary all recomputed
GAP16.36.36h_tbx16-msgn1_P19_B3	1481	0.9973045822102425	1.0	1.0	1.0	6.411582686969388e-05	Level 3.5 perturbation-aware developmental candidate	True	upstream embryo abundance, event effects, event-FDR, event modes, and claim boundary all recomputed
GAP16.36.36h_tbx16-msgn1_P19_C3	1483	0.9959623149394348	1.0	1.0	1.0	5.4474155060153466e-05	Level 3.5 perturbation-aware developmental candidate	True	upstream embryo abundance, event effects, event-FDR, event modes, and claim boundary all recomputed
GAP16.36.36h_tbx16-msgn1_P19_D3	1481	0.9986513823331086	1.0	1.0	1.0	5.0370987982294955e-05	Level 3.5 perturbation-aware developmental candidate	True	upstream embryo abundance, event effects, event-FDR, event modes, and claim boundary all recomputed
GAP16.36.36h_tbx16-msgn1_P19_E3	1482	0.9979784366576819	1.0	1.0	1.0	0.00014126034102078508	Level 3.5 perturbation-aware developmental candidate	True	upstream embryo abundance, event effects, event-FDR, event modes, and claim boundary all recomputed
GAP16.36.36h_tbx16-msgn1_P19_F3	1484	0.9966352624495289	1.0	1.0	1.0	7.012685367069427e-05	Level 3.5 perturbation-aware developmental candidate	True	upstream embryo abundance, event effects, event-FDR, event modes, and claim boundary all recomputed
GAP16.36.36h_tbx16-msgn1_P19_G3	1482	0.9966329966329966	1.0	1.0	1.0	4.680230303006263e-05	Level 3.5 perturbation-aware developmental candidate	True	upstream embryo abundance, event effects, event-FDR, event modes, and claim boundary all recomputed
GAP16.36.36h_tbx16-msgn1_P19_H3	1479	0.9959568733153639	1.0	1.0	1.0	6.188287268469107e-05	Level 3.5 perturbation-aware developmental candidate	True	upstream embryo abundance, event effects, event-FDR, event modes, and claim boundary all recomputed
GAP16.36.36h_tbx16-tbx16l_P19_A4	1480	0.9952861952861953	1.0	0.9990723562152134	1.0	9.29069378580113e-05	Level 3.5 perturbation-aware developmental candidate	True	upstream embryo abundance, event effects, event-FDR, event modes, and claim boundary all recomputed
GAP16.36.36h_tbx16-tbx16l_P19_B4	1482	0.9966329966329966	1.0	1.0	1.0	0.000147809316008892	Level 3.5 perturbation-aware developmental candidate	True	upstream embryo abundance, event effects, event-FDR, event modes, and claim boundary all recomputed
GAP16.36.36h_tbx16-tbx16l_P19_C4	1479	0.9946127946127946	1.0	0.9981447124304267	1.0	0.00021487548418215954	Level 3.5 perturbation-aware developmental candidate	True	upstream embryo abundance, event effects, event-FDR, event modes, and claim boundary all recomputed
GAP16.36.36h_tbx16-tbx16l_P19_D4	1479	0.9946127946127946	1.0	1.0	1.0	0.00014056338513188313	Level 3.5 perturbation-aware developmental candidate	True	upstream embryo abundance, event effects, event-FDR, event modes, and claim boundary all recomputed
GAP16.36.36h_tbx16-tbx16l_P19_E4	1481	0.9946164199192463	1.0	0.9981447124304267	1.0	0.000133088376987155	Level 3.5 perturbation-aware developmental candidate	True	upstream embryo abundance, event effects, event-FDR, event modes, and claim boundary all recomputed
GAP16.36.36h_tbx16-tbx16l_P19_F4	1478	0.9966284558327714	1.0	1.0	1.0	0.00015499814641793094	Level 3.5 perturbation-aware developmental candidate	True	upstream embryo abundance, event effects, event-FDR, event modes, and claim boundary all recomputed
GAP16.36.36h_tbx16-tbx16l_P19_G4	1478	0.9952830188679245	1.0	1.0	1.0	9.05239251427516e-05	Level 3.5 perturbation-aware developmental candidate	True	upstream embryo abundance, event effects, event-FDR, event modes, and claim boundary all recomputed
GAP16.36.36h_tbx16-tbx16l_P19_H4	1478	0.9966284558327714	1.0	0.9990723562152134	1.0	0.000139477983454502	Level 3.5 perturbation-aware developmental candidate	True	upstream embryo abundance, event effects, event-FDR, event modes, and claim boundary all recomputed
GAP16.36.36h_tbx16_P19_A2	1480	0.9979770734996628	1.0	0.9990723562152134	1.0	6.656091740767958e-05	Level 3.5 perturbation-aware developmental candidate	True	upstream embryo abundance, event effects, event-FDR, event modes, and claim boundary all recomputed
GAP16.36.36h_tbx16_P19_B2	1478	0.9952830188679245	1.0	0.9990723562152134	1.0	7.29552701993899e-05	Level 3.5 perturbation-aware developmental candidate	True	upstream embryo abundance, event effects, event-FDR, event modes, and claim boundary all recomputed
GAP16.36.36h_tbx16_P19_C2	1479	0.9959568733153639	1.0	1.0	1.0	4.356182455757186e-05	Level 3.5 perturbation-aware developmental candidate	True	upstream embryo abundance, event effects, event-FDR, event modes, and claim boundary all recomputed
GAP16.36.36h_tbx16_P19_D2	1480	0.9966307277628033	1.0	0.9981447124304267	0.9900990099009901	5.0630007088261816e-05	Level 3.5 perturbation-aware developmental candidate	True	upstream embryo abundance, event effects, event-FDR, event modes, and claim boundary all recomputed
GAP16.36.36h_tbx16_P19_E2	1479	0.9946127946127946	1.0	0.9981447124304267	0.9900990099009901	6.979510903782275e-05	Level 3.5 perturbation-aware developmental candidate	True	upstream embryo abundance, event effects, event-FDR, event modes, and claim boundary all recomputed
GAP16.36.36h_tbx16_P19_F2	1482	0.9966329966329966	1.0	0.9981447124304267	1.0	8.577032430786713e-05	Level 3.5 perturbation-aware developmental candidate	True	upstream embryo abundance, event effects, event-FDR, event modes, and claim boundary all recomputed
GAP16.36.36h_tbx16_P19_G2	1479	0.9959568733153639	1.0	0.9990723562152134	0.9900990099009901	5.653493770274415e-05	Level 3.5 perturbation-aware developmental candidate	True	upstream embryo abundance, event effects, event-FDR, event modes, and claim boundary all recomputed
GAP16.36.36h_tbx16_P19_H2	1478	0.9939393939393939	1.0	0.9990723562152134	1.0	7.372563347128902e-05	Level 3.5 perturbation-aware developmental candidate	True	upstream embryo abundance, event effects, event-FDR, event modes, and claim boundary all recomputed
GAP16.36.36h_tbx1_P10_A12	1480	0.9966307277628033	1.0	0.9990723562152134	1.0	2.6718409374894024e-05	Level 3.5 perturbation-aware developmental candidate	True	upstream embryo abundance, event effects, event-FDR, event modes, and claim boundary all recomputed
GAP16.36.36h_tbx1_P10_B12	1485	0.9973082099596231	1.0	1.0	1.0	5.3799997317791093e-05	Level 3.5 perturbation-aware developmental candidate	True	upstream embryo abundance, event effects, event-FDR, event modes, and claim boundary all recomputed
GAP16.36.36h_tbx1_P10_C12	1480	0.9979770734996628	1.0	0.9990723562152134	1.0	2.0861251466535633e-05	Level 3.5 perturbation-aware developmental candidate	True	upstream embryo abundance, event effects, event-FDR, event modes, and claim boundary all recomputed
GAP16.36.36h_tbx1_P10_D12	1481	0.9959595959595959	1.0	1.0	1.0	3.213072138286696e-05	Level 3.5 perturbation-aware developmental candidate	True	upstream embryo abundance, event effects, event-FDR, event modes, and claim boundary all recomputed
GAP16.36.36h_tbx1_P10_E12	1479	0.9959568733153639	1.0	1.0	1.0	3.762624926077381e-05	Level 3.5 perturbation-aware developmental candidate	True	upstream embryo abundance, event effects, event-FDR, event modes, and claim boundary all recomputed
GAP16.36.36h_tbx1_P10_F12	1480	0.993943472409152	1.0	1.0	1.0	4.6780059576049825e-05	Level 3.5 perturbation-aware developmental candidate	True	upstream embryo abundance, event effects, event-FDR, event modes, and claim boundary all recomputed
GAP16.36.36h_tbx1_P10_G12	1474	0.9939312204989885	1.0	0.9990723562152134	1.0	3.100204980239931e-05	Level 3.5 perturbation-aware developmental candidate	True	upstream embryo abundance, event effects, event-FDR, event modes, and claim boundary all recomputed
GAP16.36.36h_tbx1_P10_H12	1481	0.9986513823331086	1.0	0.9990723562152134	1.0	5.3062612362574976e-05	Level 3.5 perturbation-aware developmental candidate	True	upstream embryo abundance, event effects, event-FDR, event modes, and claim boundary all recomputed
GAP16.36.36h_tbxta_P2_A4	1479	0.9959568733153639	1.0	0.9981447124304267	1.0	0.00013877808176547717	Level 3.5 perturbation-aware developmental candidate	True	upstream embryo abundance, event effects, event-FDR, event modes, and claim boundary all recomputed
GAP16.36.36h_tbxta_P2_B4	1480	0.9979770734996628	1.0	0.9990723562152134	1.0	7.273068105819381e-05	Level 3.5 perturbation-aware developmental candidate	True	upstream embryo abundance, event effects, event-FDR, event modes, and claim boundary all recomputed
GAP16.36.36h_tbxta_P2_C4	1481	0.9946164199192463	1.0	1.0	1.0	9.17875997863364e-05	Level 3.5 perturbation-aware developmental candidate	True	upstream embryo abundance, event effects, event-FDR, event modes, and claim boundary all recomputed
GAP16.36.36h_tbxta_P2_D4	1473	0.9919137466307277	1.0	1.0	1.0	0.00010210466021118487	Level 3.5 perturbation-aware developmental candidate	True	upstream embryo abundance, event effects, event-FDR, event modes, and claim boundary all recomputed
GAP16.36.36h_tbxta_P2_E4	1480	0.993943472409152	1.0	0.9962894248608535	1.0	7.305924571616912e-05	Level 3.5 perturbation-aware developmental candidate	True	upstream embryo abundance, event effects, event-FDR, event modes, and claim boundary all recomputed
GAP16.36.36h_tbxta_P2_G4	1480	0.993943472409152	1.0	1.0	1.0	0.00018612836646515258	Level 3.5 perturbation-aware developmental candidate	True	upstream embryo abundance, event effects, event-FDR, event modes, and claim boundary all recomputed
GAP16.36.36h_tbxta_P2_H4	1479	0.9959568733153639	1.0	0.9972170686456401	1.0	0.00011226779316902585	Level 3.5 perturbation-aware developmental candidate	True	upstream embryo abundance, event effects, event-FDR, event modes, and claim boundary all recomputed
GAP16.36.36h_tfap2a-foxd3_P3_A1	1485	0.9946236559139785	1.0	1.0	1.0	3.7903593133944506e-05	Level 3.5 perturbation-aware developmental candidate	True	upstream embryo abundance, event effects, event-FDR, event modes, and claim boundary all recomputed
GAP16.36.36h_tfap2a-foxd3_P3_B1	1480	0.9952861952861953	1.0	1.0	1.0	4.9325454876586084e-05	Level 3.5 perturbation-aware developmental candidate	True	upstream embryo abundance, event effects, event-FDR, event modes, and claim boundary all recomputed
GAP16.36.36h_tfap2a-foxd3_P3_C1	1479	0.9959568733153639	1.0	1.0	1.0	5.855367051892955e-05	Level 3.5 perturbation-aware developmental candidate	True	upstream embryo abundance, event effects, event-FDR, event modes, and claim boundary all recomputed
GAP16.36.36h_tfap2a-foxd3_P3_D1	1478	0.9966284558327714	1.0	0.9990723562152134	1.0	4.1214127892394593e-05	Level 3.5 perturbation-aware developmental candidate	True	upstream embryo abundance, event effects, event-FDR, event modes, and claim boundary all recomputed
GAP16.36.36h_tfap2a-foxd3_P3_F1	1480	0.9952861952861953	1.0	1.0	1.0	3.902873335094149e-05	Level 3.5 perturbation-aware developmental candidate	True	upstream embryo abundance, event effects, event-FDR, event modes, and claim boundary all recomputed
GAP16.36.36h_tfap2a-foxd3_P3_G1	1482	0.9939475453934096	1.0	1.0	1.0	3.307336289023937e-05	Level 3.5 perturbation-aware developmental candidate	True	upstream embryo abundance, event effects, event-FDR, event modes, and claim boundary all recomputed
GAP16.36.36h_tfap2a-foxd3_P3_H1	1479	0.9946127946127946	1.0	0.9990723562152134	1.0	0.00010561869043286949	Level 3.5 perturbation-aware developmental candidate	True	upstream embryo abundance, event effects, event-FDR, event modes, and claim boundary all recomputed
GAP16.36.36h_tfap2a_P7_A9	1483	0.9986522911051213	1.0	0.9990723562152134	1.0	0.00020130488556028558	Level 3.5 perturbation-aware developmental candidate	True	upstream embryo abundance, event effects, event-FDR, event modes, and claim boundary all recomputed
GAP16.36.36h_tfap2a_P7_B9	1481	0.9986513823331086	1.0	0.9990723562152134	1.0	0.00022425768351608377	Level 3.5 perturbation-aware developmental candidate	True	upstream embryo abundance, event effects, event-FDR, event modes, and claim boundary all recomputed
GAP16.36.36h_tfap2a_P7_C9	1482	0.9979784366576819	1.0	0.9981447124304267	1.0	0.00015523233934890577	Level 3.5 perturbation-aware developmental candidate	True	upstream embryo abundance, event effects, event-FDR, event modes, and claim boundary all recomputed
GAP16.36.36h_tfap2a_P7_D9	1483	0.9973063973063973	1.0	0.9990723562152134	1.0	3.763711888850382e-05	Level 3.5 perturbation-aware developmental candidate	True	upstream embryo abundance, event effects, event-FDR, event modes, and claim boundary all recomputed
GAP16.36.36h_tfap2a_P7_E8	1482	0.9979784366576819	1.0	1.0	1.0	3.743997937914927e-05	Level 3.5 perturbation-aware developmental candidate	True	upstream embryo abundance, event effects, event-FDR, event modes, and claim boundary all recomputed
GAP16.36.36h_tfap2a_P7_E9	1483	0.9986522911051213	1.0	1.0	1.0	6.763686410445093e-05	Level 3.5 perturbation-aware developmental candidate	True	upstream embryo abundance, event effects, event-FDR, event modes, and claim boundary all recomputed
GAP16.36.36h_tfap2a_P7_F8	1484	0.997979797979798	1.0	1.0	1.0	9.379859876057867e-05	Level 3.5 perturbation-aware developmental candidate	True	upstream embryo abundance, event effects, event-FDR, event modes, and claim boundary all recomputed
GAP16.36.36h_tfap2a_P7_F9	1482	0.9993256911665542	1.0	0.9981447124304267	1.0	5.0375484796806924e-05	Level 3.5 perturbation-aware developmental candidate	True	upstream embryo abundance, event effects, event-FDR, event modes, and claim boundary all recomputed
GAP16.36.36h_tfap2a_P7_G8	1483	0.9986522911051213	1.0	1.0	1.0	0.00010041574284375525	Level 3.5 perturbation-aware developmental candidate	True	upstream embryo abundance, event effects, event-FDR, event modes, and claim boundary all recomputed
GAP16.36.36h_tfap2a_P7_G9	1485	0.9986531986531987	1.0	0.9981447124304267	1.0	7.268544900562016e-05	Level 3.5 perturbation-aware developmental candidate	True	upstream embryo abundance, event effects, event-FDR, event modes, and claim boundary all recomputed
GAP16.36.36h_tfap2a_P7_H8	1483	0.9973063973063973	1.0	1.0	1.0	0.000157222236795144	Level 3.5 perturbation-aware developmental candidate	True	upstream embryo abundance, event effects, event-FDR, event modes, and claim boundary all recomputed
GAP16.36.36h_tfap2a_P7_H9	1490	0.993963782696177	1.0	0.9990723562152134	1.0	0.0003624478460818918	Level 3.5 perturbation-aware developmental candidate	True	upstream embryo abundance, event effects, event-FDR, event modes, and claim boundary all recomputed
GAP16.36.36h_wnt3a-wnt8_P2_A5	1479	0.9946127946127946	1.0	0.9972170686456401	1.0	0.00018180615922561486	Level 3.5 perturbation-aware developmental candidate	True	upstream embryo abundance, event effects, event-FDR, event modes, and claim boundary all recomputed
GAP16.36.36h_wnt3a-wnt8_P2_B5	1482	0.9952893674293405	1.0	0.9990723562152134	1.0	0.00014755077510052373	Level 3.5 perturbation-aware developmental candidate	True	upstream embryo abundance, event effects, event-FDR, event modes, and claim boundary all recomputed
GAP16.36.36h_wnt3a-wnt8_P2_C5	1480	0.9979770734996628	1.0	1.0	1.0	9.221719476259109e-05	Level 3.5 perturbation-aware developmental candidate	True	upstream embryo abundance, event effects, event-FDR, event modes, and claim boundary all recomputed
GAP16.36.36h_wnt3a-wnt8_P2_D5	1483	0.9959623149394348	1.0	0.9990723562152134	1.0	0.00019036552742430354	Level 3.5 perturbation-aware developmental candidate	True	upstream embryo abundance, event effects, event-FDR, event modes, and claim boundary all recomputed
GAP16.36.36h_wnt3a-wnt8_P2_E5	1482	0.9966329966329966	1.0	1.0	1.0	0.0001249978114203591	Level 3.5 perturbation-aware developmental candidate	True	upstream embryo abundance, event effects, event-FDR, event modes, and claim boundary all recomputed
GAP16.36.36h_wnt3a-wnt8_P2_F5	1479	0.9959568733153639	1.0	0.9990723562152134	1.0	0.00015383051566636525	Level 3.5 perturbation-aware developmental candidate	True	upstream embryo abundance, event effects, event-FDR, event modes, and claim boundary all recomputed
GAP16.36.36h_wnt3a-wnt8_P2_G5	1483	0.9959623149394348	1.0	1.0	1.0	0.0001756028248920661	Level 3.5 perturbation-aware developmental candidate	True	upstream embryo abundance, event effects, event-FDR, event modes, and claim boundary all recomputed
GAP16.36.36h_wnt3a-wnt8_P2_H5	1480	0.9966307277628033	1.0	0.9981447124304267	1.0	0.00022198669667580922	Level 3.5 perturbation-aware developmental candidate	True	upstream embryo abundance, event effects, event-FDR, event modes, and claim boundary all recomputed
GAP16.36.36h_zc4h2_P2_A2	1481	0.9986513823331086	1.0	1.0	1.0	3.980233923433356e-05	Level 3.5 perturbation-aware developmental candidate	True	upstream embryo abundance, event effects, event-FDR, event modes, and claim boundary all recomputed
GAP16.36.36h_zc4h2_P2_B2	1483	0.9986522911051213	1.0	0.9990723562152134	1.0	2.293491165290926e-05	Level 3.5 perturbation-aware developmental candidate	True	upstream embryo abundance, event effects, event-FDR, event modes, and claim boundary all recomputed
GAP16.36.36h_zc4h2_P2_C2	1482	0.9966329966329966	1.0	1.0	1.0	3.856093147711657e-05	Level 3.5 perturbation-aware developmental candidate	True	upstream embryo abundance, event effects, event-FDR, event modes, and claim boundary all recomputed
GAP16.36.36h_zc4h2_P2_D2	1490	0.993963782696177	1.0	1.0	1.0	7.430292861302494e-05	Level 3.5 perturbation-aware developmental candidate	True	upstream embryo abundance, event effects, event-FDR, event modes, and claim boundary all recomputed
GAP16.36.36h_zc4h2_P2_E2	1479	0.9973027646662171	1.0	1.0	1.0	2.759173376864718e-05	Level 3.5 perturbation-aware developmental candidate	True	upstream embryo abundance, event effects, event-FDR, event modes, and claim boundary all recomputed
GAP16.36.36h_zc4h2_P2_F2	1480	0.9979770734996628	1.0	1.0	1.0	2.9045621591244717e-05	Level 3.5 perturbation-aware developmental candidate	True	upstream embryo abundance, event effects, event-FDR, event modes, and claim boundary all recomputed
GAP16.36.36h_zc4h2_P2_G2	1483	0.9973063973063973	1.0	1.0	1.0	3.804291196316875e-05	Level 3.5 perturbation-aware developmental candidate	True	upstream embryo abundance, event effects, event-FDR, event modes, and claim boundary all recomputed
GAP16.36.36h_zc4h2_P2_H2	1480	0.9966307277628033	1.0	0.9990723562152134	1.0	4.6544735737578446e-05	Level 3.5 perturbation-aware developmental candidate	True	upstream embryo abundance, event effects, event-FDR, event modes, and claim boundary all recomputed
GAP16.48.48h_ctrl-hgfa_P16_A2	1485	0.9932840832773674	1.0	1.0	1.0	6.108483515696247e-05	Level 3.5 perturbation-aware developmental candidate	True	upstream embryo abundance, event effects, event-FDR, event modes, and claim boundary all recomputed
GAP16.48.48h_ctrl-hgfa_P16_B2	1488	0.9952988582941572	1.0	0.9981447124304267	1.0	0.0001757809782684323	Level 3.5 perturbation-aware developmental candidate	True	upstream embryo abundance, event effects, event-FDR, event modes, and claim boundary all recomputed
GAP16.48.48h_ctrl-hgfa_P16_C2	1482	0.9939475453934096	1.0	0.9990723562152134	1.0	8.146335944669348e-05	Level 3.5 perturbation-aware developmental candidate	True	upstream embryo abundance, event effects, event-FDR, event modes, and claim boundary all recomputed
GAP16.48.48h_ctrl-hgfa_P16_D2	1487	0.9959677419354839	1.0	0.9981447124304267	1.0	9.254342208761522e-05	Level 3.5 perturbation-aware developmental candidate	True	upstream embryo abundance, event effects, event-FDR, event modes, and claim boundary all recomputed
GAP16.48.48h_ctrl-hgfa_P16_E2	1486	0.9952956989247311	1.0	0.9981447124304267	1.0	0.0001086100962101261	Level 3.5 perturbation-aware developmental candidate	True	upstream embryo abundance, event effects, event-FDR, event modes, and claim boundary all recomputed
GAP16.48.48h_ctrl-hgfa_P16_F2	1485	0.995965030262273	1.0	0.9981447124304267	1.0	0.00011449283949372665	Level 3.5 perturbation-aware developmental candidate	True	upstream embryo abundance, event effects, event-FDR, event modes, and claim boundary all recomputed
GAP16.48.48h_ctrl-hgfa_P16_G2	1492	0.9912985274431058	1.0	0.9990723562152134	1.0	0.0003489422726393077	Level 3.5 perturbation-aware developmental candidate	True	upstream embryo abundance, event effects, event-FDR, event modes, and claim boundary all recomputed
GAP16.48.48h_ctrl-hgfa_P16_H2	1493	0.9919678714859438	1.0	0.9981447124304267	1.0	9.236603929002866e-05	Level 3.5 perturbation-aware developmental candidate	True	upstream embryo abundance, event effects, event-FDR, event modes, and claim boundary all recomputed
GAP16.48.48h_ctrl-inj_P10_A2	1485	0.9906103286384976	1.0	0.9990723562152134	1.0	8.529705351248454e-05	Level 3.5 perturbation-aware developmental candidate	True	upstream embryo abundance, event effects, event-FDR, event modes, and claim boundary all recomputed
GAP16.48.48h_ctrl-inj_P10_B2	1488	0.9952988582941572	1.0	0.9981447124304267	1.0	7.165765627947675e-05	Level 3.5 perturbation-aware developmental candidate	True	upstream embryo abundance, event effects, event-FDR, event modes, and claim boundary all recomputed
GAP16.48.48h_ctrl-inj_P10_C2	1491	0.9919624916275954	1.0	0.9981447124304267	1.0	5.381304221137952e-05	Level 3.5 perturbation-aware developmental candidate	True	upstream embryo abundance, event effects, event-FDR, event modes, and claim boundary all recomputed
GAP16.48.48h_ctrl-inj_P10_D2	1482	0.9952893674293405	1.0	1.0	1.0	6.072935482424582e-05	Level 3.5 perturbation-aware developmental candidate	True	upstream embryo abundance, event effects, event-FDR, event modes, and claim boundary all recomputed
GAP16.48.48h_ctrl-inj_P16_A9	1484	0.991275167785235	1.0	0.9972170686456401	1.0	7.803428712865694e-05	Level 3.5 perturbation-aware developmental candidate	True	upstream embryo abundance, event effects, event-FDR, event modes, and claim boundary all recomputed
GAP16.48.48h_ctrl-inj_P16_B9	1489	0.9932930918846412	1.0	0.9981447124304267	1.0	6.0832517792518995e-05	Level 3.5 perturbation-aware developmental candidate	True	upstream embryo abundance, event effects, event-FDR, event modes, and claim boundary all recomputed
GAP16.48.48h_ctrl-inj_P16_C9	1488	0.9926224010731053	1.0	1.0	1.0	9.1666447762008e-05	Level 3.5 perturbation-aware developmental candidate	True	upstream embryo abundance, event effects, event-FDR, event modes, and claim boundary all recomputed
GAP16.48.48h_ctrl-inj_P16_D9	1490	0.9926273458445041	1.0	0.9981447124304267	1.0	5.809890703972192e-05	Level 3.5 perturbation-aware developmental candidate	True	upstream embryo abundance, event effects, event-FDR, event modes, and claim boundary all recomputed
GAP16.48.48h_ctrl-inj_P2_A8	1482	0.9899328859060402	1.0	0.9962894248608535	1.0	0.00011583727234472173	Level 3.5 perturbation-aware developmental candidate	True	upstream embryo abundance, event effects, event-FDR, event modes, and claim boundary all recomputed
GAP16.48.48h_ctrl-inj_P2_B8	1483	0.9906040268456375	1.0	0.9990723562152134	1.0	0.00018168405729047135	Level 3.5 perturbation-aware developmental candidate	True	upstream embryo abundance, event effects, event-FDR, event modes, and claim boundary all recomputed
GAP16.48.48h_ctrl-inj_P2_C8	1484	0.991275167785235	1.0	0.9990723562152134	1.0	0.0001740797766200303	Level 3.5 perturbation-aware developmental candidate	True	upstream embryo abundance, event effects, event-FDR, event modes, and claim boundary all recomputed
GAP16.48.48h_ctrl-inj_P2_D8	1473	0.9919137466307277	1.0	0.9981447124304267	1.0	0.00013479710055514153	Level 3.5 perturbation-aware developmental candidate	True	upstream embryo abundance, event effects, event-FDR, event modes, and claim boundary all recomputed
GAP16.48.48h_ctrl-inj_P3_A3	1479	0.9959568733153639	1.0	0.9981447124304267	1.0	0.00011572260767539327	Level 3.5 perturbation-aware developmental candidate	True	upstream embryo abundance, event effects, event-FDR, event modes, and claim boundary all recomputed
GAP16.48.48h_ctrl-inj_P3_B3	1485	0.9946236559139785	1.0	0.9990723562152134	1.0	0.00011110116653037077	Level 3.5 perturbation-aware developmental candidate	True	upstream embryo abundance, event effects, event-FDR, event modes, and claim boundary all recomputed
GAP16.48.48h_ctrl-inj_P3_C3	1486	0.9952956989247311	1.0	0.9990723562152134	1.0	0.00014322942396686648	Level 3.5 perturbation-aware developmental candidate	True	upstream embryo abundance, event effects, event-FDR, event modes, and claim boundary all recomputed
GAP16.48.48h_ctrl-inj_P3_D3	1483	0.9959623149394348	1.0	0.9990723562152134	1.0	7.253137517309574e-05	Level 3.5 perturbation-aware developmental candidate	True	upstream embryo abundance, event effects, event-FDR, event modes, and claim boundary all recomputed
GAP16.48.48h_ctrl-inj_P3_E3	1484	0.991275167785235	1.0	0.9981447124304267	1.0	6.822079434141787e-05	Level 3.5 perturbation-aware developmental candidate	True	upstream embryo abundance, event effects, event-FDR, event modes, and claim boundary all recomputed
GAP16.48.48h_ctrl-inj_P3_F3	1483	0.9959623149394348	1.0	1.0	1.0	0.00012715409625716333	Level 3.5 perturbation-aware developmental candidate	True	upstream embryo abundance, event effects, event-FDR, event modes, and claim boundary all recomputed
GAP16.48.48h_ctrl-inj_P3_G3	1485	0.9973082099596231	1.0	1.0	1.0	4.794606523818224e-05	Level 3.5 perturbation-aware developmental candidate	True	upstream embryo abundance, event effects, event-FDR, event modes, and claim boundary all recomputed
GAP16.48.48h_ctrl-inj_P3_H3	1489	0.9946308724832215	1.0	1.0	1.0	0.00013195904191782543	Level 3.5 perturbation-aware developmental candidate	True	upstream embryo abundance, event effects, event-FDR, event modes, and claim boundary all recomputed
GAP16.48.48h_ctrl-inj_P7_A3	1486	0.9952956989247311	1.0	0.9990723562152134	1.0	0.00012151932390910113	Level 3.5 perturbation-aware developmental candidate	True	upstream embryo abundance, event effects, event-FDR, event modes, and claim boundary all recomputed
GAP16.48.48h_ctrl-inj_P7_B3	1488	0.9952988582941572	1.0	0.9981447124304267	1.0	0.00018572705733653738	Level 3.5 perturbation-aware developmental candidate	True	upstream embryo abundance, event effects, event-FDR, event modes, and claim boundary all recomputed
GAP16.48.48h_ctrl-inj_P7_C3	1486	0.9939556749496307	1.0	0.9990723562152134	1.0	9.882330204944119e-05	Level 3.5 perturbation-aware developmental candidate	True	upstream embryo abundance, event effects, event-FDR, event modes, and claim boundary all recomputed
GAP16.48.48h_ctrl-inj_P7_D3	1487	0.9919517102615694	1.0	0.9981447124304267	1.0	5.5757159422607475e-05	Level 3.5 perturbation-aware developmental candidate	True	upstream embryo abundance, event effects, event-FDR, event modes, and claim boundary all recomputed
GAP16.48.48h_ctrl-mafba_P7_E3	1487	0.9946272666218939	1.0	0.9962894248608535	1.0	0.00018090277805780984	Level 3.5 perturbation-aware developmental candidate	True	upstream embryo abundance, event effects, event-FDR, event modes, and claim boundary all recomputed
GAP16.48.48h_ctrl-mafba_P7_F3	1488	0.9952988582941572	1.0	0.9990723562152134	1.0	6.49544062397746e-05	Level 3.5 perturbation-aware developmental candidate	True	upstream embryo abundance, event effects, event-FDR, event modes, and claim boundary all recomputed
GAP16.48.48h_ctrl-mafba_P7_G3	1485	0.9932840832773674	1.0	0.9972170686456401	1.0	0.00020115240584584048	Level 3.5 perturbation-aware developmental candidate	True	upstream embryo abundance, event effects, event-FDR, event modes, and claim boundary all recomputed
GAP16.48.48h_ctrl-mafba_P7_H3	1485	0.9919463087248322	1.0	0.9990723562152134	1.0	0.0001023641665724817	Level 3.5 perturbation-aware developmental candidate	True	upstream embryo abundance, event effects, event-FDR, event modes, and claim boundary all recomputed
GAP16.48.48h_ctrl-met_P10_E2	1486	0.9952956989247311	1.0	0.9990723562152134	1.0	8.873822282071114e-05	Level 3.5 perturbation-aware developmental candidate	True	upstream embryo abundance, event effects, event-FDR, event modes, and claim boundary all recomputed
GAP16.48.48h_ctrl-met_P10_F2	1482	0.9952893674293405	1.0	0.9990723562152134	1.0	0.00018483033009307752	Level 3.5 perturbation-aware developmental candidate	True	upstream embryo abundance, event effects, event-FDR, event modes, and claim boundary all recomputed
GAP16.48.48h_ctrl-met_P10_G2	1482	0.9912693082605776	1.0	0.9962894248608535	1.0	0.0001236108840884448	Level 3.5 perturbation-aware developmental candidate	True	upstream embryo abundance, event effects, event-FDR, event modes, and claim boundary all recomputed
GAP16.48.48h_ctrl-met_P10_H2	1478	0.9899193548387096	1.0	0.9962894248608535	1.0	9.612297540503777e-05	Level 3.5 perturbation-aware developmental candidate	True	upstream embryo abundance, event effects, event-FDR, event modes, and claim boundary all recomputed
GAP16.48.48h_ctrl-noto_P16_E9	1490	0.9912926992632284	1.0	0.9990723562152134	1.0	4.636907824227867e-05	Level 3.5 perturbation-aware developmental candidate	True	upstream embryo abundance, event effects, event-FDR, event modes, and claim boundary all recomputed
GAP16.48.48h_ctrl-noto_P16_F9	1481	0.9946164199192463	1.0	0.9990723562152134	1.0	3.900530191240479e-05	Level 3.5 perturbation-aware developmental candidate	True	upstream embryo abundance, event effects, event-FDR, event modes, and claim boundary all recomputed
GAP16.48.48h_ctrl-noto_P16_G9	1489	0.9946308724832215	1.0	1.0	1.0	8.283012186956464e-05	Level 3.5 perturbation-aware developmental candidate	True	upstream embryo abundance, event effects, event-FDR, event modes, and claim boundary all recomputed
GAP16.48.48h_ctrl-noto_P16_H9	1483	0.9973063973063973	1.0	0.9981447124304267	1.0	2.2935369293040195e-05	Level 3.5 perturbation-aware developmental candidate	True	upstream embryo abundance, event effects, event-FDR, event modes, and claim boundary all recomputed
GAP16.48.48h_egr2b_P16_A11	1485	0.9973082099596231	1.0	0.9990723562152134	1.0	7.164890417069661e-05	Level 3.5 perturbation-aware developmental candidate	True	upstream embryo abundance, event effects, event-FDR, event modes, and claim boundary all recomputed
GAP16.48.48h_egr2b_P16_B11	1483	0.9973063973063973	1.0	0.9990723562152134	1.0	3.566675332933264e-05	Level 3.5 perturbation-aware developmental candidate	True	upstream embryo abundance, event effects, event-FDR, event modes, and claim boundary all recomputed
GAP16.48.48h_egr2b_P16_C11	1483	0.9986522911051213	1.0	0.9990723562152134	1.0	4.986792268485843e-05	Level 3.5 perturbation-aware developmental candidate	True	upstream embryo abundance, event effects, event-FDR, event modes, and claim boundary all recomputed
GAP16.48.48h_egr2b_P16_D11	1482	0.9979784366576819	1.0	1.0	1.0	3.429331850101364e-05	Level 3.5 perturbation-aware developmental candidate	True	upstream embryo abundance, event effects, event-FDR, event modes, and claim boundary all recomputed
GAP16.48.48h_egr2b_P16_E11	1481	0.9973045822102425	1.0	1.0	1.0	1.3158432063040363e-05	Level 3.5 perturbation-aware developmental candidate	True	upstream embryo abundance, event effects, event-FDR, event modes, and claim boundary all recomputed
GAP16.48.48h_egr2b_P16_F11	1482	0.9979784366576819	1.0	1.0	1.0	6.271739427250083e-05	Level 3.5 perturbation-aware developmental candidate	True	upstream embryo abundance, event effects, event-FDR, event modes, and claim boundary all recomputed
GAP16.48.48h_egr2b_P16_G11	1481	0.9986513823331086	1.0	1.0	1.0	1.0878131791313998e-05	Level 3.5 perturbation-aware developmental candidate	True	upstream embryo abundance, event effects, event-FDR, event modes, and claim boundary all recomputed
GAP16.48.48h_egr2b_P16_H11	1482	0.9993256911665542	1.0	1.0	1.0	5.798824316265285e-05	Level 3.5 perturbation-aware developmental candidate	True	upstream embryo abundance, event effects, event-FDR, event modes, and claim boundary all recomputed
GAP16.48.48h_epha4a_P16_A12	1479	0.9973027646662171	1.0	1.0	1.0	2.1408236460945624e-05	Level 3.5 perturbation-aware developmental candidate	True	upstream embryo abundance, event effects, event-FDR, event modes, and claim boundary all recomputed
GAP16.48.48h_epha4a_P16_B12	1485	0.9973082099596231	1.0	1.0	1.0	3.692371419528821e-05	Level 3.5 perturbation-aware developmental candidate	True	upstream embryo abundance, event effects, event-FDR, event modes, and claim boundary all recomputed
GAP16.48.48h_epha4a_P16_C12	1483	0.9959623149394348	1.0	1.0	1.0	2.940544229151631e-05	Level 3.5 perturbation-aware developmental candidate	True	upstream embryo abundance, event effects, event-FDR, event modes, and claim boundary all recomputed
GAP16.48.48h_epha4a_P16_D12	1480	0.9966307277628033	1.0	0.9990723562152134	1.0	3.197766928991286e-05	Level 3.5 perturbation-aware developmental candidate	True	upstream embryo abundance, event effects, event-FDR, event modes, and claim boundary all recomputed
GAP16.48.48h_epha4a_P16_E12	1481	0.9986513823331086	1.0	1.0	1.0	1.297726548920117e-05	Level 3.5 perturbation-aware developmental candidate	True	upstream embryo abundance, event effects, event-FDR, event modes, and claim boundary all recomputed
GAP16.48.48h_epha4a_P16_F12	1481	0.9973045822102425	1.0	1.0	1.0	1.8028829344319278e-05	Level 3.5 perturbation-aware developmental candidate	True	upstream embryo abundance, event effects, event-FDR, event modes, and claim boundary all recomputed
GAP16.48.48h_epha4a_P16_G12	1485	0.9973082099596231	1.0	1.0	1.0	5.113396063861715e-05	Level 3.5 perturbation-aware developmental candidate	True	upstream embryo abundance, event effects, event-FDR, event modes, and claim boundary all recomputed
GAP16.48.48h_epha4a_P16_H12	1486	0.9952956989247311	1.0	0.9990723562152134	1.0	3.4367513813741044e-05	Level 3.5 perturbation-aware developmental candidate	True	upstream embryo abundance, event effects, event-FDR, event modes, and claim boundary all recomputed
GAP16.48.48h_foxd3_P3_A4	1483	0.9946200403496974	1.0	0.9990723562152134	1.0	4.7834651376331864e-05	Level 3.5 perturbation-aware developmental candidate	True	upstream embryo abundance, event effects, event-FDR, event modes, and claim boundary all recomputed
GAP16.48.48h_foxd3_P3_B4	1483	0.9973063973063973	1.0	1.0	1.0	5.462751070986511e-05	Level 3.5 perturbation-aware developmental candidate	True	upstream embryo abundance, event effects, event-FDR, event modes, and claim boundary all recomputed
GAP16.48.48h_foxd3_P3_C4	1479	0.9932705248990579	1.0	1.0	1.0	5.826871660727028e-05	Level 3.5 perturbation-aware developmental candidate	True	upstream embryo abundance, event effects, event-FDR, event modes, and claim boundary all recomputed
GAP16.48.48h_foxd3_P3_D4	1479	0.9973027646662171	1.0	1.0	1.0	2.9280288472869724e-05	Level 3.5 perturbation-aware developmental candidate	True	upstream embryo abundance, event effects, event-FDR, event modes, and claim boundary all recomputed
GAP16.48.48h_foxd3_P3_E4	1480	0.9952861952861953	1.0	1.0	1.0	7.629094045774029e-05	Level 3.5 perturbation-aware developmental candidate	True	upstream embryo abundance, event effects, event-FDR, event modes, and claim boundary all recomputed
GAP16.48.48h_foxd3_P3_F4	1482	0.9966329966329966	1.0	1.0	1.0	0.00010772382506432894	Level 3.5 perturbation-aware developmental candidate	True	upstream embryo abundance, event effects, event-FDR, event modes, and claim boundary all recomputed
GAP16.48.48h_foxd3_P3_G4	1480	0.993943472409152	1.0	1.0	1.0	2.94832275829148e-05	Level 3.5 perturbation-aware developmental candidate	True	upstream embryo abundance, event effects, event-FDR, event modes, and claim boundary all recomputed
GAP16.48.48h_foxd3_P3_H4	1479	0.9959568733153639	1.0	0.9990723562152134	1.0	4.62330061997688e-05	Level 3.5 perturbation-aware developmental candidate	True	upstream embryo abundance, event effects, event-FDR, event modes, and claim boundary all recomputed
GAP16.48.48h_foxi1_P16_A3	1479	0.9973027646662171	1.0	1.0	1.0	5.357081709186276e-05	Level 3.5 perturbation-aware developmental candidate	True	upstream embryo abundance, event effects, event-FDR, event modes, and claim boundary all recomputed
GAP16.48.48h_foxi1_P16_B3	1479	0.9959568733153639	1.0	0.9990723562152134	1.0	3.086692835616776e-05	Level 3.5 perturbation-aware developmental candidate	True	upstream embryo abundance, event effects, event-FDR, event modes, and claim boundary all recomputed
GAP16.48.48h_foxi1_P16_C3	1479	0.9959568733153639	1.0	1.0	1.0	4.383007698060236e-05	Level 3.5 perturbation-aware developmental candidate	True	upstream embryo abundance, event effects, event-FDR, event modes, and claim boundary all recomputed
GAP16.48.48h_foxi1_P16_D3	1480	0.9979770734996628	1.0	1.0	1.0	0.00015273931632217127	Level 3.5 perturbation-aware developmental candidate	True	upstream embryo abundance, event effects, event-FDR, event modes, and claim boundary all recomputed
GAP16.48.48h_foxi1_P16_E3	1473	0.9932569116655429	1.0	1.0	1.0	0.00010663532764370348	Level 3.5 perturbation-aware developmental candidate	True	upstream embryo abundance, event effects, event-FDR, event modes, and claim boundary all recomputed
GAP16.48.48h_foxi1_P16_F3	1479	0.9973027646662171	1.0	1.0	1.0	9.917379976373723e-05	Level 3.5 perturbation-aware developmental candidate	True	upstream embryo abundance, event effects, event-FDR, event modes, and claim boundary all recomputed
GAP16.48.48h_foxi1_P16_G3	1478	0.9966284558327714	1.0	1.0	1.0	4.6974557337908126e-05	Level 3.5 perturbation-aware developmental candidate	True	upstream embryo abundance, event effects, event-FDR, event modes, and claim boundary all recomputed
GAP16.48.48h_foxi1_P16_H3	1481	0.9946164199192463	1.0	1.0	1.0	0.00017393908645675047	Level 3.5 perturbation-aware developmental candidate	True	upstream embryo abundance, event effects, event-FDR, event modes, and claim boundary all recomputed
GAP16.48.48h_hand2_P3_A6	1482	0.9979784366576819	1.0	1.0	1.0	1.4976152304616939e-05	Level 3.5 perturbation-aware developmental candidate	True	upstream embryo abundance, event effects, event-FDR, event modes, and claim boundary all recomputed
GAP16.48.48h_hand2_P3_B6	1485	0.9973082099596231	1.0	1.0	1.0	1.2045655756348945e-05	Level 3.5 perturbation-aware developmental candidate	True	upstream embryo abundance, event effects, event-FDR, event modes, and claim boundary all recomputed
GAP16.48.48h_hand2_P3_C6	1484	0.997979797979798	1.0	1.0	1.0	4.660906051403227e-05	Level 3.5 perturbation-aware developmental candidate	True	upstream embryo abundance, event effects, event-FDR, event modes, and claim boundary all recomputed
GAP16.48.48h_hand2_P3_D6	1481	0.9986513823331086	1.0	1.0	1.0	2.4504222798569475e-05	Level 3.5 perturbation-aware developmental candidate	True	upstream embryo abundance, event effects, event-FDR, event modes, and claim boundary all recomputed
GAP16.48.48h_hand2_P3_E6	1486	0.9979811574697174	1.0	1.0	1.0	1.4617274489757501e-05	Level 3.5 perturbation-aware developmental candidate	True	upstream embryo abundance, event effects, event-FDR, event modes, and claim boundary all recomputed
GAP16.48.48h_hand2_P3_F6	1481	0.9986513823331086	1.0	1.0	1.0	2.1207360249957258e-05	Level 3.5 perturbation-aware developmental candidate	True	upstream embryo abundance, event effects, event-FDR, event modes, and claim boundary all recomputed
GAP16.48.48h_hand2_P3_G6	1484	0.9966352624495289	1.0	0.9990723562152134	1.0	3.37641471560354e-05	Level 3.5 perturbation-aware developmental candidate	True	upstream embryo abundance, event effects, event-FDR, event modes, and claim boundary all recomputed
GAP16.48.48h_hand2_P3_H6	1483	0.9973063973063973	1.0	1.0	1.0	1.5609942271336108e-05	Level 3.5 perturbation-aware developmental candidate	True	upstream embryo abundance, event effects, event-FDR, event modes, and claim boundary all recomputed
GAP16.48.48h_hgfa-mut_P16_A4	1481	0.9973045822102425	1.0	1.0	1.0	0.00014150216974277835	Level 3.5 perturbation-aware developmental candidate	True	upstream embryo abundance, event effects, event-FDR, event modes, and claim boundary all recomputed
GAP16.48.48h_hgfa-mut_P16_B4	1480	0.9966307277628033	1.0	1.0	1.0	6.721187351447194e-05	Level 3.5 perturbation-aware developmental candidate	True	upstream embryo abundance, event effects, event-FDR, event modes, and claim boundary all recomputed
GAP16.48.48h_hgfa-mut_P16_C4	1481	0.9986513823331086	1.0	1.0	1.0	0.00014632700099353858	Level 3.5 perturbation-aware developmental candidate	True	upstream embryo abundance, event effects, event-FDR, event modes, and claim boundary all recomputed
GAP16.48.48h_hgfa-mut_P16_D4	1480	0.9966307277628033	1.0	1.0	1.0	0.0002580857621634637	Level 3.5 perturbation-aware developmental candidate	True	upstream embryo abundance, event effects, event-FDR, event modes, and claim boundary all recomputed
GAP16.48.48h_hgfa-mut_P16_E4	1481	0.9959595959595959	1.0	1.0	1.0	4.633679983671327e-05	Level 3.5 perturbation-aware developmental candidate	True	upstream embryo abundance, event effects, event-FDR, event modes, and claim boundary all recomputed
GAP16.48.48h_hgfa-mut_P16_F4	1480	0.9966307277628033	1.0	0.9990723562152134	1.0	0.00023544666197061666	Level 3.5 perturbation-aware developmental candidate	True	upstream embryo abundance, event effects, event-FDR, event modes, and claim boundary all recomputed
GAP16.48.48h_hgfa-mut_P16_G4	1478	0.9966284558327714	1.0	1.0	1.0	2.9323463284742187e-05	Level 3.5 perturbation-aware developmental candidate	True	upstream embryo abundance, event effects, event-FDR, event modes, and claim boundary all recomputed
GAP16.48.48h_hgfa-mut_P16_H4	1480	0.9966307277628033	1.0	1.0	1.0	0.0002852544936476409	Level 3.5 perturbation-aware developmental candidate	True	upstream embryo abundance, event effects, event-FDR, event modes, and claim boundary all recomputed
GAP16.48.48h_hoxb1a_P7_A7	1482	0.9993256911665542	1.0	1.0	1.0	8.842834501322493e-05	Level 3.5 perturbation-aware developmental candidate	True	upstream embryo abundance, event effects, event-FDR, event modes, and claim boundary all recomputed
GAP16.48.48h_hoxb1a_P7_B7	1484	0.997979797979798	1.0	0.9990723562152134	1.0	2.9399846890135037e-05	Level 3.5 perturbation-aware developmental candidate	True	upstream embryo abundance, event effects, event-FDR, event modes, and claim boundary all recomputed
GAP16.48.48h_hoxb1a_P7_C7	1481	0.9986513823331086	1.0	1.0	1.0	7.30289182565106e-05	Level 3.5 perturbation-aware developmental candidate	True	upstream embryo abundance, event effects, event-FDR, event modes, and claim boundary all recomputed
GAP16.48.48h_hoxb1a_P7_D7	1484	0.9993261455525606	1.0	0.9990723562152134	1.0	3.7301768895012365e-05	Level 3.5 perturbation-aware developmental candidate	True	upstream embryo abundance, event effects, event-FDR, event modes, and claim boundary all recomputed
GAP16.48.48h_hoxb1a_P7_E7	1482	0.9979784366576819	1.0	0.9981447124304267	1.0	5.2376882507088594e-05	Level 3.5 perturbation-aware developmental candidate	True	upstream embryo abundance, event effects, event-FDR, event modes, and claim boundary all recomputed
GAP16.48.48h_hoxb1a_P7_F7	1486	0.9966375252185609	1.0	0.9990723562152134	1.0	9.177248829384653e-05	Level 3.5 perturbation-aware developmental candidate	True	upstream embryo abundance, event effects, event-FDR, event modes, and claim boundary all recomputed
GAP16.48.48h_hoxb1a_P7_G7	1482	0.9979784366576819	1.0	0.9981447124304267	1.0	6.361259407013316e-05	Level 3.5 perturbation-aware developmental candidate	True	upstream embryo abundance, event effects, event-FDR, event modes, and claim boundary all recomputed
GAP16.48.48h_hoxb1a_P7_H7	1488	0.9966397849462365	1.0	0.9990723562152134	1.0	3.857682079543927e-05	Level 3.5 perturbation-aware developmental candidate	True	upstream embryo abundance, event effects, event-FDR, event modes, and claim boundary all recomputed
GAP16.48.48h_mafba-mut_P7_A4	1482	0.9966329966329966	1.0	1.0	1.0	6.394421442539334e-05	Level 3.5 perturbation-aware developmental candidate	True	upstream embryo abundance, event effects, event-FDR, event modes, and claim boundary all recomputed
GAP16.48.48h_mafba-mut_P7_B4	1481	0.9959595959595959	1.0	1.0	1.0	0.00013184927568611382	Level 3.5 perturbation-aware developmental candidate	True	upstream embryo abundance, event effects, event-FDR, event modes, and claim boundary all recomputed
GAP16.48.48h_mafba-mut_P7_C4	1479	0.9973027646662171	1.0	1.0	1.0	6.02673428788025e-05	Level 3.5 perturbation-aware developmental candidate	True	upstream embryo abundance, event effects, event-FDR, event modes, and claim boundary all recomputed
GAP16.48.48h_mafba-mut_P7_D4	1487	0.9946272666218939	1.0	1.0	1.0	7.010238535357164e-05	Level 3.5 perturbation-aware developmental candidate	True	upstream embryo abundance, event effects, event-FDR, event modes, and claim boundary all recomputed
GAP16.48.48h_mafba-mut_P7_E4	1487	0.9946272666218939	1.0	1.0	1.0	4.235339918867948e-05	Level 3.5 perturbation-aware developmental candidate	True	upstream embryo abundance, event effects, event-FDR, event modes, and claim boundary all recomputed
GAP16.48.48h_mafba-mut_P7_F4	1483	0.9986522911051213	1.0	1.0	1.0	4.433666878624102e-05	Level 3.5 perturbation-aware developmental candidate	True	upstream embryo abundance, event effects, event-FDR, event modes, and claim boundary all recomputed
GAP16.48.48h_mafba-mut_P7_G4	1485	0.9919463087248322	1.0	0.9990723562152134	0.9901960784313726	8.087217459210322e-05	Level 3.5 perturbation-aware developmental candidate	True	upstream embryo abundance, event effects, event-FDR, event modes, and claim boundary all recomputed
GAP16.48.48h_mafba-mut_P7_H4	1479	0.9973027646662171	1.0	1.0	1.0	2.5787202686052182e-05	Level 3.5 perturbation-aware developmental candidate	True	upstream embryo abundance, event effects, event-FDR, event modes, and claim boundary all recomputed
GAP16.48.48h_mafba_P7_A5	1480	0.9966307277628033	1.0	0.9990723562152134	0.9901960784313726	7.254653194438769e-05	Level 3.5 perturbation-aware developmental candidate	True	upstream embryo abundance, event effects, event-FDR, event modes, and claim boundary all recomputed
GAP16.48.48h_mafba_P7_B5	1482	0.9979784366576819	1.0	1.0	1.0	0.00010108391458902715	Level 3.5 perturbation-aware developmental candidate	True	upstream embryo abundance, event effects, event-FDR, event modes, and claim boundary all recomputed
GAP16.48.48h_mafba_P7_C5	1481	0.9986513823331086	1.0	0.9990723562152134	1.0	5.9955425420568765e-05	Level 3.5 perturbation-aware developmental candidate	True	upstream embryo abundance, event effects, event-FDR, event modes, and claim boundary all recomputed
GAP16.48.48h_mafba_P7_D5	1481	0.9973045822102425	1.0	1.0	1.0	7.209939370467234e-05	Level 3.5 perturbation-aware developmental candidate	True	upstream embryo abundance, event effects, event-FDR, event modes, and claim boundary all recomputed
GAP16.48.48h_mafba_P7_E5	1480	0.9979770734996628	1.0	0.9990723562152134	1.0	3.169100607721762e-05	Level 3.5 perturbation-aware developmental candidate	True	upstream embryo abundance, event effects, event-FDR, event modes, and claim boundary all recomputed
GAP16.48.48h_mafba_P7_F5	1479	0.9959568733153639	1.0	1.0	1.0	4.124385275291715e-05	Level 3.5 perturbation-aware developmental candidate	True	upstream embryo abundance, event effects, event-FDR, event modes, and claim boundary all recomputed
GAP16.48.48h_mafba_P7_G5	1483	0.9959623149394348	1.0	1.0	1.0	2.5166800806959715e-05	Level 3.5 perturbation-aware developmental candidate	True	upstream embryo abundance, event effects, event-FDR, event modes, and claim boundary all recomputed
GAP16.48.48h_mafba_P7_H5	1483	0.9946200403496974	1.0	1.0	1.0	6.272061993078303e-05	Level 3.5 perturbation-aware developmental candidate	True	upstream embryo abundance, event effects, event-FDR, event modes, and claim boundary all recomputed
GAP16.48.48h_met-mut_P10_A1	1481	0.9986513823331086	1.0	1.0	1.0	1.8826226446535594e-05	Level 3.5 perturbation-aware developmental candidate	True	upstream embryo abundance, event effects, event-FDR, event modes, and claim boundary all recomputed
GAP16.48.48h_met-mut_P10_B1	1481	0.9986513823331086	1.0	1.0	1.0	1.610294971406032e-05	Level 3.5 perturbation-aware developmental candidate	True	upstream embryo abundance, event effects, event-FDR, event modes, and claim boundary all recomputed
GAP16.48.48h_met-mut_P10_C1	1483	0.9973063973063973	1.0	1.0	1.0	4.176569940035096e-06	Level 3.5 perturbation-aware developmental candidate	True	upstream embryo abundance, event effects, event-FDR, event modes, and claim boundary all recomputed
GAP16.48.48h_met-mut_P10_D1	1485	0.9986531986531987	1.0	1.0	1.0	2.303094194069491e-05	Level 3.5 perturbation-aware developmental candidate	True	upstream embryo abundance, event effects, event-FDR, event modes, and claim boundary all recomputed
GAP16.48.48h_met-mut_P10_E1	1482	0.9979784366576819	1.0	1.0	1.0	1.6495869636461533e-05	Level 3.5 perturbation-aware developmental candidate	True	upstream embryo abundance, event effects, event-FDR, event modes, and claim boundary all recomputed
GAP16.48.48h_met-mut_P10_F1	1483	0.9986522911051213	1.0	1.0	1.0	2.5115633931170526e-05	Level 3.5 perturbation-aware developmental candidate	True	upstream embryo abundance, event effects, event-FDR, event modes, and claim boundary all recomputed
GAP16.48.48h_met-mut_P10_G1	1485	0.9973082099596231	1.0	1.0	1.0	1.073552968900612e-05	Level 3.5 perturbation-aware developmental candidate	True	upstream embryo abundance, event effects, event-FDR, event modes, and claim boundary all recomputed
GAP16.48.48h_met-mut_P10_H1	1482	0.9979784366576819	1.0	1.0	1.0	2.8096999448030305e-05	Level 3.5 perturbation-aware developmental candidate	True	upstream embryo abundance, event effects, event-FDR, event modes, and claim boundary all recomputed
GAP16.48.48h_noto-mut_P16_A10	1479	0.9959568733153639	1.0	0.9990723562152134	1.0	9.896492697239012e-05	Level 3.5 perturbation-aware developmental candidate	True	upstream embryo abundance, event effects, event-FDR, event modes, and claim boundary all recomputed
GAP16.48.48h_noto-mut_P16_B10	1481	0.9959595959595959	1.0	0.9990723562152134	1.0	0.00010927184061588	Level 3.5 perturbation-aware developmental candidate	True	upstream embryo abundance, event effects, event-FDR, event modes, and claim boundary all recomputed
GAP16.48.48h_noto-mut_P16_C10	1479	0.9973027646662171	1.0	1.0	1.0	7.399586014581235e-05	Level 3.5 perturbation-aware developmental candidate	True	upstream embryo abundance, event effects, event-FDR, event modes, and claim boundary all recomputed
GAP16.48.48h_noto-mut_P16_D10	1486	0.9952956989247311	1.0	1.0	1.0	0.00011671683727561979	Level 3.5 perturbation-aware developmental candidate	True	upstream embryo abundance, event effects, event-FDR, event modes, and claim boundary all recomputed
GAP16.48.48h_noto-mut_P16_E10	1479	0.9959568733153639	1.0	1.0	1.0	9.796132634442667e-05	Level 3.5 perturbation-aware developmental candidate	True	upstream embryo abundance, event effects, event-FDR, event modes, and claim boundary all recomputed
GAP16.48.48h_noto-mut_P16_F10	1480	0.9952861952861953	1.0	0.9990723562152134	1.0	0.00016187219163496825	Level 3.5 perturbation-aware developmental candidate	True	upstream embryo abundance, event effects, event-FDR, event modes, and claim boundary all recomputed
GAP16.48.48h_noto-mut_P16_G10	1482	0.9979784366576819	1.0	1.0	1.0	0.0001090093143537224	Level 3.5 perturbation-aware developmental candidate	True	upstream embryo abundance, event effects, event-FDR, event modes, and claim boundary all recomputed
GAP16.48.48h_noto-mut_P16_H10	1474	0.9912457912457913	1.0	1.0	1.0	3.681000826561213e-05	Level 3.5 perturbation-aware developmental candidate	True	upstream embryo abundance, event effects, event-FDR, event modes, and claim boundary all recomputed
GAP16.48.48h_phox2a_P2_A10	1482	0.9979784366576819	1.0	1.0	1.0	2.841158143074984e-05	Level 3.5 perturbation-aware developmental candidate	True	upstream embryo abundance, event effects, event-FDR, event modes, and claim boundary all recomputed
GAP16.48.48h_phox2a_P2_B10	1484	0.9993261455525606	1.0	1.0	1.0	0.00020760381531246007	Level 3.5 perturbation-aware developmental candidate	True	upstream embryo abundance, event effects, event-FDR, event modes, and claim boundary all recomputed
GAP16.48.48h_phox2a_P2_C10	1483	0.9973063973063973	1.0	0.9990723562152134	1.0	0.00012695352073512534	Level 3.5 perturbation-aware developmental candidate	True	upstream embryo abundance, event effects, event-FDR, event modes, and claim boundary all recomputed
GAP16.48.48h_phox2a_P2_D10	1483	0.9959623149394348	1.0	1.0	1.0	0.00011115184673037751	Level 3.5 perturbation-aware developmental candidate	True	upstream embryo abundance, event effects, event-FDR, event modes, and claim boundary all recomputed
GAP16.48.48h_phox2a_P2_E10	1484	0.997979797979798	1.0	1.0	1.0	0.000227485321478387	Level 3.5 perturbation-aware developmental candidate	True	upstream embryo abundance, event effects, event-FDR, event modes, and claim boundary all recomputed
GAP16.48.48h_phox2a_P2_F10	1482	0.9979784366576819	1.0	1.0	1.0	7.746740336185766e-05	Level 3.5 perturbation-aware developmental candidate	True	upstream embryo abundance, event effects, event-FDR, event modes, and claim boundary all recomputed
GAP16.48.48h_phox2a_P2_G10	1481	0.9986513823331086	1.0	1.0	1.0	0.00013431043174623979	Level 3.5 perturbation-aware developmental candidate	True	upstream embryo abundance, event effects, event-FDR, event modes, and claim boundary all recomputed
GAP16.48.48h_phox2a_P2_H10	1486	0.9966375252185609	1.0	1.0	1.0	0.0004713714403841421	Level 3.5 perturbation-aware developmental candidate	True	upstream embryo abundance, event effects, event-FDR, event modes, and claim boundary all recomputed
GAP16.48.48h_tbx1_P2_A9	1470	0.9898921832884097	1.0	1.0	1.0	0.00015750327987410875	Level 3.5 perturbation-aware developmental candidate	True	upstream embryo abundance, event effects, event-FDR, event modes, and claim boundary all recomputed
GAP16.48.48h_tbx1_P2_B9	1481	0.9919354838709677	1.0	0.9981447124304267	1.0	0.00024324893324192926	Level 3.5 perturbation-aware developmental candidate	True	upstream embryo abundance, event effects, event-FDR, event modes, and claim boundary all recomputed
GAP16.48.48h_tbx1_P2_C9	1475	0.9946055293324343	1.0	0.9981447124304267	1.0	5.794075670413639e-05	Level 3.5 perturbation-aware developmental candidate	True	upstream embryo abundance, event effects, event-FDR, event modes, and claim boundary all recomputed
GAP16.48.48h_tbx1_P2_D9	1474	0.9925876010781671	1.0	0.9990723562152134	1.0	0.00012769380867671997	Level 3.5 perturbation-aware developmental candidate	True	upstream embryo abundance, event effects, event-FDR, event modes, and claim boundary all recomputed
GAP16.48.48h_tbx1_P2_E8	1474	0.9939312204989885	1.0	0.9990723562152134	1.0	9.620691483466299e-05	Level 3.5 perturbation-aware developmental candidate	True	upstream embryo abundance, event effects, event-FDR, event modes, and claim boundary all recomputed
GAP16.48.48h_tbx1_P2_F8	1472	0.9925826028320971	1.0	1.0	1.0	0.00014847307858351747	Level 3.5 perturbation-aware developmental candidate	True	upstream embryo abundance, event effects, event-FDR, event modes, and claim boundary all recomputed
GAP16.48.48h_tbx1_P2_G8	1478	0.9952830188679245	1.0	0.9990723562152134	1.0	5.107755840207976e-05	Level 3.5 perturbation-aware developmental candidate	True	upstream embryo abundance, event effects, event-FDR, event modes, and claim boundary all recomputed
GAP16.48.48h_tbx1_P2_H8	1470	0.9912339851652057	1.0	1.0	1.0	0.00016692095719732364	Level 3.5 perturbation-aware developmental candidate	True	upstream embryo abundance, event effects, event-FDR, event modes, and claim boundary all recomputed
GAP16.48.48h_tfap2a-foxd3_P3_A5	1482	0.9966329966329966	1.0	1.0	1.0	6.155532858989011e-05	Level 3.5 perturbation-aware developmental candidate	True	upstream embryo abundance, event effects, event-FDR, event modes, and claim boundary all recomputed
GAP16.48.48h_tfap2a-foxd3_P3_B5	1482	0.9979784366576819	1.0	1.0	1.0	0.00013465249629178138	Level 3.5 perturbation-aware developmental candidate	True	upstream embryo abundance, event effects, event-FDR, event modes, and claim boundary all recomputed
GAP16.48.48h_tfap2a-foxd3_P3_C5	1480	0.9979770734996628	1.0	1.0	1.0	0.00015348183088046712	Level 3.5 perturbation-aware developmental candidate	True	upstream embryo abundance, event effects, event-FDR, event modes, and claim boundary all recomputed
GAP16.48.48h_tfap2a-foxd3_P3_D5	1481	0.9959595959595959	1.0	1.0	1.0	0.00015090184578126124	Level 3.5 perturbation-aware developmental candidate	True	upstream embryo abundance, event effects, event-FDR, event modes, and claim boundary all recomputed
GAP16.48.48h_tfap2a-foxd3_P3_E5	1484	0.9952925353059852	1.0	1.0	1.0	6.927791694973409e-05	Level 3.5 perturbation-aware developmental candidate	True	upstream embryo abundance, event effects, event-FDR, event modes, and claim boundary all recomputed
GAP16.48.48h_tfap2a-foxd3_P3_F5	1481	0.9973045822102425	1.0	1.0	1.0	0.00013179416762574964	Level 3.5 perturbation-aware developmental candidate	True	upstream embryo abundance, event effects, event-FDR, event modes, and claim boundary all recomputed
GAP16.48.48h_tfap2a-foxd3_P3_G5	1481	0.9986513823331086	1.0	1.0	1.0	0.0001836255318902784	Level 3.5 perturbation-aware developmental candidate	True	upstream embryo abundance, event effects, event-FDR, event modes, and claim boundary all recomputed
GAP16.48.48h_tfap2a-foxd3_P3_H5	1490	0.993963782696177	1.0	0.9990723562152134	0.9901960784313726	0.00015638310992604687	Level 3.5 perturbation-aware developmental candidate	True	upstream embryo abundance, event effects, event-FDR, event modes, and claim boundary all recomputed
GAP16.48.48h_tfap2a_P7_A11	1480	0.9979770734996628	1.0	0.9990723562152134	1.0	0.00042540629002084824	Level 3.5 perturbation-aware developmental candidate	True	upstream embryo abundance, event effects, event-FDR, event modes, and claim boundary all recomputed
GAP16.48.48h_tfap2a_P7_A12	1480	0.9966307277628033	1.0	1.0	1.0	4.460535793150647e-05	Level 3.5 perturbation-aware developmental candidate	True	upstream embryo abundance, event effects, event-FDR, event modes, and claim boundary all recomputed
GAP16.48.48h_tfap2a_P7_B11	1479	0.9946127946127946	1.0	0.9972170686456401	1.0	7.366735038555482e-05	Level 3.5 perturbation-aware developmental candidate	True	upstream embryo abundance, event effects, event-FDR, event modes, and claim boundary all recomputed
GAP16.48.48h_tfap2a_P7_B12	1480	0.9966307277628033	1.0	0.9981447124304267	1.0	7.044739379027762e-05	Level 3.5 perturbation-aware developmental candidate	True	upstream embryo abundance, event effects, event-FDR, event modes, and claim boundary all recomputed
GAP16.48.48h_tfap2a_P7_C11	1478	0.9966284558327714	1.0	0.9990723562152134	1.0	0.00020949970953249955	Level 3.5 perturbation-aware developmental candidate	True	upstream embryo abundance, event effects, event-FDR, event modes, and claim boundary all recomputed
GAP16.48.48h_tfap2a_P7_C12	1481	0.9973045822102425	1.0	0.9990723562152134	1.0	4.236355504855256e-05	Level 3.5 perturbation-aware developmental candidate	True	upstream embryo abundance, event effects, event-FDR, event modes, and claim boundary all recomputed
GAP16.48.48h_tfap2a_P7_D11	1480	0.9952861952861953	1.0	1.0	1.0	4.785519944357085e-05	Level 3.5 perturbation-aware developmental candidate	True	upstream embryo abundance, event effects, event-FDR, event modes, and claim boundary all recomputed
GAP16.48.48h_tfap2a_P7_D12	1481	0.9973045822102425	1.0	1.0	1.0	3.3758406276262515e-05	Level 3.5 perturbation-aware developmental candidate	True	upstream embryo abundance, event effects, event-FDR, event modes, and claim boundary all recomputed
GAP16.48.48h_tfap2a_P7_E11	1475	0.9932614555256065	1.0	1.0	1.0	9.684506390667406e-05	Level 3.5 perturbation-aware developmental candidate	True	upstream embryo abundance, event effects, event-FDR, event modes, and claim boundary all recomputed
GAP16.48.48h_tfap2a_P7_E12	1480	0.9966307277628033	1.0	1.0	1.0	2.263006352724805e-05	Level 3.5 perturbation-aware developmental candidate	True	upstream embryo abundance, event effects, event-FDR, event modes, and claim boundary all recomputed
GAP16.48.48h_tfap2a_P7_F11	1480	0.9966307277628033	1.0	0.9981447124304267	1.0	0.0002471563872262689	Level 3.5 perturbation-aware developmental candidate	True	upstream embryo abundance, event effects, event-FDR, event modes, and claim boundary all recomputed
GAP16.48.48h_tfap2a_P7_F12	1481	0.9973045822102425	1.0	1.0	1.0	3.08066770059019e-05	Level 3.5 perturbation-aware developmental candidate	True	upstream embryo abundance, event effects, event-FDR, event modes, and claim boundary all recomputed
GAP16.48.48h_tfap2a_P7_G11	1482	0.9979784366576819	1.0	1.0	1.0	0.0002300758973372043	Level 3.5 perturbation-aware developmental candidate	True	upstream embryo abundance, event effects, event-FDR, event modes, and claim boundary all recomputed
GAP16.48.48h_tfap2a_P7_G12	1478	0.9966284558327714	1.0	0.9990723562152134	1.0	2.183907271947638e-05	Level 3.5 perturbation-aware developmental candidate	True	upstream embryo abundance, event effects, event-FDR, event modes, and claim boundary all recomputed
GAP16.48.48h_tfap2a_P7_H11	1481	0.9932750504371217	1.0	0.9990723562152134	1.0	0.0003022762078962302	Level 3.5 perturbation-aware developmental candidate	True	upstream embryo abundance, event effects, event-FDR, event modes, and claim boundary all recomputed
GAP16.48.48h_tfap2a_P7_H12	1482	0.9979784366576819	1.0	1.0	1.0	4.316556208406444e-05	Level 3.5 perturbation-aware developmental candidate	True	upstream embryo abundance, event effects, event-FDR, event modes, and claim boundary all recomputed
GAP16.48.48h_zc4h2_P2_E9	1483	0.9959623149394348	1.0	0.9990723562152134	1.0	4.132537571693117e-05	Level 3.5 perturbation-aware developmental candidate	True	upstream embryo abundance, event effects, event-FDR, event modes, and claim boundary all recomputed
GAP16.48.48h_zc4h2_P2_F9	1485	0.995965030262273	1.0	0.9981447124304267	1.0	0.0005304828751930155	Level 3.5 perturbation-aware developmental candidate	True	upstream embryo abundance, event effects, event-FDR, event modes, and claim boundary all recomputed
GAP16.48.48h_zc4h2_P2_G9	1482	0.9966329966329966	1.0	0.9990723562152134	1.0	0.0005690477291041851	Level 3.5 perturbation-aware developmental candidate	True	upstream embryo abundance, event effects, event-FDR, event modes, and claim boundary all recomputed
GAP16.48.48h_zc4h2_P2_H9	1483	0.9959623149394348	1.0	0.9972170686456401	1.0	7.605175358614335e-05	Level 3.5 perturbation-aware developmental candidate	True	upstream embryo abundance, event effects, event-FDR, event modes, and claim boundary all recomputed
GAP16.72.72h_ctrl-hgfa_P17_A2	1483	0.9973063973063973	1.0	0.9990723562152134	1.0	0.00012771001783961264	Level 3.5 perturbation-aware developmental candidate	True	upstream embryo abundance, event effects, event-FDR, event modes, and claim boundary all recomputed
GAP16.72.72h_ctrl-hgfa_P17_B2	1481	0.9986513823331086	1.0	0.9990723562152134	1.0	0.00010364492066993107	Level 3.5 perturbation-aware developmental candidate	True	upstream embryo abundance, event effects, event-FDR, event modes, and claim boundary all recomputed
GAP16.72.72h_ctrl-hgfa_P17_C2	1486	0.9952956989247311	1.0	0.9972170686456401	1.0	0.0001237529586439492	Level 3.5 perturbation-aware developmental candidate	True	upstream embryo abundance, event effects, event-FDR, event modes, and claim boundary all recomputed
GAP16.72.72h_ctrl-hgfa_P17_D2	1481	0.9973045822102425	1.0	0.9990723562152134	1.0	9.340574158951902e-05	Level 3.5 perturbation-aware developmental candidate	True	upstream embryo abundance, event effects, event-FDR, event modes, and claim boundary all recomputed
GAP16.72.72h_ctrl-hgfa_P17_E2	1490	0.9953020134228188	1.0	0.9972170686456401	1.0	9.6029783928794e-05	Level 3.5 perturbation-aware developmental candidate	True	upstream embryo abundance, event effects, event-FDR, event modes, and claim boundary all recomputed
GAP16.72.72h_ctrl-hgfa_P17_F2	1482	0.9952893674293405	1.0	0.9990723562152134	1.0	7.95880208301939e-05	Level 3.5 perturbation-aware developmental candidate	True	upstream embryo abundance, event effects, event-FDR, event modes, and claim boundary all recomputed
GAP16.72.72h_ctrl-hgfa_P17_G2	1482	0.9966329966329966	1.0	0.9990723562152134	1.0	0.0001012172344359115	Level 3.5 perturbation-aware developmental candidate	True	upstream embryo abundance, event effects, event-FDR, event modes, and claim boundary all recomputed
GAP16.72.72h_ctrl-hgfa_P17_H2	1488	0.9966397849462365	1.0	0.9972170686456401	1.0	9.697646985259073e-05	Level 3.5 perturbation-aware developmental candidate	True	upstream embryo abundance, event effects, event-FDR, event modes, and claim boundary all recomputed
GAP16.72.72h_ctrl-inj_P10_A6	1482	0.9939475453934096	1.0	0.9962894248608535	1.0	0.00022587406640500225	Level 3.5 perturbation-aware developmental candidate	True	upstream embryo abundance, event effects, event-FDR, event modes, and claim boundary all recomputed
GAP16.72.72h_ctrl-inj_P10_B6	1481	0.9932750504371217	1.0	0.9981447124304267	1.0	8.90663348774051e-05	Level 3.5 perturbation-aware developmental candidate	True	upstream embryo abundance, event effects, event-FDR, event modes, and claim boundary all recomputed
GAP16.72.72h_ctrl-inj_P10_C6	1479	0.9946127946127946	1.0	0.9972170686456401	1.0	0.00010188832799426913	Level 3.5 perturbation-aware developmental candidate	True	upstream embryo abundance, event effects, event-FDR, event modes, and claim boundary all recomputed
GAP16.72.72h_ctrl-inj_P10_D6	1481	0.9973045822102425	1.0	0.9981447124304267	1.0	0.0001597012895102537	Level 3.5 perturbation-aware developmental candidate	True	upstream embryo abundance, event effects, event-FDR, event modes, and claim boundary all recomputed
GAP16.72.72h_ctrl-met_P10_E6	1481	0.9959595959595959	1.0	0.9990723562152134	1.0	0.00012431504378528053	Level 3.5 perturbation-aware developmental candidate	True	upstream embryo abundance, event effects, event-FDR, event modes, and claim boundary all recomputed
GAP16.72.72h_ctrl-met_P10_F6	1481	0.9932750504371217	1.0	0.9990723562152134	1.0	8.569899588520169e-05	Level 3.5 perturbation-aware developmental candidate	True	upstream embryo abundance, event effects, event-FDR, event modes, and claim boundary all recomputed
GAP16.72.72h_ctrl-met_P10_G6	1478	0.9939393939393939	1.0	0.9990723562152134	1.0	5.900753192437057e-05	Level 3.5 perturbation-aware developmental candidate	True	upstream embryo abundance, event effects, event-FDR, event modes, and claim boundary all recomputed
GAP16.72.72h_ctrl-met_P10_H6	1478	0.9952830188679245	1.0	1.0	1.0	8.144988585116571e-05	Level 3.5 perturbation-aware developmental candidate	True	upstream embryo abundance, event effects, event-FDR, event modes, and claim boundary all recomputed
GAP16.72.72h_foxd3_P17_A5	1481	0.9973045822102425	1.0	1.0	1.0	8.622359564552542e-06	Level 3.5 perturbation-aware developmental candidate	True	upstream embryo abundance, event effects, event-FDR, event modes, and claim boundary all recomputed
GAP16.72.72h_foxd3_P17_B5	1480	0.9979770734996628	1.0	0.9990723562152134	1.0	1.0205358695723566e-05	Level 3.5 perturbation-aware developmental candidate	True	upstream embryo abundance, event effects, event-FDR, event modes, and claim boundary all recomputed
GAP16.72.72h_foxd3_P17_C5	1484	0.997979797979798	1.0	0.9981447124304267	1.0	2.8184615224819714e-05	Level 3.5 perturbation-aware developmental candidate	True	upstream embryo abundance, event effects, event-FDR, event modes, and claim boundary all recomputed
GAP16.72.72h_foxd3_P17_D5	1483	0.9973063973063973	1.0	0.9990723562152134	1.0	4.331355418446942e-05	Level 3.5 perturbation-aware developmental candidate	True	upstream embryo abundance, event effects, event-FDR, event modes, and claim boundary all recomputed
GAP16.72.72h_foxd3_P17_E5	1484	0.997979797979798	1.0	1.0	1.0	1.786422202082451e-05	Level 3.5 perturbation-aware developmental candidate	True	upstream embryo abundance, event effects, event-FDR, event modes, and claim boundary all recomputed
GAP16.72.72h_foxd3_P17_F5	1484	0.997979797979798	1.0	1.0	1.0	2.837876599862842e-05	Level 3.5 perturbation-aware developmental candidate	True	upstream embryo abundance, event effects, event-FDR, event modes, and claim boundary all recomputed
GAP16.72.72h_foxd3_P17_G5	1485	0.9973082099596231	1.0	0.9972170686456401	1.0	1.6810176668913768e-05	Level 3.5 perturbation-aware developmental candidate	True	upstream embryo abundance, event effects, event-FDR, event modes, and claim boundary all recomputed
GAP16.72.72h_foxd3_P17_H5	1479	0.9973027646662171	1.0	1.0	1.0	9.107851569754005e-06	Level 3.5 perturbation-aware developmental candidate	True	upstream embryo abundance, event effects, event-FDR, event modes, and claim boundary all recomputed
GAP16.72.72h_foxi1_P17_A3	1481	0.9986513823331086	1.0	1.0	1.0	3.163864091407048e-05	Level 3.5 perturbation-aware developmental candidate	True	upstream embryo abundance, event effects, event-FDR, event modes, and claim boundary all recomputed
GAP16.72.72h_foxi1_P17_B3	1482	0.9993256911665542	1.0	0.9990723562152134	1.0	1.4164539881192552e-05	Level 3.5 perturbation-aware developmental candidate	True	upstream embryo abundance, event effects, event-FDR, event modes, and claim boundary all recomputed
GAP16.72.72h_foxi1_P17_C3	1484	0.9993261455525606	1.0	1.0	1.0	1.810659786266734e-05	Level 3.5 perturbation-aware developmental candidate	True	upstream embryo abundance, event effects, event-FDR, event modes, and claim boundary all recomputed
GAP16.72.72h_foxi1_P17_D3	1483	0.9986522911051213	1.0	1.0	1.0	8.971749568416131e-05	Level 3.5 perturbation-aware developmental candidate	True	upstream embryo abundance, event effects, event-FDR, event modes, and claim boundary all recomputed
GAP16.72.72h_foxi1_P17_E3	1482	0.9993256911665542	1.0	0.9990723562152134	1.0	1.3861673978234818e-05	Level 3.5 perturbation-aware developmental candidate	True	upstream embryo abundance, event effects, event-FDR, event modes, and claim boundary all recomputed
GAP16.72.72h_foxi1_P17_F3	1485	0.9986531986531987	1.0	1.0	1.0	4.0520082138692886e-05	Level 3.5 perturbation-aware developmental candidate	True	upstream embryo abundance, event effects, event-FDR, event modes, and claim boundary all recomputed
GAP16.72.72h_foxi1_P17_G3	1483	0.9986522911051213	1.0	0.9990723562152134	1.0	2.305351616920199e-05	Level 3.5 perturbation-aware developmental candidate	True	upstream embryo abundance, event effects, event-FDR, event modes, and claim boundary all recomputed
GAP16.72.72h_foxi1_P17_H3	1481	0.9986513823331086	1.0	1.0	1.0	4.590276864304435e-05	Level 3.5 perturbation-aware developmental candidate	True	upstream embryo abundance, event effects, event-FDR, event modes, and claim boundary all recomputed
GAP16.72.72h_hgfa-mut_P17_A4	1486	0.9979811574697174	1.0	1.0	1.0	0.0001088475104675225	Level 3.5 perturbation-aware developmental candidate	True	upstream embryo abundance, event effects, event-FDR, event modes, and claim boundary all recomputed
GAP16.72.72h_hgfa-mut_P17_B4	1482	0.9993256911665542	1.0	1.0	1.0	3.6077808705652134e-05	Level 3.5 perturbation-aware developmental candidate	True	upstream embryo abundance, event effects, event-FDR, event modes, and claim boundary all recomputed
GAP16.72.72h_hgfa-mut_P17_C4	1482	0.9979784366576819	1.0	1.0	1.0	6.868110864862521e-05	Level 3.5 perturbation-aware developmental candidate	True	upstream embryo abundance, event effects, event-FDR, event modes, and claim boundary all recomputed
GAP16.72.72h_hgfa-mut_P17_D4	1482	0.9979784366576819	1.0	0.9990723562152134	1.0	6.011201667880342e-05	Level 3.5 perturbation-aware developmental candidate	True	upstream embryo abundance, event effects, event-FDR, event modes, and claim boundary all recomputed
GAP16.72.72h_hgfa-mut_P17_E4	1483	0.9986522911051213	1.0	1.0	1.0	4.171420881413609e-05	Level 3.5 perturbation-aware developmental candidate	True	upstream embryo abundance, event effects, event-FDR, event modes, and claim boundary all recomputed
GAP16.72.72h_hgfa-mut_P17_F4	1483	0.9959623149394348	1.0	0.9981447124304267	1.0	7.975904580581375e-05	Level 3.5 perturbation-aware developmental candidate	True	upstream embryo abundance, event effects, event-FDR, event modes, and claim boundary all recomputed
GAP16.72.72h_hgfa-mut_P17_G4	1484	0.997979797979798	1.0	1.0	1.0	7.106762738343623e-05	Level 3.5 perturbation-aware developmental candidate	True	upstream embryo abundance, event effects, event-FDR, event modes, and claim boundary all recomputed
GAP16.72.72h_hgfa-mut_P17_H4	1484	0.9966352624495289	1.0	1.0	1.0	6.81809438016481e-05	Level 3.5 perturbation-aware developmental candidate	True	upstream embryo abundance, event effects, event-FDR, event modes, and claim boundary all recomputed
GAP16.72.72h_met-mut_P10_A5	1483	0.9973063973063973	1.0	1.0	1.0	8.602896413921298e-05	Level 3.5 perturbation-aware developmental candidate	True	upstream embryo abundance, event effects, event-FDR, event modes, and claim boundary all recomputed
GAP16.72.72h_met-mut_P10_B5	1481	0.9973045822102425	1.0	1.0	1.0	7.1033671649015e-05	Level 3.5 perturbation-aware developmental candidate	True	upstream embryo abundance, event effects, event-FDR, event modes, and claim boundary all recomputed
GAP16.72.72h_met-mut_P10_C5	1481	0.9986513823331086	1.0	1.0	1.0	4.483468982302636e-05	Level 3.5 perturbation-aware developmental candidate	True	upstream embryo abundance, event effects, event-FDR, event modes, and claim boundary all recomputed
GAP16.72.72h_met-mut_P10_D5	1481	0.9973045822102425	1.0	1.0	1.0	6.09638118919064e-05	Level 3.5 perturbation-aware developmental candidate	True	upstream embryo abundance, event effects, event-FDR, event modes, and claim boundary all recomputed
GAP16.72.72h_met-mut_P10_E5	1485	0.9973082099596231	1.0	1.0	1.0	7.388049196122412e-05	Level 3.5 perturbation-aware developmental candidate	True	upstream embryo abundance, event effects, event-FDR, event modes, and claim boundary all recomputed
GAP16.72.72h_met-mut_P10_F5	1482	0.9979784366576819	1.0	1.0	1.0	0.00015954999282987936	Level 3.5 perturbation-aware developmental candidate	True	upstream embryo abundance, event effects, event-FDR, event modes, and claim boundary all recomputed
GAP16.72.72h_met-mut_P10_G5	1480	0.9979770734996628	1.0	1.0	1.0	4.888584760803985e-05	Level 3.5 perturbation-aware developmental candidate	True	upstream embryo abundance, event effects, event-FDR, event modes, and claim boundary all recomputed
GAP16.72.72h_met-mut_P10_H5	1483	0.9986522911051213	1.0	1.0	1.0	0.00010667217662575281	Level 3.5 perturbation-aware developmental candidate	True	upstream embryo abundance, event effects, event-FDR, event modes, and claim boundary all recomputed
GAP16.72.72h_tfap2a-foxd3_P17_A6	1483	0.9986522911051213	1.0	0.9990723562152134	1.0	2.3058159494216542e-05	Level 3.5 perturbation-aware developmental candidate	True	upstream embryo abundance, event effects, event-FDR, event modes, and claim boundary all recomputed
GAP16.72.72h_tfap2a-foxd3_P17_B6	1481	0.9973045822102425	1.0	0.9990723562152134	1.0	3.6339377544571566e-05	Level 3.5 perturbation-aware developmental candidate	True	upstream embryo abundance, event effects, event-FDR, event modes, and claim boundary all recomputed
GAP16.72.72h_tfap2a-foxd3_P17_C6	1481	0.9986513823331086	1.0	1.0	1.0	5.632983294633913e-05	Level 3.5 perturbation-aware developmental candidate	True	upstream embryo abundance, event effects, event-FDR, event modes, and claim boundary all recomputed
GAP16.72.72h_tfap2a-foxd3_P17_D6	1482	0.9993256911665542	1.0	1.0	1.0	2.596657720661832e-05	Level 3.5 perturbation-aware developmental candidate	True	upstream embryo abundance, event effects, event-FDR, event modes, and claim boundary all recomputed
GAP16.72.72h_tfap2a-foxd3_P17_E6	1481	0.9986513823331086	1.0	0.9990723562152134	1.0	6.501131441167484e-05	Level 3.5 perturbation-aware developmental candidate	True	upstream embryo abundance, event effects, event-FDR, event modes, and claim boundary all recomputed
GAP16.72.72h_tfap2a-foxd3_P17_F6	1484	0.9993261455525606	1.0	0.9990723562152134	1.0	5.5493037677520784e-05	Level 3.5 perturbation-aware developmental candidate	True	upstream embryo abundance, event effects, event-FDR, event modes, and claim boundary all recomputed
GAP16.72.72h_tfap2a-foxd3_P17_G6	1484	0.9966352624495289	1.0	0.9990723562152134	1.0	6.382102742627247e-05	Level 3.5 perturbation-aware developmental candidate	True	upstream embryo abundance, event effects, event-FDR, event modes, and claim boundary all recomputed
GAP16.72.72h_tfap2a-foxd3_P17_H6	1481	0.9986513823331086	1.0	0.9990723562152134	1.0	3.765195921315421e-05	Level 3.5 perturbation-aware developmental candidate	True	upstream embryo abundance, event effects, event-FDR, event modes, and claim boundary all recomputed
GAP16.72.72h_tfap2a_P10_A3	1483	0.9986522911051213	1.0	0.9990723562152134	1.0	7.152485211242667e-05	Level 3.5 perturbation-aware developmental candidate	True	upstream embryo abundance, event effects, event-FDR, event modes, and claim boundary all recomputed
GAP16.72.72h_tfap2a_P10_A4	1483	1.0	1.0	1.0	1.0	3.430321267771738e-05	Level 3.5 perturbation-aware developmental candidate	True	upstream embryo abundance, event effects, event-FDR, event modes, and claim boundary all recomputed
GAP16.72.72h_tfap2a_P10_B3	1483	0.9986522911051213	1.0	1.0	1.0	1.8477772060536325e-05	Level 3.5 perturbation-aware developmental candidate	True	upstream embryo abundance, event effects, event-FDR, event modes, and claim boundary all recomputed
GAP16.72.72h_tfap2a_P10_B4	1481	0.9986513823331086	1.0	0.9990723562152134	1.0	0.00011902323571189103	Level 3.5 perturbation-aware developmental candidate	True	upstream embryo abundance, event effects, event-FDR, event modes, and claim boundary all recomputed
GAP16.72.72h_tfap2a_P10_C3	1485	0.9973082099596231	1.0	0.9990723562152134	1.0	6.65811847210331e-05	Level 3.5 perturbation-aware developmental candidate	True	upstream embryo abundance, event effects, event-FDR, event modes, and claim boundary all recomputed
GAP16.72.72h_tfap2a_P10_C4	1482	0.9979784366576819	1.0	1.0	1.0	3.155863345183065e-05	Level 3.5 perturbation-aware developmental candidate	True	upstream embryo abundance, event effects, event-FDR, event modes, and claim boundary all recomputed
GAP16.72.72h_tfap2a_P10_D3	1482	0.9993256911665542	1.0	0.9990723562152134	1.0	5.3641827398253376e-05	Level 3.5 perturbation-aware developmental candidate	True	upstream embryo abundance, event effects, event-FDR, event modes, and claim boundary all recomputed
GAP16.72.72h_tfap2a_P10_D4	1484	0.9993261455525606	1.0	0.9990723562152134	1.0	6.372452713950434e-05	Level 3.5 perturbation-aware developmental candidate	True	upstream embryo abundance, event effects, event-FDR, event modes, and claim boundary all recomputed
GAP16.72.72h_tfap2a_P10_E3	1482	0.9979784366576819	1.0	0.9990723562152134	1.0	9.726996879438874e-05	Level 3.5 perturbation-aware developmental candidate	True	upstream embryo abundance, event effects, event-FDR, event modes, and claim boundary all recomputed
GAP16.72.72h_tfap2a_P10_E4	1484	0.9993261455525606	1.0	1.0	1.0	2.6572802511279254e-05	Level 3.5 perturbation-aware developmental candidate	True	upstream embryo abundance, event effects, event-FDR, event modes, and claim boundary all recomputed
GAP16.72.72h_tfap2a_P10_F3	1481	0.9986513823331086	1.0	1.0	1.0	6.798926514920491e-05	Level 3.5 perturbation-aware developmental candidate	True	upstream embryo abundance, event effects, event-FDR, event modes, and claim boundary all recomputed
GAP16.72.72h_tfap2a_P10_F4	1482	0.9979784366576819	1.0	1.0	1.0	7.073181977737784e-05	Level 3.5 perturbation-aware developmental candidate	True	upstream embryo abundance, event effects, event-FDR, event modes, and claim boundary all recomputed
GAP16.72.72h_tfap2a_P10_G3	1482	0.9993256911665542	1.0	1.0	1.0	0.00014502969375228202	Level 3.5 perturbation-aware developmental candidate	True	upstream embryo abundance, event effects, event-FDR, event modes, and claim boundary all recomputed
GAP16.72.72h_tfap2a_P10_G4	1481	0.9986513823331086	1.0	1.0	1.0	3.2216538942861616e-05	Level 3.5 perturbation-aware developmental candidate	True	upstream embryo abundance, event effects, event-FDR, event modes, and claim boundary all recomputed
GAP16.72.72h_tfap2a_P10_H3	1482	0.9993256911665542	1.0	1.0	1.0	0.00011163404645453925	Level 3.5 perturbation-aware developmental candidate	True	upstream embryo abundance, event effects, event-FDR, event modes, and claim boundary all recomputed
GAP16.72.72h_tfap2a_P10_H4	1482	0.9993256911665542	1.0	1.0	1.0	9.777932984294655e-05	Level 3.5 perturbation-aware developmental candidate	True	upstream embryo abundance, event effects, event-FDR, event modes, and claim boundary all recomputed
